sepal_length_cm,sepal_width_cm,petal_length_cm,petal_width_cm,leaf_area_cm2,stem_height_cm,species
-2.0,2.32,1.35,1.21,19.16,35.22,0
5.95,3.03,6.19,-1.0,4.26,11.32,1
7.3,2.32,1.87,0.14,500.0,69.49,0
4.13,2.79,6.55,2.01,19.59,-10.0,1
7.23,3.22,4.81,0.45,5.73,65.86,0
6.26,3.44,2.15,2.14,5.98,62.91,0
5.19,3.76,6.74,2.19,4.96,52.57,1
4.19,2.63,3.14,1.48,9.11,69.32,0
7.96,4.42,1.32,2.33,6.91,73.13,0
4.03,2.55,1.14,0.91,14.62,36.71,0
7.08,2.8,3.12,2.38,14.51,77.09,1
6.99,3.99,2.48,0.31,11.93,40.89,0
5.51,3.87,2.68,2.2,9.94,62.68,0
5.98,4.07,4.19,2.09,10.98,11.62,1
7.72,3.0,2.92,1.68,8.3,36.6,0
5.58,2.93,5.05,,5.9,12.18,1
7.9,2.12,6.39,1.99,9.9,63.36,1
6.1,2.69,1.95,0.53,18.19,65.55,0
4.37,3.39,1.13,,2.69,49.31,0
7.25,2.67,4.75,0.72,3.21,58.08,0
4.85,3.81,4.95,0.46,18.34,69.65,0
6.22,3.96,5.63,2.27,11.01,13.4,1
5.17,3.97,2.92,1.98,17.07,51.32,1
7.26,4.04,6.66,1.82,3.01,68.9,1
7.31,2.29,2.2,2.35,3.45,15.67,0
4.89,3.0,1.53,2.22,5.69,51.3,0
6.58,,3.48,0.98,6.57,16.69,0
4.38,4.06,5.49,0.68,8.8,47.77,1
5.65,4.2,1.65,1.5,2.13,49.27,0
4.39,2.24,1.89,1.62,11.67,32.92,0
4.58,4.01,4.67,0.11,7.03,53.26,0
4.85,2.26,6.03,1.76,4.46,20.65,1
5.91,2.37,5.81,1.76,6.5,50.19,1
4.31,3.16,3.01,1.25,19.59,29.95,1
4.94,2.86,4.68,1.38,5.2,57.15,1
4.03,3.97,5.35,2.15,4.73,,1
7.59,3.41,5.93,0.39,18.42,37.77,0
6.21,4.49,6.78,1.02,19.51,33.14,1
4.67,2.79,3.2,1.01,14.73,17.11,0
7.72,3.38,1.12,1.24,6.58,63.58,0
6.17,3.45,4.65,0.86,7.18,59.88,1
4.17,3.33,6.26,2.17,6.56,39.32,1
6.1,4.49,1.13,1.93,4.88,33.5,0
6.56,4.22,4.35,1.41,13.79,46.72,0
7.2,3.62,3.79,1.35,,11.04,1
7.34,3.64,3.52,2.33,14.18,27.09,0
5.01,3.21,2.61,1.11,8.8,30.61,0
7.87,3.84,5.78,,5.19,40.4,1
5.86,4.42,1.93,1.03,19.54,18.65,0
5.06,3.23,5.52,1.65,17.37,37.1,1
6.2,2.86,2.82,2.17,14.83,45.5,0
5.51,3.47,4.43,1.47,13.78,11.01,1
4.81,3.71,1.65,2.0,,,0
7.66,3.51,3.11,1.66,7.95,61.94,0
7.76,3.58,6.24,0.87,13.38,22.77,1
7.35,2.99,4.26,,6.31,24.81,1
5.73,2.44,4.95,1.31,2.45,18.8,0
6.86,2.22,4.68,0.87,11.82,28.11,0
7.41,3.62,2.4,1.46,2.38,64.66,0
4.32,2.26,,1.91,2.2,73.59,1
5.64,2.32,5.03,0.44,18.4,47.21,0
6.57,3.59,3.79,0.98,18.91,48.62,0
7.91,3.54,2.79,1.16,6.99,79.72,0
6.82,3.08,6.0,1.6,2.83,14.85,1
6.55,2.97,3.37,0.62,10.86,19.15,0
4.82,2.24,6.56,0.52,7.13,22.6,1
5.17,2.96,4.02,1.9,5.6,17.67,1
4.64,2.03,1.96,2.16,,73.48,0
5.22,3.3,1.21,2.01,12.54,27.72,0
6.87,3.55,5.44,1.14,2.93,24.16,0
7.83,2.79,,,7.53,77.89,0
4.06,2.9,4.0,0.6,16.73,11.3,0
5.25,3.41,2.14,0.78,15.49,19.72,0
4.2,3.78,3.39,1.19,8.4,47.68,1
7.5,3.1,3.74,0.74,14.15,33.18,0
6.78,3.04,5.28,1.89,8.93,16.71,1
7.31,,3.61,2.33,4.19,20.78,1
7.67,3.69,4.53,1.27,14.73,39.31,0
4.61,2.12,4.57,1.5,3.69,42.52,0
5.88,4.1,3.11,2.14,2.48,20.85,1
6.19,3.08,4.42,2.07,5.09,10.85,1
6.07,3.9,3.1,0.91,10.19,21.07,0
6.88,3.83,1.05,,3.18,48.64,0
7.29,2.57,5.47,1.43,7.64,10.85,1
4.94,4.24,2.23,0.17,13.58,53.18,0
4.42,2.65,5.19,0.71,4.29,73.19,1
6.46,4.01,4.69,1.14,19.73,79.54,1
4.97,3.53,1.89,2.16,17.11,17.37,0
7.31,3.55,5.49,0.18,10.39,68.42,0
5.86,4.42,2.76,1.99,18.22,49.1,0
6.76,3.96,4.29,2.17,15.18,62.8,1
5.42,3.03,6.83,,6.72,40.66,1
4.41,2.08,4.45,0.22,9.59,45.28,0
5.2,2.4,2.67,1.78,18.9,26.22,1
4.65,3.24,5.09,0.72,9.56,52.83,0
4.93,3.87,4.59,0.81,15.5,49.48,1
6.18,2.34,3.68,1.71,8.09,54.89,0
5.42,2.06,3.23,2.18,12.79,18.78,1
6.98,4.09,5.34,,16.54,70.9,1
6.59,4.49,5.26,1.35,5.08,12.61,1
7.08,2.69,6.48,0.79,17.14,12.33,1
7.16,3.41,6.43,0.84,9.82,65.2,1
6.11,3.62,6.92,0.4,11.28,24.57,1
5.03,3.57,6.68,2.5,5.86,79.34,1
7.98,3.85,6.91,2.1,19.93,46.37,1
4.43,2.65,5.25,1.78,6.01,23.56,1
5.66,,6.54,0.99,6.03,63.85,1
4.62,4.32,5.52,1.59,10.55,16.48,1
6.03,3.93,5.98,0.79,11.23,10.53,1
7.23,3.26,1.03,0.33,16.0,52.6,0
5.9,2.1,4.31,1.05,4.56,28.03,0
5.74,3.85,4.93,1.39,5.17,49.47,1
5.33,2.86,3.64,2.11,2.24,24.57,1
4.31,2.58,3.25,2.44,12.88,59.72,1
6.9,2.48,5.05,1.87,18.49,51.95,1
7.01,3.22,6.17,0.76,8.4,62.0,0
6.46,2.19,4.86,2.43,10.61,16.66,1
7.61,3.57,6.58,1.0,16.09,70.33,1
4.53,2.38,3.23,1.82,13.01,79.04,1
4.8,2.95,4.8,2.14,4.64,51.07,1
7.39,4.37,3.53,0.77,10.85,52.69,0
6.64,2.19,6.91,0.79,10.7,66.71,0
6.07,2.91,2.56,1.78,3.34,78.17,0
7.09,2.17,3.36,2.33,13.07,19.81,1
7.11,2.83,4.43,1.95,3.88,60.37,1
6.22,4.4,6.43,0.85,9.71,16.44,1
6.76,3.45,3.82,1.54,3.82,63.29,0
5.0,3.19,1.37,1.3,18.74,59.79,0
6.81,4.37,1.45,0.4,14.28,71.61,0
5.6,4.15,4.8,0.79,14.98,31.38,1
6.47,3.53,6.78,1.55,12.35,77.15,1
6.4,4.1,1.65,1.4,2.05,46.91,0
6.44,2.81,6.32,1.35,3.05,49.69,1
6.81,3.76,3.96,1.16,17.03,11.18,0
4.31,2.88,1.9,0.9,2.18,53.12,0
4.85,2.88,1.7,1.31,5.58,19.83,1
5.19,3.85,6.03,1.49,10.68,15.36,1
7.86,2.01,6.67,0.74,17.67,39.64,1
6.63,3.71,,2.44,15.15,68.54,1
4.7,2.26,5.54,0.51,17.09,26.17,1
6.73,2.82,6.11,0.43,9.73,14.82,1
7.36,4.21,6.4,2.4,16.44,30.12,1
7.6,3.68,1.04,0.31,7.4,55.12,0
4.83,4.38,2.78,2.36,14.52,62.9,1
7.79,4.29,2.97,0.36,6.0,62.4,0
4.93,2.88,1.36,0.39,19.22,71.95,0
4.62,2.93,3.19,0.54,12.89,39.07,0
6.52,3.46,2.86,1.46,6.23,54.07,0
4.15,2.63,3.93,1.1,3.55,51.69,0
7.18,3.29,1.54,1.74,15.63,19.03,0
4.57,3.8,5.78,1.17,8.12,,1
4.35,3.8,4.23,1.3,8.19,30.61,0
7.28,3.47,2.04,1.5,19.98,73.23,0
7.85,2.52,2.82,2.06,17.77,53.21,0
7.04,3.43,6.16,0.46,4.01,23.81,1
7.28,2.33,4.73,1.11,15.66,30.16,0
7.75,,1.86,1.18,12.54,33.68,0
5.66,2.84,2.36,0.19,19.63,26.32,0
5.28,4.31,4.31,0.62,13.51,71.49,0
6.83,3.31,4.57,1.44,15.27,71.59,0
6.51,4.25,4.29,,9.41,72.08,0
6.74,3.55,5.26,2.21,4.78,48.17,1
6.85,3.67,4.38,0.71,6.78,35.17,0
6.86,4.25,5.4,1.34,2.87,36.6,1
4.89,2.96,3.84,0.56,18.46,37.29,1
4.33,2.59,3.86,1.74,12.99,26.36,1
6.0,3.69,4.55,1.55,13.97,28.23,1
7.76,2.2,3.08,1.66,15.2,30.45,0
6.94,2.79,3.72,1.93,7.96,65.08,0
4.66,3.28,3.25,2.09,9.43,75.56,0
4.27,3.41,4.71,0.17,14.1,68.38,1
6.33,4.07,5.53,1.22,8.34,71.79,1
6.33,3.82,,1.97,10.34,57.94,1
6.7,2.76,1.84,1.13,11.42,12.79,0
,3.67,,1.64,3.48,31.83,0
5.8,2.49,3.87,2.41,13.33,18.66,1
6.8,4.35,4.7,0.97,9.63,17.7,1
4.63,3.81,4.45,0.56,18.01,30.46,1
4.75,3.89,5.75,1.85,,30.16,1
5.76,3.71,6.76,0.96,14.24,13.56,1
5.0,2.76,4.46,,10.17,65.51,0
7.68,2.85,2.16,0.3,10.21,39.69,0
,4.07,2.72,1.73,19.81,79.52,1
5.6,2.08,3.52,2.06,4.86,49.19,1
7.27,2.93,4.46,1.05,14.23,59.37,1
4.15,4.07,6.37,0.51,3.51,37.82,1
6.67,4.06,2.89,1.98,8.98,15.74,1
4.06,2.34,6.97,1.61,16.64,32.74,1
7.71,2.47,4.7,1.74,19.75,57.55,1
4.46,2.64,3.12,1.79,19.29,34.47,1
4.61,2.26,5.82,1.36,19.1,44.41,1
6.43,3.11,4.29,1.73,11.71,67.37,1
7.39,3.43,3.46,1.51,5.28,42.44,0
5.75,2.36,6.69,1.04,15.56,17.55,1
5.86,4.15,1.7,1.49,10.29,27.1,0
7.35,3.66,6.12,0.77,4.28,63.34,1
6.04,3.79,3.35,0.61,17.03,48.53,0
5.84,3.75,6.22,2.44,8.56,70.36,1
5.17,2.8,,0.46,11.34,53.13,0
5.45,2.48,2.25,2.1,10.14,44.49,1
5.31,3.25,2.43,0.96,16.06,48.0,0
6.28,4.02,1.87,1.99,4.57,69.63,0
7.13,2.62,6.45,0.13,3.48,64.93,0
6.89,3.81,3.98,1.84,13.98,,1
6.71,2.01,3.71,2.49,9.51,63.07,0
7.71,3.15,1.07,0.91,11.3,41.34,0
7.47,4.28,3.46,2.23,11.95,54.34,1
,2.34,4.08,0.31,10.4,31.43,0
4.17,4.11,3.48,1.2,10.39,55.21,1
5.58,3.12,2.77,1.58,5.2,61.97,0
6.33,4.01,3.78,2.14,2.86,30.12,1
5.85,4.43,1.49,0.67,12.13,52.02,0
,3.71,2.99,1.73,5.32,73.31,0
7.95,2.61,1.53,1.72,5.08,10.06,0
4.61,2.03,6.74,0.76,3.62,53.14,1
5.33,2.16,2.02,0.81,14.54,34.28,0
7.81,3.16,6.67,0.64,10.07,16.8,1
5.71,2.25,1.75,2.06,2.05,50.95,0
5.67,4.27,6.27,1.13,17.45,77.44,1
7.48,3.52,3.62,0.68,15.95,53.13,0
4.17,3.35,1.9,0.3,7.57,,0
4.48,4.21,1.07,1.74,8.85,63.49,0
4.51,2.41,1.6,2.34,7.66,38.69,0
7.96,2.28,4.12,0.65,12.7,12.46,0
4.36,4.06,6.58,2.07,3.03,74.82,1
5.61,3.55,4.61,2.28,8.16,54.95,1
7.56,3.14,6.48,1.69,7.71,42.89,1
5.54,3.07,3.32,1.49,13.78,26.7,1
4.1,3.72,3.35,2.21,13.9,16.64,1
5.68,3.01,3.39,2.02,10.26,68.04,1
4.34,2.42,6.08,1.28,19.23,48.18,1
6.36,3.17,3.62,1.17,18.06,76.95,0
5.87,3.62,5.79,2.21,14.68,74.15,1
5.43,4.43,3.66,2.18,10.87,51.01,1
7.4,4.03,2.08,1.06,9.25,76.73,0
7.64,3.85,2.07,2.22,17.34,60.2,0
5.98,2.66,1.69,1.44,9.73,18.76,0
5.79,4.39,4.88,1.62,9.72,,1
7.67,2.57,1.3,2.14,15.57,36.09,0
7.51,4.05,,1.48,2.31,31.18,0
7.39,3.7,4.86,0.73,10.51,35.21,0
6.58_err,2.83,3.78,0.82,2.28,10.58,0
6.13,3.15,6.64,2.24,3.35,53.34,1
7.86,4.37,2.08,0.69,19.43,22.21,0
5.17,2.58,6.9,1.33,8.19,40.23,1
5.22,3.68,4.03,1.16,13.54,35.77,1
4.41,4.33,4.63,0.95,19.84,79.58,1
5.61_err,3.57,4.89,1.24,7.18,71.33,1
6.07,4.29,6.14,0.84,2.51,57.15,1
4.42,2.76,1.16,0.81,3.19,63.66,0
5.34,3.98,4.79,1.72,10.93,11.91,1
5.69,2.53,3.62,2.27,3.4,70.98,1
7.96,2.09,6.64,2.33,10.2,69.69,1
7.91,2.53,6.8,2.36,5.96,60.57,1
4.46,3.31,5.68,2.02,15.62,44.35,1
5.65,3.81,6.63,0.15,2.61,19.62,1
7.14,3.21,2.91,0.24,3.53,63.31,0
6.46,3.03,3.65,1.47,,57.38,0
6.82,3.77,1.88,0.27,2.32,31.93,0
7.43,2.37,3.31,1.05,18.95,46.57,0
5.42,3.8,4.17,1.93,8.64,47.19,1
6.8,4.23,4.04,1.9,6.68,,1
,3.07,4.37,1.96,,59.83,1
4.26,2.33,2.38,0.51,19.91,31.39,0
6.66,2.06,1.83,1.76,11.57,22.95,0
4.2,3.99,6.69,2.08,17.94,37.61,1
4.92,4.02,2.82,1.85,7.79,45.71,1
4.44,4.16,2.47,1.82,5.65,40.17,0
4.93,3.17,2.41,1.36,4.14,53.9,0
7.8,3.14,4.98,1.33,3.63,10.94,1
7.44,3.21,6.97,2.13,11.99,48.99,1
5.17,3.86,4.88,2.26,5.21,25.45,1
7.81,4.08,2.31,0.23,2.76,21.48,0
4.49,4.15,6.95,0.94,2.51,63.01,1
4.72,3.44,6.31,0.15,9.61,57.29,1
5.82,4.23,4.1,0.32,3.16,59.35,0
4.22,2.84,3.49,0.5,5.39,35.38,0
5.64,2.71,3.38,0.34,15.33,43.55,0
6.28,2.32,4.54,0.67,10.96,26.44,1
7.11,3.51,1.06,0.52,3.31,21.0,0
7.06,3.31,4.45,1.93,13.91,48.56,1
8.0,3.21,1.41,1.65,18.61,73.26,0
6.12,3.24,1.74,1.87,14.98,23.34,1
7.33,2.71,2.43,0.65,17.48,73.32,0
6.89,2.44,3.72,0.93,3.55,18.87,0
7.08,2.16,4.72,1.2,13.65,10.45,0
5.17,2.1,1.13,2.11,14.87,66.58,0
6.27,3.12,2.03,0.31,15.49,33.77,0
7.23,3.82,2.86,0.38,11.86,22.37,0
6.18,4.0,5.26,0.39,18.44,21.46,1
7.42,4.1,3.31,0.92,16.49,13.16,0
6.02,2.67,2.5,2.07,15.16,48.95,0
5.01,3.1,5.77,2.21,14.85,27.17,1
4.45,2.76,4.47,2.03,11.31,20.43,1
5.03,2.52,4.04,0.36,14.35,32.66,0
6.47,2.44,3.37,0.7,2.54,34.61,0
5.84,3.95,3.64,0.83,19.09,26.65,0
6.96,2.98,6.75,2.16,10.96,55.54,1
5.51,3.65,3.51,1.98,11.77,26.12,1
7.08,3.3,4.44,2.11,4.81,29.31,1
5.28,2.83,3.57,1.79,19.5,25.49,1
7.91,2.45,3.95,0.43,3.79,71.41,0
5.2,2.77,1.77,0.99,2.26,71.37,0
7.46,2.63,3.86,1.67,18.65,16.72,1
5.72,3.75,1.45,2.35,9.43,40.83,0
4.98,3.93,6.8,0.59,19.94,30.9,1
7.83,2.83,6.01,2.48,7.97,12.07,1
5.57,3.35,6.77,0.64,13.76,56.39,1
6.88,4.17,4.16,,15.12,32.37,0
4.66_err,2.21,5.12,1.4,,57.88,1
7.86,3.71,4.3,0.7,6.6,78.01,0
4.55,4.4,3.81,2.29,19.76,69.76,1
7.5,3.24,4.28,1.35,5.5,28.34,0
4.06,3.53,4.16,0.3,14.3,29.24,0
5.27,4.03,2.75,1.76,18.97,74.9,0
5.9,2.43,4.71,1.05,19.56,58.92,1
6.87,2.9,,0.81,18.15,11.36,1
6.79,2.21,1.47,0.86,8.45,71.12,0
5.11,4.07,2.54,0.63,14.45,32.1,0
4.3,4.48,2.48,0.71,2.86,24.94,0
4.39,2.61,5.42,0.8,19.2,20.95,1
4.0,2.01,1.28,1.18,6.91,33.52,0
7.06,2.29,2.31,0.32,5.9,72.89,0
4.54,4.26,3.29,0.23,8.89,35.4,0
7.26,4.37,5.58,0.24,5.67,34.76,1
5.11_err,4.05,1.29,0.34,3.93,76.34,0
4.7,2.91,4.89,2.2,9.65,23.87,1
5.86,2.88,5.31,0.65,2.53,66.79,1
6.95,3.93,5.56,1.59,11.78,67.04,1
7.39,3.27,1.43,1.31,4.29,55.11,0
6.08,3.46,2.39,1.79,9.06,14.55,0
5.16,2.28,1.11,2.25,19.9,26.13,0
5.7,3.73,4.41,0.51,6.54,67.72,0
7.82,4.37,6.79,0.19,13.31,35.4,1
7.21,3.1,6.22,1.21,8.03,76.23,1
5.53,2.76,6.38,0.14,13.94,72.54,1
6.78,3.39,1.19,1.76,14.04,14.86,0
5.7,3.27,1.6,0.43,13.85,63.68,0
7.12,3.62,3.23,0.47,,36.77,0
5.14,2.89,4.15,0.74,18.58,34.75,1
5.66,2.19,5.66,1.44,9.5,13.18,1
6.48,4.34,,1.36,5.5,76.1,0
4.62,3.6,4.97,2.35,7.74,42.55,1
6.92,2.55,1.33,0.36,12.8,53.41,0
6.67,3.58,1.38,1.41,10.63,74.51,0
7.95,2.78,4.7,1.48,8.99,13.91,1
6.89,3.56,2.68,1.15,9.89,45.65,0
6.5,4.22,1.16,0.39,6.49,18.8,0
6.35,2.12,2.3,0.73,6.92,46.86,0
6.61,2.82,5.48,0.19,2.48,32.07,0
7.83,2.51,4.83,0.23,2.47,52.25,0
4.44,2.59,4.65,1.86,10.57,22.4,1
7.55,4.34,2.68,1.85,10.63,42.54,0
5.29,2.95,6.08,0.33,19.48,69.71,1
4.02,2.92,,1.97,18.86,37.92,1
4.94,2.79,2.0,2.47,11.01,27.77,1
6.1,2.4,6.14,0.1,7.47,58.61,0
6.21,2.36,6.98,0.53,13.64,51.36,1
6.19,4.1,2.1,0.97,6.22,25.26,0
6.36,3.68,1.58,1.6,15.79,39.23,0
4.13,4.19,5.27,,17.29,43.53,1
8.0,3.03,4.93,1.02,12.75,29.01,1
5.71,2.04,1.13,0.84,19.5,63.61,0
4.64,4.06,5.97,1.18,19.33,50.0,1
4.89,2.97,1.65,2.06,17.93,29.72,0
6.89,3.24,6.93,1.14,11.34,53.32,1
5.33,2.45,6.32,0.59,5.57,30.79,1
6.25,2.59,2.52,0.17,9.93,69.59,0
7.81,2.13,4.6,1.38,15.1,32.45,1
5.86,3.62,6.97,1.28,7.0,66.75,1
6.24,2.68,3.51,0.4,18.05,,0
5.24,3.92,5.68,1.18,9.65,41.46,1
6.91,3.09,5.38,0.67,8.13,10.38,0
6.88,3.25,2.43,1.4,5.87,44.53,0
5.57,2.62,6.68,2.23,15.64,63.75,1
5.51,3.69,5.15,0.14,6.32,57.38,0
6.7,4.07,4.1,0.9,11.76,75.72,0
6.7,3.17,1.23,2.49,11.36,24.13,0
7.39,3.77,5.62,1.25,19.61,66.44,0
7.88,2.73,1.6,2.37,14.17,70.07,0
5.19,3.37,4.79,2.2,17.68,42.04,1
5.36,4.44,4.94,1.03,2.23,31.29,1
5.45,2.07,6.75,1.54,19.24,79.28,1
6.3,4.26,5.82,2.19,5.9,70.27,1
5.15,3.9,4.24,0.14,12.83,76.69,0
6.38,2.39,4.74,1.97,,32.79,1
6.13,3.26,1.08,1.66,18.08,59.57,0
4.77,3.45,5.96,0.12,6.83,75.61,0
7.11,3.07,1.31,0.26,3.12,29.07,0
7.07,3.2,4.46,0.5,6.59,30.67,0
4.37,2.15,4.48,1.59,19.66,33.9,1
6.36,,2.86,0.16,11.11,65.27,0
6.55,3.89,4.6,1.13,16.92,15.96,1
4.4,2.64,4.59,1.61,12.37,62.98,1
4.87,3.26,1.86,0.43,19.58,30.08,0
6.92,3.8,5.79,1.39,8.69,26.34,1
4.92,3.68,6.06,1.0,4.33,61.53,1
4.76,2.35,6.61,1.55,9.38,31.17,1
4.4,2.2,2.96,0.42,15.83,17.62,0
6.11,4.39,1.54,2.46,12.71,27.67,0
7.98,2.12,3.01,2.19,9.57,52.56,0
5.93,4.0,5.46,1.54,15.86,12.41,1
7.18,3.73,3.56,1.69,7.93,48.3,1
7.32,3.73,3.22,0.78,14.52,70.14,0
6.07,3.29,,2.38,9.96,42.06,0
4.65,3.52,2.64,1.58,14.63,34.89,0
4.59,2.81,6.37,0.21,,21.24,1
6.93,2.81,4.8,1.14,9.19,79.81,1
7.14,2.94,3.18,1.34,15.4,48.68,0
5.68,2.47,6.51,2.24,9.37,34.42,1
6.17,3.73,5.95,1.57,18.44,59.41,1
5.84,4.35,1.71,2.45,8.31,37.69,0
5.68,4.1,1.04,2.0,19.76,64.1,0
7.31,3.93,5.86,1.39,3.07,77.21,1
5.59,,3.34,0.93,3.99,51.32,0
6.71,4.28,6.48,2.06,18.31,72.15,1
4.23,4.09,2.42,1.05,16.1,12.58,0
4.5,2.27,3.67,1.93,,74.03,0
4.92,2.93,6.49,0.32,16.49,29.4,1
,2.52,2.02,0.91,4.23,64.32,0
5.64,3.41,6.62,2.31,11.49,43.06,1
6.9,2.89,6.05,1.94,19.82,34.29,1
4.95,4.06,6.45,1.58,15.82,73.54,1
7.88,3.07,3.41,0.96,9.08,31.93,0
6.4,2.95,6.1,2.37,3.64,59.34,1
7.58,3.86,3.8,0.12,12.64,38.13,0
4.51,3.89,5.11,1.92,14.96,57.99,1
4.98,2.16,5.84,1.97,18.14,12.49,1
5.91,2.54,3.44,0.35,19.14,28.14,0
6.34,3.8,2.93,0.41,4.55,55.43,0
6.65,3.42,2.32,2.03,12.18,59.37,0
4.06,3.58,6.39,1.69,11.04,39.79,1
7.29,3.64,2.4,0.39,8.45,69.39,0
7.01,3.45,1.18,1.62,,13.59,0
7.93,2.58,6.03,1.35,7.43,68.24,1
5.02,4.41,5.24,2.35,4.75,22.81,1
6.72,4.02,4.82,0.22,6.51,30.4,0
6.75,2.74,5.26,0.4,6.72,39.79,0
6.01,3.86,5.57,2.29,2.66,18.69,1
4.51,3.32,5.42,1.63,14.7,33.3,1
5.04,4.39,1.74,1.84,10.72,,0
,,3.26,0.88,4.38,18.15,0
7.79,2.38,3.77,0.56,13.81,13.14,0
6.99,3.73,5.25,2.26,15.36,48.56,1
6.74,3.19,1.55,0.98,12.07,69.77,0
7.56,3.26,1.23,1.76,4.32,10.75,0
5.06,2.97,1.12,1.97,8.39,23.54,0
4.58,4.15,2.14,0.17,19.25,14.73,0
4.53,3.83,3.97,1.87,4.97,42.68,1
5.95,3.0,4.0,1.6,2.47,37.26,0
7.82,3.03,5.78,0.51,6.17,46.44,1
5.95,3.78,5.95,2.0,14.31,62.01,1
7.18,,5.39,1.85,16.45,51.07,1
7.25,2.37,5.31,0.22,6.42,11.54,0
5.24,3.02,1.75,2.4,17.94,40.2,1
5.59,2.68,6.5,2.37,12.87,,1
4.48,2.76,1.51,2.16,10.57,54.72,0
6.78,2.5,3.05,0.89,10.95,28.91,0
7.91,2.62,5.13,2.36,12.89,24.44,1
5.17,3.45,2.46,0.74,6.42,58.34,0
6.99,3.31,6.96,1.56,5.5,48.74,1
6.25,2.32,6.8,2.08,10.81,57.54,1
4.61,3.18,2.33,2.13,5.76,65.61,0
7.38,2.9,6.74,0.56,10.78,48.58,0
4.89,2.91,2.18,2.49,7.57,73.04,0
5.13,,4.24,0.2,5.16,76.82,0
5.73,3.29,4.34,1.17,4.47,64.72,0
6.14,2.36,1.01,1.14,9.15,68.25,0
7.37,2.67,4.91,0.42,10.94,11.62,0
5.8,2.99,4.21,0.43,19.91,69.33,0
5.91,3.73,6.21,0.17,9.45,70.69,1
4.45,2.45,3.41,0.33,16.98,58.03,0
7.64,2.85,2.47,1.42,15.65,30.19,0
5.25,3.51,6.0,0.79,18.62,16.55,1
5.68,2.86,2.82,2.44,15.26,33.54,1
7.08,2.11,2.85,2.47,12.34,52.2,0
5.24,3.5,5.92,1.71,11.48,26.8,1
4.82,2.06,4.08,2.36,5.51,65.98,1
6.2,2.41,3.2,1.9,19.55,41.69,1
6.2,3.31,2.96,2.45,18.2,28.38,1
4.43,2.72,6.96,0.75,13.09,16.28,1
7.46,3.85,3.8,0.26,19.42,12.8,0
4.35,3.77,1.1,1.71,5.92,32.11,0
7.73,3.36,1.87,0.79,15.64,18.85,0
7.77,3.98,5.06,2.15,6.03,52.92,1
7.65,3.94,2.35,0.59,8.61,55.3,0
7.43,3.88,4.33,,10.98,49.74,0
6.99,2.08,3.06,2.28,9.79,56.8,0
7.19,3.58,1.85,1.72,17.75,53.1,0
5.27,4.42,4.65,0.59,11.45,58.67,0
4.42,2.74,4.93,1.46,15.25,27.94,1
5.54,3.89,6.69,1.26,9.8,75.05,1
4.54,2.95,2.9,1.33,4.2,16.91,0
7.25,2.79,6.63,0.17,,42.69,0
4.19,2.79,2.59,2.11,9.69,64.74,0
7.99,,5.19,0.86,15.95,11.05,1
5.76,4.04,1.75,0.43,13.75,29.35,0
7.96,2.77,5.88,1.22,18.67,15.23,1
6.67,3.63,4.97,2.15,13.67,38.87,1
7.81,2.79,2.18,1.18,18.95,49.86,0
6.27,2.26,6.89,1.59,17.43,72.82,1
6.67,3.32,1.46,1.67,14.84,44.41,0
7.55,2.69,4.39,2.0,17.05,46.03,1
5.06,4.36,5.54,2.25,9.06,15.52,1
4.65,2.57,1.79,1.61,2.48,74.01,0
7.73,3.29,2.08,2.02,3.91,63.51,0
6.0,4.01,1.17,0.62,11.35,59.25,0
4.16,4.21,4.94,2.45,17.89,43.59,1
5.14,2.57,5.79,2.29,3.37,16.07,1
5.16,3.59,6.22,1.51,17.55,24.74,1
4.5,2.94,6.23,0.85,12.91,10.06,1
7.77,2.87,4.92,2.12,10.05,36.28,1
4.79,2.1,4.32,0.39,10.71,24.87,0
6.13,3.85,2.04,0.67,5.5,16.12,0
4.21,3.4,1.22,2.07,3.73,32.89,0
6.69,2.93,6.91,0.5,6.6,77.79,1
7.75,4.01,6.3,0.47,10.71,28.29,1
6.13,3.17,2.67,0.16,8.49,52.55,0
6.56,2.59,1.76,1.27,17.14,37.85,0
7.37,4.07,6.03,1.22,,34.56,1
6.89,2.24,3.3,1.94,9.42,77.53,0
4.8,4.13,4.46,,17.61,22.98,1
4.16,3.38,6.75,0.7,7.08,29.85,1
7.92,2.84,6.26,2.42,11.3,45.02,1
6.24,3.7,3.88,0.41,4.56,25.21,0
7.11,4.25,1.47,0.64,8.53,15.15,0
5.69,3.71,1.42,0.7,16.7,25.55,0
5.53,3.41,6.03,1.18,3.13,28.33,1
4.74,2.81,5.53,0.86,17.23,68.61,1
7.42,3.88,6.39,0.63,7.03,36.34,1
7.32,3.99,5.68,2.45,18.1,16.7,1
4.42,2.15,5.29,2.2,8.56,62.35,1
5.9,4.3,6.81,0.7,19.2,20.76,1
6.5,2.52,4.65,0.31,7.38,78.6,0
7.69,2.02,3.42,1.91,12.38,,0
5.31,2.63,1.65,2.32,7.05,24.46,0
6.14,2.82,4.65,2.23,5.69,10.84,1
5.63,3.86,6.39,1.92,5.23,58.95,1
4.82,2.94,5.18,0.48,6.63,39.91,1
5.79,2.16,2.58,0.24,18.44,13.04,0
4.26,3.48,3.85,0.8,17.11,49.32,0
7.53,3.95,2.83,0.98,9.03,26.02,0
7.28,3.65,5.75,0.19,7.32,14.31,0
5.55,3.16,5.65,0.64,19.8,30.94,1
5.7,2.93,7.0,1.41,10.91,13.49,1
6.03,4.22,5.36,1.63,,75.01,1
7.14,2.73,6.33,0.53,12.54,44.58,0
7.94,2.08,5.91,,15.3,57.7,1
4.66,3.6,4.4,1.52,14.88,61.39,1
7.5,4.19,4.55,0.84,17.82,62.12,0
4.96,2.16,5.08,0.77,8.42,18.5,1
7.53,3.32,1.69,1.84,4.65,49.22,0
4.7,4.34,2.19,1.58,5.55,40.82,0
6.22,2.03,4.86,0.64,6.75,12.95,1
6.86,4.06,1.16,1.62,3.94,70.47,0
6.87,3.89,3.55,0.84,3.22,70.03,0
6.19,3.08,4.97,0.62,12.0,52.57,0
7.98,3.55,1.38,0.29,18.23,48.4,0
6.54,,4.83,1.9,9.77,10.58,1
7.25,3.4,1.27,1.66,10.49,48.01,0
4.89,2.7,5.16,2.04,10.51,77.56,1
4.4,3.68,4.39,1.36,14.02,20.17,1
6.78,4.22,3.63,0.96,17.42,41.06,0
6.2,3.3,4.39,0.6,11.51,19.59,0
4.77,3.85,2.31,0.28,2.73,58.92,0
4.67,3.3,6.97,2.06,17.31,15.57,1
7.73,4.25,3.09,1.62,4.13,76.47,0
4.11,4.21,3.53,1.35,8.02,55.18,0
5.46,2.61,1.94,0.34,5.85,22.28,0
4.03,2.67,5.55,0.52,19.98,56.05,1
5.14,3.85,5.13,1.65,14.0,65.32,1
7.33,3.99,6.27,1.68,13.82,61.17,1
5.08,4.39,2.14,0.85,8.01,11.09,0
5.19,3.36,1.67,0.52,17.82,,0
5.51,4.13,2.95,1.67,2.25,40.24,0
6.85,2.45,6.3,0.5,13.8,40.13,1
4.87,2.1,1.96,0.96,16.47,44.68,0
5.83,2.63,1.14,1.28,2.45,55.2,0
4.11,3.52,6.98,0.45,7.29,77.41,1
5.65,2.98,6.49,0.51,7.57,58.79,1
4.24,3.61,6.38,1.87,12.6,24.33,1
5.3,2.47,4.35,2.04,3.76,43.79,0
4.41,2.91,2.75,0.9,15.56,67.03,0
7.9,2.09,6.96,0.34,12.22,79.21,0
,4.37,1.59,1.69,4.74,75.46,0
6.41,2.57,3.9,1.76,,56.25,1
4.31,3.35,5.2,2.09,18.7,15.91,1
5.51,3.34,2.65,1.49,2.65,72.02,0
7.17,2.76,1.91,0.78,2.25,68.05,0
5.08,2.21,4.92,1.45,19.62,43.95,1
7.39,3.98,4.76,1.9,18.26,45.37,1
5.86,2.04,4.43,2.07,7.3,,1
4.59,2.86,4.64,2.5,2.03,76.56,1
4.94,3.87,3.81,2.09,13.43,56.51,1
5.8,3.15,5.89,2.47,16.38,50.24,1
7.49,2.94,1.91,1.56,3.52,45.83,0
4.54,3.61,2.32,1.69,11.55,34.87,0
4.78,3.14,1.73,0.31,17.85,78.68,0
6.05,3.69,6.37,0.14,19.14,10.26,1
7.22,2.72,2.31,1.88,3.14,61.87,0
7.14,3.66,3.88,1.32,6.77,53.75,0
6.68,3.18,5.85,0.29,2.22,29.08,0
4.66,3.6,5.22,0.63,10.83,19.16,1
6.56,3.64,3.66,1.09,16.71,69.87,0
7.21,2.41,2.83,1.47,8.54,50.0,0
6.36,3.97,2.01,1.47,11.34,28.07,0
6.42,,2.33,1.21,17.31,28.58,0
7.57,2.91,5.84,0.86,18.21,29.49,1
4.17,4.15,2.86,0.19,7.94,27.2,0
4.42,3.71,1.46,0.48,16.8,40.88,0
7.33,3.67,5.45,1.46,8.13,35.58,1
5.28,2.02,5.47,0.52,7.13,53.21,0
6.33,3.07,2.61,1.2,6.32,64.4,0
5.45,3.72,1.24,2.2,2.89,52.24,0
,3.77,6.41,0.63,2.27,15.86,1
6.92,4.44,2.45,1.55,4.04,72.41,0
5.09,2.39,6.33,1.2,2.4,51.82,1
6.06_err,4.05,3.49,1.91,,47.53,0
7.22,4.42,2.68,0.97,18.1,44.28,0
7.93,3.45,3.43,0.65,5.58,26.81,0
4.17,3.1,3.56,0.61,6.39,61.36,0
5.85,2.29,2.1,2.39,10.49,76.31,1
6.26,3.38,6.83,1.23,4.18,60.71,1
4.75,2.17,1.41,0.77,18.24,60.94,0
6.4,2.98,2.56,0.2,16.0,59.76,0
6.7,3.77,3.06,0.64,13.23,67.29,0
7.47,3.89,2.73,1.59,4.79,18.12,0
7.55,3.49,2.91,0.77,5.04,74.68,0
7.08,2.57,2.42,1.51,9.11,75.13,0
5.71,3.34,5.12,1.92,3.63,11.51,1
6.51,2.6,2.65,2.34,7.7,47.89,0
6.23,4.27,4.48,0.26,18.94,70.96,0
4.14,3.25,6.91,2.02,3.88,42.59,1
4.44,2.85,2.53,1.84,2.82,22.49,0
7.5,4.2,6.12,1.23,6.85,72.45,1
5.59,4.42,5.13,1.92,12.49,73.14,1
5.77,4.11,5.6,1.84,2.61,69.37,1
6.23_err,4.1,5.44,1.56,16.19,42.97,1
4.95,2.22,1.53,1.01,18.96,53.46,0
6.75,4.41,3.09,0.61,5.75,26.72,0
6.25,4.49,3.29,0.94,8.6,49.3,0
4.2,3.52,6.92,1.8,5.64,36.99,1
,2.17,6.73,1.39,4.78,63.58,1
6.18,3.32,1.77,0.81,9.15,50.41,0
6.13,2.92,4.47,0.45,6.04,43.47,0
7.97,4.13,1.21,1.71,18.88,51.88,0
4.82,3.6,6.09,1.74,16.37,49.33,1
5.29,4.31,6.7,1.69,14.72,52.57,1
6.72,3.8,6.49,0.59,7.38,44.66,1
5.05,2.9,3.21,0.17,14.65,65.5,0
7.86,3.42,6.4,0.44,12.21,55.71,1
7.27,4.0,4.31,0.92,,44.54,0
,2.18,1.43,0.57,8.09,37.55,0
7.83,2.47,6.31,1.16,19.71,27.8,1
6.76,3.39,1.4,0.5,18.74,45.36,0
5.6,3.38,2.72,1.26,17.74,40.6,0
7.85,2.05,1.72,0.99,13.63,50.47,0
5.06,2.06,6.39,2.29,6.07,61.65,1
7.06,,4.77,0.65,15.5,65.15,1
6.53,4.07,5.01,0.48,2.14,12.3,0
7.11,,1.93,1.35,16.73,65.13,0
5.88,2.01,6.14,1.87,7.88,79.77,1
6.07,2.65,2.56,2.05,13.9,76.52,0
4.06,4.31,6.01,1.37,8.13,24.35,1
7.07,3.73,5.55,0.82,15.18,66.15,1
4.31,3.2,1.49,1.53,14.91,21.22,0
5.49,3.19,4.74,0.13,6.71,11.02,0
5.46,,3.26,0.87,19.52,53.27,0
7.66,2.38,1.68,2.46,5.38,76.76,0
4.8,3.12,2.81,1.8,7.44,66.6,0
7.67,3.86,5.17,1.62,18.85,23.21,1
4.46,2.71,1.72,1.29,4.06,21.99,0
6.99,2.3,5.26,1.94,2.03,34.75,1
4.58,3.74,6.63,0.25,3.22,20.72,1
7.49,4.29,5.52,1.23,18.67,29.74,1
6.74,2.99,4.68,1.75,7.63,26.69,1
7.83,3.05,2.3,0.46,11.56,75.91,0
,3.65,2.89,1.33,18.69,55.07,0
4.99,4.23,2.94,0.54,,69.44,0
6.17,4.45,3.1,1.86,3.76,68.72,0
4.87,2.7,6.52,2.15,16.24,17.28,1
4.63,4.39,6.78,0.56,,17.87,1
7.39,3.6,6.25,2.17,2.78,31.32,1
6.8,2.77,5.76,1.99,10.21,42.9,1
5.09,4.01,6.17,1.92,8.79,59.16,1
5.55_err,2.75,6.91,1.17,14.57,52.76,1
7.12,2.1,5.88,2.28,11.01,57.97,1
6.38,2.7,1.44,1.28,9.45,13.55,0
5.72,4.28,6.11,2.21,6.66,35.88,1
7.17,2.44,6.63,0.9,12.99,20.98,1
4.27,2.72,5.88,1.7,18.03,16.95,1
5.46,2.83,5.99,2.16,4.72,54.55,1
5.84,3.84,3.65,1.1,9.02,60.64,0
7.34,2.92,6.21,1.85,9.3,26.08,1
6.09,3.37,4.57,2.4,9.67,10.92,1
7.76,3.75,4.03,0.97,18.32,49.44,0
4.31,3.96,3.52,,2.44,79.95,0
8.0,2.47,1.82,2.4,,62.16,0
7.96,2.96,3.77,0.12,7.53,60.69,0
,4.12,5.35,0.46,19.79,73.02,1
7.5,4.39,4.97,0.32,9.98,19.04,0
7.46,2.51,4.44,0.13,15.07,74.14,0
4.6,2.12,2.86,0.52,4.13,39.77,0
7.72,2.22,2.73,1.42,11.13,21.81,0
,,6.2,2.13,14.55,,1
6.39,3.28,3.28,1.8,3.03,31.59,0
7.96,3.2,3.5,2.04,17.37,37.41,0
5.02,4.38,6.53,2.06,5.48,77.66,1
7.97,3.18,1.14,1.41,3.32,76.58,0
7.98,4.09,3.33,0.66,19.04,36.84,0
7.67,3.57,1.05,1.09,11.89,19.54,0
4.99,3.24,4.3,0.78,18.03,42.14,1
4.04,4.31,1.47,0.65,7.92,19.74,0
5.71,3.75,4.75,0.19,17.63,27.8,1
7.66,3.66,3.22,0.6,13.08,74.87,0
7.16,3.28,5.5,1.69,17.06,79.17,1
,3.7,3.44,0.92,13.99,37.39,1
5.42,2.61,3.49,2.4,4.23,19.83,1
6.0,2.59,1.19,2.37,14.82,18.84,0
5.58,3.5,2.4,0.68,18.89,56.51,0
7.67,3.04,5.08,1.94,13.55,69.77,1
5.69,2.15,1.03,2.25,9.32,46.06,0
5.11,2.26,4.45,1.91,10.44,60.93,1
5.85,2.69,3.45,1.78,8.93,13.74,1
6.43,3.47,5.76,1.48,19.16,52.72,1
6.12,3.22,1.26,1.77,18.35,51.85,0
7.45,2.02,2.85,2.4,16.49,35.84,1
5.24,3.14,3.08,0.81,6.53,50.5,0
7.87,2.23,4.3,2.27,19.7,29.23,1
7.07,4.13,6.47,1.14,13.69,62.99,1
5.23,2.72,5.28,1.41,9.62,61.71,1
6.79,3.05,3.33,2.05,,23.81,0
7.99,3.67,3.15,1.78,8.31,71.21,0
7.73,4.0,6.88,1.06,2.05,27.4,1
6.72,2.85,5.73,1.13,18.93,70.97,1
4.7,2.34,6.66,1.29,19.17,28.05,1
5.03,2.9,4.34,0.64,14.95,45.6,1
5.52,2.87,5.26,1.06,9.66,28.32,1
6.54,2.81,5.4,1.59,3.12,19.27,1
6.07,2.03,2.53,0.22,17.13,44.55,0
5.57,3.64,3.0,0.39,6.29,35.41,0
5.24,2.7,1.52,1.93,6.35,26.84,0
4.6,4.3,3.4,1.31,8.07,67.12,0
6.98,4.28,6.51,1.95,3.4,38.34,1
5.05,3.29,1.21,2.33,3.85,46.29,0
4.4,2.56,3.28,1.25,15.47,17.95,1
5.01,2.94,3.24,2.39,5.25,15.01,1
4.42,3.08,1.35,1.62,2.91,64.53,0
7.2,3.93,5.2,0.85,7.93,56.44,0
5.01,3.77,5.71,1.31,11.27,74.41,1
4.58,3.09,2.67,1.3,4.83,61.97,0
5.11,3.91,1.25,0.86,15.44,69.42,0
7.71,3.67,2.0,1.1,5.56,56.84,0
6.45,2.26,3.75,0.49,2.58,72.94,0
7.28,3.88,3.69,1.76,8.89,73.37,1
7.65,3.31,5.76,2.12,14.33,16.82,1
7.53,2.63,3.12,1.13,8.99,23.22,0
7.02,3.52,2.22,1.55,11.44,46.23,0
5.6,3.77,1.69,,10.27,32.68,0
6.24,3.8,6.37,0.83,3.77,39.98,1
5.34,4.48,3.45,0.87,13.06,69.83,0
5.16,3.23,1.89,1.89,19.28,17.8,0
6.1,3.46,3.19,1.13,14.72,50.7,0
4.7,3.48,1.12,0.37,6.39,,0
7.44,4.31,4.15,2.25,3.45,30.98,1
6.04,2.26,6.26,1.0,6.77,71.09,1
7.58,3.46,5.85,1.99,3.37,50.46,1
4.45,3.13,1.31,1.29,9.09,28.8,0
4.64,,2.84,2.44,8.02,28.56,1
5.8,3.56,7.0,2.17,8.65,79.68,1
6.51,4.23,5.42,1.72,5.3,60.09,1
6.61,4.37,1.56,0.53,17.88,38.72,0
7.63,2.97,5.37,1.5,7.21,39.61,1
7.3,4.22,2.26,1.62,14.6,54.82,0
6.81,3.85,3.91,1.91,10.21,11.52,0
6.13,2.29,6.52,0.92,8.65,12.01,1
5.96,3.9,3.8,2.08,4.06,11.41,1
6.21,3.25,5.24,2.38,16.98,66.93,1
7.25,4.02,4.9,0.47,12.61,15.83,1
5.16,3.24,2.16,1.34,10.04,37.88,0
7.54,2.81,2.09,2.29,15.59,49.69,0
5.5,3.37,3.74,1.34,4.86,15.55,1
5.19,2.93,1.58,1.07,9.82,34.71,0
7.35,3.26,4.51,2.19,8.83,46.19,1
6.74,4.31,4.25,1.92,14.11,15.02,1
6.97,3.0,2.41,1.53,17.38,36.21,0
7.35,4.4,5.37,1.7,3.69,41.33,0
5.73,4.27,1.19,1.06,9.24,10.25,0
6.04,3.82,1.52,0.31,19.67,31.01,0
6.14,4.24,2.46,1.81,2.27,75.86,0
5.78,3.22,1.88,2.3,14.0,13.25,1
4.77,4.11,2.61,0.18,5.81,25.4,0
4.53,2.63,2.28,1.79,6.81,44.39,0
5.19,4.0,1.38,0.67,19.32,12.53,0
7.96,3.55,3.32,0.27,7.62,54.5,0
4.25,4.46,2.97,0.96,18.83,76.76,0
6.64,4.15,5.93,1.62,10.64,40.96,1
6.2,2.81,3.76,1.02,5.55,53.5,0
4.49,3.04,1.95,1.71,8.79,63.63,0
6.41,2.11,2.64,0.36,11.81,69.77,0
4.82,2.1,6.22,0.86,11.35,41.66,1
6.58,3.84,1.45,1.59,19.94,10.52,0
6.97,2.75,4.19,1.72,5.79,79.21,1
7.76,3.69,2.17,2.17,8.83,26.19,0
6.44,2.08,4.83,1.78,15.2,65.65,1
7.52,2.57,2.67,0.27,9.78,48.01,0
4.59,3.16,5.77,2.25,8.02,70.38,1
7.47,2.27,5.36,0.19,18.28,35.84,0
4.65,3.32,5.32,1.16,3.09,20.73,1
5.09,3.32,3.25,1.98,12.38,36.96,1
7.23,2.38,,2.24,8.69,54.75,1
6.46,2.58,5.6,2.32,12.4,10.14,1
6.16,3.79,3.61,1.56,12.43,44.98,1
7.21,2.73,3.04,2.06,5.84,59.57,0
5.09,2.22,2.3,0.69,3.62,19.62,0
7.71,3.95,4.48,1.29,16.86,21.19,1
5.09,3.15,3.5,1.86,7.25,49.31,1
4.96,2.78,3.47,0.37,14.51,34.03,0
5.51,3.79,5.3,1.99,5.19,13.34,1
6.98,3.34,3.76,0.6,14.63,57.33,0
5.65,3.71,4.15,0.36,3.15,25.5,0
6.94,3.87,4.81,2.16,8.86,48.54,1
7.55,4.05,5.21,2.48,11.42,69.78,1
7.98,2.99,4.07,0.56,15.26,15.64,0
7.45,2.53,4.97,2.48,8.97,61.51,1
7.41,4.48,5.89,1.81,2.43,28.31,1
5.69,3.53,1.58,2.38,13.0,35.02,0
5.11,4.09,6.22,1.88,16.36,32.26,1
7.48,3.37,1.23,1.42,18.08,18.59,0
7.92,3.51,3.32,1.96,17.75,19.19,0
5.12,2.7,,0.8,7.77,65.2,1
7.72,4.0,2.9,1.11,8.35,27.37,0
6.55,2.61,5.19,2.49,11.4,38.24,1
6.13,4.31,6.74,0.35,7.44,19.38,1
5.94,3.4,6.52,2.42,5.26,40.27,1
7.95,2.29,3.54,0.97,10.91,61.67,0
5.23,3.73,1.24,2.02,14.03,61.32,0
4.31,2.63,2.05,0.16,5.63,17.62,0
6.42,2.06,3.62,2.08,4.06,46.46,1
6.59,3.21,5.72,0.82,18.48,22.62,1
6.15,3.2,4.27,2.06,6.35,23.65,1
6.98,3.01,1.31,2.01,8.63,50.94,0
4.18,3.91,1.84,2.1,4.05,24.51,0
7.73,2.18,1.97,2.38,4.26,11.24,0
6.23,2.09,5.88,0.48,7.6,55.2,1
4.2,2.25,2.2,2.44,18.39,31.54,1
7.97,2.33,4.42,2.14,2.01,65.13,0
4.13,3.71,1.29,0.3,2.27,10.8,0
7.16,3.96,5.92,0.34,8.0,35.62,1
5.82,2.65,4.06,1.19,4.5,78.27,0
5.32,2.03,3.66,1.3,19.01,71.74,0
6.28,3.21,3.64,0.59,7.56,24.96,0
5.68,,6.61,2.27,13.83,41.38,1
4.63,2.17,3.17,0.71,4.33,40.77,0
5.69,3.46,5.52,2.19,15.26,20.3,1
6.79,2.72,1.16,0.9,4.18,68.85,0
7.74,3.57,1.09,0.73,14.15,70.66,0
6.75,3.99,3.28,0.88,11.59,63.16,0
7.27,3.25,2.14,1.08,12.58,17.7,0
7.11,3.14,1.03,1.87,17.58,18.59,0
4.02,4.33,6.47,1.55,2.39,77.17,1
7.91,3.17,2.62,0.32,16.92,73.95,0
7.27,2.8,1.13,1.38,16.98,52.68,0
5.29,4.29,6.61,1.54,9.7,,1
7.21,2.76,2.03,0.91,4.55,11.51,0
5.18,4.33,3.03,2.49,7.46,21.05,1
4.54,,5.81,0.7,17.65,55.78,1
4.87,2.87,6.99,0.75,8.16,12.43,1
4.32,2.05,6.6,0.87,5.75,14.22,1
5.87,2.22,6.54,1.36,10.2,69.56,1
6.65,2.66,2.34,1.24,7.91,28.83,0
6.14,3.87,3.14,1.16,14.94,36.61,0
6.09,3.93,5.43,0.34,10.74,62.77,0
5.44,2.66,,2.49,19.85,26.06,1
6.08,2.6,4.03,1.32,13.31,52.87,1
5.53,4.01,2.15,0.38,9.16,16.7,0
5.82,4.02,6.52,1.7,17.91,16.35,1
5.44,2.65,4.95,0.52,18.08,28.38,1
7.8,3.85,1.9,0.25,17.03,22.76,0
7.36,3.4,2.98,1.36,9.5,23.08,0
4.76,2.98,6.78,1.31,2.37,43.49,1
6.15,3.47,4.06,1.44,13.96,12.41,1
7.76,2.91,2.01,0.87,3.61,10.54,0
6.34,2.89,1.86,0.21,8.33,63.26,0
5.05,3.49,1.26,0.39,7.1,18.59,0
6.57,3.37,3.87,0.28,7.26,11.54,0
5.09,3.25,5.88,1.98,8.01,50.87,1
7.33_err,3.06,1.89,1.75,6.99,31.31,0
7.24,2.19,4.59,1.36,19.09,62.99,0
6.59,2.32,6.01,1.27,16.57,23.82,1
7.13,3.78,1.42,1.34,2.74,34.13,0
,2.68,5.35,0.13,10.57,15.69,0
4.94,3.6,2.41,1.5,10.83,73.44,0
5.32,3.09,1.61,,,79.5,0
4.38,4.14,3.13,1.37,15.01,47.2,0
7.27,2.76,6.61,0.42,11.17,11.09,1
6.49,2.14,4.76,1.42,16.91,38.21,1
4.01,4.47,5.85,0.32,19.1,42.53,1
5.33,2.76,3.71,1.33,11.05,18.69,0
6.57,3.18,4.07,0.57,15.42,54.32,0
6.72,2.5,3.82,0.72,19.36,60.1,0
6.84,3.82,1.8,2.31,9.92,43.43,1
7.67,2.5,3.58,2.08,8.79,19.03,1
4.48,2.02,3.94,0.56,18.36,54.75,1
5.53,4.45,3.12,1.76,11.68,56.95,1
4.82,2.72,6.68,2.26,12.86,45.41,1
7.31,3.0,5.63,0.65,11.6,31.99,0
4.15,3.38,5.9,1.89,15.61,33.87,1
4.68,2.94,2.88,1.23,2.49,53.91,0
5.94,4.06,6.83,2.12,8.43,25.82,1
4.16,,3.0,1.49,7.63,46.95,0
6.01,2.51,4.54,2.13,4.72,65.25,1
7.94,3.28,3.98,1.02,,39.76,0
7.71,2.79,5.14,0.95,9.84,44.78,0
4.76,3.43,6.06,0.55,8.41,30.36,1
5.73,,4.1,2.12,15.24,73.81,1
5.68,2.77,1.69,1.08,2.24,27.54,0
4.58,3.87,3.47,0.54,11.11,31.51,0
7.46,3.45,2.61,1.28,15.24,12.83,0
6.75,4.48,6.03,2.36,3.84,38.65,1
7.77,3.83,2.28,1.73,7.26,42.97,0
7.26,3.34,2.14,1.62,4.3,45.3,0
5.86,2.26,4.36,0.23,17.92,64.07,0
5.25,2.41,1.59,0.71,7.68,74.27,0
6.09,2.24,5.28,1.75,7.89,51.31,1
6.67,,1.27,2.46,19.6,32.61,0
5.54,3.57,1.52,1.31,17.88,41.7,0
5.07,3.66,1.91,0.16,13.0,16.48,0
7.54,3.22,1.22,1.05,14.29,71.94,0
6.48,4.41,2.99,1.0,11.05,32.56,0
6.5,4.33,1.2,0.97,16.91,77.28,0
6.32,2.77,5.12,0.33,16.43,31.23,0
7.44,2.56,6.07,0.47,2.91,34.89,0
6.81,2.72,4.86,1.88,14.67,57.2,1
6.25,3.4,3.28,1.43,18.42,59.11,0
6.21,4.35,1.74,2.08,4.44,19.66,0
7.96,2.93,6.56,0.66,10.7,56.65,0
5.88,4.21,5.3,0.14,7.49,18.0,0
6.14,2.85,5.12,1.73,5.39,61.18,1
6.85,3.13,4.68,1.91,9.55,40.98,1
7.99,3.21,1.23,0.89,,31.23,0
6.19,4.33,6.86,2.02,17.51,77.94,1
6.99,2.66,3.15,0.68,12.1,39.37,0
4.7,3.95,5.54,2.24,2.01,23.74,1
7.4,2.51,3.78,1.46,17.22,47.78,1
5.48,3.17,2.8,1.05,11.59,16.68,1
6.64,3.68,4.36,0.47,2.89,56.82,0
5.85,4.21,6.21,1.53,15.99,60.09,1
6.98,3.08,1.96,2.05,14.07,41.28,0
4.26,3.89,6.55,1.08,11.86,60.08,1
4.85,2.99,4.15,0.8,6.38,55.92,1
6.25,4.32,5.9,1.72,7.06,70.05,1
7.14,2.47,4.6,2.48,3.03,27.78,1
6.67,3.56,4.94,0.7,3.75,63.38,0
5.98,2.11,6.64,1.7,18.0,68.45,1
5.65,2.57,4.35,0.5,12.7,30.75,0
4.59,3.07,3.3,1.23,6.71,78.83,0
7.37,3.56,4.01,1.81,15.94,38.28,1
4.48,4.27,6.32,2.46,19.33,78.74,1
7.78,4.06,1.23,1.08,7.79,28.8,0
5.25,3.11,2.93,0.54,,69.38,0
7.52,4.11,5.16,1.38,14.16,64.7,1
6.05,2.01,2.11,1.6,17.78,41.46,0
4.01,3.68,3.42,2.09,12.86,29.51,1
6.5,4.01,4.68,0.28,10.59,29.82,0
4.02,2.91,2.04,1.74,11.23,26.13,0
4.81,2.18,2.9,2.15,14.15,66.29,0
6.81,3.13,2.6,0.29,14.73,54.01,0
4.0,3.48,6.69,1.49,3.58,66.12,1
7.48,3.44,4.08,1.75,2.87,31.53,0
4.87,3.31,5.66,1.85,4.77,39.44,1
6.92,3.71,4.02,0.96,10.8,,0
5.44,3.45,2.89,2.12,15.65,79.38,1
7.54,3.29,5.81,1.86,14.11,70.89,1
6.16,3.39,3.47,1.59,16.4,57.59,1
5.16,3.06,2.62,2.5,8.6,51.55,1
7.48,3.47,1.02,2.19,19.41,70.24,0
5.27,3.81,1.82,0.41,,77.45,0
4.53,2.26,2.24,1.15,13.5,31.58,0
,2.44,3.38,2.44,4.66,27.32,0
7.18,4.41,4.47,0.81,10.23,56.28,1
6.68,3.89,3.19,0.87,4.57,45.33,0
7.25,3.92,6.86,1.09,6.88,19.5,1
6.72,2.58,4.15,0.22,18.42,53.71,0
7.6,3.52,4.96,0.64,10.45,,0
4.54,4.17,1.39,0.73,14.54,42.93,0
6.82,3.32,5.62,0.42,16.47,26.14,1
6.76,4.21,6.79,1.99,4.63,37.61,1
6.72,2.41,4.18,2.17,2.68,77.96,0
4.95,3.36,5.29,1.35,7.9,14.4,1
5.8,2.54,5.79,2.06,18.53,48.9,1
6.75,3.31,3.43,0.77,4.63,18.5,0
6.89,3.64,4.68,0.67,17.58,46.84,0
6.34,4.34,2.37,1.44,16.21,55.35,0
4.65,2.29,6.21,1.07,12.95,70.12,1
7.94,3.42,1.09,0.92,9.08,41.06,0
5.01,3.94,5.6,1.25,10.82,50.32,1
7.16,3.63,3.8,2.44,7.43,13.67,1
7.2,4.4,3.63,0.87,10.58,63.64,0
5.85,2.08,,1.75,9.92,75.06,1
6.98,2.99,4.36,2.31,18.98,38.28,1
5.08,2.45,2.5,2.47,,41.68,0
6.67,4.04,2.94,0.56,15.56,56.77,0
7.21,2.35,1.97,1.68,8.75,,0
6.61,2.64,2.28,0.55,14.14,19.12,0
7.61,2.42,5.39,0.82,6.1,74.97,0
4.79,2.4,3.62,0.22,10.88,45.54,0
7.79,3.97,5.79,2.32,16.1,44.46,1
6.81,3.69,6.22,1.11,11.36,74.62,1
7.72,4.11,3.78,2.44,12.06,63.65,1
4.83,2.1,1.25,1.3,18.86,31.6,0
6.13,3.81,3.22,2.1,14.4,52.97,1
4.24,4.27,3.75,0.21,17.23,66.05,0
4.89,2.69,3.13,,15.52,72.12,1
7.64,2.68,2.0,0.3,,20.16,0
6.29,2.14,3.4,0.22,2.98,33.42,0
4.09,4.4,2.43,1.87,16.41,58.36,1
5.88,3.03,6.48,0.65,13.74,49.07,1
4.91,4.47,1.63,0.68,9.22,33.02,0
6.53,2.65,5.61,2.4,11.88,73.31,1
6.05,2.5,4.97,1.53,4.68,22.86,1
5.4,2.7,6.2,0.37,8.62,23.67,1
5.06,2.65,1.81,1.01,18.24,58.08,0
5.48,3.28,4.71,0.86,17.61,18.56,1
4.77,3.41,5.58,2.4,14.68,66.46,1
4.53,3.55,3.57,1.51,4.11,14.7,1
6.18,4.25,6.27,0.95,5.65,39.46,1
7.4,2.24,5.0,1.86,13.03,41.31,1
4.53,3.19,4.58,0.94,11.05,60.47,1
4.11,3.42,1.29,0.75,9.77,58.54,0
7.02,3.33,5.56,0.38,19.04,46.39,1
6.99,3.85,,1.45,5.62,52.32,0
7.47,2.75,2.3,0.6,12.6,33.13,0
7.1,2.57,6.2,0.3,18.91,74.71,1
4.1,4.03,5.48,1.86,3.3,65.01,1
4.96,2.36,2.38,,7.91,43.07,0
5.02,3.33,6.33,0.78,12.68,35.12,1
4.36,3.08,2.41,1.81,4.42,23.38,1
7.21,4.5,2.21,2.27,2.55,53.65,0
7.48,4.12,4.21,1.49,7.05,74.29,0
6.02,3.63,3.73,1.82,10.26,46.67,0
6.13,4.18,1.04,1.66,14.25,38.7,0
4.83,2.89,2.64,1.19,4.81,59.55,0
5.32,4.5,5.0,2.14,16.54,18.33,1
6.5,4.32,6.51,1.08,10.26,35.93,1
5.5,3.45,3.7,2.41,6.51,39.44,1
6.92,3.15,2.75,0.27,18.94,68.14,0
5.0,3.66,4.36,1.32,10.94,24.56,1
5.01,4.02,5.01,0.63,4.02,29.65,1
7.02,2.45,3.26,0.38,11.13,60.37,0
7.1,4.45,2.61,0.9,12.19,42.03,0
4.13,3.08,1.24,1.32,9.38,72.88,0
7.36,3.24,1.47,2.37,10.07,25.47,0
6.58,3.76,6.64,1.86,16.21,64.41,1
6.27,2.78,1.22,1.84,7.54,,0
5.24,2.79,2.96,2.36,5.26,23.7,1
4.35,2.53,5.41,0.75,14.77,54.02,1
4.17,4.02,1.3,1.44,17.19,67.57,0
5.88,3.72,5.01,1.86,10.6,55.27,1
7.36,3.61,2.08,1.66,8.06,70.15,0
4.83,2.34,1.39,2.49,7.0,59.05,0
4.66,3.37,6.88,2.05,17.34,67.06,1
5.89,3.67,4.35,2.08,15.97,40.7,1
5.67,3.19,5.18,1.85,17.24,25.92,1
7.46,2.05,3.79,2.14,17.68,40.01,0
4.29,3.53,2.76,2.3,12.01,77.39,1
4.83,2.87,2.1,2.03,17.85,12.47,1
6.37,3.82,4.19,1.19,9.48,73.6,1
5.01,4.03,2.93,,6.94,77.74,1
7.9,4.29,4.86,0.75,17.26,23.09,1
7.61,2.19,6.65,0.2,,35.53,1
5.89,3.33,3.86,2.49,15.64,35.02,1
7.59,4.36,2.71,1.05,17.31,66.38,0
5.69,2.58,5.74,0.85,10.66,42.45,1
5.64,3.5,5.61,0.61,11.66,43.76,1
4.68,4.37,4.93,2.27,14.97,18.03,1
5.47,2.81,2.15,1.01,3.92,70.71,0
6.85,2.12,1.07,1.21,19.03,59.46,0
4.03,3.74,1.72,,4.39,47.8,0
7.44,2.95,2.75,0.18,18.51,45.98,0
6.06,3.05,4.28,1.11,15.77,,0
6.0,4.15,5.37,2.3,16.4,10.92,1
6.38,2.67,3.32,1.07,5.47,52.55,0
7.74,3.17,5.2,0.24,14.09,73.42,0
5.66,3.78,2.84,2.02,4.37,59.87,1
4.98,,1.01,0.35,17.03,67.79,0
4.72,2.11,4.61,1.09,18.44,45.32,1
5.56,2.93,1.58,1.77,4.15,38.47,0
6.78,3.31,1.04,0.73,5.72,66.03,0
4.6,2.45,5.89,0.56,6.34,68.52,1
6.51,3.82,2.59,1.71,19.28,72.62,0
4.44,3.86,3.86,0.1,3.14,28.6,0
5.59,2.96,6.11,2.47,13.97,34.34,1
5.5,3.05,4.21,2.37,11.18,75.8,1
6.41,2.05,5.79,1.76,3.59,19.81,1
6.74,2.5,3.11,0.15,3.0,47.04,0
7.22,2.01,1.9,1.41,4.68,35.01,0
7.12,2.5,6.53,0.95,13.8,29.09,1
7.49,3.0,2.38,1.84,11.89,55.6,0
5.44,3.91,2.32,1.57,9.0,10.56,0
7.14,3.88,6.48,2.22,10.2,43.14,1
5.02,3.69,6.01,0.17,18.77,10.25,1
7.24,2.01,4.94,2.16,16.5,23.71,1
4.96,2.05,2.14,2.3,18.48,36.35,1
7.17,4.44,4.64,1.75,12.53,78.58,1
7.38,2.19,5.98,0.33,9.97,65.38,1
4.52,2.89,5.68,1.82,17.49,49.9,1
4.49,4.39,4.32,1.68,6.66,46.44,1
5.6,2.66,5.62,0.72,15.85,45.97,1
5.2,4.18,3.79,0.12,12.81,35.61,0
7.72,4.07,2.96,1.19,19.62,42.25,0
7.85,2.94,4.57,0.78,15.23,77.56,1
5.64,4.29,3.9,0.18,14.31,75.9,0
7.5,3.65,5.91,1.07,11.41,,1
7.35,3.63,4.09,1.42,19.21,71.21,0
7.84,2.72,3.58,1.25,16.64,33.28,0
4.3,2.98,5.99,1.26,9.73,18.99,1
5.13,,4.05,1.05,10.0,62.22,1
6.27,3.53,3.56,2.32,10.97,38.89,1
7.5,4.06,3.95,1.65,8.74,73.29,0
4.42,3.14,5.26,1.5,9.48,33.85,1
5.24,2.61,2.78,0.5,10.55,59.71,0
,3.93,5.11,2.04,14.3,51.98,1
5.24,3.5,5.68,1.53,7.53,50.08,1
6.22,4.27,6.52,0.89,19.51,17.81,1
7.53,2.43,,2.26,9.63,45.27,0
5.94,3.62,,1.91,14.38,43.3,1
6.0,3.05,6.19,1.94,15.23,22.85,1
7.85,3.84,2.21,0.97,16.65,34.2,0
5.36,2.88,1.43,2.22,7.59,59.05,0
6.6,2.46,3.05,0.36,8.38,43.2,0
5.3,3.88,3.33,1.4,8.65,47.55,0
5.03,3.69,2.4,1.8,16.1,76.13,0
5.3,2.18,6.64,0.63,13.24,48.65,1
5.18,3.71,4.99,1.35,6.13,30.44,1
4.99,2.62,1.72,1.99,4.64,22.43,0
,4.38,5.12,1.51,14.62,46.1,1
5.16,4.07,2.75,1.98,9.05,18.4,1
4.2,3.9,4.21,0.74,8.21,22.26,1
5.46,2.03,5.74,2.18,10.86,41.56,1
5.5,3.4,5.12,2.27,13.99,66.29,1
5.87,3.1,4.51,1.33,6.94,23.02,1
7.47,3.49,1.66,0.45,10.48,46.92,0
7.21,3.15,6.86,0.76,10.94,19.76,1
5.3,2.41,4.67,2.06,16.38,49.29,1
6.84,2.55,5.59,1.97,,53.44,1
6.19,3.4,3.24,2.06,7.59,18.14,1
7.78,4.07,6.16,0.37,8.95,37.19,1
7.98,2.22,2.43,0.72,,38.95,0
7.67,3.34,1.61,0.42,5.88,54.96,0
4.19,3.95,6.45,1.17,14.34,68.84,1
7.62,3.2,6.67,1.72,10.02,78.77,1
6.6,3.98,1.28,0.68,19.08,35.4,0
6.94,3.2,2.65,0.38,18.37,12.8,0
6.21,3.4,3.5,1.23,15.17,44.54,1
7.33,4.35,1.42,2.27,10.7,38.92,0
7.81,3.08,3.99,0.61,18.91,14.55,1
6.09,2.47,6.57,0.22,4.2,49.98,1
4.1,2.12,5.49,0.79,9.61,41.97,1
4.15,3.29,2.42,1.34,12.78,24.76,0
6.01,4.48,3.0,1.19,18.68,33.67,0
,3.34,4.51,0.85,12.69,70.8,0
6.93,2.6,6.01,0.32,16.23,22.55,0
4.53,4.32,4.88,1.89,8.46,11.83,1
4.59,2.22,4.47,0.49,4.91,,0
6.4,4.49,2.82,0.12,17.48,76.89,0
4.51,3.5,6.84,0.35,,60.52,1
4.21,,5.13,0.92,7.89,18.91,0
5.41,4.41,5.07,0.67,7.54,30.41,1
4.61,3.61,6.59,1.25,18.5,61.22,1
7.41,,2.87,0.48,3.71,19.14,0
4.85,4.12,3.85,0.48,17.91,56.98,0
4.71,4.44,6.54,2.43,16.86,,1
6.93,3.39,6.76,1.61,10.55,79.14,1
5.2,2.37,4.69,1.91,17.06,67.09,1
5.35,2.25,4.66,2.13,7.94,34.75,1
6.21,4.27,2.78,2.25,11.38,35.31,1
4.38,2.17,3.51,2.28,4.74,67.2,1
6.41,3.67,3.77,0.16,11.59,44.28,0
7.67,2.97,6.09,1.23,7.4,25.25,1
4.65,2.18,6.08,0.2,17.46,10.2,1
7.78,3.24,2.9,0.8,12.89,15.17,0
4.74,4.47,2.66,0.27,14.16,21.83,0
6.31,3.35,3.47,1.49,10.39,76.43,1
6.57,4.0,2.68,0.48,7.2,14.24,0
7.53,3.63,3.5,1.66,12.47,15.2,0
5.52,2.35,2.53,1.73,6.24,77.42,0
7.89,2.78,6.17,2.3,12.78,40.11,1
6.06,2.33,4.59,2.03,17.68,30.79,1
7.94,3.19,6.44,1.09,4.64,16.11,1
7.31,4.01,6.85,0.17,7.94,41.93,1
5.85,3.29,6.42,1.98,12.27,37.02,1
6.75,2.6,4.96,0.7,19.41,20.03,1
4.29,,4.14,2.4,5.07,46.78,1
,2.73,2.17,1.36,15.7,61.12,0
4.67,3.96,6.71,2.12,6.5,49.73,1
7.1,2.35,6.11,0.23,,48.71,0
4.54,4.39,5.29,1.57,10.67,12.89,1
4.36,2.52,1.99,1.41,14.22,32.88,0
6.22,4.1,2.65,0.78,12.38,72.57,0
5.92,4.04,5.01,0.99,15.52,61.84,1
6.41,4.35,2.24,1.27,13.82,28.39,0
7.26,2.45,1.05,2.01,4.57,58.61,0
7.11,3.99,2.17,1.41,19.09,61.83,0
6.32,2.34,3.16,1.35,16.81,13.48,0
4.69,2.06,2.22,2.27,17.09,46.22,1
4.73,4.3,1.8,2.27,11.88,49.98,1
5.09,3.87,5.65,2.41,17.48,79.07,1
6.07,2.28,4.65,0.93,15.57,54.04,0
5.99,2.89,3.9,2.4,7.64,,1
4.69,2.27,2.62,1.58,9.98,46.87,0
7.02,4.26,2.37,1.92,,59.14,0
7.66,3.03,6.06,1.46,10.65,11.92,1
5.93,4.02,6.21,1.16,15.43,34.76,1
6.37,2.55,6.76,1.43,6.43,39.47,1
7.18,2.62,3.88,0.16,16.15,34.67,0
7.37,2.98,1.14,,4.5,31.88,0
4.93,2.21,1.0,1.82,11.19,43.81,0
5.07,2.35,3.92,1.67,11.08,55.67,1
5.2,2.41,,2.0,7.16,58.29,0
5.57,3.81,5.29,2.08,18.64,29.15,1
6.68,2.04,1.74,2.5,13.34,75.37,0
6.67_err,3.42,3.43,1.13,13.87,10.84,1
6.11,3.96,1.1,1.93,2.93,65.95,0
5.39,3.73,5.81,1.19,19.09,42.12,1
6.32,2.65,3.89,1.87,6.37,40.59,1
5.03,2.02,4.24,0.44,12.54,49.69,0
6.74,4.05,5.9,1.09,8.56,36.79,1
7.08,2.47,2.32,0.93,17.41,20.34,0
5.16,3.2,6.18,1.36,3.86,78.68,1
7.61,3.68,3.32,1.47,5.13,72.47,0
7.74,3.63,6.07,1.88,19.47,39.39,1
7.8,2.21,5.99,1.77,18.51,73.96,1
7.06,,1.61,0.27,18.01,,0
5.09,2.15,3.1,0.26,17.69,13.09,0
4.07,2.72,1.35,2.24,15.9,76.79,0
4.44,3.67,4.66,1.23,6.65,79.01,1
7.42,4.5,5.85,0.55,2.38,41.9,0
4.34,2.19,6.81,1.2,19.15,,1
7.86,4.36,1.61,1.63,5.58,68.39,0
6.74,3.55,2.01,1.35,5.58,56.11,0
6.87,3.43,1.91,0.94,18.09,71.65,0
6.12,2.85,4.55,0.96,5.84,41.06,0
6.22,3.11,6.97,2.27,2.29,18.13,1
6.1,3.35,1.71,1.68,8.12,26.64,0
7.67,3.61,2.54,1.71,3.82,79.68,0
4.11,3.05,1.74,1.87,4.18,75.49,0
7.83,3.69,1.48,1.5,4.33,63.5,0
7.32,2.02,6.41,1.67,14.68,53.87,1
4.32,3.26,4.01,2.39,7.78,72.69,1
6.49,2.97,5.81,1.15,3.61,67.83,1
6.18,3.05,1.34,0.65,19.77,,0
5.5,3.01,2.89,2.49,11.38,40.97,1
7.79,2.76,1.53,0.15,10.24,24.3,0
5.77,4.38,2.9,0.76,5.24,16.75,0
4.6,3.5,6.99,1.34,17.68,26.9,1
6.58,2.86,1.99,0.97,19.0,22.52,0
6.6,2.3,4.89,2.1,2.96,34.8,1
4.49,,4.09,2.37,17.68,15.57,1
4.09,3.91,2.64,0.34,14.7,73.96,0
5.15,2.98,6.06,2.08,18.62,14.59,1
7.18,3.81,3.23,2.01,4.22,65.54,0
7.79,2.99,6.15,0.8,8.84,13.52,1
7.41,2.41,4.45,2.08,16.0,49.03,1
4.64,2.59,6.64,1.1,14.0,45.13,1
7.17,2.93,3.65,1.65,3.36,78.36,0
6.31,3.96,5.08,0.19,4.47,74.75,0
5.07,3.37,2.83,0.4,,33.43,0
7.78,,3.5,1.92,15.24,58.18,1
4.66,2.27,5.83,0.83,4.88,17.93,1
5.89,3.12,3.49,1.33,2.38,23.31,0
5.11,2.87,2.08,0.85,13.64,23.9,0
5.04,4.32,3.17,1.09,15.73,45.57,0
7.61,4.34,4.74,2.24,2.81,16.56,1
7.45,2.98,1.51,2.41,6.9,26.94,0
6.21,4.12,5.16,1.19,3.66,34.33,1
4.6,3.66,5.7,1.68,6.23,62.99,1
,3.76,5.52,1.75,10.5,15.93,1
4.31,2.25,5.8,0.71,15.16,13.06,1
7.24,3.01,3.58,0.54,4.37,61.42,0
4.38,3.98,4.61,1.35,14.64,77.79,1
7.72_err,2.38,6.53,0.17,5.42,11.83,1
5.8,3.34,2.54,,6.38,44.53,0
6.39,4.41,4.24,0.64,10.09,78.03,0
4.3,3.17,4.13,0.48,16.66,78.75,0
,3.33,4.03,1.64,15.57,33.31,1
5.81,3.7,2.81,1.12,5.3,35.67,0
6.11,3.16,5.61,2.37,14.59,31.73,1
5.62,2.23,1.25,2.38,14.27,54.04,0
7.3,4.07,5.56,0.45,4.08,49.87,1
7.25,3.1,4.96,1.16,6.98,59.05,0
7.87,3.22,3.7,1.46,9.25,39.29,0
4.37,3.49,5.67,0.39,4.47,20.56,1
6.83,2.4,5.82,1.17,5.16,11.58,0
6.32,4.29,5.59,2.13,16.19,32.92,1
4.23,2.28,2.21,1.9,3.6,53.07,0
4.5,3.53,2.89,0.38,18.95,16.28,0
6.52,2.87,4.56,2.15,7.14,43.31,1
6.73,2.74,4.88,0.19,16.47,57.56,0
7.68,2.56,2.41,1.97,16.12,18.92,0
5.2,3.15,1.26,0.35,5.58,53.55,0
6.88,2.9,4.43,1.41,13.9,54.92,0
6.66,2.77,1.17,1.28,7.46,65.33,0
5.27,4.47,4.93,1.14,5.07,32.58,0
6.33,3.1,6.85,1.66,7.11,11.43,1
5.55,2.31,2.41,1.74,10.77,33.04,0
4.94,2.3,6.61,0.15,3.4,,1
7.59,4.48,3.1,1.94,19.33,16.92,1
7.91,2.25,2.38,0.49,8.26,16.25,0
6.95,2.9,4.51,1.77,15.6,69.62,1
7.26,2.05,3.26,0.31,13.84,71.56,0
6.56,3.55,2.36,1.46,15.05,22.08,0
7.31,4.04,3.31,0.94,3.45,77.98,0
6.24,3.87,2.38,1.75,13.65,64.4,0
4.31,4.23,3.9,0.29,8.86,75.21,0
7.25,4.39,5.77,1.21,13.3,76.05,1
6.77,2.07,5.28,1.91,6.77,75.26,1
,2.05,4.06,1.57,3.2,65.87,0
5.39,2.16,,2.26,2.14,19.11,1
5.56,4.43,1.22,,11.52,64.08,0
5.73,2.92,1.98,2.3,12.23,76.16,0
5.53,3.36,6.41,1.81,11.16,41.51,1
6.82,2.79,2.66,0.42,19.21,46.83,0
6.68,2.36,5.33,1.88,17.62,79.36,1
7.84,3.15,2.16,2.08,3.87,32.43,0
5.35,4.34,2.84,0.69,16.85,,0
6.09,2.01,5.03,2.04,17.56,14.28,1
4.89,2.8,3.02,0.16,14.65,51.39,0
7.78,2.46,3.89,1.88,8.74,39.82,1
7.11,3.02,2.46,1.52,15.16,72.06,0
6.02,3.38,6.31,1.37,11.47,65.74,1
4.41,3.28,4.54,1.85,13.09,26.8,1
4.3,2.21,5.49,1.31,3.28,14.53,1
4.38,4.24,1.96,2.2,17.72,17.33,0
5.03,3.4,5.86,2.05,6.44,78.06,1
6.4,3.68,3.2,2.33,12.03,42.56,1
7.36,2.23,3.42,1.97,4.55,24.89,1
6.1,2.98,4.69,2.21,14.44,77.44,1
4.75,2.06,4.53,0.54,19.01,17.06,0
5.66,4.26,2.5,2.44,12.73,25.22,1
6.93,2.35,5.06,1.85,3.56,77.0,1
7.22,2.85,3.42,1.9,19.4,73.79,0
4.61,2.16,4.03,0.5,6.11,29.17,0
5.29,2.66,6.55,2.33,17.67,72.47,1
6.53,3.19,3.04,0.42,18.58,14.17,1
6.02,4.32,3.34,1.56,18.83,16.75,1
4.58,3.69,4.33,,18.04,51.74,1
4.98,4.32,5.33,2.19,7.46,78.5,1
4.33,2.86,3.55,1.69,19.03,50.86,1
6.96,4.48,4.33,1.07,17.08,33.1,0
5.09,4.02,3.78,2.14,,49.4,1
6.3,3.16,1.22,0.13,18.58,67.8,0
6.33,2.49,,0.23,17.37,,0
7.32,2.02,5.8,0.49,6.25,37.84,0
6.25,3.96,5.9,1.88,8.94,39.41,1
6.95,2.25,6.17,2.47,12.64,33.47,1
4.51,2.2,2.26,0.46,12.02,42.75,0
6.98,2.63,2.59,1.83,12.52,20.49,0
6.45,3.5,5.3,1.55,9.82,54.0,1
4.57,2.56,3.94,1.64,11.03,45.24,1
7.48,4.05,,1.17,17.78,65.12,1
4.08,3.59,4.92,0.31,15.31,36.24,1
4.12,3.65,2.02,2.39,8.64,69.05,0
5.81,2.95,4.61,1.31,4.04,25.74,0
4.93,2.46,6.16,1.85,14.25,24.96,1
6.53,3.45,2.9,1.4,13.75,46.51,1
5.02,3.7,3.86,0.48,3.29,11.43,0
4.74,2.5,6.35,0.55,12.0,54.38,1
7.67,2.64,1.81,1.69,10.45,41.92,0
7.36,2.19,5.55,1.25,7.89,74.94,1
5.43,2.75,6.49,0.21,13.76,10.34,1
5.02,2.21,6.39,1.95,6.75,,1
6.0,4.0,6.09,0.52,14.69,22.82,1
5.0,4.32,1.33,1.58,13.38,,0
4.19,4.02,1.51,0.32,15.0,64.64,0
6.98,3.81,1.78,2.22,11.32,14.9,0
6.14,2.54,6.81,1.01,5.5,32.1,1
6.79,3.49,4.13,0.89,5.95,35.66,0
4.17,3.94,4.65,2.45,6.18,63.28,1
4.15,3.36,1.86,2.42,17.83,62.05,0
4.07,3.16,4.64,2.41,12.79,78.78,1
5.86,2.22,2.47,2.2,12.27,47.87,0
5.99,3.2,6.6,0.28,9.6,22.98,1
7.42,4.48,6.12,2.3,18.45,21.44,1
4.84,3.56,6.98,0.38,17.03,42.67,1
7.1,2.01,4.51,2.47,14.5,77.13,1
7.83,4.17,6.66,0.65,17.64,75.29,0
4.23,3.01,2.37,0.71,2.95,52.32,0
6.01,3.79,2.07,0.99,6.96,44.92,0
6.59,2.01,2.35,0.72,8.35,19.6,0
6.83,3.84,3.9,2.3,4.97,63.64,1
5.16,3.02,1.22,0.48,8.15,59.6,0
4.21,4.46,2.1,1.02,8.6,50.13,0
7.02,3.63,1.85,1.17,17.15,59.79,0
6.67,3.04,5.29,1.7,5.83,25.12,1
6.98,3.64,4.34,0.15,12.25,44.99,0
4.9,2.33,5.69,2.45,3.53,16.22,1
5.22,3.96,1.47,1.77,10.55,56.13,0
4.68,2.73,6.55,1.71,19.56,19.14,1
6.11,3.85,2.74,0.58,6.34,28.88,0
4.29,2.33,6.83,2.04,13.48,60.84,1
6.67,,5.94,1.11,13.99,43.83,1
4.84,3.3,5.03,0.94,10.73,23.92,0
7.91,4.03,2.9,1.29,18.66,30.68,0
5.2,4.36,3.6,0.3,5.51,76.96,0
7.21,3.09,6.23,1.6,11.7,19.82,1
4.02,3.7,6.58,1.24,2.77,78.76,1
7.83,2.18,2.67,2.35,10.09,12.44,0
4.19,3.25,1.79,0.3,10.04,61.67,0
7.57,3.53,2.52,2.2,15.08,12.52,1
5.85,3.2,4.94,0.25,4.7,65.86,0
7.21,2.5,6.85,0.62,14.33,62.44,1
7.72,3.7,4.57,1.06,17.79,53.15,1
7.04,4.32,1.34,0.13,7.86,15.94,0
5.94,3.92,2.23,0.31,16.87,10.65,0
5.8,3.93,5.26,0.2,8.45,51.76,1
7.39,4.06,5.5,1.99,4.86,40.18,1
7.89,3.17,5.51,1.62,9.65,12.7,0
6.2,3.63,2.34,1.02,11.51,57.09,0
4.37_err,3.66,6.54,1.76,6.81,35.67,1
6.72,3.95,4.31,2.22,16.05,17.81,1
5.75,4.22,1.42,0.71,3.63,37.08,0
4.45,4.24,2.83,0.89,2.93,78.66,0
7.56,3.96,6.84,1.32,14.89,26.86,1
5.34,,5.36,1.44,17.99,50.23,1
6.67,3.23,5.99,0.68,16.98,10.43,1
,4.24,4.47,1.1,18.8,47.45,1
7.84,2.25,2.15,0.9,3.28,16.22,0
6.98,4.01,6.0,2.11,14.87,69.46,1
4.93,3.41,3.2,2.21,10.17,11.61,1
6.14,3.32,5.48,1.72,15.24,48.42,1
5.77,3.11,6.42,2.33,13.09,26.61,1
6.55,3.37,4.79,0.47,14.54,45.7,0
7.99,2.11,1.98,0.91,11.06,53.13,0
7.67,3.21,2.78,0.44,4.39,21.48,0
5.75,3.86,2.0,1.39,13.34,11.94,0
7.02,2.16,5.03,2.1,4.35,23.11,0
6.78,4.01,2.58,0.26,17.9,37.01,0
7.28,2.98,5.13,1.67,16.71,74.9,1
5.02,3.09,2.58,2.13,19.96,63.09,1
4.7,2.82,5.53,1.91,10.61,17.37,1
6.69,4.25,6.31,1.75,16.51,63.76,1
5.65,2.72,4.9,2.24,3.47,10.71,1
6.09,3.93,,1.43,16.6,41.33,0
4.16,4.37,1.36,2.14,8.2,36.03,0
4.04,2.52,4.85,2.02,17.56,30.33,1
4.04,3.74,3.83,2.04,8.6,26.69,1
7.59,3.7,6.47,2.3,6.83,40.09,1
6.08,2.19,6.82,1.96,17.8,11.53,1
6.55,3.66,3.91,2.48,17.18,52.75,1
6.86,,5.84,1.03,12.11,66.46,1
7.69,4.47,1.94,0.17,6.75,63.24,0
6.68,2.33,4.64,1.09,19.91,70.08,1
6.29,2.06,4.87,0.34,19.0,13.58,1
6.83,,2.2,1.17,10.26,58.84,0
6.71,3.29,2.64,1.88,15.99,77.9,0
6.61,3.32,5.11,1.89,17.8,13.27,1
5.91,3.96,3.94,2.07,15.51,32.23,1
4.56,3.1,4.29,1.27,6.04,38.23,0
7.01,3.96,4.56,1.2,17.39,59.33,1
5.5,3.38,3.84,0.59,4.27,33.99,0
5.96,2.45,4.61,1.86,2.53,14.81,1
6.92,2.07,4.64,0.44,16.38,48.56,0
6.77,4.31,6.06,1.88,15.58,68.83,1
6.29,4.47,1.05,,3.37,38.18,0
5.65,2.45,4.74,1.44,5.88,11.39,1
7.69,3.35,3.59,2.19,7.31,72.32,1
6.27,3.31,6.25,2.49,19.08,16.47,1
6.95,3.0,4.77,1.77,12.89,26.21,1
7.47,3.01,6.75,1.03,13.62,74.67,1
4.91,3.4,4.37,0.96,4.8,46.96,1
6.09,2.45,1.33,1.82,5.03,49.73,0
7.08,2.18,1.54,2.39,11.74,57.31,0
5.62,2.6,4.29,0.12,18.58,52.75,0
7.93,4.03,2.44,1.73,16.16,51.8,0
6.83,4.38,6.01,1.78,18.41,60.32,1
6.27,3.1,3.29,2.19,13.26,25.53,1
5.27,2.64,6.34,1.41,6.18,46.39,1
5.17,2.07,5.13,2.05,11.2,44.39,1
6.6,4.37,3.33,1.18,15.91,71.9,0
6.5,2.89,4.36,0.3,3.15,71.95,0
6.74,4.2,2.09,1.45,5.19,70.07,0
4.08,2.77,,0.15,12.25,21.8,1
5.07,3.47,1.22,1.97,13.36,79.95,0
7.68,2.39,2.63,1.04,17.0,52.53,0
7.67,4.38,6.76,1.57,6.41,17.03,1
,3.3,1.1,2.13,14.58,32.28,0
6.9,,3.32,1.34,10.28,50.06,0
4.38,3.63,5.3,2.38,13.92,25.27,1
6.97,2.81,3.75,2.4,6.32,16.78,1
6.22,3.52,1.56,0.21,5.59,13.75,0
6.5,2.05,4.63,2.2,8.61,69.41,1
6.72,2.76,2.14,0.83,14.93,62.31,0
7.46,3.32,5.3,1.08,12.11,43.64,1
4.74,2.65,1.57,0.94,19.88,18.14,0
5.36,2.63,6.7,1.87,11.82,70.59,1
5.69,2.82,2.94,0.45,4.54,40.28,0
5.24,3.64,6.6,1.9,7.48,60.64,1
7.67,3.86,6.48,2.42,3.06,75.78,1
7.69,2.23,3.49,1.56,14.28,37.67,1
7.6,2.88,6.46,2.37,2.8,16.7,1
6.13,2.02,4.03,1.05,6.16,39.13,0
4.55,2.93,1.3,1.3,17.86,15.77,0
4.78,3.16,4.46,1.25,8.91,64.3,0
6.69,3.95,2.41,0.52,17.47,55.3,0
4.9,2.97,2.25,1.84,18.59,79.72,0
4.69,3.51,3.67,1.51,,48.74,0
6.44,3.07,3.59,1.95,3.63,75.91,1
7.82,3.73,6.79,0.92,6.85,32.11,1
6.43,2.97,5.63,1.22,14.3,35.54,1
4.05,2.69,4.51,0.86,17.01,24.99,1
6.35,3.55,2.92,0.76,14.89,59.72,0
6.7,3.08,3.23,1.45,10.22,66.52,0
4.46,4.37,1.44,1.3,17.23,75.23,0
6.96,3.89,3.33,2.39,12.25,23.24,1
4.72,3.25,6.42,0.69,4.63,16.79,1
7.47,3.09,,0.9,8.29,65.49,0
7.98,2.4,4.42,1.09,11.69,23.14,0
4.15,3.65,1.12,0.28,10.02,23.96,0
6.06,3.63,4.03,1.91,15.32,19.14,1
6.02,2.29,6.29,1.06,4.95,54.06,1
5.98,3.63,3.9,2.2,6.2,25.17,1
4.65,3.36,2.04,1.47,8.2,41.41,0
5.66,4.45,2.97,1.36,15.38,16.94,1
7.79,2.11,2.01,2.35,6.99,30.44,0
7.48,2.66,5.4,0.93,13.7,12.75,0
5.17,2.24,5.06,1.21,3.85,,1
4.83,4.42,4.01,1.75,4.84,48.26,1
8.0,2.18,1.82,2.26,18.56,11.99,0
6.12,2.23,1.92,1.64,19.9,49.23,0
7.36,4.38,5.61,1.14,9.03,25.94,1
6.66,2.1,6.58,2.45,8.13,35.19,1
7.62,2.12,,0.59,4.25,52.19,0
6.02,2.22,4.48,1.99,19.65,11.89,1
6.28,4.49,2.46,1.11,19.52,13.91,0
7.55,2.44,6.27,0.78,8.24,31.53,0
4.49,2.99,6.13,1.54,,46.62,1
5.11,3.53,3.65,1.21,7.87,29.5,0
7.19,4.35,5.29,2.07,19.27,17.5,1
4.55,3.45,5.82,0.56,15.58,35.77,1
6.68,2.78,5.15,0.75,13.08,56.84,0
6.45,2.49,2.06,0.12,4.36,61.36,0
7.84,4.07,1.38,0.95,7.53,70.23,0
5.15,3.91,6.62,0.91,5.56,63.74,1
7.19,2.83,6.85,0.78,5.56,34.31,1
7.7,3.39,5.13,2.14,5.92,79.65,0
6.1,3.5,5.4,1.59,3.22,14.53,1
5.05,3.19,1.25,1.58,3.16,59.68,0
7.1,4.02,3.83,1.94,8.47,40.49,1
5.03,2.47,1.54,0.57,5.31,51.71,0
6.84,3.63,5.83,0.62,17.91,68.21,1
5.15,2.45,3.93,0.43,3.61,14.75,0
6.66,2.77,1.46,1.07,18.72,11.4,0
4.11,3.91,5.93,1.34,12.36,40.76,1
5.79,4.4,5.59,2.18,19.98,56.21,1
6.11,4.33,6.9,1.33,6.99,17.69,1
5.91,4.13,2.89,0.37,12.02,23.92,0
7.11,3.54,1.16,1.81,10.08,74.16,0
5.33,2.77,2.52,0.11,13.5,30.96,0
4.34,2.87,5.41,1.18,4.86,24.45,1
4.14,4.46,3.53,0.76,11.41,45.28,0
7.44,4.02,2.51,1.48,6.82,60.22,0
7.9,2.23,5.78,1.55,2.29,56.03,0
5.56,3.13,4.51,,12.4,11.42,1
,4.07,2.2,0.28,14.86,48.49,0
7.69,2.35,6.12,2.39,9.51,50.23,1
4.29,3.67,1.53,0.25,16.9,38.62,0
5.52,3.81,3.17,0.73,17.01,55.6,0
5.29,3.57,5.98,1.16,10.26,35.75,1
7.38,2.84,1.25,0.13,4.54,39.25,0
5.17,2.97,4.31,2.2,9.45,26.68,1
4.3,3.28,4.96,0.83,7.72,34.18,0
6.21,2.88,1.43,,15.39,45.88,0
5.81,3.01,1.86,2.12,2.93,22.0,0
5.23,2.61,4.29,1.09,8.21,24.18,1
4.2,2.89,6.49,2.18,14.51,78.22,1
5.25,2.36,4.42,1.37,16.65,14.31,1
4.52,3.95,6.8,2.33,7.06,63.44,1
4.84,2.07,3.12,0.15,18.62,49.9,0
6.18,2.53,4.69,2.47,8.31,22.6,1
4.61,3.04,6.81,2.17,3.62,65.48,1
5.33,2.37,6.12,1.22,15.85,56.57,1
6.8,3.51,6.38,2.37,,12.58,1
6.59,3.56,6.53,0.4,15.18,31.07,1
4.71,2.5,5.42,0.21,12.72,42.81,1
7.41,2.37,2.95,0.2,5.95,12.68,0
6.48,,1.53,0.43,10.37,13.59,0
5.94,2.78,6.13,1.87,9.24,24.3,1
4.11,2.47,2.1,1.43,15.85,30.66,0
6.71,3.52,6.76,0.63,9.04,78.54,1
,3.73,5.91,2.44,19.28,63.31,1
6.66,3.14,4.18,2.47,2.22,38.43,1
5.99,3.72,1.08,1.72,7.44,24.64,0
4.22,3.18,1.52,,13.01,60.15,0
4.85,2.52,3.51,2.3,2.76,43.6,0
5.97,2.99,3.13,1.27,15.59,29.18,0
6.89,2.32,4.52,0.91,19.79,18.02,1
6.11,2.64,1.71,0.97,7.19,71.77,0
5.56,2.42,5.08,0.89,12.43,46.26,1
7.71,3.61,6.61,1.6,10.76,15.8,1
6.64,2.58,5.78,1.76,11.78,,1
6.3,4.22,3.42,1.4,16.98,30.22,1
5.96,4.46,6.55,2.5,8.59,57.8,1
4.28,3.11,1.93,0.42,9.25,38.77,0
5.78,4.5,3.52,2.32,9.52,79.27,1
5.34,3.36,6.44,1.48,12.3,18.37,1
6.66,4.0,4.02,1.65,15.48,46.96,1
6.73,3.38,3.41,1.39,3.2,55.86,0
6.49,3.96,2.16,0.86,16.93,36.52,0
6.55,4.18,,2.34,2.47,34.51,1
5.33,2.39,1.48,0.97,6.91,57.01,0
7.23,4.28,3.44,0.52,7.82,78.42,0
6.19,2.95,3.46,0.3,5.45,69.29,0
5.15,4.49,5.23,2.28,9.66,76.02,1
6.94,4.14,4.91,1.22,2.83,23.09,0
5.9,2.2,5.57,1.68,15.06,49.27,1
6.09_err,3.39,1.18,0.64,4.17,15.21,0
5.32,3.49,2.0,0.86,2.66,11.92,0
4.24,2.97,6.55,0.72,11.65,69.31,1
5.45,2.36,5.43,1.64,15.5,64.22,1
6.57,3.36,4.69,1.87,6.98,74.67,1
5.19,4.03,5.31,0.17,2.01,42.21,1
5.6,2.36,6.59,1.03,8.83,20.04,1
4.17,2.82,1.82,0.16,6.9,54.09,0
7.76,3.46,2.02,1.46,8.26,11.7,0
4.39,3.0,1.08,1.37,10.41,74.16,0
4.56,4.15,4.33,0.74,7.24,72.35,0
4.32,2.73,4.07,1.87,10.66,22.21,1
7.57,2.32,5.77,2.04,,40.22,1
4.7,3.38,5.34,2.35,14.64,72.55,1
6.17,2.05,2.69,1.98,14.12,11.63,0
5.66,4.47,3.11,1.48,16.31,59.17,1
7.05,3.72,1.44,2.16,19.52,75.28,0
7.97,4.14,4.2,2.44,16.34,78.36,1
7.7,3.38,1.28,1.27,12.34,46.3,0
6.82,3.56,2.09,1.41,9.46,68.56,0
6.22,2.07,1.74,0.18,4.41,38.65,0
4.21,3.98,3.98,1.89,15.15,36.3,1
6.62,2.51,2.58,2.34,6.76,28.25,0
,4.43,3.73,2.15,16.32,39.55,1
7.64,4.4,2.26,2.03,17.64,20.28,0
4.58,2.31,1.6,1.83,13.78,79.63,0
4.41,4.08,4.51,2.24,16.19,68.98,1
7.67,2.75,5.43,1.98,5.8,11.68,1
6.38,2.04,3.42,1.68,19.8,62.09,0
6.44,3.66,5.81,0.13,2.29,11.97,0
5.65,3.84,4.92,0.89,3.72,42.73,1
4.04,2.75,5.3,0.61,14.61,72.04,1
5.34,3.86,5.14,1.82,9.7,58.08,1
4.24,4.13,6.91,0.74,6.54,58.64,1
5.08,4.43,6.58,0.62,17.34,37.6,1
7.55,3.37,6.04,0.82,11.06,30.31,1
7.09,2.69,6.94,1.75,8.93,33.15,1
5.98,4.33,6.78,1.8,15.03,49.03,1
4.75,3.06,3.1,1.61,15.73,,0
5.08,3.77,2.91,2.02,4.78,60.77,1
6.22,3.75,2.1,1.73,13.94,61.52,0
5.48,4.43,1.83,1.58,13.44,70.62,0
6.4,2.94,4.13,1.92,2.93,17.18,1
6.41,2.66,5.84,0.14,19.19,77.03,1
4.33,4.36,5.26,2.45,17.16,75.57,1
6.71,2.05,3.92,0.66,10.95,79.52,0
5.94,2.39,6.06,0.82,9.82,21.68,1
6.77,4.36,4.03,2.37,3.08,41.92,1
4.64,3.31,3.2,2.29,2.56,48.54,0
6.21,3.77,5.55,0.34,14.92,29.38,1
4.0,3.27,6.75,1.55,7.87,40.07,1
7.19,2.95,3.4,1.61,6.42,77.33,0
6.27,2.28,4.45,0.87,6.48,46.0,0
4.25,3.29,2.55,2.1,18.65,30.13,1
5.21,2.92,4.48,1.15,18.46,10.38,1
5.63,2.73,6.02,1.81,12.7,10.4,1
5.34,4.37,2.06,1.78,18.23,42.99,0
5.14,2.22,5.97,1.32,16.39,77.98,1
7.88,2.58,5.34,0.3,10.04,20.6,0
5.1,3.29,6.06,1.94,3.05,55.4,1
7.72,2.92,3.25,1.13,3.71,26.57,0
6.08,2.64,6.21,0.34,7.28,57.71,1
4.71,2.71,1.97,0.17,16.7,15.2,0
4.38,3.71,4.14,2.27,14.47,77.96,1
7.72,2.36,3.59,0.76,8.32,43.79,0
6.6,3.44,,0.89,16.95,34.27,0
4.18,4.5,3.88,2.43,4.35,14.27,1
5.15,2.4,6.72,2.03,13.83,76.75,1
4.99,3.16,1.52,1.49,6.09,57.08,0
7.6,3.19,5.18,2.03,18.2,32.8,1
7.13,2.14,,0.53,8.53,60.26,0
4.08,2.99,3.43,2.27,2.9,61.74,1
4.02,4.46,3.02,0.16,15.55,16.19,1
5.0,2.93,6.98,1.72,2.26,46.84,1
7.05,4.15,1.77,2.3,13.76,42.02,0
4.49,2.02,2.9,1.66,5.96,24.65,1
4.22,3.59,6.85,0.37,14.8,29.01,1
5.94,3.55,6.38,0.65,14.54,75.16,1
6.6,3.13,1.81,2.43,5.33,,0
6.24,3.83,,1.61,14.94,62.34,1
4.33,2.59,2.7,1.38,15.93,60.47,0
,3.62,4.42,2.13,4.65,75.72,1
6.8,3.6,6.22,1.63,14.67,60.04,1
4.64,,2.64,0.66,14.52,44.91,0
4.26,3.38,2.22,1.53,8.33,70.06,0
5.89,2.41,4.2,1.85,7.52,49.61,1
6.66,3.05,3.13,0.38,19.25,24.68,0
5.24,2.76,1.32,2.07,5.44,22.62,0
,2.23,4.56,0.61,7.9,26.82,1
6.05,2.86,5.63,1.62,11.01,35.27,1
5.95,4.39,6.89,0.75,4.43,44.88,1
6.12,2.97,5.2,2.49,11.39,49.88,1
4.59,2.31,2.34,2.06,12.85,12.47,0
6.29,2.72,4.15,0.63,13.97,70.17,0
7.04,2.32,1.18,0.39,13.07,72.53,0
4.04,4.05,1.67,0.64,8.86,54.19,0
6.72,4.36,1.13,0.34,4.93,63.67,0
7.61,2.72,3.51,1.24,13.42,50.95,0
7.73,2.18,2.9,0.28,9.06,25.38,0
5.55,4.02,5.94,0.11,9.68,71.16,0
7.06,4.17,2.74,2.29,6.72,78.71,1
7.66,3.94,6.52,1.51,10.74,39.68,1
5.28,2.26,3.2,1.23,5.52,76.72,0
7.94,3.1,5.31,0.65,7.39,14.36,0
7.69,2.96,6.82,1.48,18.95,41.64,1
4.96,4.34,6.52,1.44,4.56,77.21,1
6.25,4.19,1.12,0.54,4.31,73.24,0
6.05,2.99,4.81,1.7,2.34,12.05,1
4.8,2.39,2.27,1.06,9.42,28.34,0
7.91,2.27,1.44,0.25,14.44,19.48,0
4.21,2.35,3.87,0.21,4.08,22.05,0
4.83,3.33,5.29,0.86,19.03,,1
7.84,4.14,6.09,1.78,11.15,19.5,1
4.11,3.64,1.77,0.73,4.77,45.16,0
4.66,3.51,2.98,0.68,2.65,46.84,0
7.46,4.08,2.57,1.52,9.07,34.2,0
7.85,3.61,6.8,1.39,13.02,35.96,1
5.16,3.31,2.93,0.8,6.7,27.8,0
4.08,3.96,,1.02,11.13,56.15,0
4.21,2.88,4.74,0.34,13.07,57.99,0
6.57,2.43,3.18,1.49,3.46,54.41,0
6.96,2.15,1.71,1.27,18.07,66.19,0
6.39,4.34,5.31,2.01,16.79,13.12,1
7.93,3.69,6.87,1.57,10.34,34.32,1
4.9,3.22,2.71,1.73,15.5,69.01,0
7.45,2.71,5.19,0.38,16.13,10.65,0
5.29,2.86,6.29,1.49,10.28,27.53,1
4.5,2.76,2.94,0.73,5.06,31.81,0
4.82,3.23,6.6,0.95,3.0,38.89,1
5.26,3.3,4.6,2.01,10.52,43.34,1
4.65,2.17,4.51,1.02,12.15,35.83,1
6.54,2.25,5.61,2.46,5.22,79.29,1
5.19,3.56,3.9,1.32,11.51,75.82,1
4.81,3.84,3.71,0.32,5.1,50.29,0
6.05,2.52,2.35,0.36,10.06,30.42,0
6.84,2.81,4.1,0.64,9.32,67.1,0
5.67,3.83,1.36,0.75,19.97,29.2,0
4.48,2.21,1.75,2.02,9.91,19.46,0
6.56,3.53,3.8,2.5,2.71,13.64,1
4.31,2.13,1.67,2.0,7.42,51.94,0
6.1,3.55,2.62,2.42,8.51,59.13,0
4.23,4.3,5.79,0.23,14.86,69.89,1
6.56,2.85,4.89,0.42,12.91,63.42,0
6.31,2.28,5.52,,18.54,25.31,1
7.09,3.17,6.73,1.74,6.64,20.53,1
4.27,2.03,4.25,1.25,8.15,,1
7.05,3.67,2.3,1.5,18.73,12.88,0
6.12,3.93,1.69,2.08,13.04,50.81,1
6.35,4.21,5.64,1.31,10.52,41.4,1
5.36,,6.12,2.31,6.0,78.22,1
7.13,2.11,5.28,0.81,19.62,44.84,1
4.73,2.09,4.2,0.17,8.72,62.17,0
5.04,3.94,3.89,0.66,5.92,11.35,0
7.03,2.93,6.99,1.54,8.11,22.28,1
5.62,2.68,1.55,0.81,17.86,37.74,0
7.79,2.88,3.73,0.9,5.59,39.69,0
5.83_err,3.32,1.29,0.4,11.35,42.16,0
5.27,4.06,1.03,1.28,11.57,45.88,0
5.27,2.65,4.7,1.47,6.98,63.13,0
5.68,2.25,6.92,1.69,8.99,,1
4.79,4.25,5.74,0.55,3.3,75.43,0
4.62,2.86,2.73,0.52,15.42,70.79,0
7.37,2.73,3.64,0.77,17.06,49.45,1
5.31,2.4,6.14,1.93,19.36,24.94,1
5.77,3.56,3.71,0.88,2.56,29.12,0
7.41,3.1,2.51,1.14,15.11,,0
6.81,4.05,6.44,2.0,12.58,77.46,1
7.7,2.25,2.49,0.16,2.51,38.88,0
6.02,4.42,6.08,2.04,19.35,41.06,1
7.09,2.94,6.79,1.73,14.9,49.36,1
4.05,4.01,5.99,1.94,5.25,33.31,1
5.97,3.45,6.95,2.36,10.56,28.1,1
5.3_err,2.36,4.3,1.32,5.43,32.83,1
6.76,3.61,4.24,,18.72,78.29,0
4.82,3.15,2.8,,15.35,58.55,1
5.22,2.37,6.29,2.28,19.2,28.86,1
6.45,3.43,4.0,1.06,13.98,18.5,1
6.31,3.19,2.43,1.13,10.76,23.72,0
4.84,3.56,5.74,2.31,16.42,24.48,1
7.3,4.29,3.15,1.58,18.41,42.18,1
7.67,2.26,1.63,1.85,17.85,65.52,0
4.11,2.75,2.74,0.83,2.12,34.98,0
4.82,2.17,2.89,2.5,17.94,41.81,1
6.45,2.73,3.85,,14.45,68.71,1
4.03,3.91,2.22,0.92,5.11,11.86,0
5.06,3.97,5.68,2.06,9.08,76.11,1
6.46,3.12,6.22,2.1,9.69,61.79,1
6.16,2.8,2.32,0.87,3.0,70.47,0
4.0,3.09,1.02,0.85,16.9,52.26,0
5.54,3.14,2.05,1.4,13.27,45.06,0
6.95,3.19,2.33,0.67,6.68,,0
7.54,2.77,3.35,0.87,15.63,74.27,0
7.93,3.91,4.13,2.02,19.11,67.5,1
4.99,4.27,1.11,1.19,19.7,48.62,0
4.03,3.13,6.91,2.06,16.02,56.12,1
5.02,4.29,3.91,0.57,17.54,17.08,0
6.62,3.74,4.69,0.82,3.48,35.16,0
5.36,4.48,2.6,0.49,11.91,23.74,0
6.67,4.28,1.89,0.3,3.98,37.47,0
7.69,2.53,5.97,0.97,14.18,40.64,1
6.54,2.85,1.5,1.78,9.83,32.28,0
4.45,2.98,5.67,1.26,16.35,32.29,1
6.47,2.26,4.58,1.55,6.44,68.3,1
5.41,3.06,3.61,1.69,10.78,65.34,1
4.53,4.06,5.11,0.69,5.01,39.12,0
7.3,3.31,6.73,2.38,14.13,19.19,1
7.52,2.17,5.26,,5.38,68.21,0
4.85,4.38,6.92,0.92,8.38,53.85,1
6.14,3.87,4.5,1.22,13.32,16.23,1
5.33,3.84,1.07,1.51,2.39,43.99,0
6.07,2.56,4.77,0.47,5.66,65.85,1
5.0,2.38,6.99,1.2,19.86,12.04,1
4.41,4.09,6.37,0.47,6.46,78.3,1
6.33,4.47,3.8,0.25,13.24,29.31,0
4.4,3.13,3.21,0.24,3.18,72.88,0
5.83,2.45,1.45,1.12,2.79,62.66,0
5.5,3.08,3.81,2.16,5.65,47.98,1
7.54,4.11,4.21,1.44,7.03,60.57,0
5.41,,4.1,1.11,5.59,60.99,1
5.06,2.72,6.74,1.74,12.9,74.96,1
,3.19,5.94,1.16,4.13,29.8,1
4.07,4.05,2.33,1.96,15.37,11.04,1
7.42,4.18,4.55,0.88,6.67,41.73,0
4.22,2.9,4.69,2.0,7.89,60.41,1
7.61,2.05,1.33,1.01,3.78,24.57,0
6.11,2.57,6.37,0.84,13.59,10.48,1
6.01,2.59,,2.07,18.89,45.74,0
6.72,3.42,1.8,2.13,13.27,59.25,0
6.81,2.81,,0.97,10.59,25.04,1
5.66,2.34,4.43,1.56,13.12,65.45,1
5.64,3.72,6.36,1.68,18.54,27.39,1
6.74,4.47,4.83,1.06,9.37,45.62,1
5.94,3.65,3.59,1.89,3.17,60.62,0
6.51,2.77,1.3,1.02,14.68,22.08,0
5.42,4.19,2.53,1.37,19.06,44.53,0
6.25,3.78,6.2,1.9,2.58,33.12,1
7.35,4.27,3.15,2.22,11.96,30.19,1
5.64,2.78,1.59,0.32,7.26,74.0,0
5.55,2.52,1.81,1.71,10.32,48.24,0
5.06,2.62,3.06,1.25,10.33,52.88,0
6.29,2.4,1.83,0.85,5.59,12.68,0
7.56,4.47,2.67,2.43,17.18,27.24,1
4.11,2.71,6.58,1.88,8.84,63.7,1
5.74,3.32,2.41,0.55,5.93,50.22,0
6.97,3.6,6.89,1.89,10.56,64.7,1
5.91,4.0,,0.18,17.47,30.13,0
7.79,2.47,4.07,0.2,12.89,14.31,0
5.3,3.27,6.38,0.8,12.64,60.08,1
7.04,2.24,3.05,2.12,9.74,58.47,0
6.65,2.17,5.05,0.98,8.96,22.16,0
5.96,3.67,4.25,0.38,12.81,10.8,0
4.35,3.54,5.1,2.46,17.43,35.18,1
6.45,2.18,6.76,0.26,13.04,34.47,1
5.13,2.14,,2.11,18.12,18.71,1
7.23,4.14,4.39,1.29,2.49,,0
4.4,3.72,2.0,1.02,3.8,61.49,0
5.77,2.62,4.14,,7.64,42.79,1
5.79,4.32,1.33,1.73,18.23,25.17,0
6.59,2.83,6.76,2.06,6.28,13.6,1
4.17,2.41,5.86,0.37,3.62,43.24,1
6.55,3.09,4.58,1.78,13.44,26.09,1
4.17,3.05,3.72,2.13,9.39,57.74,1
5.05,2.49,2.08,1.76,11.29,49.49,0
6.15,2.62,1.61,2.49,9.27,65.71,0
7.74,3.26,5.69,2.48,5.1,49.34,1
7.03,2.94,,1.6,10.0,63.64,0
6.44,3.9,2.33,1.81,18.37,65.18,0
7.12,2.47,5.38,1.11,14.59,40.36,1
4.26,4.16,6.8,0.54,17.54,42.74,1
4.97,3.44,3.98,0.22,8.73,48.17,0
7.28,4.23,1.73,0.91,18.01,26.3,0
6.7,2.86,6.63,1.56,11.31,20.94,1
5.51,2.0,4.76,1.97,4.25,52.05,1
,3.3,5.33,1.33,15.18,67.04,1
4.25,4.07,3.99,2.44,5.32,75.43,1
5.16,2.26,2.68,0.94,9.72,42.94,0
6.82,3.59,4.88,1.86,5.61,65.63,0
,3.46,6.89,0.66,17.49,41.54,1
6.07,2.17,4.76,0.7,13.86,12.16,0
6.31,2.79,1.51,0.28,8.11,52.2,0
6.81,2.34,4.37,1.34,4.58,25.63,1
4.22,4.08,3.15,2.09,18.43,33.54,1
6.29,3.13,2.81,1.37,5.84,73.76,0
7.62,4.3,5.19,0.17,20.0,68.65,0
4.0,3.48,3.26,0.49,11.74,14.9,0
4.07,3.6,3.55,0.69,5.87,78.69,0
7.98,2.35,3.31,1.72,8.46,29.44,0
5.52,3.61,3.96,0.71,9.54,37.47,0
6.15,2.53,5.09,0.89,8.3,49.45,0
5.43,4.05,1.17,1.47,,31.9,0
7.44,3.12,2.98,1.41,8.53,33.07,0
,4.26,4.5,0.18,9.54,23.1,0
5.33,3.34,2.09,2.29,7.16,46.69,0
7.11,4.28,3.64,0.52,6.7,33.83,0
5.52,3.5,6.38,1.7,,30.93,1
8.0,2.4,6.53,2.42,5.89,62.59,1
5.66,3.23,2.66,2.38,13.72,11.48,1
6.51,3.45,6.75,0.96,10.33,17.55,1
5.23,3.24,3.16,1.34,8.64,24.96,1
5.87,3.11,2.96,1.25,4.12,52.15,0
6.01,4.1,2.95,1.58,,34.18,0
5.6,2.04,4.49,1.39,11.94,13.37,1
5.59,2.25,5.64,0.54,13.83,58.06,0
6.41,2.54,5.31,2.17,16.61,53.34,1
7.63,,4.85,1.51,8.98,13.19,1
5.74,2.01,1.31,1.97,14.75,44.91,0
5.01,,6.78,1.56,5.36,33.87,1
4.13,2.57,4.07,1.78,11.82,50.17,1
7.81,4.41,1.94,0.7,13.27,46.44,0
4.86,3.52,1.06,0.4,16.82,76.01,0
5.55,2.49,6.95,0.43,18.21,59.07,1
5.44,3.74,2.65,0.29,14.76,45.26,0
5.34,2.36,5.81,1.74,12.49,35.0,1
7.28,2.13,1.31,1.22,14.53,56.3,0
4.71,2.26,2.31,1.25,10.25,69.51,0
5.36,3.11,6.81,2.35,3.71,19.88,1
7.43,2.61,6.64,2.24,7.84,45.71,1
4.61,3.3,3.66,1.69,10.84,70.11,0
6.95,3.03,3.4,2.14,18.38,56.55,1
5.62,2.51,1.01,2.36,9.36,59.85,0
4.31,4.3,1.08,0.75,18.79,49.35,0
5.76,3.01,5.73,1.09,10.66,25.25,1
7.76,2.18,5.55,0.89,10.66,62.71,0
5.01,3.43,3.86,1.97,,72.44,1
6.14,2.61,3.41,,19.57,58.16,0
7.54,3.28,4.28,2.12,6.7,29.97,1
4.81,3.56,4.55,2.31,7.77,36.95,1
7.4,3.75,6.37,0.22,16.05,36.87,1
7.63,3.78,2.11,1.79,7.54,34.53,0
6.5,2.76,2.79,1.81,2.71,30.92,0
5.94,3.92,4.48,1.18,5.33,23.65,1
5.14,2.8,2.78,,18.53,64.24,0
5.35,3.15,4.79,0.82,12.29,20.59,1
5.77,4.37,4.01,2.26,7.48,54.03,1
5.91,2.24,1.95,2.45,11.62,11.57,0
6.97,2.84,4.99,0.54,3.3,12.0,1
5.64,2.74,5.65,1.91,14.39,13.77,1
7.05,4.48,4.48,0.94,5.77,16.63,1
5.41,2.08,,0.68,16.31,45.71,1
7.59,3.24,6.81,0.31,6.65,46.9,1
5.2,3.69,3.83,1.7,5.36,42.89,1
5.8,4.21,1.25,1.5,12.67,36.97,0
7.15,2.98,6.22,2.17,10.59,52.19,1
7.36,3.28,4.32,1.95,19.17,59.55,1
4.18,4.43,4.57,0.29,2.36,20.96,1
7.09,3.11,5.63,2.23,2.89,20.73,1
7.9,3.79,4.26,0.23,17.98,36.62,0
6.62,3.53,5.16,1.89,7.28,24.35,1
5.97,2.39,4.39,0.4,12.0,67.32,0
4.15,3.48,1.47,1.07,19.56,41.03,0
5.96_err,2.34,1.13,0.94,16.18,75.28,0
7.51,3.53,6.86,1.87,7.81,62.71,1
4.61,2.47,3.02,0.5,8.11,30.41,0
7.76,2.25,4.28,0.74,17.12,71.93,0
5.56,3.5,3.48,0.57,11.04,58.92,0
6.18,2.17,6.33,1.55,17.63,45.13,1
5.21,2.4,6.14,1.21,14.46,58.99,1
4.17,2.87,2.26,1.03,5.6,21.82,0
6.99,3.55,1.14,0.57,6.58,45.96,0
4.35,3.39,6.07,0.34,4.6,53.04,1
6.53,2.58,3.16,1.54,6.64,28.44,0
4.26,,4.78,1.02,3.82,63.98,1
7.51,2.64,5.81,1.63,18.73,51.28,1
6.72,3.87,6.05,0.83,3.41,69.8,0
5.63,2.63,2.77,2.3,19.55,59.06,1
6.84,2.69,1.96,0.48,12.56,45.1,0
5.57,2.07,2.54,2.37,9.47,78.02,0
6.37,3.24,2.8,2.0,14.89,62.09,0
4.43,4.01,1.8,2.27,8.35,63.82,0
4.07,4.36,4.68,1.16,2.07,73.62,1
4.87,2.09,4.86,2.27,6.88,76.56,1
7.71,4.0,6.59,0.36,7.17,57.7,0
4.38,2.31,3.34,0.55,12.26,72.67,0
7.24,2.36,4.45,1.5,3.07,56.16,1
6.82,2.7,3.24,2.08,17.12,22.66,0
4.81,2.26,4.21,1.26,13.66,49.72,1
5.89,2.95,5.17,2.41,6.51,46.19,1
6.55,3.18,4.97,1.44,16.53,54.7,1
7.95,3.16,4.32,2.09,7.61,58.19,1
5.4,4.3,5.75,1.41,4.45,44.98,1
7.42,3.4,2.32,0.31,8.92,34.51,0
4.82,2.15,2.21,1.49,11.11,23.76,0
5.12,3.89,1.09,0.48,12.82,79.38,0
7.65,2.7,6.94,0.39,12.17,71.68,0
4.67,3.22,3.62,1.36,3.28,51.14,1
5.7,4.04,6.96,1.47,2.66,46.91,1
6.73,3.13,3.17,0.3,11.31,75.91,0
7.63,2.59,1.42,0.63,12.89,75.0,0
5.81,,6.47,2.3,5.73,10.14,1
4.68,2.91,1.72,0.57,6.71,64.47,0
6.7,4.37,1.84,0.34,8.51,10.59,0
6.55,3.68,6.29,2.07,14.23,55.13,1
6.37,3.0,5.39,0.54,13.76,74.91,0
6.97,3.14,5.87,,15.95,56.95,1
6.04,3.61,5.3,0.22,6.14,26.47,0
7.58,4.08,1.72,0.79,,31.66,0
7.04,3.91,1.24,1.2,3.43,46.98,0
5.12,4.09,5.91,0.39,11.98,71.31,1
5.98,3.33,2.52,2.48,10.32,46.1,0
4.87,2.74,3.52,2.24,6.87,12.12,1
7.76,3.92,2.28,1.75,18.39,59.09,0
6.84,2.9,1.51,0.33,8.86,23.79,0
5.78,3.03,3.54,1.56,5.76,43.72,0
4.19,3.43,2.85,0.49,13.19,45.9,0
6.46,4.46,4.52,0.79,19.7,59.34,1
6.51,2.81,6.01,0.34,8.73,41.84,1
5.33,4.2,2.29,1.25,6.57,51.72,0
7.48,2.13,3.31,1.71,9.34,41.6,0
6.83,2.88,4.72,2.35,14.97,44.11,1
7.29,3.89,3.67,0.96,3.31,65.06,0
5.38,4.19,1.64,1.21,14.14,64.73,0
6.51,3.58,3.76,1.33,13.28,44.37,0
6.67,2.59,5.76,2.29,9.71,20.79,1
4.64,4.08,6.59,1.62,13.72,18.89,1
4.78,2.42,2.67,1.56,7.04,25.49,1
5.64,2.82,6.82,0.74,9.43,63.71,1
7.26,3.82,6.37,2.31,19.21,61.58,1
7.87,2.43,,0.81,17.15,45.02,0
6.74,4.45,5.81,1.25,17.88,57.02,1
7.51,4.03,1.53,2.07,4.37,66.83,0
6.26_err,2.9,3.34,2.12,12.06,64.36,0
5.48,3.46,3.11,1.96,4.24,51.64,1
7.51,4.32,2.11,1.25,16.89,40.3,0
4.67,4.48,6.31,1.81,16.66,61.88,1
5.47,2.89,5.0,1.51,2.59,61.88,1
,3.87,2.51,0.27,18.56,47.35,0
7.33,3.73,4.33,1.58,17.15,37.83,1
5.97,2.92,2.74,0.56,17.14,63.56,0
6.15,2.95,2.31,0.98,6.9,27.7,0
4.14,2.35,5.82,2.17,8.13,14.16,1
6.76,2.43,2.19,1.64,6.93,55.21,0
7.36,4.1,6.02,2.44,19.98,30.29,1
6.85,4.35,6.42,1.49,15.6,78.47,1
6.55,,5.87,1.71,14.35,47.5,1
7.21,3.63,4.97,2.48,4.27,22.82,1
4.97,3.85,6.24,1.02,3.73,58.59,1
7.57,4.02,3.58,0.7,4.29,50.61,0
6.58,3.18,4.45,2.28,19.55,21.92,1
5.11,3.24,3.83,2.48,13.09,68.42,1
6.64,3.68,1.12,0.68,18.37,56.87,0
6.68,2.92,2.81,2.06,6.37,78.26,0
5.38,2.03,4.76,1.35,14.65,13.82,1
7.36,3.94,3.32,0.85,19.68,25.33,0
7.44,4.03,3.92,1.62,3.43,54.38,0
7.72,2.13,4.8,0.35,10.35,60.98,0
5.88,3.28,2.99,1.49,12.11,19.94,0
4.64,3.42,3.29,1.74,8.88,39.03,1
7.32,2.08,2.09,0.22,14.61,57.69,0
5.94,3.87,1.27,1.03,9.75,28.3,0
6.41,4.22,2.3,1.53,7.73,46.17,0
7.94,4.25,2.27,1.5,19.54,61.89,0
4.95,2.19,4.53,0.32,14.55,78.07,0
6.38,2.67,5.62,0.65,11.0,47.03,1
7.38,3.4,4.75,1.02,9.65,78.14,0
7.23,2.07,6.25,1.27,17.08,37.78,1
6.22,2.86,4.36,0.2,9.82,55.76,0
7.43,3.68,5.7,0.79,18.8,20.78,1
5.23,3.54,4.93,1.52,2.57,16.16,1
,3.18,4.71,1.85,2.33,55.37,1
7.14,2.79,4.98,0.8,11.07,35.27,1
5.56,3.24,1.68,1.2,3.55,49.95,0
4.67,2.02,3.81,1.06,12.14,75.98,0
4.69,3.66,3.8,0.13,8.34,61.04,0
7.42,3.16,3.41,1.02,15.95,59.68,0
5.03,2.26,6.32,2.38,3.83,38.29,1
6.45,2.68,6.89,0.29,8.47,69.92,1
5.54,3.09,1.51,0.7,10.75,73.22,0
5.24,3.31,4.45,,11.56,35.47,1
7.29,2.05,4.11,2.02,15.71,48.67,1
7.82,3.03,2.74,1.26,15.54,63.91,0
6.79,2.78,5.35,0.12,7.8,64.82,0
7.75,3.18,2.07,0.67,3.97,39.25,0
4.49,3.88,5.88,1.84,8.52,28.08,1
5.74,3.58,5.37,1.99,7.29,40.49,1
7.89,3.87,6.7,1.35,13.63,69.29,1
4.3,2.91,5.43,0.12,11.57,41.84,1
6.68,3.98,2.74,2.31,7.15,50.12,0
4.39,2.35,2.58,2.46,4.2,59.27,0
6.16,2.96,2.86,0.84,6.01,39.39,0
7.88,3.34,4.01,0.44,14.06,25.1,0
4.96,4.12,5.69,1.6,11.44,20.5,1
6.41,3.86,3.99,0.44,14.06,29.56,1
4.92,3.93,4.83,1.56,12.38,74.63,1
6.68,3.37,6.51,0.57,12.98,57.21,1
5.26,3.28,1.4,0.46,,40.05,0
6.07,2.15,3.72,2.1,10.01,29.18,1
7.42,,4.01,2.39,17.83,22.09,1
4.09,2.14,4.23,0.35,17.27,62.56,0
7.92,2.04,6.96,0.57,15.07,61.3,1
4.19,3.9,4.2,1.88,5.3,,1
7.66,3.55,6.67,0.16,9.55,15.3,1
4.7,3.97,5.27,1.2,6.97,63.84,1
4.85,3.48,1.97,1.29,19.57,24.3,0
6.58,3.04,2.18,0.19,4.64,65.15,0
5.63,3.09,5.87,2.04,3.31,24.18,1
7.17,2.79,5.64,0.61,11.39,30.68,0
6.71,2.84,6.46,0.99,13.21,21.99,1
6.59,3.33,3.14,2.09,12.78,77.71,1
6.25,2.46,6.38,0.74,13.76,12.19,1
5.35,2.72,5.78,2.14,5.48,10.89,1
5.7,2.62,1.59,0.54,15.58,16.09,0
4.59,3.53,,2.44,3.63,20.86,1
4.18,2.71,2.87,2.04,9.8,16.62,1
4.94,2.56,2.6,,6.39,52.4,0
7.94,4.1,3.54,1.8,14.99,28.71,1
6.69,2.24,3.78,0.79,6.81,10.57,0
6.46,,1.21,0.82,12.9,55.37,0
5.45,4.34,3.01,0.58,3.51,54.08,0
6.22,4.38,4.53,1.4,15.18,25.47,1
6.58,2.96,1.9,0.94,6.17,53.52,0
4.5,2.33,1.48,0.75,2.25,45.09,0
7.59,4.27,5.99,1.31,11.02,36.34,1
6.28,2.09,2.93,1.02,15.0,55.32,0
4.04,2.74,1.73,1.38,15.2,77.26,0
4.88,3.07,1.48,1.27,16.73,25.88,0
5.76,3.04,6.33,,3.9,14.06,1
7.21,4.47,4.71,1.75,4.22,39.44,1
5.23,3.43,5.16,0.77,11.01,47.91,1
7.97,2.24,6.34,0.25,3.1,72.28,0
4.09,3.2,5.55,1.05,12.55,25.73,1
4.65,2.27,5.66,,17.03,72.03,1
4.69,2.36,1.12,0.66,18.46,53.47,0
4.09,3.66,5.62,1.78,10.4,45.47,1
4.93,4.26,5.97,,5.16,65.39,1
6.28,3.52,5.78,1.22,4.32,47.2,1
4.83,4.19,6.8,0.79,15.77,48.78,1
5.73,3.41,,1.35,9.86,51.58,1
6.06,3.1,6.72,1.24,12.86,41.97,1
5.87,2.81,3.26,1.97,3.62,72.09,0
7.95,3.18,1.82,2.49,14.03,29.32,0
4.16,4.27,4.01,2.04,15.92,44.75,1
6.3,3.48,3.68,1.77,6.19,22.52,0
4.58,4.0,5.4,0.97,8.64,29.31,1
5.11,2.68,5.4,0.2,13.68,26.12,1
6.09,3.99,3.17,1.16,5.35,23.05,0
4.32,4.35,1.02,0.5,3.8,34.5,0
5.75,2.6,3.1,1.58,13.9,38.14,0
7.99,2.33,2.05,1.37,4.81,71.39,0
5.41,2.11,2.28,1.6,7.75,38.06,0
5.02,2.22,3.63,2.22,7.24,11.43,1
6.04,,6.35,0.76,15.62,25.41,1
7.41,2.15,6.93,0.27,3.7,17.4,1
6.87,4.37,6.98,2.47,13.72,73.78,1
5.8,4.07,3.0,0.24,9.6,33.67,0
4.38,,6.75,0.57,18.53,50.13,1
6.08,3.13,2.1,,17.18,69.59,0
4.61,2.57,2.34,2.04,18.5,76.87,1
7.61,3.49,4.23,2.34,,60.74,1
7.73,3.29,4.52,1.21,12.53,21.4,1
5.14,3.95,5.21,2.25,2.97,62.64,1
7.83,3.88,2.34,0.41,19.2,26.45,0
5.22,3.63,6.61,1.07,11.45,12.73,1
,2.5,4.19,2.4,18.42,43.7,1
5.07,3.65,4.65,1.51,13.95,11.45,1
5.75,4.25,4.44,0.37,17.19,72.99,1
5.21,3.69,3.15,2.5,19.01,20.82,1
6.99,3.77,5.39,0.73,13.64,52.9,1
4.12,3.32,2.51,0.13,9.52,57.23,0
6.8,3.83,4.35,0.61,11.17,73.29,0
4.71,2.28,1.34,0.11,8.61,64.9,0
6.6,3.65,1.53,0.4,17.84,37.3,0
6.73,2.21,2.35,0.56,16.06,60.82,0
7.08,2.96,6.11,0.97,19.98,78.71,1
5.87,3.74,5.9,1.06,14.54,64.66,1
4.15,2.93,3.73,1.75,10.26,46.26,1
5.38,2.86,6.83,1.1,9.05,16.34,1
4.84,2.35,6.73,,12.99,74.51,1
7.68,4.28,3.94,2.01,6.98,22.7,1
7.62,2.23,6.94,0.49,9.91,67.0,1
6.48,2.61,2.31,1.36,9.39,77.55,0
7.12,2.24,1.0,2.48,6.18,55.51,0
4.85,3.91,6.63,2.14,7.95,19.99,1
4.73,2.57,3.32,1.52,4.25,14.4,1
4.98,3.69,6.18,0.95,2.01,28.85,1
4.01,3.3,1.66,2.48,4.07,17.0,0
7.19,3.82,2.77,,11.67,,0
5.19,3.49,3.33,2.37,7.89,73.35,1
6.0,3.32,6.47,1.03,5.41,32.93,1
4.65,2.39,1.99,2.3,3.0,75.41,0
7.84,3.66,6.45,1.53,15.91,70.91,1
5.56,2.74,6.62,0.4,9.54,13.54,1
5.59,3.74,5.24,1.0,4.8,57.25,1
,4.0,5.08,2.43,15.44,53.23,1
5.53,2.59,4.18,1.25,6.77,76.97,1
6.89,3.9,5.58,0.21,3.56,65.58,0
7.31,4.08,3.97,0.37,15.93,57.49,0
4.06,3.37,4.08,1.38,19.95,79.37,1
7.69,2.75,3.53,0.1,18.63,20.96,0
7.93,4.19,5.72,1.4,8.42,,0
5.93,3.82,5.06,0.42,12.2,13.8,0
4.66,3.27,4.95,0.83,11.45,40.88,1
6.84,2.96,3.45,2.13,14.12,15.76,1
5.44,3.94,2.3,1.66,8.31,70.4,0
6.05,4.43,5.47,2.0,19.41,63.08,1
6.09,4.01,3.62,1.51,6.19,25.23,1
7.35,4.23,3.47,1.63,4.35,75.96,0
4.46,2.02,6.22,1.4,3.5,42.95,1
5.25,2.61,1.81,1.61,15.8,25.72,0
5.92,2.23,4.35,1.55,14.7,71.76,0
5.61,2.58,5.99,0.28,2.27,49.58,0
4.92,3.86,2.79,0.53,2.67,55.74,0
7.93,3.42,4.95,0.7,6.32,37.6,0
6.81,4.35,1.25,0.8,6.87,57.3,0
7.6,2.22,5.26,1.81,3.36,18.77,1
6.32,3.18,4.84,0.23,13.94,52.78,0
4.95,2.33,5.22,2.12,3.32,50.84,1
6.53,3.1,5.13,1.53,9.98,52.33,1
6.89,2.21,6.22,1.03,16.99,39.19,1
6.55,2.63,6.21,0.75,7.74,47.37,1
,2.95,5.61,2.3,14.06,57.41,1
4.11,3.88,3.4,2.04,18.3,10.07,1
7.68,2.63,,2.43,12.51,75.91,1
4.12,4.01,4.73,2.47,4.74,18.83,1
5.05,2.81,4.01,0.67,2.31,30.99,0
5.14,4.27,3.12,0.58,13.66,72.75,0
6.69,3.67,5.4,1.5,4.06,74.24,1
5.35,2.76,6.48,0.53,5.32,36.92,1
5.77,2.36,6.41,1.53,3.54,41.41,1
6.52,3.0,5.58,2.29,10.78,66.05,1
7.55,4.02,3.56,0.94,5.26,77.39,0
4.38,2.25,6.04,0.42,8.78,36.48,1
6.83,2.53,1.61,1.92,14.73,52.66,0
4.59,3.55,2.17,1.92,14.76,77.34,0
6.64,2.44,2.63,0.92,3.71,77.33,0
5.06,2.97,6.51,1.65,8.64,15.26,1
5.73,3.9,2.49,1.88,12.11,42.76,1
4.54,2.8,2.59,1.92,14.44,38.18,1
5.75,2.14,1.58,2.36,3.43,56.16,0
7.3,3.73,1.25,2.35,7.17,60.88,0
6.38,4.19,5.04,0.28,18.94,67.28,0
8.0,2.58,3.62,0.44,16.88,43.16,0
4.09,4.45,5.76,0.13,6.18,61.96,1
5.53,2.22,5.4,2.23,4.26,42.67,1
5.11,2.37,5.26,1.59,18.42,43.67,1
4.28,3.88,3.43,1.08,17.82,64.73,1
6.59,2.96,1.94,0.21,9.87,23.04,0
7.89,2.64,5.71,1.35,7.94,60.23,1
7.15,3.63,5.08,1.81,10.6,65.11,1
7.42,2.62,1.28,2.09,16.64,49.46,0
7.87,3.69,5.26,0.88,18.01,42.13,1
6.48,2.23,4.31,2.35,2.8,34.58,1
7.89,3.68,4.68,0.14,17.19,47.31,0
6.59,3.3,2.8,0.4,17.66,36.71,0
4.83,3.35,4.76,1.89,18.49,70.73,1
6.18,2.12,3.7,2.17,2.82,43.28,1
5.91,2.24,6.24,1.83,14.25,30.71,1
6.07,4.22,3.92,1.32,9.58,31.93,1
7.93,2.95,1.69,0.64,7.82,73.51,0
7.27,2.84,5.37,0.8,2.0,36.71,0
4.6,3.75,3.14,2.24,10.15,44.22,1
4.24,3.46,2.17,0.89,2.86,79.3,0
7.34,3.99,3.14,0.34,9.29,36.32,0
6.79,3.17,1.08,1.09,13.0,73.7,0
7.48,2.25,3.44,1.62,17.92,71.23,1
5.82,3.19,2.15,1.43,12.48,69.6,0
5.64,3.77,5.18,2.45,4.03,23.95,1
4.03,4.16,5.2,1.29,13.91,18.32,1
6.24,3.5,5.74,0.75,7.27,13.17,1
4.64,2.74,6.61,0.82,3.11,32.5,1
6.12,2.32,3.89,0.44,3.68,,0
6.22,3.15,5.72,1.46,16.32,20.07,1
5.19,3.55,4.86,2.18,7.45,75.74,1
5.41,3.95,1.32,1.74,17.62,37.81,0
6.26,3.33,6.31,1.05,17.81,45.58,1
6.83,4.37,4.85,1.73,4.9,11.71,1
7.11_err,4.5,4.54,2.0,14.98,44.69,1
7.91,4.42,6.5,0.81,8.69,30.43,1
5.75,2.83,5.6,1.22,12.99,69.49,1
5.83,2.08,1.61,2.15,17.14,70.43,0
4.34,4.45,1.04,0.74,12.49,16.93,0
5.41,2.07,1.44,,12.28,43.7,0
5.89,2.95,4.68,0.82,4.05,26.0,0
7.28,2.51,3.53,1.71,2.85,71.72,0
4.29,3.93,4.0,1.54,3.17,78.89,1
4.61,3.52,2.59,1.59,6.39,47.46,0
4.18,4.33,3.23,2.31,18.55,61.12,1
5.83,2.9,1.58,2.11,4.21,46.96,0
4.76,2.08,6.6,1.94,6.89,22.49,1
7.52,3.56,4.19,0.14,18.11,77.17,0
6.78,3.52,1.64,0.91,12.35,12.88,0
7.83,3.32,1.51,0.22,10.09,39.75,0
7.21,3.8,4.12,1.6,6.99,55.19,0
5.56,3.23,2.54,2.47,14.43,61.19,1
,2.92,5.14,0.55,13.26,17.31,1
5.67,3.1,3.94,2.02,15.88,60.0,1
5.34,4.24,4.29,0.47,17.14,21.72,0
6.12,4.01,1.12,0.14,12.31,43.18,0
5.84,2.25,1.13,0.14,12.64,48.14,0
5.84,2.46,1.05,0.97,,18.27,0
5.34,2.55,1.73,0.92,11.87,75.02,0
7.1,2.99,1.09,1.39,7.49,14.54,0
6.56,4.05,6.43,1.46,11.36,14.72,1
5.59,3.79,4.84,0.18,3.7,,0
4.95,2.96,4.25,1.53,11.47,,0
7.38,3.2,2.21,1.57,3.63,51.9,0
4.63,3.42,2.38,2.38,6.51,18.21,1
7.98,3.97,4.31,0.3,6.68,77.91,0
7.98,2.81,3.39,1.63,10.6,22.06,0
5.38,2.96,4.01,1.28,17.51,20.58,1
4.56,3.01,4.46,1.62,14.69,18.19,1
5.02,3.71,1.82,1.38,18.71,30.56,1
6.09,2.44,5.78,2.12,,11.88,1
6.35,2.59,3.94,1.56,6.46,72.54,0
6.56,4.0,1.52,0.27,2.27,34.74,0
5.8,4.15,5.03,1.57,8.55,46.28,1
5.08,4.29,2.24,0.91,15.78,17.05,0
6.86,3.36,5.73,2.47,10.63,,1
5.72,2.8,3.73,0.63,15.15,17.17,0
5.23,4.17,6.68,2.16,8.84,75.84,1
7.58,2.61,1.89,2.37,4.14,67.44,0
4.12,2.98,1.49,2.46,13.05,32.47,1
6.6,3.32,1.18,1.34,10.97,71.66,0
7.58,3.9,,1.88,15.67,26.97,0
5.99,3.81,6.97,1.91,20.0,37.85,1
5.22,3.65,6.66,1.7,18.72,47.8,1
6.42,4.15,4.97,2.44,8.79,63.16,1
5.05,3.38,4.82,2.38,3.5,14.11,1
6.55,2.4,2.85,1.08,8.5,16.74,0
4.94,2.74,4.8,0.29,18.22,62.41,0
6.23,3.3,2.71,0.53,10.85,17.0,0
4.02,2.96,2.52,1.03,2.96,41.67,0
7.69,2.23,6.0,1.07,19.97,37.77,1
7.02,2.48,1.47,1.73,7.97,79.69,0
5.36,3.39,4.58,0.6,17.01,36.93,0
7.3,,1.04,1.05,14.36,67.17,0
4.96,3.52,2.99,1.62,3.2,40.42,0
7.92,2.96,4.89,0.86,10.63,33.05,1
4.52,4.2,4.91,,18.53,59.48,1
4.53,3.34,5.77,1.32,9.67,21.76,1
6.53,3.86,6.51,1.45,5.44,21.76,1
6.04,3.78,4.66,1.33,12.93,68.32,1
5.35,2.25,5.47,2.37,3.37,46.06,1
5.57,2.5,3.35,0.59,18.28,74.31,0
7.84,3.39,3.86,0.84,16.9,19.95,0
4.21,2.72,1.6,1.07,10.88,55.72,0
6.12,3.89,3.22,2.2,4.35,38.51,0
4.95,4.41,1.2,2.35,,21.14,0
6.21,3.39,5.36,2.06,7.87,12.81,1
7.03,2.09,4.37,1.29,13.86,68.12,0
6.99,2.6,3.08,0.93,2.16,24.54,0
4.07,2.88,1.49,1.83,4.85,14.74,0
5.8,,4.78,1.11,7.36,14.7,0
5.12,4.44,4.76,2.47,14.97,60.93,1
4.94,2.46,1.53,1.67,4.37,61.84,0
4.52,4.49,5.61,2.41,11.18,56.97,1
4.54,2.03,1.26,2.35,8.77,17.24,0
4.34,3.24,6.74,1.88,4.25,29.44,1
7.71,2.6,4.02,1.66,16.78,78.31,0
6.54,4.45,1.77,1.76,2.92,11.34,0
4.25,4.35,1.5,0.73,8.77,21.66,0
7.46,2.59,6.89,1.51,18.65,32.87,1
6.37,4.15,2.01,2.44,2.62,61.88,0
7.22,4.37,1.08,1.27,2.13,28.55,0
4.08,2.95,5.13,2.15,5.95,73.21,1
5.54,2.94,2.47,0.12,12.45,52.29,0
5.15,3.98,4.18,1.1,6.68,15.7,0
,3.6,1.19,0.73,5.53,30.98,0
6.31,3.27,2.27,0.48,18.62,57.7,0
,2.92,1.92,1.8,2.97,51.78,0
7.46,3.45,5.59,2.32,17.46,,1
6.45,4.16,5.87,0.84,10.9,41.3,1
5.29,2.06,2.27,1.68,9.31,75.42,0
6.65,2.51,5.02,1.4,12.83,11.95,1
7.18,3.01,1.22,0.92,5.18,74.62,0
4.66,2.73,6.4,0.87,2.46,30.83,1
7.66,2.04,4.08,2.47,8.5,72.75,1
5.99,,5.89,2.25,13.27,78.94,1
5.85,4.05,5.66,1.93,8.42,47.94,1
6.55,4.11,5.71,2.42,3.33,47.79,1
7.14,15.0,2.78,0.12,4.07,75.86,0
5.5,3.59,1.08,0.16,4.88,53.29,0
4.56,2.14,1.07,1.26,12.48,56.93,0
6.36,2.53,5.07,2.2,2.59,72.91,1
6.06,4.1,6.2,1.3,6.33,,0
4.39,3.29,2.94,2.43,16.97,15.86,1
6.79,2.43,2.57,1.45,14.25,74.1,0
6.83,2.21,1.69,1.66,8.26,58.15,0
5.03,2.15,1.01,1.71,6.51,54.65,0
5.15,3.95,5.14,0.33,11.01,31.13,0
7.14,3.32,2.8,0.15,13.07,55.2,0
6.62,2.25,5.19,2.02,6.56,63.45,1
7.39,2.72,6.4,0.31,11.53,61.28,0
6.14,3.15,4.66,1.33,15.6,71.43,0
6.89,3.64,3.69,0.86,14.15,27.21,0
5.05,2.73,5.83,0.8,11.95,41.36,1
6.63,4.42,6.62,0.13,6.22,60.43,1
4.28,3.04,1.8,2.15,15.28,25.12,1
5.96,4.09,5.01,1.57,10.31,41.57,1
7.74,2.14,6.82,2.03,17.88,18.75,1
5.11,4.28,3.49,0.9,,76.05,0
4.09,4.44,3.07,0.56,15.58,25.59,0
4.96,2.56,3.49,2.16,10.51,68.86,1
7.26,3.88,2.24,2.3,19.11,16.07,1
6.19,2.59,2.44,0.66,16.78,19.14,0
6.81,2.51,1.74,1.44,14.91,21.84,0
4.21,4.18,5.43,0.94,9.01,46.32,1
4.5,3.76,5.02,2.07,2.84,53.17,1
,3.34,6.36,1.68,15.95,78.86,1
5.63,3.41,4.26,1.34,2.9,28.57,1
6.98,3.93,6.34,,15.63,56.26,1
7.92,2.8,5.87,1.78,9.91,40.6,1
6.86,2.2,5.31,0.96,17.86,65.03,0
4.21,4.41,4.78,0.83,18.3,21.43,1
7.63,2.83,5.7,1.53,11.56,72.26,1
5.74,3.73,4.46,2.22,18.52,73.33,1
5.62,3.63,6.64,1.91,8.95,73.25,1
6.49,2.7,4.34,2.3,12.78,44.4,1
6.32,4.12,4.38,1.17,5.51,16.54,0
6.64,3.06,1.17,2.26,9.15,17.52,0
6.18,3.21,2.51,0.94,17.12,64.34,0
4.23,3.81,4.59,0.32,17.13,40.38,1
6.19,2.98,1.16,0.84,18.92,57.22,0
7.56,3.44,3.99,1.77,11.02,61.45,0
4.87,3.47,1.28,0.54,8.76,28.71,0
6.3,3.27,2.17,1.67,11.98,23.73,0
6.34,4.4,6.64,1.99,10.07,18.95,1
5.16,4.15,6.2,1.36,4.16,74.0,1
4.38,2.85,6.5,0.82,18.25,57.66,1
7.9,4.35,1.33,2.15,16.94,11.01,0
4.39,2.06,4.56,0.45,2.69,47.74,0
4.87,4.38,6.38,2.47,6.02,41.02,1
4.36,2.91,3.41,1.27,18.31,16.51,1
4.31,2.09,4.33,0.95,12.35,39.39,0
6.19,3.1,3.95,1.55,14.69,17.95,1
7.77,2.1,2.91,0.51,8.15,63.37,0
4.08,2.22,1.29,0.95,15.7,,0
7.5,3.54,,2.1,4.38,54.84,1
5.6,2.73,3.19,0.39,15.39,58.6,0
4.36,2.43,3.45,1.25,3.53,74.94,0
4.03,4.25,,1.25,19.3,59.12,1
6.24,3.86,4.6,2.21,7.59,30.27,1
4.43,3.73,6.88,1.71,19.95,17.66,1
4.1,2.62,5.17,1.0,9.79,36.17,1
5.2,3.56,1.22,0.24,18.27,62.84,0
7.82,,4.53,1.33,14.11,27.51,1
5.09,3.6,,2.24,3.55,59.94,0
5.31,2.26,2.21,2.18,19.53,65.59,0
5.71,4.22,2.58,1.45,17.48,24.17,0
5.76,3.62,3.44,1.25,,69.09,0
7.99,3.63,4.32,1.61,12.96,34.43,1
6.35,2.44,2.48,1.52,17.96,17.38,0
5.95,3.75,3.34,0.6,4.69,43.26,0
6.22,4.06,3.08,2.37,3.86,74.89,0
4.1,3.21,1.47,1.64,7.84,35.85,0
7.81,4.31,2.49,0.59,8.91,21.88,0
5.75,2.07,5.92,0.65,19.57,29.48,1
6.44,4.44,5.82,1.66,11.26,55.02,1
5.06,2.84,1.42,0.78,3.99,28.29,0
5.38_err,4.49,1.68,1.52,14.19,20.93,0
7.8,3.66,3.29,1.34,13.3,73.46,0
5.3,2.05,3.06,0.37,19.38,76.34,0
7.55,3.93,4.51,0.21,8.13,49.38,0
4.94,2.35,5.28,1.26,13.74,49.44,1
4.95,3.47,4.08,1.36,12.35,78.32,1
6.9,3.48,3.94,,6.65,19.56,1
4.85,3.19,4.35,1.74,11.5,23.74,1
7.89,4.26,2.85,2.31,8.06,76.24,0
7.51,3.64,4.2,1.29,5.26,71.29,0
5.42,4.32,6.16,2.12,16.76,,1
,2.56,4.93,1.92,15.47,29.19,1
5.03,3.3,2.48,2.28,5.57,22.59,1
4.5,3.43,3.44,1.91,3.96,70.74,1
4.24,4.27,6.55,2.47,8.06,36.61,1
7.35,2.87,2.8,1.94,13.59,50.16,0
6.08,4.24,3.19,2.46,11.57,15.51,1
6.38,3.39,1.55,1.56,19.74,68.86,0
7.36,2.51,5.52,0.55,12.22,54.95,0
7.52_err,4.41,3.22,1.05,11.42,36.99,0
4.88,3.21,4.72,0.58,3.39,52.6,0
6.99,2.47,4.27,1.77,11.62,35.8,1
5.02,2.98,2.31,0.51,13.37,73.75,0
7.1,3.05,2.98,2.4,14.87,,1
7.6,2.67,2.53,1.78,5.25,,0
7.26,2.93,6.97,0.5,12.43,62.16,1
7.39,3.64,3.15,,17.96,28.99,0
7.61,,4.34,1.52,7.57,36.26,1
5.45,2.69,2.07,0.19,13.12,25.32,0
5.81,3.86,,0.79,18.34,55.79,0
6.18,4.48,4.43,1.95,16.65,30.84,1
7.99,3.38,2.06,0.61,9.54,21.7,0
6.56,4.35,1.33,1.66,9.69,40.21,0
6.99,4.02,1.86,,9.13,59.66,0
7.19,3.86,3.75,1.03,17.78,11.93,0
6.33,3.91,2.16,0.79,4.25,68.62,0
6.85,3.23,1.37,0.98,14.09,34.83,0
4.97,3.63,3.77,1.35,7.23,41.9,0
7.26,2.86,6.42,1.89,8.7,57.21,1
5.52,3.01,2.12,0.8,16.73,70.68,0
5.74,2.96,6.74,2.17,8.03,13.44,1
6.94,3.32,4.14,0.25,19.52,,0
4.63,3.66,1.54,1.93,2.73,77.85,0
4.21,2.82,3.33,1.88,8.05,45.7,1
6.32,2.33,3.19,1.28,3.38,22.09,0
4.12,3.63,1.72,2.01,4.53,75.49,0
7.38,2.02,1.72,2.13,11.96,14.91,0
7.23,3.06,2.99,0.57,9.0,56.76,0
7.94,2.22,5.87,1.73,15.19,78.8,1
5.71,3.62,1.2,1.79,14.16,12.92,1
4.85,4.32,5.63,2.11,9.81,20.9,1
7.83,2.74,5.77,0.64,9.39,59.24,0
5.99,4.13,3.43,0.88,14.62,25.83,0
6.39,2.83,6.2,,16.27,48.58,1
7.26,3.59,3.65,1.05,16.57,41.79,0
4.63,3.22,1.58,0.52,15.11,31.23,0
4.42,3.73,4.57,2.04,5.9,48.56,1
6.39,2.56,1.08,2.1,12.61,49.56,0
,3.52,4.65,0.13,13.46,25.38,0
5.14,4.39,5.2,1.56,10.03,48.62,1
6.38,4.33,2.97,1.62,10.55,24.55,0
7.76,4.43,6.43,1.23,14.59,47.25,1
5.1,3.01,4.04,1.32,16.91,30.76,1
7.72,3.77,4.21,1.74,10.27,43.43,1
6.07,,5.03,1.46,19.63,58.51,1
4.02,3.17,6.98,1.6,12.95,12.7,1
5.49,3.12,4.2,0.47,15.65,55.73,0
5.76,4.09,4.06,0.81,15.33,61.34,0
5.31,2.19,4.34,2.05,8.45,43.46,1
5.26,2.16,5.83,0.3,10.15,38.29,0
5.68,3.43,5.44,1.59,2.74,51.83,1
7.19,4.14,5.9,0.4,11.07,28.18,1
7.85,4.02,5.78,0.92,12.31,19.44,1
6.25,3.21,5.95,1.66,15.71,47.15,1
6.36,2.47,2.89,0.28,7.81,37.5,0
6.28,3.03,1.18,1.51,8.99,46.59,0
5.23,2.08,6.86,1.0,,31.84,1
7.54,3.47,4.53,1.98,2.12,74.86,0
6.36,3.09,3.97,1.44,11.6,75.78,0
5.27,4.16,4.75,1.67,5.76,21.37,1
7.6,2.79,3.24,2.02,15.27,27.04,1
4.29,2.96,4.13,1.22,4.33,63.22,0
4.57,2.98,6.77,0.17,14.13,71.06,1
6.26,4.11,6.8,2.21,12.31,79.46,1
7.8,2.82,4.36,0.17,18.76,21.89,0
7.21,3.3,3.38,1.96,17.3,44.21,0
5.55,2.3,1.68,2.05,18.52,56.16,0
5.88,3.81,5.99,1.09,2.14,56.86,1
6.96,2.6,4.49,1.5,14.55,31.96,1
5.5,3.33,3.45,0.83,5.33,64.41,0
4.42,3.45,1.7,0.98,14.36,44.9,0
7.48,2.93,1.44,1.32,6.97,11.65,0
6.3,3.85,2.46,0.63,7.23,62.98,0
7.28,2.61,5.37,2.06,5.65,63.74,1
4.98,2.3,2.45,0.75,17.18,74.3,0
7.74,2.9,2.37,,8.65,51.57,0
6.82,3.22,3.59,1.42,8.15,61.13,0
4.27,3.07,3.0,2.43,3.67,33.99,1
4.74,2.56,4.83,2.4,15.0,14.46,1
6.37,2.21,6.85,2.31,16.25,19.65,1
6.8,2.32,1.67,0.31,7.25,10.08,0
5.77,2.55,6.51,0.66,5.62,70.44,1
5.17,3.3,1.57,1.98,12.72,78.55,0
5.13,2.27,4.55,0.39,10.94,59.52,0
4.31,2.34,6.52,1.84,12.13,43.87,1
7.09,2.37,4.85,1.23,19.67,53.95,1
6.8,2.9,2.34,0.57,6.86,70.5,0
7.8,4.08,5.14,1.8,14.5,17.64,1
6.69,2.05,5.53,2.15,2.39,57.36,1
6.1,3.27,2.62,2.27,10.49,14.24,1
5.36,2.5,4.58,2.49,5.82,56.0,1
5.27,3.85,2.04,1.34,12.81,46.93,0
6.34,3.56,6.28,2.13,14.66,45.56,1
4.95,2.46,6.74,2.31,17.0,24.21,1
5.94,4.43,5.32,1.0,14.06,19.26,1
6.63,3.12,5.58,1.91,2.36,32.2,0
4.45,3.54,2.66,0.48,13.63,42.41,0
6.01,2.06,5.56,0.62,11.71,73.82,1
6.78,3.43,6.08,0.72,8.05,33.67,0
7.71,4.21,6.76,1.21,4.14,76.76,1
4.83,3.65,2.53,0.59,17.43,28.9,0
7.77,2.56,6.99,0.95,17.46,60.61,1
6.41,2.97,3.16,0.38,12.82,18.88,0
6.08,3.08,4.93,1.15,8.51,19.53,1
7.91,3.66,1.68,1.54,7.43,76.54,0
4.38,3.06,6.0,1.66,2.77,29.21,1
6.49,3.62,4.61,0.57,8.4,29.0,0
5.04,4.32,1.96,1.89,2.73,57.4,0
4.9,3.87,3.74,1.98,18.75,39.49,1
6.53,3.51,6.11,0.48,13.77,70.81,1
4.81,2.18,2.55,1.88,,20.96,1
7.37,3.82,4.27,1.47,7.03,41.36,0
4.68,4.45,4.97,0.21,2.5,79.78,0
4.4,2.02,3.21,0.59,12.4,40.5,0
7.79,2.51,1.01,1.99,16.22,66.37,0
5.15,4.21,5.42,0.19,3.35,69.83,0
4.59,,4.17,0.44,10.42,16.23,1
4.18,3.19,3.18,1.46,9.88,74.51,0
5.14,3.75,6.98,1.06,5.15,16.55,1
5.81,2.01,,1.23,16.13,59.36,1
7.33,3.2,2.81,1.51,2.99,79.31,0
6.11,4.49,5.09,1.56,18.21,29.7,1
4.57,3.03,1.38,1.5,17.63,63.75,0
7.92,3.29,1.34,2.0,18.51,11.45,0
6.13,2.79,4.79,1.62,4.52,49.8,0
7.68,2.74,6.07,1.5,8.08,19.49,1
4.2,4.36,2.48,0.33,5.5,22.27,0
4.95,4.35,,0.92,7.0,59.17,0
7.46,4.14,6.41,0.26,14.05,64.32,0
4.67,,3.34,1.03,18.84,29.36,0
5.54,2.23,1.85,0.35,16.57,35.61,0
6.26,4.31,2.55,2.46,18.46,61.83,1
7.79,3.54,1.97,1.57,4.83,36.07,0
4.71,3.29,5.85,0.35,7.89,11.16,1
5.58,3.99,1.32,0.16,3.1,78.11,0
6.89,2.4,1.62,1.65,10.99,75.57,0
5.1,3.8,3.96,0.72,9.79,39.81,0
7.86,,1.65,1.24,15.1,13.1,0
6.57,2.56,3.78,1.39,4.18,35.7,0
5.33,2.45,6.31,1.64,4.67,44.63,1
5.52,2.89,4.69,1.09,9.42,44.04,0
6.52,2.2,5.8,1.24,7.18,20.62,1
6.06,3.7,6.82,2.16,13.67,69.13,1
4.14,4.03,2.15,0.68,11.54,52.52,0
4.16,4.0,5.24,2.13,8.09,50.05,1
6.34,2.49,3.74,0.95,18.35,30.85,0
7.07,3.97,5.36,0.55,12.07,26.67,0
7.67,3.9,1.6,1.4,16.64,63.31,0
7.05,2.14,6.39,2.32,5.87,28.15,1
6.7,4.05,2.62,0.69,5.15,51.37,0
6.67,4.23,2.51,0.38,18.28,10.96,0
5.4,3.07,5.74,1.16,4.39,74.74,1
5.23,2.52,3.04,1.18,19.28,62.97,0
6.19,4.45,5.93,2.4,14.68,17.42,1
7.39,4.21,3.71,1.26,9.06,31.64,0
6.87,3.64,4.39,1.58,6.19,36.63,0
7.83,4.45,1.87,1.82,7.64,72.61,0
4.09,2.2,1.57,0.82,4.13,37.74,0
7.89,2.06,1.37,2.41,11.7,11.5,0
4.73,,5.52,1.26,14.56,35.12,1
7.25,2.63,3.96,0.51,9.78,35.14,0
4.27,3.14,2.16,1.15,5.75,63.08,0
5.92,3.21,5.63,1.14,6.09,49.57,1
5.8,4.26,1.26,1.43,12.57,67.67,0
,2.11,6.14,0.8,14.88,61.9,1
7.77,3.65,-3.0,0.56,14.79,39.98,0
5.73,3.87,2.98,1.27,12.39,17.73,0
7.74,3.3,1.48,0.64,5.25,25.73,0
7.39,2.69,3.56,1.97,4.46,11.24,0
6.48,3.47,5.42,,16.01,52.67,1
4.45,4.03,2.46,1.19,3.71,34.22,0
4.3,3.15,5.52,1.66,8.29,10.38,1
6.98,2.28,6.83,1.7,16.79,60.61,1
7.71,4.38,3.46,1.77,15.73,67.95,0
6.51,3.99,3.19,1.22,12.75,16.6,0
6.56,2.69,2.96,0.26,6.74,46.12,0
6.99_err,3.99,2.99,0.87,19.91,49.43,0
6.08,3.79,2.05,0.54,6.94,26.16,0
5.22,2.03,4.6,,15.87,16.46,1
6.55,2.48,5.1,1.74,7.85,47.19,0
4.09,3.97,3.03,1.48,18.92,62.22,1
6.43,3.34,1.97,2.05,13.38,37.98,0
6.41,3.1,6.96,1.99,16.64,29.32,1
6.54,4.19,6.76,1.17,8.32,51.33,1
6.64,3.97,3.27,1.87,18.01,43.39,1
4.6,2.83,1.57,0.82,12.98,71.53,0
4.93,3.5,3.53,0.43,7.19,53.77,0
6.37,3.18,5.58,0.6,10.11,55.61,0
4.33,4.38,2.96,0.4,14.41,19.64,0
5.47,3.92,6.56,2.05,9.8,59.25,1
5.79,3.34,6.48,0.47,11.5,64.48,1
5.63,4.37,3.53,2.0,10.75,55.26,1
6.46,4.5,3.21,0.34,8.67,29.24,0
6.86,2.58,6.92,2.45,14.37,64.26,1
5.64,2.64,4.1,0.73,2.42,44.67,0
7.09,4.17,2.47,2.1,8.3,11.85,0
7.76,2.65,5.37,2.3,19.53,51.38,1
7.34,2.24,1.69,0.61,5.48,24.76,0
5.58,3.0,6.91,2.08,6.84,30.21,1
6.6,2.69,3.61,0.92,15.66,47.93,0
7.33,3.85,2.71,2.4,6.5,17.02,0
7.58,2.58,4.28,0.39,5.58,45.41,0
7.91,2.99,1.81,1.64,12.63,53.05,0
,2.91,6.09,1.93,13.98,70.74,1
6.55,3.01,3.2,1.15,10.93,41.4,0
6.89,2.89,3.11,2.28,2.5,70.68,0
4.54,3.85,4.63,1.85,19.32,61.55,1
6.02,3.26,5.7,0.18,15.93,46.49,1
5.25,3.24,4.29,1.01,13.68,79.93,0
7.71,2.93,6.95,2.22,18.53,40.88,1
7.18,4.34,1.79,2.09,13.68,33.65,0
4.21,3.66,4.57,1.04,9.14,10.3,1
4.71,2.3,6.49,1.34,,13.31,1
5.4,2.51,5.63,1.36,13.39,54.85,1
4.96,3.34,5.97,0.56,11.01,30.24,1
7.19,3.76,2.02,1.96,14.6,79.65,0
6.0,3.74,1.97,1.48,11.53,50.53,0
6.61,3.56,3.91,2.24,3.07,59.2,1
4.2,2.58,1.2,1.21,10.58,34.19,0
5.16,4.18,,2.05,6.26,56.16,0
6.29,3.23,5.59,1.69,5.72,10.23,1
6.55,2.85,5.04,0.76,5.62,28.04,0
4.08,4.19,2.17,2.32,5.49,37.6,1
7.78,2.48,6.52,0.19,7.17,26.26,1
6.46,2.29,3.87,2.37,7.13,43.8,0
5.78,3.7,6.62,0.35,5.09,75.45,1
5.14,3.7,4.14,1.92,9.46,44.51,1
6.84,3.78,4.3,,5.49,61.18,0
6.92,2.53,5.78,1.06,13.42,27.14,1
4.59,3.4,3.44,2.41,3.14,45.98,1
7.42,2.97,2.13,1.8,13.77,74.11,0
7.69,2.68,3.24,1.36,15.31,24.76,0
6.66,2.77,3.76,1.7,19.52,62.01,0
5.86,3.72,3.91,1.84,10.1,14.13,1
7.41,3.0,6.2,0.52,17.48,14.71,1
5.55,3.13,1.46,2.28,3.72,43.45,0
5.8,4.2,3.14,1.27,17.82,35.33,0
4.66,2.6,,1.99,2.71,74.67,1
5.31,4.27,2.01,0.66,3.52,67.49,0
6.96,2.56,4.12,1.45,2.72,11.5,1
7.82,4.29,6.58,2.3,17.15,49.45,1
6.37,2.96,6.68,2.06,3.79,29.53,1
7.52,3.18,2.82,2.2,19.69,44.89,1
4.64,3.26,1.85,1.67,5.5,64.6,0
5.82,2.62,3.67,1.37,6.64,67.37,0
4.05,3.64,6.83,1.25,5.85,28.59,1
4.66,3.23,1.94,2.02,8.57,79.61,0
5.33,,4.78,0.53,18.88,25.46,1
4.33,3.02,1.81,2.42,7.48,42.4,0
4.69,2.45,3.9,1.3,10.3,27.62,1
5.75,2.48,1.34,2.27,19.24,29.38,0
4.14,3.07,1.49,0.59,18.84,12.41,0
4.28,2.98,,1.19,10.17,61.82,1
6.81,3.2,4.98,1.87,11.47,76.17,1
6.43,3.49,,0.74,3.26,58.45,0
6.13,3.33,3.11,2.05,19.93,23.12,1
4.93,3.2,1.99,2.27,13.62,33.51,1
5.94,2.33,3.94,1.17,12.21,29.88,0
6.67,3.61,2.63,1.08,9.15,43.82,0
5.32,2.83,6.25,0.84,19.49,43.85,1
,2.17,6.73,1.64,19.44,69.22,1
6.87,2.28,5.17,2.38,3.78,11.8,1
4.69,3.41,,,4.48,77.79,0
7.48_err,2.88,3.0,0.87,13.01,76.82,0
6.35,3.35,6.91,1.07,13.32,17.23,1
5.98,3.25,5.72,1.7,3.11,43.19,1
5.17,2.63,2.5,1.43,2.41,32.98,0
4.72,2.15,5.86,2.48,18.94,28.23,1
7.08,3.11,4.97,1.34,9.77,34.41,1
6.66,2.38,2.11,0.88,13.89,69.15,0
4.16,2.24,6.58,1.64,18.1,60.0,1
5.7,3.41,2.91,1.42,11.18,,0
4.31,3.71,6.04,0.22,9.03,10.28,1
4.56,3.5,3.08,1.99,5.85,15.17,1
4.51,3.06,5.29,1.74,8.83,21.32,1
5.87,3.58,7.0,1.83,3.77,39.12,1
4.93,4.45,1.4,0.29,11.01,63.15,0
7.83,2.97,6.17,0.39,3.03,31.52,0
5.69,2.05,2.48,1.34,18.13,72.43,0
7.56,4.28,4.68,0.36,5.49,55.4,0
4.47,3.5,6.17,1.45,16.02,46.11,1
7.96,2.22,4.99,1.36,16.35,28.75,1
7.72,2.22,3.25,0.91,2.44,55.45,0
4.77,4.23,1.18,2.49,6.54,51.39,0
4.86,3.19,3.53,2.04,15.47,52.31,1
4.15,3.26,1.81,1.51,3.83,33.16,0
4.54,3.75,6.85,2.22,15.45,67.99,1
7.21,4.39,2.33,1.6,7.83,27.16,0
4.85,2.69,1.68,1.01,18.02,72.8,0
7.33,2.16,5.78,2.23,11.17,45.47,1
4.35,2.22,1.34,2.16,19.89,25.66,0
5.43,3.49,3.74,1.14,19.22,27.16,0
7.22,3.67,2.38,2.29,4.56,46.86,0
6.48,2.72,2.93,2.25,6.39,15.56,1
5.84,2.06,1.25,1.16,19.99,49.26,0
7.97,2.23,3.42,0.48,7.24,76.48,0
4.92,2.4,2.86,1.64,11.46,52.76,0
5.51,3.1,1.67,0.71,8.3,66.99,0
5.89,2.39,5.37,1.87,3.55,79.68,1
5.0,3.92,2.98,1.35,7.46,71.12,0
4.9,3.72,,0.94,4.22,62.95,1
5.59,2.32,3.58,0.66,18.49,48.96,0
,3.45,4.65,1.54,3.9,76.93,1
6.03,2.3,2.41,0.89,19.96,72.6,0
6.52,3.25,5.84,2.46,11.16,16.8,1
7.09,2.21,4.06,0.49,14.52,11.28,0
4.76,4.29,1.62,0.62,14.9,70.94,0
6.32,2.55,3.76,1.28,9.16,35.4,0
7.89,4.18,6.63,1.59,18.43,73.83,1
4.2,4.49,5.83,2.19,19.25,61.69,1
4.45,4.23,1.14,2.37,11.26,43.0,0
5.26,2.87,5.1,1.77,14.68,58.12,1
4.26,3.33,6.94,2.05,17.09,36.46,1
5.81,3.47,3.44,0.16,18.69,72.38,0
5.39,2.54,,2.44,5.57,79.84,1
5.41,3.58,6.7,1.51,17.35,14.54,1
4.92,4.3,,2.43,2.77,14.7,1
5.9,2.79,6.83,0.24,11.87,51.78,1
5.15,3.84,4.01,0.21,5.93,15.78,0
6.77,2.05,3.59,0.38,4.55,16.46,0
4.92,2.7,3.23,1.18,11.52,12.19,0
7.68,4.22,5.12,2.45,19.0,48.27,1
7.5,3.74,4.64,1.01,2.03,33.51,0
6.83,3.16,5.65,2.01,19.07,30.53,1
6.49,2.53,1.91,0.9,16.89,54.95,0
5.05,2.68,2.75,1.22,,52.5,0
6.37,3.02,1.43,1.38,5.75,61.45,0
5.0,2.27,1.02,1.19,6.39,29.67,0
5.1,4.42,2.95,0.2,12.61,45.46,0
6.53,2.38,2.56,0.86,6.42,57.11,0
7.59,4.18,5.48,1.61,3.2,45.34,1
5.69,2.51,1.05,1.24,12.63,79.14,0
7.54,4.15,5.64,1.51,12.72,65.3,1
4.84,4.45,5.59,1.15,19.41,14.07,1
5.87,4.47,5.32,0.78,12.84,16.02,1
6.16,2.49,4.04,1.36,9.44,22.19,1
6.86,2.63,1.17,2.29,19.55,25.61,0
5.66,2.62,4.36,1.56,12.15,,1
6.27,4.41,3.66,0.53,14.88,47.98,0
5.13,3.76,3.92,0.51,15.83,64.69,0
6.53,3.08,4.56,0.52,4.11,50.92,0
6.13,2.7,1.16,1.01,12.63,50.44,0
7.73,2.37,5.29,1.56,9.5,21.39,1
5.79,3.18,4.04,2.38,9.35,29.56,1
5.62,4.13,4.98,0.9,4.91,54.88,0
6.26,2.13,3.66,1.2,13.24,26.9,0
7.15,2.54,2.91,1.26,6.53,75.61,0
6.61,,5.16,0.24,17.37,73.14,0
4.42,3.84,6.76,2.43,19.38,63.89,1
6.47,3.12,6.17,2.19,11.38,42.12,1
5.98,3.16,2.14,1.33,11.08,29.21,0
7.4,4.3,2.26,1.47,14.97,77.99,0
4.51,2.97,5.95,0.12,14.06,46.45,1
6.63,2.96,3.9,2.43,3.24,32.58,1
7.63,2.54,3.9,0.67,18.09,12.57,1
7.68,3.94,,0.11,4.72,56.97,0
6.2,2.15,5.07,2.48,6.36,42.43,1
5.1,2.68,1.9,0.78,4.15,45.96,0
4.53,2.9,4.25,2.23,13.58,59.61,1
7.87,3.4,1.53,1.33,4.88,75.9,0
4.23,3.33,4.76,0.73,19.4,55.03,1
4.92,2.73,6.11,0.25,17.34,48.41,1
4.31,4.05,1.82,2.01,8.32,32.15,0
7.69,4.49,1.31,1.84,17.6,42.81,0
5.41,2.36,3.86,1.94,19.33,69.96,1
6.53,3.5,1.58,0.15,6.95,54.55,0
5.04,2.26,5.43,0.41,5.32,19.86,0
4.67,2.58,1.21,1.71,9.04,75.74,0
5.94,3.23,5.79,0.69,13.46,29.06,1
5.19,2.15,2.4,1.54,8.74,77.31,0
,3.59,2.09,1.39,5.56,11.74,0
7.07,3.35,5.51,0.6,3.94,17.75,0
7.46,4.07,,0.87,11.02,17.9,0
4.33,2.66,4.66,2.23,8.79,24.68,1
4.44,2.23,3.79,1.3,12.82,18.5,1
4.45,3.84,4.15,1.3,6.48,63.63,0
6.47,4.44,4.64,2.28,2.09,,1
4.8,3.9,3.33,0.67,7.77,31.48,0
7.23,3.5,2.17,1.02,2.76,67.3,0
7.51,2.12,5.12,1.48,8.58,16.67,1
4.3,3.28,3.52,2.44,4.83,73.74,1
5.86,4.39,2.23,1.93,6.24,18.27,1
6.87,2.56,3.18,0.68,19.29,52.04,0
5.32,3.43,3.8,1.47,10.66,56.44,1
4.89,3.28,5.6,1.29,10.69,66.0,1
6.91,3.15,1.51,1.53,6.39,33.15,0
5.73,2.41,1.17,0.73,17.62,69.1,0
5.97,3.05,5.75,0.97,7.3,72.23,1
7.83,2.17,1.07,0.34,4.31,13.18,0
5.75,2.06,1.43,1.36,17.83,47.68,0
7.15,2.28,6.57,0.56,10.36,45.71,1
5.76,2.85,1.47,2.39,13.43,77.21,0
6.02,2.42,6.93,1.91,8.28,76.61,1
5.12,2.42,,2.05,16.04,47.03,1
7.26,3.27,6.06,0.75,4.09,77.37,0
7.84,3.01,3.17,2.41,19.18,68.18,1
6.32,2.69,4.49,2.47,16.23,38.42,1
5.24,3.34,1.47,0.66,14.41,15.29,0
6.58,3.72,6.68,0.59,11.83,62.78,1
4.7,3.06,3.85,1.99,6.35,68.88,0
5.28,3.9,2.75,0.24,14.53,59.98,0
5.58,4.23,2.2,0.53,9.63,77.12,0
5.49,3.68,2.21,2.11,6.54,78.46,0
7.77,4.22,2.51,0.82,3.73,26.98,0
7.43,2.31,4.63,1.81,8.53,65.9,1
5.63,2.59,2.75,1.46,2.07,36.88,0
7.8,2.53,5.1,0.95,17.97,79.68,1
5.71,4.25,1.96,0.7,16.67,24.17,0
6.08,4.07,5.4,1.03,12.05,47.97,1
5.55,4.03,2.82,1.16,2.15,11.65,0
7.73,4.24,2.68,0.79,6.91,53.88,0
7.37,,2.43,1.2,13.13,75.88,0
4.18,3.93,4.64,1.4,3.21,60.55,1
5.67,2.17,2.02,0.38,16.39,52.56,0
7.84,4.32,4.38,1.38,8.61,52.36,1
7.57,3.25,2.61,1.63,5.11,54.19,0
5.32,2.69,4.5,1.85,16.54,63.64,1
,2.31,5.39,0.83,7.56,45.79,1
6.29,2.48,6.84,1.16,4.56,40.2,1
6.94,2.45,3.41,1.41,6.85,38.7,1
5.39,3.5,3.71,2.36,11.62,21.33,1
7.94,3.99,2.26,2.09,14.98,44.22,0
6.63,3.62,6.84,0.38,15.35,33.01,1
4.74,4.21,1.02,1.44,18.03,26.55,0
6.15,4.17,6.08,0.24,5.14,62.2,1
4.87,2.82,4.11,1.98,11.2,30.06,1
5.26,3.3,3.32,0.5,14.27,79.39,0
7.73,2.08,4.58,1.52,12.85,25.72,0
4.39,2.05,6.41,0.56,3.93,18.09,1
5.05,3.74,4.34,1.08,7.68,47.28,0
5.18,4.25,5.82,1.14,15.98,29.96,1
6.78,3.07,2.48,0.19,2.9,38.66,0
7.93,3.85,6.56,0.22,14.76,15.92,1
4.72,2.3,4.54,0.19,9.69,51.06,0
5.01,2.02,6.19,1.21,9.46,19.32,1
7.52,3.67,1.36,0.82,17.38,71.88,0
7.91,4.0,2.98,0.39,19.34,43.73,0
7.57,3.18,4.09,2.1,18.87,21.84,1
7.39,2.05,1.76,2.34,16.79,49.64,1
7.9,2.81,1.57,0.32,8.11,27.16,0
5.58,4.02,1.83,1.21,18.28,32.1,0
6.71,2.15,3.78,0.11,12.51,16.79,0
7.85,3.99,5.91,0.12,3.57,22.26,1
5.89,,5.93,2.46,11.81,40.65,1
4.27,3.87,5.65,1.06,10.23,75.68,1
6.69,3.21,5.83,2.02,15.29,23.68,1
5.0,3.49,1.7,1.01,11.7,28.57,0
6.82,3.28,3.19,0.98,11.3,33.69,0
4.62,3.8,5.28,0.13,9.87,74.63,0
4.1,2.94,4.66,1.75,,68.65,1
6.77,3.96,6.14,2.41,11.02,46.45,1
6.66,4.29,5.19,0.43,14.37,47.43,0
5.1,3.4,4.38,0.79,14.56,68.44,0
6.61,2.22,5.56,1.04,9.42,41.78,1
4.71,3.53,6.11,1.8,5.77,78.92,1
4.74,3.52,5.91,1.64,5.89,69.83,1
5.1,3.34,4.56,1.65,8.6,51.08,1
7.7,2.12,3.51,0.99,6.33,22.45,0
7.41,4.06,5.43,2.04,10.83,76.57,1
4.76,3.52,5.74,0.2,3.24,47.87,1
7.22,2.0,6.62,1.64,,25.78,1
6.64,2.59,6.34,0.68,13.72,73.66,0
5.46,3.74,2.08,1.71,12.9,42.9,0
4.42,2.77,4.29,1.09,19.83,77.45,1
4.68,3.83,2.14,1.97,17.64,75.79,0
7.96,2.75,3.12,0.43,19.46,53.46,0
7.06,3.54,1.26,2.02,6.21,63.33,0
6.32,2.37,4.57,1.17,9.2,52.5,0
7.42,3.58,3.75,2.32,8.85,67.35,0
4.43,2.96,6.88,0.85,14.04,61.74,1
5.05,3.63,2.63,1.35,3.54,74.18,0
7.48,3.23,3.04,2.48,13.26,12.58,1
6.8,3.75,5.07,,5.18,26.18,0
5.33,4.39,2.25,1.37,8.06,21.82,0
7.75,3.03,6.95,1.64,16.07,56.94,1
5.02,4.08,4.34,1.73,4.5,,1
7.95,2.89,6.05,2.48,10.84,76.28,1
5.96,2.5,3.39,0.58,6.46,36.53,0
5.9,4.0,4.2,1.71,14.56,78.55,1
7.24,2.59,1.37,2.2,6.13,33.39,0
4.61,3.35,4.09,1.78,14.28,37.01,1
4.82_err,3.57,4.26,0.62,12.19,34.86,0
7.09,4.1,6.2,0.87,12.68,11.32,1
6.63,2.01,6.46,1.67,6.15,31.49,1
6.11,2.33,1.76,2.23,8.92,34.93,0
4.46,2.99,5.34,0.33,19.43,61.9,1
5.01,3.08,1.94,1.03,3.62,13.84,0
5.26,2.19,3.44,2.23,4.4,23.73,0
7.59,,1.71,1.13,5.89,41.79,0
6.61,3.53,4.5,1.97,12.64,25.97,1
6.38,3.05,2.91,0.49,11.86,20.04,0
6.8,3.16,6.52,0.34,14.58,29.05,1
7.03,2.04,3.73,2.25,13.76,34.9,1
7.33,2.95,4.05,1.27,15.24,29.56,0
5.0,2.89,2.15,1.97,12.03,28.27,0
4.28,3.78,3.91,2.26,2.76,68.92,1
7.6,3.74,2.59,2.12,5.03,67.88,0
5.37,3.53,2.18,1.32,13.57,44.65,0
6.87,3.85,4.22,0.39,11.24,17.17,0
5.19,3.17,6.8,0.26,14.67,74.23,1
4.38,3.38,5.2,0.75,13.44,17.84,1
6.72,2.53,1.97,1.35,7.2,15.37,0
5.39,4.24,5.31,0.38,19.99,63.76,1
4.13,2.83,6.32,0.61,12.51,49.04,1
5.26,2.52,4.74,2.5,17.82,52.5,1
6.33,3.55,1.57,0.12,2.14,36.93,0
7.07,4.4,6.99,2.38,5.5,72.78,1
4.28,3.26,,1.98,6.1,16.18,1
7.15,3.88,6.06,1.48,12.11,78.11,0
4.49,2.35,1.38,1.05,8.0,57.24,0
7.84,2.91,5.77,0.33,3.64,73.92,0
5.37,3.65,6.02,,17.86,45.43,1
7.75,3.21,1.52,0.49,13.88,58.08,0
6.54,3.34,1.03,0.3,14.51,67.61,0
4.52,2.77,3.5,1.33,13.39,19.22,0
5.96,3.33,6.98,0.35,6.87,67.08,1
,4.12,6.55,0.95,2.23,12.31,1
5.38,2.66,6.66,,3.32,51.05,1
5.44,3.4,3.59,0.53,10.48,33.94,0
4.79,4.21,6.96,0.89,3.87,78.41,1
4.25,4.12,6.81,2.04,8.74,62.64,1
5.3,3.42,2.24,0.26,8.1,36.31,0
6.49,2.71,5.25,2.45,6.55,53.05,1
4.57,4.38,5.11,0.58,8.83,19.23,1
6.01,3.98,6.49,1.21,6.05,57.31,1
7.69,2.76,3.6,,14.65,27.25,0
4.22,4.25,6.4,0.78,19.73,65.4,1
6.12,,3.85,1.79,4.42,29.57,0
6.58,3.37,6.18,2.04,18.84,10.72,1
5.39,4.31,5.27,1.27,16.68,11.34,1
6.38,4.5,4.93,0.42,13.64,30.9,1
5.46,3.71,6.53,0.29,11.78,42.62,1
7.81,3.4,4.56,0.75,9.4,62.59,0
4.4,3.77,2.34,2.43,12.5,66.59,1
4.21,4.42,3.21,1.67,13.35,29.63,1
6.7,3.5,5.79,2.43,6.47,46.39,1
4.96,3.79,4.55,0.47,17.29,39.38,1
6.34,4.41,3.3,1.95,10.85,24.76,1
5.68,2.74,1.2,1.53,18.6,21.13,0
6.27,3.57,1.3,0.77,,14.6,0
7.75,4.15,5.82,,5.03,78.6,1
7.38,2.66,5.01,0.99,12.5,33.93,1
4.54,2.38,5.33,1.55,9.33,31.36,1
4.38,3.85,6.75,0.16,12.2,47.28,1
4.37,4.35,4.98,1.21,3.63,21.64,1
7.49,3.16,6.4,1.32,15.43,33.65,1
4.24,2.02,6.0,1.78,2.03,62.29,1
7.15,3.74,5.59,2.29,6.22,37.26,1
4.4,4.26,2.71,1.3,18.22,26.66,1
,2.25,3.95,0.76,18.03,32.33,0
6.45,4.11,6.23,2.14,19.78,,1
5.41,3.2,4.69,0.7,6.29,72.59,1
6.27,4.32,2.31,0.19,2.84,73.77,0
7.02,3.81,2.45,0.28,14.08,28.58,0
6.91,3.34,6.69,2.37,3.11,30.58,1
5.28,2.17,1.99,1.78,9.72,10.77,0
7.45,2.75,6.28,0.94,6.89,13.52,1
6.55,3.35,6.21,1.05,12.38,61.19,1
7.79,2.9,1.81,1.59,5.81,70.75,0
,4.04,2.79,1.54,5.36,73.79,0
6.92,4.45,3.73,1.87,18.44,34.02,1
4.75,4.43,3.76,0.46,12.74,23.94,1
5.03,4.01,2.09,0.64,9.61,76.56,0
7.77,4.29,6.33,1.45,,13.61,1
6.78,3.7,1.24,1.74,8.52,11.2,0
4.91,2.48,1.64,1.13,17.12,68.41,0
4.07,2.87,6.34,2.29,18.58,20.02,1
5.07,2.93,6.85,1.51,2.3,67.97,1
5.41,4.17,5.79,1.62,8.82,45.19,1
7.84,2.53,3.04,1.42,16.22,70.43,0
7.12,3.21,3.19,0.37,3.93,23.56,0
6.23,3.73,3.37,1.53,11.18,69.63,1
4.22,2.08,6.14,0.11,14.2,25.63,1
6.21,3.32,3.1,1.81,6.09,,1
5.71,4.22,3.74,0.78,4.7,45.58,0
5.66,2.64,3.59,0.85,8.18,16.29,0
5.15,2.7,5.58,2.18,15.7,70.62,1
4.94,3.96,4.87,2.48,18.73,29.29,1
7.45,2.51,2.7,2.07,11.19,59.11,0
7.32,3.53,3.82,0.77,15.66,34.91,0
7.23,3.26,2.34,,19.78,15.06,1
5.84,2.31,1.97,0.2,17.94,64.88,0
6.18,3.66,4.46,0.31,15.29,71.4,0
5.73,2.87,2.9,1.92,17.47,16.3,1
5.71,2.71,6.8,1.95,5.96,70.91,1
7.33,2.08,6.23,1.7,11.96,11.88,1
7.64,2.68,1.11,2.44,3.79,34.43,0
7.55,,3.86,0.55,2.53,79.07,0
6.97,3.82,2.03,1.66,19.01,,0
4.74,2.43,5.79,2.1,19.24,74.83,1
6.96,4.44,6.29,1.77,4.76,15.61,1
7.26,2.76,6.62,2.4,18.91,57.18,1
4.26,3.89,1.04,1.94,11.1,74.98,1
4.0,3.63,5.2,0.12,8.19,67.47,0
6.0,3.24,5.86,1.04,8.12,54.1,1
6.11,3.76,1.72,1.09,9.82,,0
4.46,2.63,4.08,1.33,19.38,58.42,1
7.4,2.66,2.96,0.85,17.89,39.01,0
5.11,3.54,2.93,1.04,11.71,16.39,0
7.69,3.34,1.45,2.38,4.84,57.36,0
6.74,3.54,3.33,0.31,7.85,67.36,0
4.17,3.0,5.28,0.26,14.09,74.99,1
7.83,4.19,2.6,0.17,3.12,34.56,0
5.5,3.43,3.82,2.34,8.86,74.71,1
6.95,3.84,4.3,1.3,11.4,55.13,1
5.42,2.97,6.63,0.33,8.18,37.96,1
4.71,2.3,6.88,1.36,17.76,30.25,1
5.26,2.14,1.41,1.81,11.7,28.22,0
,3.38,3.4,2.2,16.76,64.14,1
5.39,3.39,3.96,1.13,14.7,31.88,1
6.92,3.63,6.29,1.74,3.71,76.09,1
6.77,2.15,5.52,0.69,14.9,13.07,1
7.87,3.25,6.62,0.5,19.11,60.0,1
7.33,2.79,6.6,1.04,3.03,51.01,1
4.81,4.09,1.87,0.6,8.66,15.74,0
6.63,3.36,3.36,2.32,10.96,65.14,1
5.44,4.18,2.11,0.19,11.29,57.79,0
6.82,2.71,3.48,2.16,8.63,40.98,0
6.64,4.33,5.34,2.29,11.22,40.64,1
6.44,4.16,6.47,1.55,13.14,32.44,1
4.14,3.02,3.7,2.04,11.57,78.78,1
4.84,2.96,,1.02,19.94,29.8,1
4.92,4.04,1.69,2.42,14.8,33.88,1
,2.67,2.96,1.01,14.17,33.4,0
4.08,4.05,5.17,0.43,2.14,24.96,1
4.33,4.4,4.14,,4.51,32.0,1
5.79,2.89,2.05,1.48,2.81,43.13,0
6.62,2.8,5.83,0.75,13.41,67.18,1
6.66,2.12,6.14,2.23,14.39,57.98,1
4.13,3.92,5.97,2.44,6.35,30.15,1
5.13,2.91,5.46,1.29,8.58,21.9,1
7.68,3.06,5.7,2.22,19.04,30.66,1
6.1,2.22,1.68,0.24,,53.75,0
5.98,4.43,3.04,1.08,4.76,63.54,0
6.88,2.75,6.23,2.21,8.96,18.66,1
6.07,3.84,4.47,1.1,17.74,61.98,1
4.13,3.5,3.63,1.19,2.35,79.59,0
5.74,2.46,5.14,1.12,8.35,13.69,0
6.69,3.07,3.53,1.84,10.56,17.98,1
5.22,2.07,5.42,0.22,4.74,65.74,0
5.51,3.73,1.08,1.63,19.35,45.46,0
4.03,,6.29,0.73,3.0,67.5,1
5.2,2.95,4.72,2.18,2.64,32.71,1
6.13,3.59,2.99,1.68,17.34,41.11,0
4.95,3.2,3.08,2.01,15.73,38.39,1
6.83,3.96,5.77,0.98,14.9,76.53,0
5.16,3.48,1.86,1.84,14.38,70.84,0
4.34,2.94,2.68,0.75,17.36,41.89,1
6.92,3.28,4.15,1.98,9.26,54.1,1
6.97,3.68,2.92,2.47,16.8,28.68,1
6.37,4.12,2.23,1.67,9.23,49.45,0
4.27,3.12,3.11,2.49,13.2,37.66,1
6.31,2.01,6.17,1.69,12.29,38.25,1
4.34,2.07,5.66,1.97,13.17,51.34,1
4.73,2.48,2.98,0.1,8.75,71.68,0
4.56,3.28,4.97,0.59,19.25,18.78,1
7.02,4.12,1.81,1.18,6.91,13.51,0
6.11,3.0,3.18,1.88,18.56,,1
4.46,4.2,1.16,1.85,3.69,39.6,0
4.78,2.06,2.72,1.86,3.64,64.71,0
6.83,4.48,4.84,0.47,3.56,16.79,0
7.26,4.11,7.0,1.97,4.19,25.96,1
5.3,4.13,2.8,1.95,10.37,38.28,0
7.33,3.14,2.68,0.86,17.82,69.3,0
6.82,2.55,1.32,0.57,12.24,66.91,0
6.95,3.4,3.6,0.38,15.66,27.02,0
6.88,2.3,4.58,1.57,5.23,20.7,1
7.36,4.42,3.66,1.25,9.45,21.71,0
6.81,2.72,1.67,0.56,13.66,21.79,0
4.06,4.16,4.45,0.8,13.04,50.67,1
5.64,3.18,2.3,1.99,13.85,25.07,0
7.15,2.92,3.8,1.31,8.89,65.77,0
4.54,3.11,2.36,2.34,15.99,30.31,1
4.98,3.56,2.99,0.34,16.19,60.71,0
7.46,3.18,1.4,1.22,8.6,38.11,0
5.59,3.76,3.69,2.36,16.78,43.34,1
7.97,2.09,,1.31,16.15,51.74,0
7.81,3.2,6.59,1.37,5.92,76.4,1
4.06,2.13,2.77,1.32,13.7,28.15,1
5.16,2.77,2.47,1.64,14.94,34.05,0
5.24,3.14,2.82,0.18,14.71,37.66,0
6.78,3.25,5.27,0.65,16.67,41.45,1
4.72,2.79,6.41,2.05,13.9,76.15,1
5.39,3.57,4.81,1.93,5.2,64.52,1
5.85,4.29,6.95,1.79,9.56,79.95,1
7.18,4.09,3.88,2.3,4.56,30.37,1
7.79,3.26,5.98,0.14,7.67,50.08,0
5.65,3.11,2.63,0.25,6.34,52.56,0
4.72,4.21,5.76,0.16,11.62,28.38,1
,3.32,6.29,1.22,7.55,66.2,1
7.24,3.84,6.78,2.43,17.04,42.5,1
5.88,2.4,5.98,1.59,16.71,39.74,1
,4.24,6.2,2.23,11.75,31.05,1
7.63,,1.92,0.45,4.86,68.27,0
6.22,4.18,5.75,2.04,2.99,30.75,1
7.87,3.25,3.09,0.63,9.15,36.38,0
,,1.91,1.76,15.16,53.51,0
7.53,3.76,6.79,2.12,9.26,17.29,1
5.08,3.68,5.87,2.07,12.57,66.35,1
7.44,2.41,4.51,1.5,19.93,75.88,0
6.76,3.4,1.79,1.21,10.38,52.83,0
7.64,3.75,4.57,1.16,8.39,63.65,0
7.11,2.68,6.75,1.17,9.21,72.64,1
5.05,4.24,1.97,2.06,8.61,73.54,0
4.02,3.03,4.76,2.05,14.73,16.22,1
,2.26,6.5,0.13,12.28,42.39,1
5.99,2.7,2.09,1.51,17.66,55.22,0
7.36,4.22,4.29,2.31,17.18,58.64,1
5.31,4.28,5.39,0.99,14.39,42.68,1
4.6,3.03,5.5,0.51,17.56,76.34,1
4.74,3.22,4.85,0.79,9.28,61.36,1
6.78,4.44,3.5,0.53,10.11,20.05,0
4.91,2.31,2.29,0.5,11.45,55.72,0
4.4,2.11,4.3,0.79,17.24,74.49,0
5.33,3.55,6.0,,5.81,46.91,1
6.81,2.19,4.03,1.56,10.96,69.54,1
7.82,2.13,5.03,1.36,19.96,63.44,1
6.66,2.57,2.68,1.7,5.73,71.37,0
6.72,4.35,5.2,2.17,15.85,70.72,1
4.12,3.09,1.26,1.82,16.96,16.24,0
6.89,3.09,2.35,0.4,10.75,67.28,0
5.64,3.67,4.2,0.8,6.45,13.87,0
7.24,2.3,6.46,1.38,5.21,15.23,1
5.92,2.69,5.54,2.48,13.52,38.95,1
4.58,2.54,4.71,2.01,16.53,65.92,1
6.78,4.17,1.77,1.94,17.58,66.61,0
7.6,3.04,3.21,1.36,6.44,38.24,0
5.45,3.5,4.0,2.38,6.81,,1
4.57,3.8,6.2,1.44,15.02,55.92,1
7.41,4.25,2.59,1.72,12.64,20.72,0
4.21,2.24,6.64,0.24,11.08,36.91,1
4.11,2.17,1.86,1.97,12.03,46.69,0
5.3,2.04,3.52,2.44,5.65,49.5,1
4.68,3.81,6.57,2.43,14.56,61.98,1
4.51,3.89,6.54,1.03,2.83,36.98,1
5.82,4.02,3.41,0.13,10.39,58.46,0
6.07,2.23,2.9,0.97,18.19,56.62,0
6.11,3.84,5.31,2.1,15.71,54.83,1
6.1,2.59,6.57,1.71,2.34,73.31,1
6.43,2.14,5.24,2.29,10.07,41.42,1
6.48,3.59,4.4,0.39,18.69,10.55,0
4.14,2.03,6.78,1.42,5.46,68.23,1
5.27,3.64,3.37,1.21,17.47,34.98,0
6.17,2.5,1.99,1.26,7.0,74.88,0
,2.99,1.68,1.01,4.02,63.08,0
7.07,3.24,6.61,2.32,8.15,22.6,1
6.73,2.38,4.15,0.6,18.24,19.82,0
5.84,3.13,2.35,0.88,3.67,44.89,0
5.27,2.36,2.11,2.45,3.1,74.01,0
7.4,2.2,2.28,0.28,12.46,54.45,0
5.06,3.54,6.81,1.97,12.44,13.39,1
5.51,3.96,5.81,1.37,18.25,78.44,1
4.94,3.28,5.67,0.56,7.29,15.4,0
5.32,3.56,2.27,1.46,14.97,64.36,0
5.63,3.28,3.88,2.09,6.95,33.26,1
,2.89,1.4,1.61,14.95,10.28,0
5.47,2.87,3.27,1.27,11.13,39.36,0
7.22,2.37,2.26,1.86,6.56,49.35,0
5.29,3.24,5.44,1.34,9.77,75.09,1
5.08,3.98,2.74,1.95,7.23,29.53,0
6.46,3.26,4.31,0.43,8.8,30.94,0
7.36,4.27,6.47,1.58,19.82,40.01,1
6.63,3.52,6.83,2.45,4.82,44.13,1
4.44,2.55,6.86,0.21,10.07,28.48,1
7.25,2.09,3.35,1.19,7.83,10.42,0
4.68,3.83,3.77,2.16,15.28,79.73,1
4.23,4.29,,1.23,7.05,64.23,1
5.46,3.16,4.6,1.6,5.94,76.29,0
4.86,3.05,3.95,0.32,9.29,31.05,0
6.69,3.42,2.01,1.99,18.94,26.93,0
6.74,3.14,1.45,1.42,10.05,63.91,0
6.76,2.89,5.42,2.38,13.01,22.84,1
6.03,2.49,,1.82,3.56,73.47,1
7.07,2.68,5.28,2.29,16.45,59.51,1
6.87,2.89,4.53,2.44,13.92,75.67,1
6.78,2.01,3.79,2.13,15.49,65.47,0
5.7,2.96,5.17,1.78,15.41,62.14,1
7.36,3.21,1.58,0.1,2.29,76.1,0
5.98,3.73,6.78,2.49,16.56,62.66,1
5.64,4.32,4.8,0.97,12.98,63.82,1
5.03,3.59,2.78,0.95,19.04,16.37,0
4.14,2.05,4.43,2.38,13.79,13.45,1
6.53,2.52,1.34,2.21,19.5,73.88,0
5.96,4.13,6.54,2.2,18.93,31.51,1
5.82,3.63,1.38,1.01,9.22,41.56,0
5.91,3.39,5.86,2.47,5.28,20.49,1
6.76,2.56,6.86,,17.97,31.82,1
5.77,4.11,4.16,2.02,16.57,18.67,1
6.43,2.9,2.63,2.11,9.08,10.84,0
6.81,3.01,1.46,0.12,16.52,63.56,0
7.46,4.34,1.07,1.39,2.23,52.57,0
7.08,3.65,3.53,1.02,15.74,65.26,0
6.21,3.6,4.17,0.48,13.8,32.33,0
6.99,4.24,1.27,2.35,4.98,63.78,0
4.73,2.86,6.72,0.14,18.28,30.49,1
6.25,2.61,5.35,0.54,18.45,24.79,1
7.11,4.03,1.77,2.04,3.93,73.98,0
,2.53,6.75,1.25,4.95,68.3,1
4.57,2.64,,2.0,19.88,67.85,1
7.2,2.53,2.15,1.49,15.2,24.89,0
4.71,2.27,3.29,0.97,18.92,53.59,0
6.08,3.12,4.52,,16.26,73.35,1
4.78,3.86,5.89,,8.02,55.26,1
6.16,3.87,5.43,1.68,15.38,22.47,1
6.76,2.84,5.61,0.18,17.47,71.99,1
6.63,4.39,2.46,1.55,15.26,45.67,0
5.88,2.62,5.51,0.16,19.84,50.99,0
7.37,2.32,3.8,0.11,7.17,64.56,0
6.22,2.85,5.94,1.35,15.17,11.22,1
5.26,3.11,4.32,0.9,15.07,64.37,0
5.88,3.94,5.93,0.97,5.09,14.54,1
6.67,3.08,4.75,0.18,15.24,35.08,0
6.13,2.67,1.25,1.32,18.08,69.24,0
,3.57,5.85,0.15,14.25,39.93,1
5.56,3.72,2.77,2.3,11.85,48.37,1
6.63,3.12,5.19,1.37,,16.4,1
5.17,3.27,5.05,1.78,3.8,39.04,1
4.81,3.48,2.18,2.27,3.22,19.62,1
5.81,4.16,5.59,1.93,7.45,,1
7.21,3.96,5.17,0.12,17.91,72.24,0
6.06,2.44,1.97,2.19,19.26,65.35,1
4.23,3.86,3.22,2.36,16.36,25.25,1
5.25,4.1,2.17,2.18,8.47,13.87,1
6.22,3.42,6.87,1.19,15.57,56.42,1
6.18,3.28,1.73,1.94,19.54,37.01,0
5.93,4.33,1.14,1.81,5.01,31.73,0
6.73,3.32,3.73,2.47,3.74,64.14,1
6.07,2.37,5.99,2.24,13.32,47.74,1
6.96,3.22,,2.27,2.76,54.84,1
7.86,4.09,6.84,2.15,6.72,49.87,1
6.44,3.01,6.94,0.81,9.38,46.29,1
5.32,3.18,6.24,0.36,10.43,24.08,1
4.79,4.16,3.51,0.21,15.94,32.74,0
6.96,3.49,1.83,2.17,12.19,18.78,0
5.17,2.04,6.19,2.09,14.76,33.6,1
7.15,3.93,4.2,1.79,9.47,22.99,1
5.87,4.08,6.38,0.83,17.38,19.49,1
5.63,3.08,6.22,0.97,11.51,69.41,1
7.49,,2.55,1.85,6.25,,0
6.0,2.5,6.76,0.69,17.23,36.35,1
5.6,2.75,4.66,1.78,6.04,74.9,1
4.5,2.29,3.13,1.68,19.58,74.53,1
6.7,2.24,6.45,1.48,10.31,37.04,1
4.91,4.28,3.7,0.45,7.8,62.59,0
7.98,3.64,6.5,2.14,11.16,23.58,1
6.84,3.95,5.05,0.69,5.76,20.42,0
5.36,3.11,6.46,0.12,18.35,57.32,1
7.69,4.21,6.01,2.36,9.48,57.02,1
7.57,3.28,3.71,1.43,8.75,54.18,0
4.7,3.09,5.41,2.25,16.75,16.19,1
6.39,3.76,5.46,0.16,18.6,41.08,0
7.94,4.3,3.51,1.84,4.7,30.6,0
6.3,2.26,4.66,1.73,14.05,21.96,1
6.39,4.11,2.34,1.33,19.46,71.24,0
5.75,3.1,5.65,0.26,11.56,36.85,1
6.52,3.45,6.87,1.81,16.59,32.97,1
4.29,2.07,,0.96,5.35,78.07,0
4.75,3.29,1.88,2.07,6.63,45.47,0
7.5,3.81,3.73,0.44,13.04,69.65,0
6.98,3.51,2.81,0.16,2.75,53.06,0
5.47,2.31,1.09,0.7,11.46,41.4,0
7.07,2.46,4.2,1.36,14.54,15.37,1
4.84,2.74,1.48,1.56,11.19,31.28,0
5.9,3.23,6.33,1.13,8.95,34.35,1
7.13,2.5,5.0,2.25,14.26,12.04,1
5.17,3.59,5.16,1.22,18.28,39.31,1
7.81,2.8,2.13,0.4,7.71,26.63,0
7.97,3.33,2.96,2.36,14.02,26.54,1
5.16,4.13,1.06,0.72,5.16,67.73,0
,4.43,2.04,1.58,15.6,26.29,0
5.76,3.84,6.22,0.25,7.24,37.72,1
4.63,2.25,5.36,0.29,17.78,30.3,1
6.78,3.31,3.41,1.46,7.3,76.86,0
5.72,2.86,3.97,0.72,13.02,75.42,0
7.31,2.9,4.69,0.57,2.09,25.47,0
5.15,,4.54,2.41,9.34,19.43,1
6.88,4.24,3.35,0.85,19.97,64.37,0
7.05,4.09,2.05,1.15,19.42,32.9,0
4.88,4.16,3.0,1.6,5.15,77.63,0
5.06,3.41,6.24,1.1,7.21,30.64,1
4.18,2.17,5.74,2.4,16.09,20.7,1
4.23,3.28,2.68,1.22,7.39,16.86,0
7.1,3.29,2.14,0.29,8.78,70.11,0
7.87,2.94,6.19,1.31,19.02,46.76,1
6.38,3.89,3.51,1.06,12.89,64.47,0
4.12,3.62,5.4,2.45,8.44,16.33,1
7.12,2.96,6.83,0.54,4.52,78.13,1
4.9,2.71,5.5,1.93,12.73,71.53,1
7.3,3.41,1.27,2.37,15.12,11.71,0
6.37,2.17,6.95,1.96,8.52,35.59,1
7.26,3.19,3.68,1.57,9.63,28.55,1
5.81,3.92,4.62,,13.86,67.66,1
4.47,2.27,1.51,0.22,4.29,43.33,0
6.65,2.53,4.0,2.27,15.9,39.34,1
5.92,3.36,1.14,1.14,10.37,69.56,0
7.03,3.59,2.58,1.23,14.45,40.25,0
6.88,3.91,3.07,1.21,2.87,65.99,0
6.13,3.46,1.3,2.37,6.73,11.9,0
7.16,4.01,3.89,1.1,14.99,56.83,0
4.66,,5.74,,5.05,70.95,0
7.59,3.89,4.26,0.48,9.18,44.27,0
4.47,3.32,4.34,2.5,19.8,16.77,1
7.13,2.13,5.04,1.51,7.03,15.71,1
5.54,2.25,3.0,1.71,7.39,76.96,1
5.89,3.95,3.76,0.71,6.42,60.03,0
4.59,3.75,,2.03,2.05,50.48,0
6.75,2.65,6.33,1.42,17.19,26.76,1
6.63,3.42,6.51,1.71,9.71,30.36,1
5.51,3.28,5.74,1.96,5.79,55.96,1
6.13,4.11,2.83,2.39,15.96,68.15,0
6.04,3.51,4.09,0.88,3.38,52.79,0
7.11,3.1,6.99,1.59,17.82,58.51,1
7.61,2.06,6.4,1.55,11.68,16.67,1
4.93,3.64,3.17,0.31,7.83,33.79,0
,2.85,5.9,0.29,12.86,14.93,1
6.83,2.16,5.81,1.12,13.14,21.39,1
4.84,3.45,3.82,1.48,10.04,10.6,0
7.29,2.79,5.73,1.24,6.1,42.05,1
6.28,3.67,4.96,1.13,6.44,68.73,0
6.45,2.26,3.96,2.43,8.78,10.76,1
6.69,2.57,2.44,0.31,15.36,23.47,0
6.06,2.15,2.23,1.78,12.05,61.37,0
4.86,4.16,4.15,1.43,10.66,,1
,2.84,3.21,,17.52,26.2,0
7.1,3.7,1.8,0.55,14.45,53.39,0
7.05,4.38,5.13,2.16,16.43,11.56,1
4.23,3.03,1.81,0.89,8.12,78.91,0
4.76,4.06,,0.58,14.55,69.33,0
7.74,2.63,6.06,1.74,18.11,43.0,1
5.51,3.73,2.15,1.31,2.99,29.26,0
5.8,3.56,6.5,2.27,18.8,72.56,1
7.58,2.21,4.5,0.59,14.85,32.62,0
7.24,3.62,7.0,0.52,9.62,55.26,1
4.44,4.08,4.93,1.4,13.43,74.69,1
4.77,3.42,1.35,1.11,11.61,22.05,0
4.45,2.47,1.66,0.85,9.73,66.54,0
6.49,4.07,1.36,2.15,2.62,36.73,0
7.06,2.71,6.98,1.52,16.03,34.42,1
4.65,2.21,1.8,1.09,18.76,29.56,0
6.65,4.25,4.8,0.86,13.21,67.9,1
7.95,3.36,1.31,2.32,11.66,70.56,0
6.33,4.0,4.23,0.62,16.49,26.68,1
7.55,2.99,2.9,0.24,12.4,52.17,0
5.79,2.15,3.35,1.44,3.75,36.36,0
5.43,2.45,4.52,1.4,4.39,49.66,1
4.8,3.84,4.03,1.64,16.59,49.26,1
5.01,3.29,2.11,1.45,19.33,75.58,0
4.02,4.46,6.85,0.12,4.93,79.2,1
5.9,3.83,1.55,2.1,13.72,65.97,0
5.67,2.96,2.97,1.75,12.65,69.05,1
5.56,4.01,5.05,1.29,7.48,46.52,1
6.66,3.45,4.43,0.98,6.07,79.97,0
7.04,4.05,1.75,1.19,2.48,39.42,0
5.64,2.98,6.58,0.63,9.33,51.72,1
5.41,2.31,2.79,1.11,15.68,51.5,0
5.6,3.22,6.2,0.75,6.55,21.87,1
7.07,2.35,3.69,0.31,16.45,56.39,0
6.61,,4.57,0.57,2.86,78.62,0
5.61,2.75,4.12,0.31,3.83,56.25,0
6.07,2.02,6.16,0.97,7.11,16.32,1
4.54,2.45,5.91,0.18,6.0,37.78,1
7.28,4.43,1.49,2.47,13.3,55.33,0
4.55,2.1,6.98,1.29,11.67,19.62,1
7.34,4.07,1.79,1.1,8.86,29.93,0
7.98,3.6,2.69,1.99,19.66,51.35,0
5.12,3.12,3.81,2.31,2.64,36.61,0
7.2,2.01,5.95,2.37,9.72,26.23,1
4.71,4.24,3.63,1.81,17.18,17.46,1
5.3,3.44,2.43,2.23,9.69,41.69,1
4.68,2.6,6.86,1.66,3.73,27.53,1
7.3,3.59,,1.76,5.9,12.7,0
7.36,3.83,3.4,0.26,7.63,36.27,0
7.37,2.4,6.81,1.14,4.61,43.33,1
5.66,3.75,1.74,0.48,13.94,40.44,0
5.94,2.82,2.01,2.26,14.65,67.08,0
6.06,2.43,2.95,1.9,16.42,29.49,1
6.91,4.46,2.46,0.82,4.4,78.14,0
4.38,4.38,2.71,0.66,16.02,72.99,0
5.17,3.04,2.53,0.28,14.95,28.32,0
7.26,4.33,1.78,0.85,11.6,18.21,0
6.41,3.59,1.51,0.87,16.64,13.06,0
5.23,4.41,1.22,1.81,16.48,44.15,0
4.03,3.24,2.26,2.28,7.89,27.69,1
5.84,2.65,1.07,1.13,,29.1,0
4.95,3.44,4.8,0.33,2.95,74.86,1
6.45,2.24,3.19,2.36,9.51,26.92,1
4.16,3.27,1.69,2.48,15.19,77.3,0
5.62,2.69,5.31,2.41,17.97,40.04,1
7.41,2.15,2.69,2.33,14.3,44.94,0
6.63,3.69,5.84,0.41,9.01,10.16,1
4.04,2.4,6.06,2.24,7.78,66.45,1
5.15,2.85,1.65,1.85,7.6,67.42,0
7.86,4.28,3.6,0.9,9.12,29.88,0
6.17,4.03,4.93,1.72,19.82,14.95,1
5.07,2.28,6.62,2.14,18.53,66.9,1
7.22,3.11,4.87,2.26,10.94,42.93,1
4.43,4.37,2.84,1.98,8.28,74.89,1
6.9,2.86,5.28,,7.27,70.0,1
7.64,4.03,3.32,2.19,5.46,73.49,0
5.35,3.01,2.3,2.49,5.55,20.52,1
5.09,2.88,2.12,0.41,16.65,10.09,0
6.2,2.71,2.23,2.19,15.01,48.69,0
4.3,3.59,1.34,1.74,8.74,35.24,0
7.31,3.57,2.67,0.15,,72.07,0
7.26,3.84,1.52,0.28,16.5,,0
6.24,2.65,2.06,2.42,15.27,65.51,0
7.06,4.37,2.63,0.41,7.88,13.96,0
6.55,4.5,1.26,1.93,6.28,36.18,0
4.9,2.65,5.84,1.71,3.22,74.98,1
7.48,4.22,2.07,1.99,11.78,69.02,0
6.67,3.78,6.64,0.49,13.61,,1
4.53,3.06,2.2,2.27,10.38,25.08,0
,2.63,4.81,0.6,19.36,15.15,0
5.33,,1.31,1.3,6.34,17.87,0
7.19,4.39,2.57,1.46,7.29,48.59,0
7.15,2.73,5.85,0.38,5.94,53.72,0
7.51,4.45,4.76,1.58,16.66,25.82,1
6.49,2.95,4.41,1.57,14.04,17.89,1
7.33,3.27,4.47,2.13,16.66,13.92,1
7.1,2.38,2.22,0.25,9.11,65.75,0
5.4,4.2,2.22,1.14,6.31,64.75,0
6.01,3.61,3.42,2.37,6.46,75.79,0
6.13,4.17,,1.24,16.76,33.67,0
5.86,3.42,3.09,0.95,2.21,49.91,0
4.94,3.81,5.07,0.73,13.99,49.97,1
4.89,3.29,2.46,2.07,8.97,49.47,1
7.44,2.05,4.94,0.68,10.68,60.99,0
4.6,2.35,1.39,0.83,19.98,65.14,0
7.67,2.33,6.3,1.09,6.42,20.93,1
6.1,4.41,5.69,0.92,19.97,18.25,1
4.13,2.1,4.22,1.66,9.7,15.5,1
5.64,3.7,4.45,0.26,17.72,72.44,0
7.67,3.93,2.54,1.54,9.12,49.15,0
7.55,3.42,3.58,2.03,8.35,15.57,1
7.77,4.29,2.0,1.73,9.25,37.64,0
4.92,3.5,4.31,1.53,13.72,62.21,1
5.23,4.04,5.54,1.32,14.91,21.73,1
4.49,,6.22,0.7,19.15,70.95,1
7.43,3.16,6.43,1.67,7.35,36.47,1
5.04,3.79,4.69,0.76,13.82,66.94,1
7.16,3.48,2.22,0.72,8.41,67.33,0
4.04,2.48,5.44,0.16,7.91,39.63,1
7.53,3.67,1.91,2.01,8.64,27.48,0
7.99,2.13,2.38,1.74,7.03,26.11,0
4.97,3.18,6.57,2.04,13.42,74.62,1
6.55,3.59,,0.44,9.91,78.33,0
7.01,3.7,5.26,1.08,9.36,74.25,0
7.49,4.33,5.63,1.9,,22.5,1
6.73,2.55,2.92,0.16,7.72,63.23,0
7.85,4.1,4.64,0.64,6.7,77.88,0
7.09,2.29,2.11,0.65,2.26,23.34,0
5.23,3.97,4.12,1.07,11.44,68.26,0
6.15,3.83,3.38,1.64,6.41,17.28,1
5.06,3.79,6.58,,,,1
7.85,4.17,1.49,0.13,19.42,77.44,0
7.16,2.47,6.06,1.43,3.58,55.21,1
6.27,3.07,3.11,1.62,14.9,15.52,1
,4.43,6.38,1.0,15.06,35.45,1
4.78,4.0,4.94,0.8,5.81,16.19,0
,4.5,5.63,0.22,6.43,28.55,1
4.18,4.16,3.56,1.24,16.97,43.69,1
5.31,2.08,1.99,0.14,9.78,53.06,0
6.57,4.03,3.94,0.18,19.2,68.6,0
5.25,3.21,3.66,0.69,9.52,59.24,0
7.34,2.92,2.27,1.6,3.9,54.7,0
7.88,4.41,4.0,1.65,11.56,13.89,1
6.86,2.61,1.02,1.01,8.89,14.65,0
6.4,2.48,3.99,0.8,10.25,12.46,0
7.74,3.27,2.62,1.33,2.16,35.39,0
6.45,2.53,1.0,2.31,19.34,74.02,0
4.95,4.1,5.86,2.29,5.58,50.04,1
7.92,2.89,2.59,2.0,5.2,48.56,0
7.54,2.44,4.24,1.86,18.69,45.29,1
7.84,3.12,5.22,0.92,12.81,69.95,1
4.18,4.27,1.62,1.05,17.53,68.16,0
7.99,3.14,1.25,0.21,8.42,10.76,0
6.34,4.27,5.8,2.3,11.63,75.59,1
4.98,,2.24,0.78,7.73,27.74,0
4.6,3.18,1.59,0.64,2.56,13.52,0
7.0,4.43,4.03,0.29,14.73,52.18,0
6.96,2.23,4.52,2.01,14.91,34.82,1
5.99,2.2,5.37,1.9,16.55,46.15,1
5.05,2.25,4.39,1.54,6.19,78.68,0
4.6,2.42,5.08,0.85,17.5,32.56,1
4.9,3.6,3.08,2.24,8.61,70.05,1
4.24,2.34,1.53,1.12,16.35,46.21,0
7.55,3.45,6.09,0.36,17.01,73.39,0
6.94,4.16,3.38,0.99,3.66,45.45,0
4.13,3.79,2.41,0.27,5.3,37.82,0
4.52,2.68,3.06,0.61,9.13,56.44,0
8.0,4.33,2.69,1.53,2.26,36.19,0
5.91,3.85,5.72,0.54,,51.61,1
7.13,3.21,6.31,0.8,18.8,67.74,1
6.89,2.07,1.41,0.41,10.43,25.07,0
6.89,2.44,3.64,0.59,18.31,54.35,0
7.06,2.49,4.75,0.42,19.95,12.43,1
4.07,2.82,5.38,1.6,3.47,31.78,1
7.34,3.38,4.04,1.75,6.97,18.4,1
4.87,3.0,3.15,1.21,7.83,35.63,0
4.87,3.53,1.38,0.26,14.66,10.73,0
6.76,3.19,1.17,1.06,9.69,49.29,0
6.61,4.14,3.84,0.31,17.18,47.64,0
4.91,2.06,3.16,1.22,15.83,23.36,1
4.29,4.3,2.45,1.83,5.15,72.55,0
4.01,3.55,3.46,0.73,3.35,64.06,0
6.36,2.36,5.01,1.81,7.4,45.43,1
6.1,2.58,5.82,0.98,11.52,44.71,1
6.12,,3.93,0.63,8.67,43.04,0
7.23,4.32,1.36,2.37,14.16,69.02,0
6.98_err,3.22,5.36,0.88,14.47,64.39,1
7.28,3.07,6.77,2.1,17.61,44.02,1
6.39,3.49,1.82,0.4,2.13,75.27,0
6.37,,5.57,0.89,4.95,76.75,1
5.73,3.29,4.45,1.07,2.61,18.79,1
4.78,2.5,4.91,0.51,10.3,24.71,0
5.71,2.76,6.33,0.2,2.52,15.29,1
6.64,2.38,1.77,1.35,2.18,18.05,0
,4.14,4.43,0.53,7.92,74.99,0
7.17,3.67,2.72,0.88,14.26,17.17,0
7.69,2.34,3.97,1.21,15.61,57.82,0
4.56,3.55,3.39,2.09,8.64,59.29,1
,3.87,1.54,2.34,3.23,67.32,0
5.5,2.03,4.66,2.45,5.71,77.09,1
4.19,3.06,3.47,1.14,7.47,34.85,0
5.83,2.48,2.55,1.18,17.74,78.88,0
7.83,3.63,3.13,0.83,4.58,68.1,0
7.79,2.42,4.96,1.03,9.01,44.09,0
7.56,3.4,5.4,0.53,14.97,,1
6.05,4.49,6.08,1.79,8.7,68.25,1
6.09,3.22,1.85,0.57,18.75,60.6,0
5.16,4.27,1.97,0.31,5.7,71.15,0
4.4,4.36,4.26,1.9,2.23,19.23,1
7.13,4.4,4.31,1.24,16.35,77.8,0
4.78,,1.02,1.82,11.18,45.28,0
6.88,3.54,2.24,2.19,13.14,70.04,0
5.67,2.83,5.7,1.22,14.99,28.52,1
6.13,3.1,4.6,0.56,14.34,67.16,0
4.94,4.25,2.55,1.53,12.3,56.81,0
4.21,3.59,1.88,0.25,3.21,51.47,0
6.6,3.95,6.05,2.15,3.48,57.6,1
5.76,3.59,5.7,0.17,13.59,66.21,0
5.95,3.1,4.75,1.46,3.95,41.35,0
4.22,2.34,2.26,0.5,2.73,63.3,0
5.04,2.46,3.78,1.35,19.25,42.33,1
4.72,2.14,3.32,0.25,2.37,11.2,0
7.07,3.33,3.81,0.14,6.07,61.44,0
7.38,3.75,4.06,1.8,3.11,69.31,0
6.65,2.29,1.49,1.56,7.7,20.4,0
6.47,3.7,2.31,2.29,12.07,76.68,0
4.38,3.23,1.79,2.5,5.86,31.61,1
7.31,2.72,3.29,1.92,19.79,71.49,0
5.92,4.37,3.06,0.68,5.29,27.23,0
7.97,3.06,1.06,0.75,13.67,11.69,0
5.01,3.75,5.35,2.13,19.76,33.92,1
4.01,3.87,5.05,0.98,16.99,32.0,1
5.62,3.68,4.24,0.82,19.09,75.4,1
5.83,3.47,6.89,2.26,16.27,57.07,1
5.94,2.17,6.84,0.56,16.83,57.84,1
7.35,3.91,5.77,2.14,6.31,12.65,1
6.13,2.57,5.53,1.28,4.41,37.19,1
6.22,2.8,6.56,2.03,17.45,46.94,1
7.53,4.12,5.36,1.49,2.09,19.39,1
6.3,2.7,4.63,2.11,3.38,37.72,1
6.85,2.71,1.1,1.2,6.85,72.09,0
4.63,3.57,5.29,1.65,13.4,57.17,1
5.8,3.22,4.53,0.85,17.11,28.67,1
6.39,2.4,2.55,2.27,5.76,69.65,1
4.49,2.42,5.33,1.32,3.08,57.0,1
4.37,2.86,5.59,2.35,12.51,14.4,1
7.76,2.07,5.16,1.81,4.31,65.31,1
5.86,2.56,1.47,2.5,19.85,38.86,0
7.47,2.2,5.12,2.25,6.81,67.65,1
4.25,3.02,3.46,2.17,9.61,23.58,1
4.41,2.25,1.97,0.98,18.35,,0
4.31,3.27,3.75,1.37,12.58,61.97,0
4.81,3.92,2.61,1.85,12.55,21.96,1
7.82,2.03,3.77,1.03,18.65,20.03,0
5.09,4.24,5.74,2.25,13.4,60.81,1
5.75,2.35,6.21,0.77,16.82,45.75,1
5.92,2.92,1.72,1.12,14.92,30.26,0
4.12,3.02,2.67,1.56,11.02,63.76,0
5.72,2.43,5.85,1.19,2.63,38.84,1
5.71,3.7,6.3,2.31,18.12,79.89,1
7.12,4.09,6.09,1.96,3.85,54.59,1
7.58,2.59,6.48,1.72,,29.2,1
6.6,2.2,1.7,0.66,9.85,43.07,0
4.52,3.0,3.35,1.74,15.15,33.94,1
5.72,3.69,5.57,1.5,18.24,13.6,1
7.98,2.97,1.94,1.52,13.2,64.84,0
4.12,2.87,5.65,1.57,19.33,68.91,1
5.85,3.56,6.56,2.47,15.21,13.99,1
6.59,2.58,3.99,0.91,11.09,21.74,0
6.81,3.28,4.95,1.07,10.52,50.81,1
6.28,3.88,6.8,1.21,3.48,39.88,1
6.9,2.99,6.09,1.23,18.54,14.28,1
7.15,4.48,6.64,1.89,16.43,13.69,1
7.86,4.2,3.04,0.69,7.4,33.89,0
7.99,3.75,1.56,1.75,14.17,41.86,0
7.23,2.86,2.49,2.11,3.58,17.49,0
6.23,2.43,5.92,0.58,15.49,63.49,0
4.41,3.66,2.28,0.73,7.31,13.51,0
4.09,3.79,4.41,0.66,13.93,30.91,1
5.71,2.32,6.6,2.06,6.91,74.73,1
4.62,3.25,4.65,0.84,19.4,73.73,1
5.84,2.49,5.9,2.19,11.37,76.67,1
7.87,3.4,5.76,0.76,16.33,73.08,1
5.55,3.14,5.15,1.99,6.66,27.16,1
6.59,4.04,2.54,2.3,16.66,46.62,0
6.41,3.5,2.29,1.26,12.21,77.82,0
6.49,2.42,5.01,2.21,7.51,61.66,1
6.56,2.89,2.42,0.4,11.18,,0
4.97,2.05,4.01,0.31,14.4,44.05,0
,4.02,1.72,1.65,3.6,39.53,0
4.28,3.88,2.18,2.06,14.49,34.18,0
4.76,2.29,1.25,1.22,9.59,37.57,0
6.2,3.12,4.04,1.93,19.23,39.36,1
4.24,3.57,4.81,2.38,14.58,50.91,1
6.86,2.39,3.85,2.37,,57.04,1
7.56,2.1,1.46,0.73,9.61,25.27,0
4.55,2.34,1.92,0.37,7.34,69.37,0
6.68,2.22,2.39,1.66,7.36,14.87,0
6.61,3.49,,0.11,12.01,34.99,0
6.57,4.38,4.1,0.63,10.39,59.69,0
5.09,2.89,4.82,,12.64,46.72,1
7.82,2.93,6.88,0.18,3.99,38.22,0
7.4,3.07,,1.69,11.61,48.74,1
6.85,4.14,6.91,0.82,8.22,69.81,1
7.91,2.2,5.01,1.31,10.71,24.1,0
4.07,3.97,1.1,2.24,2.37,64.03,0
4.6,4.18,5.68,1.48,19.46,24.12,1
5.9,2.99,2.69,2.06,14.59,30.31,1
4.38,3.05,4.21,0.69,14.22,49.03,0
6.45,4.11,5.94,2.03,5.5,53.41,1
5.83,4.19,1.71,2.45,3.01,12.78,1
5.03,3.2,1.84,0.62,17.56,63.53,0
5.85,3.54,1.66,2.48,14.76,67.03,1
4.88,3.12,6.85,0.54,17.64,20.89,1
4.6,3.19,6.38,1.86,8.46,61.58,1
6.53,3.44,4.32,1.19,4.52,38.5,0
5.51,3.28,6.61,1.24,19.99,37.32,1
4.02,3.8,1.63,0.68,3.33,23.57,0
7.5,3.61,2.97,1.65,12.13,63.81,0
5.37,3.56,5.57,0.48,14.37,70.41,0
7.82,2.79,4.8,2.23,10.98,33.47,1
4.49,2.09,4.77,2.32,2.85,21.27,1
7.79,3.4,6.81,1.64,16.9,78.48,1
4.35,2.15,3.63,2.23,16.65,44.46,1
6.71,3.76,5.5,0.17,16.24,38.45,1
7.25,2.12,5.18,0.27,18.65,50.05,0
7.43,3.49,3.52,0.44,16.08,70.79,0
6.29,3.59,3.28,,,26.92,1
5.24,3.24,6.56,2.37,8.8,65.45,1
6.87,4.39,4.52,0.62,15.47,43.07,0
4.61,3.99,2.31,0.61,16.81,52.39,0
6.76,3.99,2.66,2.38,2.63,79.63,0
4.15,3.03,6.13,0.78,5.55,57.94,1
6.62,3.68,4.04,1.73,13.91,43.43,1
,4.24,3.82,0.52,3.35,15.94,0
5.55,3.56,4.41,1.97,10.92,24.82,1
7.88,3.63,5.57,2.2,7.41,78.48,1
7.31,3.52,3.56,0.27,13.28,71.78,0
7.98,2.95,1.88,1.37,15.19,10.61,0
5.94,3.53,2.74,2.41,9.67,64.78,0
4.95,2.73,2.83,0.88,14.95,61.15,0
6.9,4.24,6.72,0.69,9.48,38.89,1
5.6,2.04,2.14,0.37,17.08,42.02,0
6.92,3.58,1.47,2.4,12.72,49.96,0
6.19,4.22,4.51,0.28,15.19,51.39,0
4.54,3.8,2.21,1.47,5.7,34.38,0
5.12,2.26,6.0,0.96,6.06,71.12,1
4.37,2.99,3.65,0.18,19.06,14.55,0
7.66,2.29,1.03,2.03,15.22,37.98,0
5.5,3.63,3.03,0.79,2.76,33.17,0
6.75,3.5,4.62,1.71,4.91,64.4,1
5.25,2.42,2.98,1.57,,,1
7.96,3.48,2.17,2.12,5.1,22.05,0
6.39,4.41,3.15,2.5,16.94,41.08,1
7.27,3.99,3.6,0.55,18.09,30.0,0
7.72,3.44,4.09,1.8,10.13,61.7,1
4.63,3.32,4.03,1.59,9.73,33.73,1
7.6,4.38,1.65,1.17,7.84,16.8,0
4.21,2.55,4.71,1.41,12.83,27.48,1
7.14,2.51,5.22,0.97,14.42,41.91,1
4.95,4.03,5.39,1.66,4.1,29.47,1
5.59,2.53,6.0,0.79,15.75,76.17,1
4.45,3.84,1.68,1.73,2.07,65.42,0
7.21,3.6,3.21,1.19,12.5,63.85,0
5.25,4.05,3.06,0.74,4.8,20.43,0
6.92,4.26,3.8,1.06,10.68,78.6,0
5.43,2.45,1.57,1.17,12.3,30.79,0
7.33,3.75,4.52,1.67,5.09,,0
5.86,2.11,5.72,0.74,,35.52,1
4.87,2.24,5.96,0.52,16.07,20.84,1
6.23,4.03,2.2,2.0,12.37,64.16,0
4.77,2.88,2.1,1.55,2.86,36.16,0
7.84,3.76,1.95,1.8,10.95,19.1,0
6.21,3.8,3.79,2.1,3.42,47.98,1
6.64,3.21,2.25,2.14,,18.7,0
7.98,3.62,1.54,0.65,18.78,15.62,0
4.33,3.51,2.29,0.37,14.35,64.79,0
7.13,3.08,2.98,1.19,2.44,31.24,0
7.89,2.46,4.53,1.42,3.15,46.68,0
4.58,4.47,5.66,1.47,10.84,62.11,1
4.07,2.44,2.7,2.43,19.27,59.12,1
5.56,3.52,3.73,0.82,18.72,36.77,1
6.48,3.19,3.86,1.9,11.97,16.95,1
6.12,2.52,1.81,0.33,15.07,73.95,0
5.82,3.46,5.38,1.84,5.58,78.76,1
7.64,4.2,1.17,1.66,19.2,15.19,0
4.9_err,2.29,6.52,0.38,11.19,28.24,1
4.93,3.17,5.29,1.88,,75.4,1
4.87,4.32,2.51,1.03,2.88,76.58,0
7.76,3.77,1.73,0.71,7.97,15.4,0
5.43,4.43,2.16,0.42,4.53,71.6,0
7.4,2.18,5.66,0.42,18.95,70.51,1
7.85,4.46,6.53,1.1,10.02,52.82,1
4.9,2.03,3.6,0.49,19.2,18.57,1
5.25,2.79,6.63,0.7,7.09,74.88,1
7.55,3.5,3.12,0.79,15.95,62.61,0
5.88,3.02,5.65,2.38,13.35,60.98,1
4.28,3.64,3.99,1.36,2.02,67.41,0
5.6,3.48,5.79,2.25,19.38,13.1,1
7.45,4.08,4.13,1.27,9.53,16.2,1
4.17,2.64,,2.21,13.87,58.35,1
6.32,,3.83,0.52,10.51,46.27,0
7.66,3.01,4.94,2.07,3.2,28.56,1
5.54,2.29,4.45,1.33,16.27,33.57,1
5.47,3.17,5.16,0.55,10.42,37.17,1
7.46,4.38,1.55,2.4,6.32,66.95,0
6.73,2.99,1.54,,10.6,25.05,0
7.47,3.52,5.11,0.62,10.07,36.85,0
6.63,4.16,6.07,1.35,11.13,60.78,1
7.99,4.32,4.69,1.59,13.39,64.92,0
5.51,4.19,,1.52,19.79,70.5,1
4.0,2.62,5.38,1.19,3.29,20.79,1
5.88,3.56,5.03,0.65,9.43,16.9,0
4.89,4.49,4.19,0.89,13.14,,0
6.82,4.26,2.88,0.7,2.09,15.21,0
7.17,2.98,5.54,1.66,10.32,58.44,1
6.65,4.34,5.0,1.42,15.6,32.48,1
7.09,4.09,2.26,1.04,2.75,38.19,0
6.31,2.73,2.89,1.48,14.88,13.21,0
6.48,4.06,6.09,0.77,12.06,24.96,1
5.52,2.96,6.55,1.43,13.32,16.76,1
6.94,3.6,2.04,1.21,9.82,21.97,0
5.57,2.51,2.99,1.87,4.2,57.98,0
4.92,3.9,5.35,1.56,11.81,16.1,1
,2.46,6.13,0.25,13.82,44.62,0
5.93,4.37,3.79,0.36,12.66,51.14,0
7.73,3.73,1.79,0.53,7.66,73.21,0
5.09,2.93,,0.32,9.86,29.36,0
4.84,2.39,6.99,0.51,19.04,38.35,1
7.22,2.51,4.25,0.98,15.57,59.53,0
6.81,2.24,6.67,2.47,15.65,49.37,1
4.73,3.51,2.9,0.38,16.88,74.14,0
7.54,3.48,5.54,2.38,3.44,44.06,1
5.44,2.12,4.34,2.38,13.2,30.32,1
4.47,3.74,5.24,2.18,15.95,11.14,1
6.52,2.47,4.81,1.88,12.4,19.98,1
4.82,4.33,3.22,2.11,3.31,76.73,0
5.57,4.22,4.62,2.05,16.73,32.79,1
8.0,3.47,3.87,1.5,8.06,11.6,0
6.9,3.35,5.42,2.18,11.46,32.2,1
6.52,4.47,5.0,1.48,18.13,59.71,1
6.2,2.93,6.84,2.35,8.09,67.71,1
6.68,3.75,2.49,0.7,12.68,37.56,0
6.66,4.18,5.08,1.94,15.44,46.34,1
5.45,2.01,1.96,2.44,10.2,66.95,0
7.85,3.39,1.03,0.57,5.77,13.42,0
7.83,2.05,6.75,0.44,16.78,71.48,1
7.98,2.88,4.37,0.71,18.49,20.71,0
6.01,3.34,5.72,1.52,9.79,20.98,1
5.38,2.72,1.5,1.29,11.87,61.42,0
5.69,3.77,1.16,0.67,13.83,66.02,0
7.72,4.21,6.73,0.52,12.38,52.88,1
6.63,2.52,3.22,1.69,,66.57,0
6.74,4.24,4.23,1.37,9.97,73.96,1
4.07,3.17,6.11,2.32,8.82,16.73,1
6.73,4.06,5.66,1.56,15.73,21.46,1
7.23,2.96,1.62,1.78,18.91,24.36,0
6.43,3.64,2.3,2.0,12.71,49.94,0
6.02,2.79,3.85,1.73,13.99,17.92,1
5.16,3.09,2.71,0.35,12.81,79.4,0
7.65,3.5,1.07,2.4,14.04,63.24,0
6.36,2.07,5.37,1.28,18.02,31.44,1
5.29,3.67,3.3,2.03,8.31,32.57,0
,4.04,5.17,1.39,2.59,72.14,1
4.53,4.03,4.27,1.41,19.75,29.03,1
6.56_err,3.24,4.67,0.81,5.42,72.66,0
6.21,2.73,5.67,1.58,2.79,61.1,1
5.19,2.43,4.87,0.33,12.25,55.1,0
5.56,2.47,1.87,1.21,4.3,44.78,0
5.19,2.53,5.07,1.45,17.41,50.64,1
7.33,3.67,4.7,1.99,8.54,72.67,1
7.06,2.75,6.0,0.18,2.79,30.98,0
5.44,2.61,4.58,0.83,10.78,74.01,1
4.57,3.82,2.8,0.69,17.94,47.83,0
6.55,3.18,2.39,0.24,8.18,79.76,0
5.38,3.45,3.64,1.65,19.49,17.6,1
4.74,4.07,5.41,1.22,14.57,54.52,1
5.64,2.4,3.83,2.26,10.06,15.18,1
4.06,2.73,1.91,2.26,,31.64,0
6.21,3.68,6.08,1.36,8.53,42.47,1
4.18,3.71,6.65,0.16,16.32,44.4,1
6.26,3.72,4.75,2.24,14.67,77.64,1
7.16,4.09,5.12,0.13,3.22,76.52,0
7.62,2.19,2.88,1.37,16.6,44.31,0
6.79,2.2,6.04,1.46,14.65,29.08,1
6.07,2.07,4.98,2.25,4.0,44.83,1
5.94,3.42,2.88,1.53,9.1,78.22,1
4.78,3.88,5.2,0.43,2.86,58.77,0
4.21,3.51,1.58,2.39,5.13,40.73,0
,3.03,4.13,1.83,10.57,37.24,1
7.99,3.62,3.69,0.5,5.88,29.32,0
6.13,3.12,6.75,1.24,12.76,37.19,1
7.4,3.15,5.19,2.38,2.73,47.35,1
5.87,4.09,3.94,1.09,6.51,16.47,0
7.47,3.43,4.89,0.97,17.56,17.55,1
7.72,3.44,2.58,0.88,18.88,51.09,0
4.84,4.18,1.8,2.23,18.43,18.63,1
6.98,2.46,6.32,0.36,19.4,14.57,1
5.14,2.95,3.31,0.95,11.19,22.85,0
,4.27,2.78,2.01,11.46,72.02,0
6.24,2.81,4.03,0.46,6.46,54.96,0
5.2,4.23,,1.02,12.77,68.02,1
,3.61,5.0,2.41,11.3,21.62,1
4.46,4.39,6.04,0.72,4.32,79.13,1
4.83,3.9,1.11,0.29,2.74,21.14,0
6.72,2.03,1.04,1.27,5.08,12.13,0
4.66,2.76,1.89,1.61,13.25,69.15,0
5.27,3.48,4.14,2.3,16.03,59.83,1
6.55,3.23,5.77,2.06,5.24,52.15,1
5.98,3.93,2.85,0.23,16.84,77.89,0
7.78,3.03,1.47,0.39,,51.44,0
7.15,2.71,5.11,1.01,4.12,64.67,0
6.52,3.17,1.1,1.05,10.64,29.97,0
4.89,4.0,3.76,2.07,17.81,37.35,1
5.39,3.94,3.17,1.13,11.43,74.39,0
4.7,3.81,1.09,1.96,6.68,75.03,0
6.67,2.19,5.72,1.08,3.95,71.68,1
5.19,3.24,3.13,0.88,12.75,27.98,0
5.38,2.88,6.63,1.81,11.0,48.73,1
5.92,3.68,5.53,1.72,8.47,58.76,1
6.08,3.39,5.54,2.18,18.54,21.25,1
6.51,3.17,6.62,0.17,7.47,54.04,1
7.43,4.04,2.8,0.93,12.32,47.68,0
6.73,4.37,2.25,,16.01,11.65,0
7.07,3.32,2.92,0.45,15.7,21.32,0
6.83,4.18,3.05,2.1,3.56,53.78,0
4.05,3.52,4.76,2.49,18.12,57.79,1
5.6,4.42,4.48,1.93,9.1,56.93,1
7.45,4.09,3.99,1.54,2.07,67.1,0
7.89,2.7,5.56,1.57,9.17,44.61,1
5.5,2.02,1.97,0.24,16.14,16.65,0
5.81,2.2,6.91,2.1,12.21,13.58,1
6.76,3.16,6.53,,16.07,13.25,1
4.91,3.36,5.35,1.44,5.38,42.17,1
5.07,3.85,6.35,1.21,18.61,15.56,1
5.63,2.87,5.1,0.37,8.3,34.31,0
4.8,3.73,6.11,1.53,8.68,59.53,1
6.28,3.6,5.16,0.51,11.07,38.27,0
5.02,2.9,1.38,1.16,13.21,33.63,0
5.53,3.44,3.01,1.11,6.43,31.23,0
4.71,4.1,2.41,0.31,2.79,76.22,0
6.96,4.46,3.19,1.99,,68.61,0
5.56,4.01,5.71,2.36,6.21,75.65,1
6.96,4.14,1.46,0.9,2.84,49.96,0
7.9,2.03,6.46,1.85,15.11,50.8,1
7.85,3.74,4.91,1.05,3.25,43.47,0
6.88,3.63,4.34,1.6,19.82,75.97,0
6.26,2.31,1.17,2.39,8.9,58.13,0
6.88,3.02,4.22,2.1,2.15,40.36,0
7.86,4.5,3.94,2.33,13.06,45.62,1
5.87,3.01,3.37,1.78,12.91,58.79,1
5.54,3.82,2.12,0.44,6.75,51.14,0
4.02,2.35,4.7,2.37,5.37,13.99,1
5.55,2.89,5.63,0.44,2.22,60.15,0
6.35,2.41,2.21,0.74,5.86,48.74,0
4.52,3.36,1.79,0.21,19.74,49.6,0
4.15,3.59,5.5,1.74,2.12,67.43,1
5.52,3.23,3.18,1.99,14.12,52.6,1
6.65,4.28,3.76,0.85,12.49,39.99,0
5.22,2.74,5.78,0.91,18.18,44.13,1
6.88,2.7,1.73,0.88,9.03,32.64,0
7.18,3.45,3.67,1.23,15.24,71.16,1
7.0,3.97,2.21,0.76,3.55,63.81,0
4.79,4.41,4.52,0.71,9.72,20.53,1
7.37,3.83,4.4,2.19,10.89,27.48,1
4.11,2.52,3.52,0.56,4.45,41.41,0
7.51,3.46,4.48,1.83,5.63,44.35,0
4.72,3.06,6.85,0.42,,18.71,1
5.41,3.51,,0.29,4.35,38.83,1
4.06,4.22,3.27,1.62,8.06,26.67,1
4.18,3.15,1.82,0.54,6.33,,0
6.59,2.47,1.26,1.96,18.12,15.56,0
6.27,4.13,4.37,0.27,9.13,27.62,0
5.59,2.13,4.81,1.2,5.94,53.54,1
6.11,,5.6,0.46,2.15,20.22,1
6.34,4.2,6.9,1.29,2.44,23.51,1
4.69,3.9,6.05,0.29,16.35,63.35,1
4.09,3.9,1.25,2.36,3.02,65.27,0
5.09,2.6,1.33,0.82,14.51,46.83,0
6.05,4.37,4.04,0.85,18.87,47.33,1
6.99,3.82,6.23,1.85,7.26,29.33,1
7.15,2.69,3.11,2.48,15.12,51.36,0
5.12,3.1,3.25,2.08,7.5,29.33,0
7.65,2.58,1.57,1.09,11.81,72.09,0
6.84,4.48,1.55,1.85,7.83,60.82,0
4.41,2.38,,1.13,17.83,49.05,1
7.86,2.8,3.25,1.37,15.66,47.91,0
6.16,2.66,2.66,1.87,14.13,50.99,0
7.44,3.38,5.09,1.11,5.1,33.58,0
5.49,4.47,4.0,2.21,6.9,60.7,1
7.49,3.94,2.78,0.75,15.83,19.6,0
4.5,3.29,5.25,1.36,10.47,17.68,1
6.95,2.07,3.31,1.76,13.91,45.79,1
6.87,3.89,3.55,0.84,3.22,70.03,0
6.55,4.5,1.26,1.93,6.28,36.18,0
5.53,3.41,6.03,1.18,3.13,28.33,1
5.38,2.88,6.63,1.81,11.0,48.73,1
6.33,3.55,1.57,0.12,2.14,36.93,0
7.83,2.79,,,7.53,77.89,0
6.1,3.55,2.62,2.42,8.51,59.13,0
5.85,4.43,1.49,0.67,12.13,52.02,0
6.04,3.79,3.35,0.61,17.03,48.53,0
7.76,3.69,2.17,2.17,8.83,26.19,0
7.05,4.38,5.13,2.16,16.43,11.56,1
7.22,2.51,4.25,0.98,15.57,59.53,0
6.19,3.4,3.24,2.06,7.59,18.14,1
7.67,3.86,6.48,2.42,3.06,75.78,1
7.72,4.21,6.73,0.52,12.38,52.88,1
7.64,4.03,3.32,2.19,5.46,73.49,0
7.53,3.63,3.5,1.66,12.47,15.2,0
4.45,2.45,3.41,0.33,16.98,58.03,0
5.8,3.15,5.89,2.47,16.38,50.24,1
4.0,2.01,1.28,1.18,6.91,33.52,0
7.89,3.17,5.51,1.62,9.65,12.7,0
7.88,2.58,5.34,0.3,10.04,20.6,0
6.1,2.58,5.82,0.98,11.52,44.71,1
5.24,2.76,1.32,2.07,5.44,22.62,0
5.23,2.08,6.86,1.0,,31.84,1
7.71,3.15,1.07,0.91,11.3,41.34,0
4.18,3.71,6.65,0.16,16.32,44.4,1
7.25,2.09,3.35,1.19,7.83,10.42,0
5.76,3.04,6.33,,3.9,14.06,1
4.6,3.5,6.99,1.34,17.68,26.9,1
,2.92,5.14,0.55,13.26,17.31,1
5.03,2.02,4.24,0.44,12.54,49.69,0
7.15,2.71,5.11,1.01,4.12,64.67,0
5.38,4.49,1.68,1.52,14.19,20.93,0
5.85,4.05,5.66,1.93,8.42,47.94,1
7.18,3.29,1.54,1.74,15.63,19.03,0
5.87,2.22,6.54,1.36,10.2,69.56,1
7.51,2.64,5.81,1.63,18.73,51.28,1
6.35,2.44,2.48,1.52,17.96,17.38,0
6.02,2.79,3.85,1.73,13.99,17.92,1
