study_hours_per_day,attendance_percent,previous_score,sleep_hours,assignments_done,has_tuition,parent_education,motivation_score,internet_hours,passed
8.9,150.0,85.9,9.8,2.0,0.0,0.0,2.1,3.4,1
1.1,52.1,28.8,-3.0,13.0,1.0,0.0,3.6,4.2,0
0.3,71.6,45.2,8.8,19.0,0.0,2.0,15.0,5.6,0
-5.0,67.2,73.6,6.1,6.0,1.0,0.0,4.9,1.4,1
2.0,96.5,90.1,7.3,4.0,0.0,1.0,4.1,0.1,1
3.0,94.2,26.8,7.1,0.0,1.0,1.0,2.2,6.7,0
0.3,39.0,71.8,5.3,6.0,1.0,2.0,7.9,7.2,0
5.6,41.0,69.6,9.9,4.0,1.0,1.0,9.5,7.8,0
9.3,49.1,39.9,8.8,16.0,0.0,0.0,1.9,4.1,1
8.8,77.6,85.9,6.3,17.0,1.0,1.0,8.9,3.0,1
3.6,48.4,51.6,7.1,11.0,0.0,0.0,5.1,4.0,0
6.6,73.0,38.7,6.8,19.0,0.0,1.0,5.1,1.8,1
8.2,70.4,59.0,9.1,19.0,0.0,1.0,,5.7,1
1.5,65.6,36.9,4.3,9.0,1.0,1.0,2.3,5.0,0
6.2,34.4,70.7,9.8,4.0,1.0,1.0,1.5,4.5,0
6.4,65.6,35.0,9.4,12.0,1.0,2.0,6.7,4.9,1
4.7,69.0,84.0,5.2,1.0,0.0,2.0,4.6,4.0,1
3.9,76.4,73.4,7.1,16.0,0.0,2.0,6.3,2.6,1
5.4,92.2,94.6,7.9,1.0,1.0,2.0,2.7,2.2,1
0.0,95.0,28.3,5.6,18.0,0.0,1.0,7.0,1.2,0
,54.7,33.4,8.2,9.0,1.0,1.0,7.4,7.8,0
7.4,62.9,42.3,4.2,14.0,0.0,2.0,5.5,7.9,0
3.8,76.3,42.1,5.6,0.0,1.0,,1.2,5.8,0
2.8,84.9,61.6,4.5,3.0,0.0,0.0,3.3,1.7,0
6.3,81.5,89.6,9.2,14.0,0.0,1.0,8.4,2.0,1
8.7,37.8,25.5,6.4,,1.0,0.0,4.5,0.9,0
3.1,65.1,93.4,9.7,1.0,0.0,0.0,5.8,1.9,0
0.2,35.8,29.7,6.4,13.0,0.0,0.0,4.9,4.1,0
1.3,100.0,40.2,6.9,5.0,1.0,0.0,1.1,6.2,0
4.3,30.1,47.8,4.8,9.0,0.0,1.0,8.7,6.1,0
6.1,87.0,58.8,9.7,7.0,1.0,1.0,3.7,1.6,1
0.4,37.3,89.7,7.3,7.0,1.0,2.0,2.6,6.0,0
4.8,58.0,61.0,4.6,16.0,0.0,2.0,3.5,0.8,0
2.1,40.9,94.5,7.4,8.0,1.0,1.0,9.8,,1
8.1,43.9,92.6,5.0,17.0,1.0,2.0,1.6,1.9,1
5.4,98.1,76.4,6.4,4.0,1.0,1.0,6.7,2.4,1
4.6,,38.5,6.6,12.0,0.0,1.0,4.3,4.1,0
5.9,79.5,25.9,8.9,,1.0,2.0,3.7,5.8,0
1.4,73.1,63.4,9.1,14.0,1.0,2.0,5.1,5.3,0
,65.4,25.5,4.5,18.0,0.0,1.0,1.4,5.3,0
,40.8,36.2,8.2,7.0,0.0,0.0,8.2,7.0,0
4.1,85.1,61.8,9.5,17.0,1.0,1.0,6.0,6.1,1
8.4,83.9,80.5,6.8,2.0,0.0,0.0,8.2,1.0,1
1.2,36.4,67.5,9.3,9.0,1.0,0.0,6.4,6.3,0
4.5,84.9,92.5,5.3,16.0,0.0,2.0,8.8,6.3,1
9.8,96.4,66.4,5.1,8.0,0.0,2.0,6.9,0.1,1
8.7,51.0,24.7,6.6,3.0,0.0,1.0,,2.5,0
9.9,55.4,27.1,9.6,15.0,1.0,1.0,6.3,1.5,1
9.6,87.9,64.7,4.2,3.0,1.0,0.0,5.6,2.9,1
4.9,88.1,46.9,8.1,10.0,1.0,2.0,8.7,3.0,1
8.7,83.7,56.3,6.7,7.0,1.0,0.0,8.1,2.4,1
6.8,76.8,37.9,4.0,14.0,1.0,0.0,7.8,6.9,1
1.1,64.1,57.5,6.7,16.0,1.0,1.0,3.3,7.7,0
7.1,91.3,88.4,4.6,12.0,0.0,1.0,3.9,2.0,1
6.5,86.5,77.5,9.8,1.0,1.0,0.0,2.0,6.3,1
0.2,47.0,21.7,9.4,1.0,0.0,2.0,3.2,7.6,0
4.9,48.9,53.0,5.1,6.0,1.0,1.0,8.4,0.1,1
3.2,50.6,53.6,8.3,3.0,,,3.4,6.4,0
6.0,90.4,72.3,7.6,1.0,0.0,0.0,7.5,3.3,1
1.3,52.0,77.4,6.1,0.0,,,5.3,5.8,0
2.6,54.5,25.3,8.3,5.0,0.0,2.0,2.2,7.5,0
2.4,88.9,25.0,9.6,7.0,0.0,1.0,5.5,7.6,0
3.3,85.4,45.9,4.3,17.0,1.0,0.0,2.1,5.9,0
4.7,65.0,73.8,7.9,,0.0,,4.4,0.6,0
6.6,69.0,35.2,7.9,10.0,0.0,0.0,7.7,2.4,1
2.9,49.1,68.0,8.1,11.0,0.0,2.0,3.2,3.3,0
,67.7,30.3,6.4,0.0,1.0,1.0,4.4,,0
7.6,47.4,41.0,7.9,10.0,1.0,1.0,9.0,3.3,1
1.5,70.2,93.0,4.3,12.0,0.0,1.0,4.0,1.6,0
9.0,77.7,22.0,4.4,16.0,1.0,1.0,8.5,7.5,1
6.5,73.1,59.9,7.6,2.0,0.0,2.0,7.1,5.0,0
5.3,48.6,27.3,8.7,9.0,0.0,0.0,2.1,6.6,0
2.6,91.7,82.6,5.3,3.0,1.0,2.0,2.4,0.2,0
6.7,,45.8,7.3,7.0,0.0,0.0,6.6,5.3,1
3.2,67.3,94.6,4.1,,0.0,0.0,1.6,3.4,1
,83.9,93.0,4.2,3.0,0.0,0.0,4.8,3.5,1
5.8,64.1,86.2,5.1,16.0,1.0,2.0,6.2,2.6,1
5.5,34.5,52.2,8.2,0.0,1.0,0.0,3.2,6.5,0
5.2,78.6,27.6,5.8,19.0,0.0,1.0,4.5,4.2,1
8.7,72.9,69.9,9.5,19.0,0.0,0.0,1.5,2.3,1
2.7,77.2,45.8,8.3,16.0,1.0,1.0,9.0,1.4,1
8.2,55.2,27.2,6.8,6.0,0.0,0.0,7.9,7.9,0
1.4,98.3,36.7,6.3,5.0,1.0,2.0,7.0,6.7,0
1.1,42.9,24.9,7.7,10.0,0.0,0.0,2.6,2.0,0
4.4,35.1,72.1,4.7,7.0,0.0,2.0,1.6,4.5,0
8.6,33.5,86.0,7.6,11.0,1.0,2.0,4.8,7.6,1
1.5,48.3,35.3,4.6,4.0,0.0,0.0,9.6,6.8,0
9.1,91.2,75.9,5.2,11.0,1.0,2.0,2.4,6.0,1
2.0,86.2,66.7,4.9,7.0,0.0,0.0,6.1,7.3,0
5.5,98.9,85.4,5.4,15.0,0.0,0.0,3.6,7.9,1
0.9,54.1,74.3,9.3,4.0,1.0,2.0,3.8,7.8,0
10.0,,27.9,4.7,13.0,0.0,1.0,3.1,3.0,0
9.8,93.1,89.1,6.1,6.0,0.0,0.0,8.0,5.2,1
2.9,57.1,70.6,5.2,9.0,0.0,0.0,1.6,0.3,0
4.0,30.3,,5.4,3.0,1.0,1.0,6.2,6.3,1
4.5,33.7,67.4,7.6,9.0,1.0,1.0,7.6,6.2,1
9.0,36.4,22.0,8.4,16.0,1.0,0.0,9.5,4.4,0
4.6,52.5,85.7,9.1,7.0,0.0,0.0,1.8,3.2,1
8.3,89.1,89.4,6.5,18.0,1.0,2.0,7.2,4.7,1
1.7,32.2,64.1,,10.0,0.0,1.0,4.3,5.1,0
7.6,83.5,22.9,6.9,9.0,0.0,0.0,2.4,1.4,0
5.8,62.7,40.8,9.1,17.0,0.0,2.0,6.2,5.2,0
5.4,44.6,71.3,8.1,2.0,0.0,1.0,7.9,2.1,0
5.4,67.4,67.4,5.8,17.0,1.0,1.0,5.2,2.3,1
6.2,48.8,81.7,6.6,11.0,0.0,2.0,9.6,3.1,1
4.0,89.7,47.9,5.1,11.0,1.0,0.0,2.9,6.6,1
8.8,77.2,94.0,9.5,15.0,1.0,1.0,1.6,0.3,1
6.6,31.2,89.9,8.0,13.0,1.0,2.0,3.4,0.5,1
5.6,97.9,45.4,4.5,0.0,1.0,1.0,6.7,0.5,0
8.3,38.3,62.4,9.7,17.0,0.0,2.0,3.9,0.5,1
4.2,44.4,42.9,5.6,10.0,1.0,0.0,6.2,7.3,0
6.0,81.3,22.7,6.8,3.0,1.0,,5.9,4.9,0
5.2,98.1,76.8,8.8,18.0,1.0,0.0,4.1,5.2,1
6.6,41.6,45.0,5.3,9.0,0.0,2.0,1.7,4.5,0
0.7,82.3,31.3,7.9,14.0,1.0,1.0,8.6,3.2,0
7.6,90.2,35.0,8.6,0.0,1.0,2.0,8.7,3.0,1
4.7,42.4,63.8,9.2,19.0,0.0,0.0,6.0,0.5,1
0.1,88.6,33.2,5.2,5.0,1.0,2.0,4.7,,0
5.7,75.4,28.3,5.2,12.0,0.0,2.0,9.8,6.0,1
0.7,68.1,93.3,9.8,13.0,1.0,2.0,9.7,1.6,1
6.8,76.3,25.5,6.9,9.0,1.0,2.0,7.4,1.2,1
5.4,52.5,22.4,6.4,12.0,0.0,2.0,4.5,3.3,0
0.7,38.7,71.8,5.1,10.0,1.0,0.0,1.8,1.6,0
2.7,30.3,94.5,8.7,18.0,0.0,2.0,2.7,1.2,1
4.6,81.3,67.2,7.4,9.0,1.0,1.0,9.7,1.3,1
3.6,42.3,87.6,7.9,6.0,0.0,1.0,3.9,3.6,0
7.8,44.3,46.4,9.3,5.0,1.0,0.0,8.9,2.7,0
8.0,66.8,75.8,4.2,11.0,1.0,1.0,1.5,2.4,0
8.5,88.4,70.4,7.0,13.0,1.0,2.0,2.3,2.1,1
1.6,,84.7,8.6,9.0,1.0,0.0,8.9,5.3,1
6.9,64.6,42.1,7.1,9.0,1.0,1.0,4.4,0.4,1
4.0,,20.4,7.7,7.0,0.0,0.0,6.9,0.2,0
4.1,47.2,82.7,9.8,7.0,1.0,0.0,2.9,7.2,1
9.2,71.8,49.3,4.8,16.0,1.0,2.0,5.9,4.3,1
7.9,43.0,,6.5,0.0,0.0,2.0,8.2,6.9,0
8.8,84.7,39.7,6.5,12.0,1.0,1.0,9.3,4.3,1
2.9,43.9,34.7,5.6,,0.0,2.0,6.8,4.3,0
7.7,48.4,26.5,5.2,9.0,0.0,2.0,7.0,6.4,0
7.3,59.9,94.0,6.8,11.0,0.0,1.0,9.0,7.3,1
8.7,65.2,55.3,5.6,5.0,0.0,1.0,6.8,6.2,1
3.5,38.9,25.4,8.3,1.0,1.0,0.0,1.2,7.6,0
1.6,68.8,29.3,6.6,2.0,1.0,0.0,6.7,2.0,0
7.0,91.0,93.7,9.0,16.0,1.0,2.0,7.0,4.6,1
4.2,49.8,59.7,7.2,8.0,0.0,2.0,4.3,1.4,0
6.3,69.0,67.5,8.8,,0.0,2.0,1.9,1.1,1
1.0,32.0,55.2,10.0,18.0,1.0,0.0,6.8,1.3,0
5.6,95.6,43.7,7.0,15.0,0.0,,1.7,2.2,0
2.0,88.6,41.7,9.2,2.0,1.0,2.0,3.7,3.1,0
0.4,99.8,56.1,7.7,1.0,0.0,2.0,1.0,2.6,0
3.8,61.3,45.2,8.5,9.0,1.0,0.0,2.9,3.7,0
1.8,63.1,22.2,9.2,18.0,0.0,1.0,8.0,0.8,0
2.8,69.1,73.7,8.8,18.0,0.0,2.0,4.9,4.2,0
6.9,86.2,44.6,5.0,2.0,1.0,2.0,4.1,6.3,0
3.8,55.6,47.1,7.1,15.0,0.0,0.0,9.8,2.7,0
4.9,42.2,86.8,8.0,16.0,1.0,1.0,2.8,2.5,1
7.4,90.9,25.4,4.4,4.0,0.0,2.0,1.1,1.6,0
9.1,47.4,89.5,8.5,11.0,0.0,1.0,1.5,0.4,1
6.3,73.6,78.8,9.0,10.0,0.0,0.0,4.6,,1
3.3,74.5,60.7,4.0,9.0,0.0,1.0,8.4,,1
5.9,47.4,66.2,9.6,15.0,1.0,2.0,9.3,3.9,1
3.1,56.7,64.3,6.5,7.0,0.0,1.0,3.3,0.3,0
6.2,78.6,69.0,8.4,10.0,0.0,1.0,9.8,3.4,1
5.1,32.0,52.1,5.2,3.0,0.0,0.0,9.6,7.0,0
4.7,74.8,75.3,8.6,6.0,0.0,0.0,1.5,4.7,1
0.1,42.9,69.2,7.8,12.0,1.0,0.0,9.4,1.2,0
6.7,69.5,65.7,6.8,14.0,1.0,2.0,9.1,7.9,1
6.5,72.2,89.4,8.8,12.0,1.0,2.0,2.1,2.6,1
,62.1,52.6,6.8,6.0,0.0,2.0,2.2,0.2,0
7.0,61.4,93.7,9.3,13.0,0.0,0.0,1.3,0.3,1
5.5,59.2,26.0,8.9,0.0,1.0,2.0,5.4,4.7,0
9.2,79.4,93.6,9.8,15.0,0.0,2.0,8.0,4.9,1
6.8,45.7,26.7,5.9,16.0,1.0,0.0,4.3,6.5,0
5.7,50.2,34.9,7.2,9.0,0.0,1.0,5.8,6.0,0
5.8,62.7,36.7,5.4,17.0,0.0,1.0,7.2,0.5,0
7.9,83.6,77.4,6.3,18.0,1.0,2.0,8.5,2.2,1
0.2,70.2,,7.6,3.0,1.0,1.0,2.3,6.1,0
5.9,31.6,26.8,6.5,3.0,0.0,0.0,4.6,4.7,0
1.8,75.9,93.3,9.0,7.0,,2.0,5.6,5.0,1
3.4,78.9,93.8,8.7,13.0,1.0,2.0,8.3,2.7,1
1.2,70.8,33.9,6.3,3.0,1.0,0.0,3.6,2.9,0
8.1,91.7,28.8,8.9,3.0,0.0,1.0,4.7,0.6,1
6.4,58.1,68.3,5.3,19.0,1.0,1.0,3.7,0.8,1
4.0,94.4,47.5,5.1,6.0,1.0,2.0,4.5,4.5,0
4.3,96.8,47.7,6.6,6.0,0.0,0.0,5.8,4.1,0
8.1,82.9,57.3,6.7,7.0,0.0,1.0,1.9,3.9,1
9.4,96.1,82.7,9.5,10.0,1.0,2.0,6.6,2.4,1
7.2,63.9,61.5,5.4,16.0,1.0,2.0,8.0,3.6,1
3.1,75.9,32.7,8.5,15.0,1.0,1.0,3.4,2.9,0
2.4,47.0,20.6,4.2,18.0,1.0,1.0,1.9,5.3,0
4.6,78.2,68.2,8.8,8.0,0.0,,7.9,6.7,1
1.3,97.4,34.7,6.1,9.0,0.0,2.0,4.0,2.8,0
0.2,98.5,82.7,9.0,7.0,1.0,1.0,2.5,5.7,0
4.4,71.3,34.2,6.8,8.0,1.0,2.0,4.0,5.3,0
,55.8,86.5,9.8,12.0,0.0,1.0,3.0,5.7,0
9.9,91.1,80.8,7.6,1.0,1.0,2.0,4.3,7.9,1
9.7,88.1,84.3,5.1,19.0,1.0,2.0,4.1,6.6,1
0.0,72.9,69.4,8.7,6.0,0.0,1.0,2.5,1.0,0
6.1,88.9,26.9,,16.0,1.0,1.0,5.4,3.1,1
3.5,90.5,47.7,8.2,9.0,1.0,2.0,1.5,6.7,0
3.4,74.9,31.7,9.7,3.0,1.0,2.0,7.9,4.9,0
0.4,83.8,42.0,5.6,13.0,0.0,0.0,8.3,2.5,0
8.9,96.9,47.8,7.8,6.0,0.0,2.0,9.6,0.6,1
1.1,65.0,27.3,5.7,11.0,1.0,0.0,5.6,6.3,0
1.7,79.9,81.9,9.1,14.0,1.0,2.0,9.5,6.9,1
4.7,38.0,48.0,9.7,10.0,1.0,0.0,6.5,1.6,0
3.9,31.9,49.2,7.2,14.0,0.0,0.0,6.9,5.3,0
1.8,64.1,63.4,4.6,16.0,0.0,0.0,7.7,5.4,0
3.5,50.7,84.3,4.1,7.0,,2.0,2.2,4.2,0
6.2,35.4,41.8,9.0,2.0,,1.0,6.5,7.8,0
3.8,45.4,62.2,9.7,14.0,1.0,2.0,4.5,7.5,0
7.6,70.7,74.1,6.4,14.0,1.0,2.0,7.1,2.9,1
2.6,47.0,74.6,,7.0,0.0,1.0,9.5,4.7,0
8.2,61.0,85.8,8.0,15.0,1.0,0.0,4.1,1.1,1
2.2,79.6,79.1,6.5,11.0,0.0,2.0,2.6,0.2,1
9.7,96.2,25.9,7.5,4.0,0.0,0.0,9.5,5.5,1
2.7,90.8,51.5,9.0,10.0,1.0,1.0,5.9,2.9,1
5.5,65.2,32.5,6.7,13.0,0.0,1.0,5.1,4.5,0
7.3,68.9,40.3,6.4,8.0,1.0,1.0,3.8,4.1,0
0.6,41.6,46.1,6.6,8.0,0.0,1.0,6.5,6.0,0
2.7,85.7,21.6,5.6,9.0,1.0,2.0,6.4,2.9,0
9.2,99.1,39.3,4.7,17.0,1.0,1.0,8.0,3.2,1
6.3,90.2,75.0,6.7,16.0,1.0,1.0,5.4,8.0,1
8.0,57.8,47.2,8.9,12.0,1.0,,9.6,3.8,1
3.8,37.8,90.6,4.8,18.0,0.0,1.0,7.8,6.0,1
3.0,80.4,31.8,7.9,14.0,1.0,0.0,9.1,6.5,0
3.1,77.0,30.7,9.0,10.0,1.0,1.0,8.7,1.9,0
9.6,96.8,92.0,9.2,11.0,0.0,2.0,8.4,0.8,1
9.4,46.9,71.1,9.3,4.0,0.0,1.0,4.2,1.4,1
0.1,87.5,36.6,9.8,18.0,1.0,1.0,3.0,7.0,0
1.8,59.7,20.5,5.8,16.0,0.0,1.0,1.5,4.0,0
8.1,53.9,74.7,7.0,3.0,0.0,1.0,9.9,6.8,1
9.2,92.8,20.1,4.4,18.0,1.0,2.0,9.2,5.7,1
7.4,72.8,56.3,7.2,16.0,1.0,0.0,3.0,5.3,1
6.9,75.4,67.8,5.5,15.0,1.0,2.0,9.9,4.9,1
3.1,48.0,78.5,9.7,10.0,1.0,1.0,5.7,7.8,1
9.7,71.6,82.7,9.0,19.0,1.0,1.0,8.6,5.0,1
7.2,72.8,42.5,6.5,18.0,0.0,1.0,3.8,3.9,1
8.8,54.4,46.3,8.3,7.0,0.0,0.0,2.1,6.4,0
1.4,67.9,51.3,5.4,3.0,0.0,1.0,7.1,5.2,0
3.7,33.6,73.7,9.2,16.0,0.0,2.0,1.6,0.5,1
7.6,47.8,47.8,5.0,11.0,1.0,,9.1,1.6,1
7.5,80.7,93.2,6.3,,0.0,1.0,2.1,6.3,1
4.6,93.8,21.5,,11.0,0.0,2.0,4.6,3.4,0
4.6,69.9,86.8,4.9,5.0,1.0,1.0,8.0,6.7,1
4.7,65.1,54.0,5.1,1.0,0.0,1.0,3.4,6.2,0
8.6,98.0,37.1,9.1,14.0,1.0,2.0,7.5,7.6,1
1.6,85.6,40.5,5.2,3.0,1.0,2.0,4.0,3.5,0
7.8,91.7,23.3,6.9,15.0,1.0,2.0,8.5,1.2,1
7.8,97.0,26.1,4.6,14.0,0.0,2.0,8.5,4.5,0
8.4,62.3,85.7,7.2,1.0,1.0,1.0,1.1,4.6,1
9.4,37.0,36.7,6.2,19.0,1.0,2.0,5.9,1.0,1
6.5,41.0,61.1,7.9,11.0,1.0,1.0,,1.5,1
3.7,68.6,66.9,5.7,16.0,,2.0,5.3,0.7,1
4.6,41.4,78.8,5.8,12.0,0.0,1.0,8.4,3.2,0
4.5,83.8,85.0,,16.0,1.0,0.0,1.3,2.7,1
2.3,31.9,,8.8,7.0,1.0,2.0,4.1,6.6,0
6.6,74.7,28.5,4.5,16.0,0.0,0.0,3.3,7.1,0
5.3,95.3,56.4,5.3,8.0,0.0,1.0,8.4,3.8,0
8.2,73.7,88.6,5.0,9.0,1.0,2.0,8.7,2.8,1
0.7,69.2,29.3,9.5,7.0,1.0,1.0,6.3,5.3,0
7.3,48.9,85.7,6.5,8.0,1.0,0.0,7.8,2.4,1
6.9,50.9,60.8,9.4,16.0,1.0,0.0,3.6,7.8,1
5.1,64.7,72.4,8.0,8.0,1.0,2.0,9.2,3.2,1
1.6,41.9,51.5,4.2,15.0,1.0,0.0,6.7,6.6,0
1.5,66.2,50.4,7.2,8.0,1.0,1.0,4.2,2.2,0
6.6,96.2,94.5,7.6,13.0,1.0,1.0,6.1,2.7,1
8.2,35.0,58.9,4.8,4.0,1.0,2.0,3.4,,0
2.1,56.6,43.5,5.5,3.0,1.0,2.0,8.8,1.9,0
1.2,86.2,68.3,8.0,3.0,0.0,1.0,9.0,0.6,0
2.1,98.0,62.1,8.2,1.0,1.0,1.0,3.3,0.9,1
4.3,47.4,42.0,5.7,15.0,0.0,2.0,6.3,2.9,0
0.3,73.3,63.9,9.6,8.0,1.0,1.0,6.7,4.2,0
8.1,37.5,49.3,7.0,12.0,0.0,1.0,9.6,2.0,1
3.8,53.0,59.0,8.5,11.0,0.0,2.0,4.4,3.0,0
5.0,56.0,66.2,8.1,10.0,1.0,1.0,3.9,6.3,1
2.2,64.8,67.1,4.8,3.0,0.0,0.0,,0.9,0
10.0,66.0,53.0,8.1,17.0,1.0,1.0,10.0,5.8,1
6.4,34.3,30.0,6.0,6.0,1.0,0.0,1.6,6.2,0
8.5,93.4,87.5,6.0,14.0,1.0,0.0,4.4,2.9,1
1.8,,21.7,5.2,16.0,1.0,2.0,6.3,6.3,0
2.2,38.9,37.8,7.1,15.0,1.0,2.0,5.3,0.6,0
9.0,42.0,52.3,5.8,3.0,1.0,2.0,2.9,1.7,1
3.8,48.4,29.1,5.2,17.0,1.0,1.0,9.5,1.2,0
6.0,77.3,81.0,9.6,7.0,0.0,1.0,8.1,6.0,1
6.0,64.8,59.4,7.2,7.0,0.0,2.0,3.2,2.6,0
4.1,31.8,62.5,5.2,5.0,0.0,0.0,6.2,6.7,0
4.4,32.7,93.5,7.2,9.0,0.0,0.0,8.2,0.4,1
4.3,76.6,22.2,6.2,3.0,0.0,0.0,5.6,1.2,0
3.2,85.6,46.6,6.8,1.0,0.0,1.0,8.3,0.9,0
9.4,80.1,76.5,6.8,14.0,1.0,2.0,7.0,7.9,1
4.2,71.8,55.7,4.9,3.0,1.0,2.0,8.8,7.2,0
9.2,49.4,39.0,8.6,6.0,1.0,2.0,3.9,3.4,1
7.8,44.5,80.1,5.2,5.0,1.0,2.0,10.0,6.9,1
3.9,96.1,75.7,9.3,10.0,1.0,1.0,7.4,4.9,1
3.4,52.7,93.9,8.5,15.0,0.0,1.0,3.1,6.5,1
7.5,31.3,76.1,7.3,9.0,1.0,0.0,8.2,2.7,1
4.7,99.8,69.3,9.8,0.0,0.0,0.0,8.1,2.3,0
0.3,42.3,76.3,6.6,13.0,1.0,1.0,2.6,5.8,0
6.6,73.9,67.2,4.6,17.0,1.0,2.0,5.1,4.0,1
7.6,52.0,24.1,6.9,0.0,1.0,1.0,7.7,6.8,0
0.4,98.8,43.6,6.5,19.0,0.0,2.0,5.8,3.5,0
2.7,76.5,91.4,8.0,2.0,1.0,1.0,2.9,7.7,0
1.6,47.0,59.2,4.3,19.0,1.0,0.0,4.6,1.0,0
9.6,86.7,,9.8,9.0,1.0,2.0,2.1,0.4,1
2.5,37.9,91.1,,11.0,0.0,,2.1,6.6,1
4.8,86.8,93.6,9.8,18.0,0.0,0.0,2.1,2.5,1
9.7,30.3,77.6,7.8,9.0,1.0,2.0,1.7,0.9,1
2.3,54.5,84.5,9.1,2.0,1.0,1.0,9.3,5.8,1
2.1,,82.6,8.8,4.0,0.0,1.0,1.5,4.4,0
5.4,46.2,75.8,8.9,17.0,0.0,0.0,3.4,3.9,1
8.4,78.2,56.4,9.0,1.0,0.0,1.0,7.5,2.5,1
4.7,79.9,34.7,7.4,5.0,0.0,2.0,5.4,1.6,0
0.5,49.5,93.6,6.2,0.0,0.0,2.0,8.6,1.7,0
6.1,89.3,76.6,8.0,18.0,1.0,2.0,2.1,,1
1.6,90.4,66.7,4.2,3.0,0.0,0.0,8.2,6.6,0
0.7,93.0,51.5,6.2,3.0,1.0,1.0,1.8,2.2,0
8.5,99.4,63.6,7.5,10.0,0.0,0.0,9.4,2.9,1
6.7,96.8,57.7,4.3,5.0,0.0,0.0,8.4,2.9,0
3.0,69.1,36.3,8.3,,1.0,2.0,1.3,3.4,0
9.2,61.1_err,69.2,9.9,8.0,0.0,0.0,3.8,4.9,1
8.1,42.8_err,54.0,8.7,13.0,1.0,1.0,,4.1,1
,79.9,22.5,9.5,3.0,1.0,2.0,6.9,4.4,0
3.0,62.3,21.6,5.5,2.0,0.0,2.0,8.2,3.2,0
7.6,41.6,33.2,9.0,11.0,0.0,1.0,2.9,3.6,1
0.3,83.1,94.6,6.8,15.0,,2.0,4.9,7.9,1
7.2,61.6,29.3,7.7,12.0,1.0,0.0,9.0,4.4,0
8.4,74.0,67.1,5.1,12.0,1.0,0.0,6.6,5.4,1
2.5,85.7,70.9,8.8,11.0,1.0,2.0,3.8,5.3,0
0.2,40.9,88.9,9.1,12.0,1.0,2.0,6.9,0.5,1
8.8,52.5,55.8,6.3,3.0,0.0,1.0,8.6,5.1,0
0.1,38.5,69.2,6.5,9.0,1.0,2.0,9.2,4.1,0
1.7,96.6,60.4,8.0,10.0,0.0,0.0,4.3,6.4,0
6.9,32.9,28.6,6.9,5.0,0.0,2.0,,2.6,0
1.8,93.4,29.5,7.5,19.0,0.0,1.0,8.2,2.3,0
8.5,31.0,37.6,8.9,2.0,1.0,2.0,9.5,5.8,1
9.3,50.5,83.5,6.3,14.0,0.0,1.0,4.5,2.3,1
4.8,66.1,75.5,7.5,0.0,1.0,0.0,4.5,2.3,1
1.5,65.8,43.3,7.2,14.0,1.0,2.0,6.0,4.0,0
3.9,73.6,54.5,8.3,4.0,0.0,1.0,7.5,1.3,1
3.6,37.9,,8.6,15.0,0.0,0.0,,5.4,0
0.9,33.6,78.4,4.1,5.0,0.0,1.0,3.2,0.5,0
3.0,72.1,61.0,9.9,0.0,0.0,2.0,9.4,2.0,0
6.2,46.4,33.6,8.5,19.0,0.0,,7.3,3.0,0
1.1,83.3,30.2,4.6,3.0,1.0,1.0,3.9,7.2,0
4.0,70.2,82.8,8.1,1.0,1.0,0.0,9.3,4.3,1
6.9,32.2,30.8,5.8,9.0,0.0,0.0,1.3,2.8,0
9.4,91.5,40.8,4.2,4.0,1.0,2.0,5.3,2.5,1
1.4,48.9,22.5,6.3,7.0,0.0,2.0,6.3,5.5,0
2.8,38.9,57.2,5.7,3.0,0.0,0.0,8.8,7.3,0
3.7,50.2,88.5,8.5,4.0,0.0,,2.4,1.1,1
7.7,55.3,45.2,8.7,13.0,1.0,1.0,5.2,6.3,1
4.9,61.1,42.2,6.7,1.0,1.0,0.0,2.9,6.2,0
5.0,76.7,71.7,4.8,13.0,0.0,2.0,4.4,7.6,1
5.4,59.0,84.3,9.0,1.0,1.0,0.0,1.6,5.0,1
3.6,41.5,62.0,9.1,12.0,0.0,2.0,3.3,5.5,0
9.8,99.5,26.1,6.0,13.0,0.0,1.0,9.4,3.2,1
8.6,77.1,92.1,6.1,5.0,0.0,1.0,5.9,1.0,1
3.8,34.9,87.9,6.8,12.0,0.0,2.0,4.6,4.2,1
4.7,54.3,30.8,5.8,13.0,0.0,0.0,1.9,5.1,0
0.7,74.8,30.1,4.7,1.0,1.0,1.0,7.5,7.1,0
6.6,68.6,83.4,8.3,18.0,,2.0,2.5,6.7,1
8.3,93.3,92.2,9.9,2.0,1.0,,8.4,4.3,1
7.5,82.9,,7.8,19.0,1.0,0.0,3.2,1.4,1
3.9,40.7,40.8,9.5,8.0,,2.0,5.1,5.9,0
7.4,59.7,47.4,9.1,0.0,0.0,1.0,1.1,6.8,0
8.5,51.2,20.8,4.5,12.0,0.0,1.0,8.8,3.4,0
7.6,61.2,76.9,6.9,0.0,1.0,2.0,8.9,5.7,1
7.7,34.0,69.3,8.9,13.0,1.0,1.0,5.1,4.3,1
8.4,95.3,31.0,8.6,5.0,0.0,0.0,7.3,3.1,1
2.0,65.2,,10.0,14.0,1.0,1.0,4.2,5.8,0
6.6,74.3,83.6,5.5,5.0,1.0,2.0,6.4,0.2,1
7.8,75.0,40.8,6.4,0.0,0.0,2.0,6.8,7.1,1
6.5,42.9,83.3,4.5,3.0,0.0,2.0,3.4,7.1,1
0.5,90.5,44.3,4.0,13.0,0.0,2.0,3.6,3.3,0
9.6,51.2,47.8,6.5,3.0,0.0,0.0,8.2,1.7,1
5.7,83.8,30.7,6.1,12.0,1.0,0.0,4.0,2.4,0
4.2,81.1,38.3,9.5,0.0,1.0,1.0,4.3,5.3,0
4.4,67.7,22.0,5.7,12.0,1.0,0.0,1.4,4.5,0
5.3,49.0,51.3,4.2,9.0,,0.0,5.1,1.7,0
1.0,93.9,35.7,5.1,1.0,0.0,2.0,1.2,5.6,0
4.2,,69.0,5.5,19.0,1.0,1.0,4.5,4.8,1
9.3,38.8,87.2,9.3,5.0,1.0,2.0,3.8,3.2,1
1.5,92.7,52.5,9.4,0.0,0.0,2.0,8.9,7.7,0
4.0,69.4,94.9,7.6,12.0,0.0,,6.2,5.1,1
7.6,68.0,93.7,9.9,5.0,1.0,2.0,3.5,6.0,1
1.9,64.6,88.6,4.2,2.0,0.0,1.0,2.8,0.9,1
4.3,44.5,37.4,9.6,8.0,1.0,1.0,2.8,0.2,0
7.2,52.7,57.2,4.5,19.0,0.0,1.0,4.0,3.3,1
1.1,58.7,35.6,5.6,17.0,1.0,2.0,4.7,7.6,0
4.3,75.8,38.4,8.8,2.0,1.0,0.0,1.3,4.5,0
8.1,76.0,71.0,7.4,8.0,1.0,1.0,2.3,5.3,1
8.1,42.2,60.0,,18.0,0.0,1.0,5.1,0.9,1
7.1,90.9,45.4,4.6,7.0,1.0,2.0,8.2,5.0,1
6.9,75.0,21.5,5.6,12.0,1.0,1.0,3.8,2.0,0
6.2,73.9,76.6,9.0,10.0,1.0,1.0,5.9,0.4,1
1.8,38.8,71.4,8.9,11.0,0.0,0.0,2.7,7.4,0
1.7,91.4,70.7,6.9,13.0,0.0,2.0,6.0,2.5,1
0.8,38.2,25.0,9.2,18.0,0.0,0.0,8.8,1.8,0
3.1,90.3,45.3,7.1,18.0,1.0,1.0,8.7,1.4,1
2.6,58.7,57.7,4.6,9.0,1.0,1.0,3.8,4.9,0
8.2,65.0,68.3,4.6,6.0,0.0,1.0,4.9,7.2,1
6.7,57.0,86.8,5.2,8.0,1.0,1.0,,4.1,1
6.5,68.5,29.1,7.5,2.0,0.0,0.0,2.8,0.5,0
5.0,32.6,61.8,4.3,4.0,0.0,0.0,5.4,5.8,0
5.2,94.2,78.2,6.8,10.0,1.0,2.0,1.3,5.7,1
1.1,52.0,58.3,8.2,12.0,1.0,1.0,3.3,7.9,0
7.5,90.8,26.5,6.0,10.0,0.0,0.0,2.8,3.1,1
1.9,77.8,47.9,5.2,17.0,1.0,0.0,7.1,0.3,1
5.4,48.3,81.1,5.7,13.0,1.0,2.0,5.2,2.6,1
5.0,42.0,26.3,9.2,16.0,1.0,2.0,4.6,6.6,0
,59.7,90.8,4.8,10.0,1.0,2.0,5.1,,1
2.7,45.9,54.0,5.8,2.0,0.0,0.0,1.1,5.5,0
8.0,49.3,48.1,6.4,11.0,0.0,1.0,9.1,1.1,1
9.7,37.3,78.5,6.3,3.0,1.0,1.0,4.4,7.2,1
3.8,72.9,66.7,5.6,13.0,0.0,0.0,3.1,3.9,0
7.5,,26.0,9.9,14.0,0.0,1.0,9.3,6.1,1
6.1,97.9,85.3,8.7,1.0,1.0,0.0,4.0,7.1,1
1.7,89.5,53.5,4.4,13.0,1.0,1.0,4.6,6.5,0
2.2,35.4,93.0,6.5,6.0,1.0,2.0,1.9,3.5,0
1.8,58.7,32.1,5.0,12.0,1.0,2.0,6.9,5.7,0
6.1,44.8,48.0,7.6,6.0,1.0,1.0,8.3,1.1,1
5.7,,78.0,4.2,15.0,0.0,2.0,9.7,6.5,1
5.6,51.7,66.5,8.7,3.0,0.0,1.0,2.3,7.1,0
5.7,95.5,50.9,8.4,18.0,1.0,1.0,6.4,1.6,1
5.8,33.9,34.2,8.3,1.0,0.0,0.0,8.0,0.8,0
3.4,69.8,81.8,4.1,,1.0,0.0,,3.2,1
3.8,34.0,29.9,8.5,9.0,1.0,2.0,8.1,4.4,0
2.6,89.3,76.9,7.3,9.0,0.0,2.0,5.2,1.8,1
3.8,84.5,52.9,6.6,8.0,1.0,1.0,6.6,4.7,0
3.1,35.3,79.5,4.9,18.0,0.0,2.0,5.4,3.0,0
5.4,92.7,52.5,5.4,6.0,0.0,1.0,8.1,5.0,0
9.8,81.4,37.9,9.3,3.0,1.0,2.0,1.5,6.2,0
2.6,74.3,36.3,4.8,12.0,0.0,1.0,1.4,0.7,0
5.5,41.2,79.7,6.7,9.0,0.0,2.0,1.2,7.1,0
8.2,72.1,66.0,4.9,3.0,1.0,1.0,1.6,0.3,1
3.9,66.2,30.0,7.5,1.0,0.0,2.0,6.1,4.8,0
0.2,47.8,49.2,,2.0,1.0,2.0,1.8,2.8,0
1.8,31.2,52.0,5.8,7.0,0.0,2.0,8.2,4.5,0
5.4,89.3,51.9,7.4,14.0,0.0,2.0,,2.0,1
7.0,46.1,48.1,9.7,9.0,1.0,0.0,9.7,5.1,1
3.9,91.2,24.0,8.1,3.0,0.0,0.0,8.8,5.0,0
9.6,80.2,22.1,4.1,7.0,1.0,0.0,8.7,0.9,1
7.1,40.1,59.8,6.7,2.0,0.0,0.0,1.4,0.3,1
3.4,46.6,79.7,9.6,5.0,1.0,0.0,3.8,2.8,1
7.8,34.9,45.9,6.1,16.0,1.0,2.0,7.5,6.0,0
4.6,40.7,47.6,5.6,11.0,0.0,0.0,8.0,4.2,0
7.0,52.7,60.9,5.0,4.0,0.0,0.0,1.8,5.9,0
3.1,39.1,80.2,8.4,13.0,0.0,2.0,1.9,3.5,1
4.0,49.0,52.2,,18.0,0.0,1.0,4.5,1.4,1
6.9,95.3,43.7,7.5,19.0,1.0,2.0,7.9,1.9,1
9.7,99.2,62.5,6.3,13.0,0.0,0.0,4.1,0.1,1
3.5,72.0,20.1,7.7,15.0,0.0,0.0,4.1,4.9,0
1.1,95.9,86.4,5.6,8.0,0.0,0.0,9.3,4.3,1
2.2,54.2,69.3,4.3,1.0,1.0,2.0,1.3,7.0,0
6.4,40.2,31.9,6.3,3.0,1.0,2.0,3.6,4.0,0
3.2,92.5,43.3,7.4,2.0,1.0,0.0,3.3,2.9,0
2.9,nan_err,75.6,9.1,6.0,0.0,2.0,1.8,2.0,0
9.5,95.5,43.1,4.7,10.0,1.0,2.0,3.9,2.4,1
5.6,62.5,82.2,6.4,10.0,1.0,2.0,9.6,2.9,1
3.0,82.5,41.3,6.3,12.0,0.0,1.0,6.5,5.4,0
4.9,74.8,44.2,9.1,14.0,1.0,0.0,1.1,2.0,0
7.3,71.1,36.4,9.3,1.0,0.0,1.0,3.0,3.9,0
7.2,93.5,42.6,6.3,6.0,1.0,2.0,6.5,5.5,1
7.4,82.9,49.8,6.2,2.0,0.0,0.0,2.3,3.8,0
0.1,,58.2,6.9,8.0,0.0,1.0,1.9,0.2,0
7.8,52.4,77.4,7.8,4.0,0.0,0.0,3.8,1.0,1
3.9,91.2,52.7,9.9,11.0,0.0,1.0,7.6,3.1,0
2.0,49.0,65.7,8.5,0.0,0.0,,6.6,6.0,0
3.5,,75.9,9.4,18.0,0.0,1.0,5.4,4.8,1
1.9,78.5,23.6,5.9,8.0,1.0,0.0,1.3,4.4,0
8.6,53.8,51.8,8.6,14.0,1.0,0.0,9.1,6.8,1
4.3,92.1,77.2,7.9,11.0,0.0,2.0,4.5,4.4,1
9.6,90.8,81.0,,14.0,0.0,0.0,8.9,4.7,1
7.2,50.2,63.7,7.8,1.0,1.0,2.0,8.8,5.0,1
5.3,48.8,29.6,8.7,6.0,0.0,2.0,2.0,7.7,0
9.9,99.8,35.4,4.3,14.0,0.0,2.0,7.2,5.6,1
5.3,93.3,27.9,6.4,1.0,0.0,0.0,2.6,2.8,0
1.6,50.2,38.5,6.8,11.0,0.0,0.0,7.3,3.9,0
8.8,86.7,28.6,5.9,6.0,0.0,2.0,10.0,2.4,1
5.4,66.7,45.9,6.2,4.0,0.0,0.0,2.6,2.7,0
4.1,64.2,60.6,5.6,5.0,1.0,0.0,1.6,1.0,0
0.3,70.7,23.5,7.3,6.0,0.0,2.0,4.3,5.9,0
7.8,85.9,65.8,5.7,16.0,0.0,1.0,4.1,3.7,1
8.4,73.8,37.8,5.7,8.0,0.0,0.0,2.2,2.1,1
4.9,68.5,84.8,6.9,5.0,0.0,0.0,3.1,4.6,1
7.2,72.6,54.8,,17.0,1.0,0.0,5.6,1.0,1
9.3,52.7,,5.7,14.0,1.0,2.0,5.6,5.1,0
6.6,95.5,46.5,6.8,6.0,1.0,0.0,4.9,7.3,1
2.1,92.4,21.0,7.2,5.0,0.0,1.0,9.4,5.9,0
3.3,65.7,62.5,10.0,6.0,0.0,2.0,3.0,2.1,1
0.9,74.2,75.4,7.4,11.0,0.0,,5.0,2.7,0
5.2,73.1,21.4,8.2,16.0,1.0,1.0,2.5,5.7,0
0.9,63.0,82.3,6.3,1.0,1.0,2.0,5.5,3.4,0
1.1,50.9,49.9,9.5,13.0,0.0,1.0,5.2,4.6,0
9.2,86.4,31.1,5.6,4.0,1.0,1.0,7.8,3.4,0
5.4,77.5,88.2,8.3,7.0,0.0,2.0,3.5,2.2,1
8.1,34.5,50.5,4.1,19.0,1.0,1.0,7.7,5.2,1
7.0,85.3,51.0,8.4,6.0,0.0,1.0,9.9,7.4,1
6.3,55.6,74.5,6.0,9.0,1.0,1.0,6.5,5.3,1
1.4,42.6,92.9,9.8,5.0,1.0,0.0,8.3,1.0,0
7.4,86.6,67.7,8.2,13.0,1.0,2.0,6.2,0.7,1
1.9,63.9,66.0,5.2,1.0,0.0,1.0,9.2,3.4,0
0.4,84.5,87.6,7.9,7.0,1.0,1.0,3.9,3.8,1
9.5,34.4,54.2,7.1,17.0,0.0,0.0,9.6,7.9,1
7.0,40.9,71.4,6.1,6.0,1.0,2.0,3.8,6.1,1
9.9,78.2,49.5,8.7,18.0,0.0,2.0,8.7,4.4,1
6.0,30.1,72.0,7.3,13.0,0.0,0.0,9.6,1.8,1
9.7,76.1,88.9,4.1,13.0,1.0,0.0,1.0,7.5,1
5.1,49.9,45.4,4.8,17.0,0.0,0.0,5.4,3.6,0
7.9,72.3,60.0,8.6,10.0,1.0,0.0,8.0,4.2,1
0.7,62.2,63.9,4.9,13.0,0.0,1.0,1.1,3.4,0
8.0,99.2,84.0,5.6,17.0,0.0,0.0,4.8,2.9,1
8.0,31.0,36.9,4.6,19.0,1.0,0.0,5.1,6.8,1
4.6,95.0,27.4,7.7,9.0,0.0,1.0,8.2,2.0,0
5.6,85.6,89.6,8.0,0.0,0.0,1.0,,2.6,1
1.7,42.0,57.3,8.0,1.0,0.0,2.0,5.0,5.4,0
5.6,98.7,37.5,5.3,2.0,1.0,0.0,2.0,6.5,0
3.8,79.8,51.1,8.6,8.0,1.0,1.0,10.0,6.7,0
2.2,75.2,34.7,8.3,11.0,0.0,2.0,2.0,1.5,0
6.7,81.8,86.9,8.6,7.0,1.0,1.0,4.7,6.4,1
6.0,44.6,24.1,8.9,2.0,0.0,2.0,3.0,2.7,0
6.2,94.4,42.8,7.2,11.0,1.0,0.0,9.1,6.8,0
8.1,50.3,34.0,7.3,18.0,1.0,2.0,3.8,0.2,1
9.5,70.1,71.8,9.7,18.0,0.0,0.0,6.7,,1
4.7,72.6,90.7,7.1,15.0,0.0,0.0,2.1,2.9,1
3.6,61.8,91.7,4.6,9.0,0.0,0.0,8.2,7.4,1
5.8,56.6,52.1,4.6,3.0,0.0,2.0,3.9,5.0,0
5.7,72.0,69.5,7.3,16.0,1.0,2.0,3.8,6.4,1
0.5,49.6,52.6,9.7,9.0,1.0,1.0,3.1,5.6,0
7.4,46.0,87.0,4.7,3.0,0.0,0.0,5.3,6.1,0
7.7,40.3,59.5,9.9,9.0,1.0,2.0,9.6,4.2,1
0.4,60.2,26.3,,19.0,0.0,0.0,3.4,7.2,0
9.5,90.0,60.8,7.5,6.0,0.0,1.0,8.0,6.5,1
8.7,50.9,89.2,9.0,17.0,0.0,0.0,4.6,2.6,1
8.8,80.8,29.2,4.4,9.0,0.0,2.0,4.6,7.4,0
4.6,87.3,23.1,9.4,6.0,0.0,2.0,6.4,1.5,0
3.0,65.8,89.0,8.2,10.0,1.0,2.0,5.3,1.7,1
4.6,50.3,71.8,4.7,17.0,0.0,0.0,7.4,3.6,1
7.8,79.4,78.8,6.9,13.0,0.0,1.0,9.8,3.8,1
5.3,96.3,49.2,7.0,14.0,1.0,1.0,4.1,1.8,1
6.2,34.6,53.3,9.8,1.0,0.0,0.0,2.3,7.2,0
2.2,97.2,64.7,7.4,9.0,0.0,1.0,1.2,3.9,0
0.3,33.1,73.1,8.8,15.0,0.0,2.0,1.5,3.6,0
,42.2,75.4,4.5,17.0,1.0,1.0,9.5,4.5,1
4.5,43.4,35.7,8.0,18.0,0.0,2.0,8.2,0.5,0
6.8,90.9,26.5,6.6,19.0,0.0,0.0,9.9,2.9,1
9.7,51.8,83.0,9.5,19.0,1.0,1.0,7.0,0.6,1
0.1,42.8,76.9,4.3,1.0,1.0,2.0,3.6,5.1,0
3.4,76.9,73.2,9.6,17.0,1.0,1.0,2.3,3.4,1
5.3,91.4,52.1,5.7,7.0,1.0,2.0,8.1,3.7,1
8.7,53.2,58.9,8.9,9.0,0.0,2.0,7.9,2.2,1
6.2,73.8,88.5,8.2,2.0,0.0,1.0,5.6,0.0,1
7.6,37.7,95.0,4.7,10.0,0.0,1.0,5.6,3.4,1
2.7,85.4,52.9,6.2,9.0,1.0,2.0,3.6,1.5,1
5.6,82.8,78.3,4.8,4.0,0.0,2.0,5.3,0.8,1
8.8,56.3,48.2,7.5,2.0,0.0,0.0,8.4,2.3,1
5.1,70.8,60.9,4.4,14.0,0.0,2.0,2.6,,1
5.4,57.1,34.3,7.7,1.0,1.0,2.0,6.6,4.8,0
3.9,58.8,79.3,4.0,9.0,1.0,2.0,8.3,1.4,1
3.7,45.1,26.2,4.4,15.0,1.0,0.0,2.4,1.7,0
5.3,49.8,29.5,9.0,0.0,1.0,0.0,5.8,1.4,0
7.9,65.2,76.6,8.1,13.0,0.0,2.0,6.6,1.1,1
4.2,52.9,29.7,7.1,3.0,0.0,1.0,8.5,3.1,0
4.4,67.5,81.6,5.2,13.0,0.0,1.0,9.3,6.8,0
7.0,95.3,85.3,8.5,5.0,0.0,0.0,7.2,3.3,1
5.6,60.7,55.0,9.6,0.0,1.0,1.0,5.4,7.1,0
7.9,40.6,24.9,,18.0,0.0,2.0,7.4,5.0,1
4.0,35.6,39.1,6.3,8.0,0.0,0.0,5.6,1.2,0
4.7,63.2,43.0,7.7,1.0,1.0,1.0,2.8,5.1,0
3.2,34.6,90.1,4.9,12.0,0.0,0.0,3.5,0.7,1
7.3,92.0,70.6,6.0,4.0,0.0,0.0,7.5,2.7,1
8.4,86.1,26.1,6.0,7.0,0.0,1.0,7.0,7.0,0
6.9,51.4,72.3,9.8,2.0,0.0,0.0,3.5,5.1,1
3.9,53.7,68.7,6.6,0.0,1.0,1.0,7.5,2.2,0
0.3,72.9,44.4,7.2,2.0,1.0,0.0,5.0,1.4,0
0.8,30.5,52.3,,15.0,0.0,0.0,4.9,7.4,0
9.8,56.1,32.5,6.9,3.0,0.0,2.0,9.7,6.8,1
7.8,84.6,81.3,4.5,2.0,1.0,1.0,2.3,4.0,1
5.7,47.9,50.2,6.5,0.0,0.0,2.0,3.2,5.2,0
4.7,66.7,76.9,4.2,16.0,1.0,0.0,7.9,5.7,1
4.6,60.2,61.5,8.0,10.0,0.0,2.0,5.7,5.1,1
9.1,36.0,79.0,8.8,6.0,0.0,0.0,2.2,1.2,1
1.9,85.5,26.3,4.3,6.0,0.0,1.0,7.3,4.9,0
4.7,75.3,64.7,9.4,12.0,0.0,1.0,3.3,0.4,1
2.2,47.0,25.1,7.2,,1.0,0.0,4.8,1.1,0
0.1,93.4,45.2,6.1,4.0,0.0,0.0,5.6,3.7,0
6.5,51.1,77.8,4.5,1.0,1.0,1.0,8.6,1.8,1
4.3,62.4,46.6,6.8,12.0,0.0,1.0,3.9,1.1,1
0.8,55.6,80.7,7.4,12.0,1.0,2.0,5.9,4.8,0
0.1,64.5,38.2,,10.0,0.0,1.0,6.7,5.6,0
2.7,52.5,70.5,9.7,14.0,1.0,1.0,1.9,6.8,0
9.6,75.9,34.9,7.4,19.0,0.0,1.0,6.3,6.0,1
6.6,70.2,47.7,,5.0,1.0,2.0,7.4,0.8,1
4.3,81.4,33.9,6.5,10.0,0.0,0.0,8.4,2.8,0
2.9,65.3,43.2,4.3,5.0,1.0,1.0,4.9,3.4,0
5.7,,70.3,5.7,12.0,0.0,0.0,6.8,0.1,1
4.4,66.4,75.3,6.2,9.0,1.0,2.0,2.5,4.2,1
9.3,37.5,47.7,7.7,17.0,0.0,2.0,8.2,4.1,1
3.5,94.8,22.2,6.5,13.0,0.0,0.0,9.8,1.5,0
3.7,,34.1,7.9,3.0,0.0,2.0,9.7,1.0,0
7.8,47.4,84.4,5.9,8.0,0.0,0.0,4.7,5.1,1
8.4,80.2,50.1,7.0,10.0,0.0,1.0,5.2,2.9,1
8.6,67.0_err,26.3,9.8,8.0,0.0,2.0,1.5,0.7,1
8.7,85.6,62.7,7.5,15.0,1.0,0.0,7.0,4.4,1
5.5,48.6,89.3,4.5,4.0,1.0,0.0,1.6,6.9,0
1.0,47.2,76.3,4.9,17.0,1.0,1.0,9.0,7.7,0
2.1,35.1,67.4,8.7,13.0,0.0,1.0,6.3,4.6,0
7.6,38.8,70.9,6.3,18.0,1.0,2.0,7.3,6.5,1
8.4,64.5,67.1,8.8,13.0,1.0,0.0,3.0,3.2,1
4.8,53.4,49.9,5.3,4.0,1.0,1.0,9.9,3.3,0
8.5,72.3,71.5,4.6,8.0,1.0,0.0,2.8,5.6,1
4.4,47.2,40.4,5.0,6.0,,0.0,3.7,1.1,0
2.6,97.0,25.9,7.0,15.0,0.0,0.0,5.9,2.3,0
4.6,92.1,78.7,6.1,9.0,0.0,1.0,7.9,5.7,1
8.2,59.3,36.1,8.2,11.0,1.0,0.0,2.8,6.6,1
0.5,88.8,63.0,4.1,17.0,1.0,2.0,7.6,0.6,1
2.4,40.1,71.9,9.9,2.0,0.0,0.0,1.0,2.0,0
1.8,77.1,88.7,9.1,6.0,1.0,,2.7,0.4,1
3.0,88.2,36.6,4.0,11.0,0.0,,5.4,3.5,0
3.1,47.2,,4.5,6.0,0.0,2.0,5.3,6.9,0
3.9,78.2,76.5,7.2,3.0,1.0,0.0,9.8,4.3,1
3.8,72.3,90.7,4.3,9.0,0.0,2.0,7.8,2.2,1
9.8,42.3,45.8,6.2,6.0,1.0,2.0,3.8,5.3,1
6.6,89.3,51.0,9.4,3.0,0.0,,5.7,1.8,1
7.4,97.1,35.1,6.4,14.0,1.0,2.0,4.0,2.0,1
9.6,70.6,57.4,6.0,19.0,0.0,1.0,1.7,1.6,1
4.1,85.9,79.3,6.6,17.0,1.0,2.0,7.5,5.3,1
7.0,50.6,26.1,8.4,2.0,0.0,0.0,8.7,0.8,0
9.0,54.6,55.9,8.7,1.0,0.0,0.0,3.6,1.3,1
0.4,84.3,78.7,4.8,17.0,1.0,2.0,3.1,3.6,1
8.8,97.6,57.3,8.1,16.0,1.0,2.0,6.3,3.3,1
0.8,60.7,35.5,6.0,3.0,0.0,1.0,8.2,4.1,0
2.0,56.1,31.1,5.6,10.0,0.0,0.0,2.5,6.9,0
9.6,46.5,74.4,5.6,2.0,1.0,1.0,6.4,6.0,1
8.1,74.7,82.3,7.6,6.0,1.0,2.0,2.1,3.3,1
1.9,68.4,,9.9,13.0,0.0,2.0,9.7,1.5,1
7.5,82.9,65.5,8.2,19.0,0.0,2.0,4.3,2.2,1
4.5,97.2,64.9,7.1,16.0,0.0,0.0,3.5,4.2,1
3.8,47.2,70.3,6.0,4.0,0.0,0.0,9.8,7.9,0
0.8,92.1,48.1,4.8,12.0,0.0,1.0,8.8,6.9,0
5.7,81.5,93.4,5.9,0.0,0.0,1.0,9.1,4.6,1
1.2,74.3,84.6,6.4,19.0,1.0,1.0,9.2,5.8,1
2.4,74.5,28.1,8.4,0.0,0.0,2.0,9.4,1.0,0
0.1,70.0,30.8,6.7,17.0,1.0,1.0,2.3,4.0,0
2.8,72.7,70.5,7.3,6.0,1.0,1.0,7.5,3.6,1
4.1,57.4,46.8,4.9,1.0,0.0,1.0,1.5,1.8,0
2.6,87.0,81.9,8.7,13.0,0.0,2.0,8.9,3.6,1
7.7,94.3,68.3,5.8,5.0,0.0,1.0,5.8,0.7,1
6.3,81.6,65.1,5.0,7.0,0.0,2.0,2.6,3.1,1
5.3,89.1,23.1,6.7,16.0,0.0,1.0,1.6,,0
2.3,77.3,39.3,5.3,4.0,0.0,1.0,7.4,4.5,0
6.3,48.4_err,83.0,6.3,13.0,0.0,1.0,9.5,5.0,1
7.4,79.9,57.3,4.4,1.0,0.0,1.0,2.3,4.4,0
2.3,43.2,27.5,4.4,8.0,0.0,1.0,3.9,5.2,0
0.6,71.1,44.2,4.5,3.0,0.0,2.0,5.6,3.3,0
2.0,70.0,46.2,9.9,0.0,0.0,0.0,3.9,3.0,0
4.1,32.4,80.3,9.5,3.0,1.0,1.0,5.3,7.3,1
0.2,41.1,42.0,8.5,11.0,0.0,1.0,1.3,2.7,0
6.9,72.0,52.6,9.0,18.0,0.0,1.0,9.0,0.7,1
3.4,84.5,68.3,6.6,18.0,0.0,2.0,3.2,1.4,1
7.1,99.9,53.4,8.3,16.0,1.0,1.0,9.1,3.2,1
0.8,53.7,60.2,5.2,19.0,1.0,1.0,4.6,,0
0.8,60.8,,8.1,2.0,1.0,1.0,9.8,7.4,0
0.3,50.0,63.0,6.8,10.0,1.0,1.0,4.9,1.1,0
2.4,84.8,76.9,7.9,11.0,0.0,1.0,9.4,0.0,1
7.6,36.7,91.8,4.7,4.0,0.0,0.0,2.5,2.5,1
5.8,45.9,38.3,5.0,10.0,1.0,0.0,2.8,3.3,0
8.2,47.9,74.0,8.0,3.0,0.0,2.0,7.5,2.1,1
2.9,35.2,33.2,4.2,3.0,1.0,0.0,3.5,2.7,0
1.2,63.9,30.7,6.6,10.0,0.0,0.0,8.3,2.6,0
10.0,62.7,81.8,5.6,6.0,0.0,2.0,7.1,3.0,1
0.8,38.5,64.3,8.0,0.0,0.0,1.0,4.4,0.1,0
6.2,82.9,85.6,6.1,12.0,1.0,0.0,7.1,7.4,1
3.9,70.4,60.1,5.2,7.0,0.0,0.0,2.7,6.6,1
3.8,87.0,74.3,9.2,17.0,0.0,2.0,5.8,2.5,1
7.7,98.2,78.7,5.4,13.0,0.0,,9.1,6.9,1
0.4,43.2,50.7,6.1,2.0,1.0,1.0,1.7,2.2,0
6.1,46.5,61.5,5.1,2.0,1.0,2.0,3.0,1.4,1
2.3,62.8,67.2,9.6,17.0,0.0,0.0,5.4,2.1,1
4.6,42.3,73.2,5.4,12.0,0.0,2.0,,2.6,1
7.0,59.5,66.1,7.1,16.0,1.0,1.0,7.8,7.4,1
8.6,92.4,55.9,8.9,13.0,0.0,1.0,5.7,2.9,1
9.8,81.9,36.1,5.2,1.0,0.0,2.0,2.8,2.7,1
9.8,71.7,80.4,10.0,12.0,0.0,2.0,3.2,3.3,1
1.7,43.9,49.8,5.9,1.0,0.0,1.0,3.3,0.7,0
4.5,96.9,84.6,9.5,0.0,0.0,2.0,4.7,3.0,1
2.9,63.6,23.6,5.0,2.0,1.0,0.0,5.8,0.9,0
5.3,75.5,28.5,5.5,13.0,1.0,0.0,6.6,7.5,0
9.5,46.1,46.5,8.2,11.0,0.0,2.0,8.6,6.4,1
0.5,69.9,31.1,5.1,0.0,0.0,1.0,1.5,0.8,0
1.9,94.9,90.4,8.3,11.0,0.0,2.0,5.9,4.5,1
2.8,33.4,59.8,6.4,3.0,0.0,1.0,2.7,5.5,0
9.1,96.6,24.6,5.6,4.0,1.0,1.0,3.5,3.5,1
1.3,69.6,41.3,4.9,14.0,1.0,2.0,6.8,2.1,0
5.6,83.1,70.6,4.8,9.0,1.0,1.0,4.8,4.8,1
4.7,88.6,81.8,8.1,3.0,0.0,2.0,9.1,5.8,1
8.0,65.4,44.3,9.1,15.0,0.0,1.0,3.2,5.4,1
1.2,40.2,92.3,9.7,16.0,1.0,2.0,6.6,7.6,1
7.5,49.8,48.5,6.3,18.0,1.0,1.0,2.0,4.5,1
8.1,79.8,63.5,7.8,7.0,1.0,2.0,6.3,3.7,1
9.5,70.6,24.6,6.4,1.0,1.0,2.0,5.6,0.1,1
0.2,31.2,78.9,7.8,6.0,1.0,2.0,2.0,0.2,0
2.7,68.1,81.2,6.1,3.0,1.0,1.0,2.1,4.6,0
3.4,93.2,75.8,8.0,6.0,0.0,1.0,9.3,5.7,1
5.3,42.8,70.4,8.7,12.0,1.0,1.0,1.2,4.7,1
0.5,75.8,25.0,7.9,19.0,1.0,2.0,1.5,1.0,0
2.1,77.1,49.6,6.3,17.0,0.0,2.0,7.0,7.9,0
0.2,75.3,59.8,9.9,17.0,1.0,0.0,5.0,6.9,0
8.0,31.2,36.6,5.4,3.0,0.0,1.0,9.2,6.8,0
0.2,51.4,88.9,5.5,9.0,1.0,1.0,4.6,7.6,1
4.9,59.4,89.7,5.2,1.0,1.0,2.0,6.5,6.9,1
0.5,90.8,83.3,8.2,15.0,1.0,2.0,3.3,1.5,1
7.0,54.8,83.1,7.4,19.0,0.0,0.0,2.4,,1
5.5,94.7,20.4,9.9,18.0,1.0,2.0,7.8,3.9,1
,41.3,75.7,6.0,3.0,0.0,1.0,8.5,1.0,1
7.7,65.4,25.5,10.0,13.0,0.0,2.0,9.7,7.8,0
8.4,81.3,55.2,9.4,0.0,0.0,1.0,7.5,6.0,1
9.1,53.9,33.0,9.1,9.0,1.0,1.0,4.4,2.5,1
6.1,34.1,38.3,5.8,10.0,1.0,0.0,2.2,3.8,0
9.8,52.6,76.4,5.9,15.0,1.0,1.0,9.4,3.8,1
5.0,84.4,50.2,9.2,18.0,1.0,1.0,5.6,4.8,1
2.8,70.8,57.0,4.1,0.0,0.0,0.0,9.1,4.3,0
7.5,56.8,24.2,8.7,8.0,1.0,2.0,2.3,0.7,0
2.9,58.1,85.3,5.5,9.0,0.0,0.0,7.6,7.3,0
10.0,31.7,33.5,6.0,10.0,0.0,0.0,8.1,2.4,1
6.2,74.4,37.1,9.5,12.0,0.0,0.0,1.7,2.3,0
2.8,88.0,42.7,5.6,4.0,0.0,2.0,2.0,5.8,0
5.9,89.8,,7.1,4.0,1.0,2.0,,2.1,0
8.9,74.7,46.1,5.8,17.0,0.0,0.0,1.9,4.6,1
8.4,91.8,37.9,8.4,18.0,0.0,0.0,6.3,4.2,1
0.7,92.7,73.8,6.3,4.0,1.0,0.0,2.0,0.5,0
4.1,42.6,44.8,7.9,14.0,0.0,0.0,7.1,6.6,0
3.5,66.4,40.9,4.8,5.0,1.0,1.0,9.5,6.6,0
8.3,89.4,31.0,5.9,11.0,0.0,2.0,3.1,7.9,0
9.1,40.0,40.0,9.7,15.0,0.0,1.0,4.6,4.2,1
9.2,51.3,31.0,5.4,0.0,0.0,0.0,6.8,4.3,0
7.9,81.5,61.3,4.2,3.0,1.0,1.0,3.6,2.9,1
6.9,52.5,76.1,8.6,6.0,0.0,0.0,7.4,0.1,1
5.9,46.3,48.5,9.5,5.0,,1.0,3.8,2.5,1
1.0,68.7,53.0,6.9,6.0,0.0,0.0,9.2,5.6,0
6.2,96.1,60.2,9.1,10.0,1.0,1.0,7.1,4.8,1
5.2,41.1,75.2,8.5,16.0,0.0,1.0,9.2,1.6,1
2.1,75.9,75.6,6.1,13.0,1.0,2.0,8.1,7.9,1
7.7,38.0,56.0,6.9,18.0,0.0,2.0,8.2,1.9,1
5.1,61.8,87.6,8.8,12.0,1.0,2.0,3.8,6.6,1
5.5,40.0,45.1,8.6,2.0,0.0,2.0,5.1,7.1,0
2.0,75.2,28.2,5.0,1.0,0.0,0.0,4.7,3.8,0
0.7,35.6,71.7,,10.0,0.0,2.0,9.7,7.9,0
5.9,90.8,80.2,5.0,12.0,1.0,1.0,7.2,2.4,1
6.9,38.0,27.4,9.2,13.0,0.0,0.0,9.6,7.2,0
6.8,31.4,64.2,9.5,14.0,0.0,0.0,4.1,1.0,1
5.1,53.4,25.6,8.3,0.0,0.0,0.0,1.2,3.9,0
4.8,82.8,35.0,4.8,6.0,0.0,1.0,8.4,3.7,0
4.4,77.7,94.4,7.9,18.0,0.0,0.0,4.3,5.5,1
4.1,58.5,29.9,9.4,9.0,0.0,2.0,1.9,3.4,0
7.1,61.4,28.0,6.4,18.0,0.0,2.0,9.0,5.2,1
5.9,32.7,83.9,5.0,5.0,0.0,2.0,1.5,4.1,1
3.7,71.9,26.5,5.4,12.0,1.0,2.0,2.1,0.1,0
1.4,67.9,91.8,4.7,4.0,0.0,0.0,4.2,3.0,0
1.1,98.7,47.7,,16.0,0.0,0.0,9.1,3.6,0
1.0,87.2,30.6,4.4,17.0,1.0,2.0,9.7,0.0,0
5.8,93.2,46.9,5.7,13.0,0.0,0.0,,2.3,1
7.3,94.9,33.6,6.3,4.0,1.0,0.0,2.1,1.8,0
0.1,57.8,28.2,5.6,18.0,0.0,0.0,3.0,7.2,0
3.1,85.2,65.1,7.5,7.0,0.0,0.0,3.4,2.8,1
6.5,93.7,82.3,5.5,14.0,0.0,2.0,3.7,5.1,1
,,42.7,4.2,3.0,0.0,0.0,6.1,0.9,0
3.5,95.8,37.5,9.7,16.0,0.0,1.0,6.9,0.7,0
4.5,66.0,89.0,9.6,14.0,1.0,1.0,4.9,3.6,1
7.8,41.2,75.9,6.8,16.0,0.0,0.0,3.0,5.0,1
0.4,98.2,50.3,4.2,13.0,1.0,2.0,1.5,2.5,0
0.8,93.6,70.8,5.0,15.0,0.0,2.0,5.6,4.2,1
7.9,74.7,60.2,4.7,3.0,0.0,1.0,9.3,2.1,1
4.7,71.3,68.0,7.5,17.0,1.0,2.0,7.9,5.2,1
9.4,50.2,24.1,9.6,4.0,0.0,1.0,6.8,2.4,1
6.1,48.2,67.0,5.0,4.0,0.0,0.0,2.3,4.8,0
3.8,35.3,84.9,7.4,4.0,1.0,1.0,8.0,2.5,1
9.8,71.1,20.1,7.9,8.0,1.0,2.0,2.2,1.6,1
3.5,69.4,91.4,8.4,1.0,0.0,1.0,4.9,0.3,1
6.1,88.8,86.7,9.8,6.0,0.0,0.0,7.8,1.6,1
0.5,56.3,76.1,5.3,11.0,1.0,2.0,8.8,1.5,0
2.3,57.1,58.2,5.3,6.0,1.0,1.0,7.2,5.8,0
8.1,69.9,71.2,8.8,17.0,0.0,1.0,3.1,3.6,1
5.7,55.9,28.5,8.7,16.0,0.0,2.0,1.7,7.6,0
0.0,58.4,87.0,8.7,15.0,0.0,1.0,9.5,4.6,0
5.6,87.7,37.9,4.2,9.0,0.0,1.0,6.6,2.2,1
4.4,72.4,69.2,5.9,1.0,0.0,0.0,5.0,6.1,0
7.6,40.3,45.5,9.8,17.0,1.0,2.0,3.1,5.0,1
3.8,76.1,56.3,8.9,1.0,0.0,0.0,2.1,6.8,0
3.1,77.3,94.4,8.6,10.0,1.0,0.0,3.2,2.1,1
8.8,91.2,66.9,4.6,18.0,0.0,2.0,7.8,4.7,1
1.3,77.8,66.9,7.0,6.0,1.0,2.0,1.2,0.9,0
3.8,90.9,,7.9,14.0,0.0,2.0,8.5,2.1,0
7.3,39.1,56.3,6.7,15.0,1.0,0.0,2.6,3.2,1
4.3,88.9,72.2,8.7,12.0,0.0,1.0,8.8,5.5,1
6.3,44.3,61.3,5.7,14.0,1.0,1.0,2.5,2.3,0
6.7,73.7,59.2,7.2,19.0,0.0,2.0,4.1,6.4,1
0.6,53.5,60.1,9.0,6.0,1.0,0.0,2.4,7.5,0
5.6,34.6,66.5,5.8,19.0,0.0,2.0,5.1,7.6,1
1.0,52.7,41.8,7.9,1.0,1.0,1.0,3.5,7.5,0
4.3,88.1,91.7,5.5,14.0,0.0,1.0,9.1,2.6,1
9.3,87.6,35.0,8.8,11.0,1.0,2.0,7.6,0.9,1
3.7,78.8,86.2,8.5,13.0,1.0,2.0,4.9,4.7,1
7.1,82.6,44.1,8.5,18.0,1.0,0.0,4.8,5.7,1
7.9,38.5,33.0,8.5,11.0,0.0,0.0,1.3,0.7,0
6.4,,55.6,9.6,13.0,0.0,2.0,1.7,,1
5.9,45.2,89.3,9.6,5.0,1.0,0.0,7.0,5.6,1
4.8,81.7,22.5,7.7,18.0,1.0,0.0,9.3,1.8,1
8.2,98.5,77.1,8.8,1.0,0.0,2.0,9.4,1.6,1
7.7,52.8,20.9,8.5,8.0,1.0,0.0,3.7,0.0,0
1.6,69.2,85.6,9.6,19.0,0.0,2.0,9.6,6.2,1
2.1,51.2,92.8,9.4,17.0,0.0,0.0,5.3,5.5,0
8.4,32.4,48.6,4.9,2.0,1.0,1.0,8.3,1.3,1
9.9,72.1,30.2,9.7,3.0,0.0,0.0,6.3,7.9,0
1.0,86.1,92.1,5.6,15.0,1.0,0.0,7.3,5.3,1
8.1,61.6,23.8,5.4,13.0,0.0,2.0,5.1,2.5,0
0.5,39.3,40.7,9.6,18.0,0.0,2.0,7.1,7.9,0
2.7,34.8,54.7,9.6,16.0,0.0,0.0,2.0,1.9,0
3.2,76.7,69.7,7.2,13.0,,2.0,1.1,0.2,1
0.2,38.5,48.6,7.3,12.0,1.0,2.0,5.1,3.8,0
2.1,86.1,56.1,4.7,4.0,0.0,2.0,9.8,5.9,0
5.9,74.5,25.7,4.3,11.0,0.0,0.0,5.7,6.6,0
7.2,93.9,81.4,8.8,16.0,0.0,0.0,1.2,7.2,1
4.2,58.3,63.8,5.4,0.0,0.0,1.0,3.4,1.6,0
2.3,100.0,30.1,8.8,9.0,1.0,1.0,2.2,5.4,0
5.7,36.5,89.3,9.5,4.0,0.0,2.0,3.1,0.8,1
2.3,63.2,84.9,6.3,6.0,0.0,2.0,5.4,4.9,1
6.7,46.3,82.3,9.5,1.0,0.0,2.0,4.8,1.6,1
3.2,69.1,30.7,5.1,3.0,0.0,1.0,1.7,6.3,0
1.3,94.7,52.5,6.4,7.0,,0.0,4.1,4.8,0
1.6,51.7,23.3,6.9,14.0,0.0,0.0,6.6,5.2,0
0.4,40.0,89.8,7.7,5.0,0.0,2.0,5.2,7.0,0
8.7,62.7,39.8,5.1,14.0,0.0,2.0,5.1,1.6,1
5.4,61.6,73.5,6.3,9.0,0.0,1.0,2.5,1.8,0
0.9,48.7,32.1,5.9,14.0,0.0,2.0,8.5,0.5,0
7.6,92.9,50.4,5.9,9.0,0.0,2.0,6.8,6.0,1
5.3,77.8,38.5,8.2,1.0,1.0,1.0,5.1,3.0,0
2.6,43.2,21.2,7.7,17.0,1.0,0.0,9.0,2.9,0
2.4,61.8,64.4,6.7,1.0,0.0,1.0,3.1,1.0,0
7.5,40.8,55.1,5.8,15.0,0.0,2.0,,6.2,0
2.4,33.9,,7.7,5.0,0.0,1.0,1.8,4.1,0
8.0,44.3,42.6,6.0,14.0,0.0,1.0,8.8,3.5,1
9.4,94.8,60.8,5.5,19.0,,2.0,2.9,7.9,1
3.9,,54.3,7.5,0.0,1.0,0.0,5.4,6.7,0
0.2,69.7,60.6,8.5,12.0,1.0,1.0,8.0,5.6,0
9.1,94.4,75.0,6.0,5.0,0.0,1.0,6.1,5.8,1
3.5,54.4,23.8,4.5,6.0,0.0,0.0,4.4,6.0,0
3.8,77.8,31.6,8.8,7.0,1.0,1.0,8.8,7.1,0
9.0,43.8,30.6,4.5,17.0,0.0,2.0,1.9,1.9,0
5.6,,61.0,6.9,18.0,0.0,0.0,5.5,4.2,0
6.6,89.2,49.3,,13.0,0.0,2.0,9.8,4.8,1
8.8,55.4,25.0,6.9,10.0,1.0,2.0,9.7,4.0,1
3.6,49.8,31.0,6.5,2.0,0.0,0.0,7.1,6.5,0
4.5,71.3,57.4,4.6,0.0,0.0,1.0,7.6,4.2,0
6.7,44.3,72.1,9.7,11.0,0.0,2.0,7.8,6.0,1
9.7,66.1,65.6,4.0,8.0,1.0,2.0,7.4,7.5,1
3.4,79.3,37.4,6.1,9.0,1.0,1.0,4.8,7.2,0
2.4,74.7,70.9,7.3,10.0,0.0,2.0,1.5,1.8,0
4.3,51.5,69.8,4.5,12.0,0.0,0.0,3.2,,0
4.7,65.4,61.7,5.8,0.0,0.0,2.0,3.6,5.3,0
7.6,49.7,,6.3,16.0,0.0,0.0,6.5,4.2,1
9.5,95.6,43.1,9.7,16.0,0.0,2.0,3.6,7.6,1
2.1,67.3,66.9,6.7,13.0,,2.0,8.4,4.3,1
5.1,34.5,69.1,5.6,5.0,0.0,0.0,9.3,4.2,0
2.6,82.3,48.2,9.3,16.0,0.0,1.0,9.1,2.2,1
0.0,35.6,55.3,5.4,1.0,,0.0,8.4,0.9,0
0.6,55.2,54.8,7.2,10.0,1.0,2.0,7.1,1.9,0
0.8,73.7,23.7,4.3,12.0,0.0,2.0,9.3,0.4,0
3.6,38.0,45.0,8.3,1.0,1.0,1.0,5.3,7.3,0
2.8,48.8,40.8,8.9,2.0,1.0,2.0,7.5,2.0,0
4.7,82.2,60.1,7.0,17.0,0.0,1.0,9.9,2.4,1
3.8,84.7,89.6,5.0,13.0,0.0,0.0,2.7,3.5,1
4.1,35.3,89.0,5.4,13.0,1.0,1.0,7.9,5.7,1
2.2,78.4,32.4,4.0,13.0,0.0,2.0,4.7,7.0,0
0.1,30.6,75.3,4.3,12.0,0.0,0.0,6.9,2.0,0
5.2,93.8,51.9,5.6,1.0,1.0,0.0,4.7,1.5,1
0.1,97.4,29.5,8.4,14.0,1.0,1.0,6.5,1.2,0
7.9,57.6,86.0,9.1,7.0,1.0,2.0,3.4,5.9,1
4.8,72.4,92.6,4.8,,0.0,2.0,5.4,6.9,0
1.4,57.8,28.5,7.2,7.0,,2.0,3.3,3.4,0
4.2,36.7,32.1,6.5,18.0,0.0,2.0,5.0,1.8,0
1.9,45.4,22.9,9.4,11.0,0.0,2.0,5.9,3.4,0
2.0,96.4,62.2,4.8,8.0,0.0,1.0,3.0,6.6,0
0.6,75.5,30.3,10.0,5.0,0.0,0.0,5.4,6.8,0
3.7,50.2,78.8,5.2,2.0,1.0,0.0,9.8,7.1,0
9.5,77.4,36.8,4.9,1.0,0.0,2.0,3.2,4.6,1
7.8,67.4,56.0,7.5,6.0,1.0,1.0,8.0,2.8,1
5.7,45.5,66.7,10.0,13.0,1.0,0.0,9.7,3.3,1
5.4,55.7,36.5,5.0,18.0,1.0,2.0,2.8,6.7,0
0.1,38.9,70.2,4.9,17.0,0.0,1.0,7.6,7.7,0
3.5,98.3,62.4,4.2,4.0,0.0,2.0,9.3,2.4,0
7.8,41.4,58.3,5.6,14.0,1.0,2.0,2.7,2.6,1
3.4,40.4,92.3,5.9,15.0,0.0,0.0,2.3,3.8,1
8.2,79.1,35.0,6.8,0.0,1.0,1.0,4.4,5.3,0
10.0,61.0,65.5,6.7,12.0,0.0,2.0,8.4,7.9,1
2.2,75.7,63.9,5.1,17.0,1.0,1.0,9.8,4.0,1
3.8,59.3,79.4,5.9,2.0,0.0,2.0,6.4,3.7,1
4.1,56.5,70.7,4.7,7.0,1.0,0.0,2.1,1.1,0
1.0,30.7,40.0,8.1,2.0,0.0,0.0,2.9,4.1,0
1.5,86.8,86.4,4.4,10.0,1.0,0.0,5.1,5.0,1
4.6,64.2,75.2,4.3,18.0,1.0,1.0,4.4,4.6,1
7.0,87.1,70.4,4.5,10.0,1.0,2.0,7.2,3.0,1
5.1,55.3,58.9,8.6,0.0,0.0,0.0,2.1,7.1,0
3.7,78.4,21.8,5.9,2.0,0.0,2.0,9.6,4.4,0
7.7,56.2,60.7,6.5,6.0,1.0,1.0,3.0,5.3,1
5.8,37.1,30.1,9.8,19.0,1.0,0.0,5.5,4.4,0
5.6,82.8,38.7,7.7,0.0,0.0,0.0,5.3,5.9,0
3.8,76.5,91.3,9.3,2.0,0.0,1.0,3.9,7.7,1
2.3,47.7,71.4,7.0,6.0,0.0,2.0,8.8,2.2,0
9.7,86.9,66.5,5.4,6.0,1.0,1.0,,0.9,1
1.0,48.1,51.1,9.8,4.0,0.0,2.0,3.7,4.9,0
4.1,30.8,58.9,8.3,14.0,0.0,1.0,4.5,5.1,0
8.2,57.4,22.0,4.2,5.0,1.0,0.0,8.7,1.3,1
8.2,52.6,65.4,4.7,15.0,0.0,1.0,1.3,1.4,1
9.6,45.2,50.2,5.3,3.0,1.0,1.0,2.3,4.4,0
5.8,44.0,85.5,7.2,5.0,0.0,0.0,4.1,2.8,1
1.6,72.2,59.2,9.5,10.0,1.0,0.0,4.5,5.3,0
8.7,48.5,90.5,8.5,14.0,0.0,0.0,5.3,6.8,1
1.8,61.6,40.6,8.4,11.0,1.0,0.0,4.7,5.7,0
1.8,99.4,56.1,4.5,19.0,1.0,1.0,6.0,4.3,1
8.9,78.8,81.8,7.8,2.0,1.0,2.0,1.8,3.0,1
8.0,54.7,70.0,6.8,5.0,0.0,2.0,5.2,4.1,1
1.5,39.0,59.9,4.4,18.0,0.0,0.0,8.6,2.3,0
6.1,63.6,77.6,6.9,16.0,0.0,1.0,2.1,1.0,1
1.7,92.7,54.9,9.4,14.0,1.0,1.0,8.2,0.8,1
1.3,91.8,58.9,5.1,12.0,0.0,0.0,2.3,0.8,0
7.6,87.9,45.3,4.2,4.0,1.0,0.0,2.0,1.2,1
6.4,39.9,87.5,7.0,14.0,0.0,1.0,5.8,1.0,1
7.9,81.3,43.6,7.5,5.0,0.0,2.0,2.9,3.5,1
0.7,32.7,76.0,5.9,3.0,1.0,2.0,5.6,1.2,0
6.5,37.7,66.2,8.2,7.0,1.0,2.0,7.6,5.1,1
7.4,42.0,71.0,4.2,17.0,1.0,0.0,4.5,3.6,1
4.6,96.7,77.2,6.4,6.0,1.0,0.0,9.7,0.8,1
5.0,53.5,37.2,5.8,8.0,1.0,0.0,7.0,1.7,0
2.5,58.3,70.8,8.9,0.0,1.0,2.0,5.1,6.8,0
2.1,62.9,68.3,8.1,8.0,1.0,2.0,4.5,3.8,1
1.7,33.1,39.9,7.7,8.0,1.0,2.0,2.6,2.9,0
8.5,62.6,55.6,4.2,10.0,0.0,2.0,6.0,0.8,1
3.2,36.2,37.5,5.7,,0.0,1.0,9.1,5.9,0
5.9,53.4,86.0,7.5,5.0,1.0,1.0,9.3,2.4,1
2.3,78.9,79.7,6.6,10.0,0.0,2.0,6.0,4.4,1
2.6,64.5,38.6,8.7,14.0,1.0,1.0,1.5,6.3,0
6.7,60.5,69.4,7.1,1.0,0.0,0.0,6.3,1.7,1
2.4,99.8,62.2,4.9,10.0,0.0,2.0,1.3,2.9,0
5.6,45.5,53.0,9.5,3.0,0.0,0.0,2.4,7.2,0
7.9,80.6,93.8,8.1,7.0,0.0,2.0,9.7,3.0,1
6.3,63.8,65.1,4.6,1.0,0.0,2.0,6.5,6.9,0
0.7,69.2,21.8,4.1,3.0,0.0,1.0,7.1,1.4,0
0.1,60.5,45.2,7.7,1.0,0.0,2.0,5.1,,0
9.7,61.0,80.1,8.8,19.0,0.0,1.0,9.9,4.3,1
0.6,77.1,74.4,6.3,4.0,,2.0,6.8,2.9,0
6.3,86.8,52.3,5.7,8.0,1.0,1.0,8.7,5.7,1
7.5,53.8,81.7,6.7,7.0,0.0,,9.2,6.7,1
4.9,87.8,27.7,4.4,6.0,1.0,1.0,1.8,7.1,0
9.4,51.8,65.0,6.2,13.0,0.0,2.0,2.3,5.3,1
6.2,43.4,69.7,4.7,19.0,0.0,1.0,10.0,3.9,1
3.6,67.1,28.6,10.0,15.0,1.0,0.0,6.2,1.2,0
10.0,48.0,64.5,,4.0,0.0,0.0,9.1,3.6,1
7.3,45.2,76.2,6.7,18.0,0.0,1.0,7.5,4.4,1
5.9,61.7,43.1,,14.0,1.0,1.0,5.3,7.7,0
8.3,51.6,37.6,5.1,15.0,1.0,0.0,8.1,6.9,0
7.1,56.7,49.0,4.9,13.0,0.0,0.0,4.3,3.2,0
9.6,34.0,94.7,4.5,12.0,1.0,2.0,6.0,0.3,1
0.1,64.9,88.2,8.4,0.0,0.0,,,3.2,0
6.9,81.3,67.2,6.0,1.0,0.0,2.0,8.2,4.8,1
,64.8,88.1,7.8,13.0,1.0,2.0,1.8,4.5,1
8.2,48.1,41.7,7.8,8.0,0.0,0.0,2.3,0.4,1
0.6,49.9,49.0,4.8,10.0,1.0,2.0,2.5,5.3,0
1.4,49.7,66.0,6.2,8.0,1.0,0.0,7.5,0.8,0
9.4,77.6,25.9,9.6,1.0,1.0,2.0,2.2,1.1,0
9.1,62.6,47.9,9.7,17.0,0.0,2.0,1.7,0.7,1
8.9,88.9,70.7,6.9,4.0,1.0,2.0,3.8,1.6,1
4.9,44.1,93.3,8.9,2.0,0.0,2.0,5.4,3.6,1
3.4,44.8,54.2,9.5,0.0,1.0,0.0,4.4,6.8,0
1.6,44.4,90.3,5.9,1.0,0.0,0.0,9.5,7.6,0
4.5,68.7,46.2,8.4,0.0,1.0,2.0,5.5,3.5,0
7.7,70.5,77.6,4.2,10.0,1.0,2.0,8.6,7.5,1
0.6,83.5,79.4,5.6,4.0,0.0,0.0,9.4,2.0,1
2.8,45.2,77.7,,14.0,0.0,2.0,3.6,5.5,1
8.9,68.4,65.7,8.3,8.0,1.0,2.0,5.3,6.4,1
5.0,39.6,,4.9,15.0,0.0,2.0,9.1,6.4,0
0.8,70.3,46.3,4.0,2.0,0.0,0.0,1.6,4.1,0
4.1,71.5,43.0,5.2,11.0,0.0,2.0,3.3,0.1,0
4.8,68.5,73.4,7.8,12.0,1.0,0.0,8.1,1.8,1
6.0,85.5,60.8,9.8,13.0,0.0,0.0,9.1,0.8,1
2.9,82.1,50.0,4.2,5.0,0.0,0.0,7.9,4.8,0
8.1,97.9,35.5,7.7,12.0,1.0,0.0,4.0,5.1,1
9.1,46.4,42.7,9.5,2.0,0.0,0.0,1.6,1.9,1
2.8,86.5,44.3,6.5,15.0,1.0,2.0,9.6,4.5,1
1.2,93.2,72.3,8.1,11.0,1.0,1.0,6.2,8.0,0
6.7,90.9,26.6,5.6,1.0,0.0,1.0,6.7,4.1,0
6.5,85.2,53.4,6.7,10.0,1.0,2.0,,6.2,1
9.3,45.4,42.9,4.9,14.0,1.0,0.0,7.8,,1
2.9,97.1,74.9,8.6,10.0,0.0,2.0,4.6,0.8,1
3.6,54.1,41.4,5.2,10.0,0.0,0.0,1.2,4.2,0
3.3,36.6,53.1,7.2,5.0,0.0,1.0,8.1,3.4,0
0.1,39.1,71.3,4.9,9.0,1.0,2.0,3.2,5.8,0
1.5,42.1,,6.3,6.0,0.0,0.0,7.2,0.3,1
1.0,43.9,32.5,8.5,10.0,1.0,1.0,5.9,7.6,0
7.7,83.5,43.0,5.9,3.0,0.0,0.0,2.3,,0
5.9,59.4,42.1,7.9,15.0,1.0,2.0,5.6,5.7,1
0.9,40.5,84.2,5.3,0.0,1.0,2.0,9.9,4.9,0
3.9,31.7,65.2,9.5,2.0,1.0,2.0,1.4,6.2,0
7.9,50.7,41.4,5.7,4.0,0.0,0.0,5.5,7.6,0
9.5,76.8,25.0,9.2,9.0,1.0,2.0,7.6,0.8,1
6.6,74.7,60.1,9.9,14.0,1.0,0.0,8.5,6.0,1
5.4,52.9,78.5,9.0,4.0,1.0,0.0,8.2,0.2,1
5.6,68.3,67.8,4.5,2.0,0.0,2.0,9.0,2.3,1
4.9,65.8,90.9,5.5,8.0,0.0,0.0,7.1,2.1,1
0.7,60.9,52.3,4.3,14.0,1.0,1.0,2.0,1.5,0
0.2,61.9,52.6,7.2,5.0,1.0,2.0,5.5,5.8,0
8.9,39.9,87.1,6.1,7.0,1.0,1.0,8.2,7.9,1
1.8,91.7,42.1,7.6,17.0,0.0,1.0,1.9,6.8,0
0.4,70.8,36.0,8.7,16.0,0.0,2.0,3.7,3.9,0
9.2,47.0,89.2,6.8,19.0,0.0,1.0,,0.2,1
9.5,59.4,30.5,4.9,16.0,0.0,0.0,6.9,4.9,0
7.0,38.4,42.5,7.2,14.0,0.0,1.0,1.6,3.8,0
2.1,87.5,93.4,4.6,11.0,0.0,0.0,,0.2,1
4.5,60.9,47.4,7.9,8.0,1.0,1.0,9.0,5.1,0
6.8,55.3,91.9,8.4,10.0,0.0,2.0,4.3,0.9,1
5.4,78.4,71.4,5.2,10.0,1.0,1.0,9.2,1.7,1
3.3,73.3,59.0,8.4,2.0,1.0,1.0,6.0,5.0,1
4.0,48.6,72.4,4.6,3.0,1.0,2.0,1.1,2.7,0
1.1,95.9,82.0,5.2,0.0,1.0,0.0,7.6,6.1,0
1.0,94.5,74.9,8.6,0.0,1.0,2.0,6.7,0.6,1
2.0,61.5,90.3,4.9,17.0,1.0,0.0,1.3,0.7,1
8.0,83.9,51.5,9.5,18.0,0.0,2.0,9.8,6.9,1
8.5,33.2,20.9,5.4,8.0,1.0,2.0,6.2,1.0,0
5.2,49.7,55.8,6.8,0.0,1.0,0.0,7.5,1.1,0
10.0,34.5,58.5,5.3,14.0,0.0,1.0,5.0,,1
8.0,81.5,52.5,7.6,4.0,0.0,1.0,6.2,1.7,1
8.9,68.9,81.0,5.0,5.0,1.0,1.0,5.6,5.8,1
8.2,61.5,35.1,9.2,7.0,1.0,0.0,5.2,5.0,1
0.5,80.3,20.4,7.3,11.0,1.0,2.0,2.5,,0
8.6,76.4,25.2,8.6,13.0,1.0,2.0,3.3,6.7,0
4.4,95.2,23.2,8.0,19.0,1.0,0.0,8.2,6.7,0
2.5,58.2,,9.8,9.0,1.0,2.0,6.1,0.3,1
9.4,60.2,93.8,6.1,17.0,0.0,2.0,9.3,3.5,1
5.2,50.4,64.6,4.7,19.0,0.0,2.0,1.7,3.0,0
1.8,99.1,61.4,4.1,4.0,1.0,1.0,9.4,1.8,0
7.9,46.8,34.7,6.5,6.0,0.0,1.0,6.6,7.5,0
0.9,62.2,87.3,7.2,5.0,1.0,1.0,6.8,1.6,1
4.5,69.3,45.8,7.0,17.0,1.0,0.0,6.8,4.2,0
2.9,50.5,80.3,5.9,17.0,0.0,2.0,3.5,1.7,1
0.1,43.5,73.3,9.6,1.0,0.0,0.0,7.8,2.1,0
8.2,85.6,66.1,4.1,7.0,,2.0,4.5,6.4,1
5.3,87.2,51.3,9.4,9.0,0.0,0.0,6.6,5.4,1
1.0,47.9,,4.5,14.0,0.0,0.0,3.4,3.9,0
5.3,88.4,86.9,7.1,8.0,0.0,0.0,3.0,1.7,1
5.0,60.1,24.9,4.4,1.0,1.0,1.0,4.3,7.9,0
3.7,70.3,46.4,5.1,9.0,0.0,0.0,9.0,0.4,0
9.5,86.2,68.9,7.7,14.0,0.0,,3.4,0.2,1
7.8,35.5,41.4,6.5,14.0,0.0,1.0,1.6,8.0,0
7.0,30.1,46.0,4.1,,1.0,0.0,3.9,1.4,0
8.7,88.7,91.1,8.8,18.0,0.0,2.0,2.1,,1
7.6,67.1,84.8,7.1,6.0,0.0,1.0,2.5,7.1,1
4.8,64.8,68.3,6.6,14.0,0.0,0.0,9.9,0.9,1
6.1,30.7,21.9,7.0,0.0,0.0,2.0,2.3,7.4,0
4.5,69.9,59.4,7.9,6.0,1.0,2.0,7.3,1.1,1
4.4,60.3,41.0,9.5,2.0,1.0,0.0,3.2,3.8,0
6.0,74.4,50.5,7.8,7.0,1.0,1.0,6.6,2.5,1
6.5,39.1,83.1,4.2,13.0,0.0,1.0,3.9,2.9,1
0.7,71.5,92.2,8.3,18.0,0.0,0.0,5.9,0.7,1
0.4,60.2,55.2,7.6,3.0,0.0,0.0,2.7,5.3,0
6.9,51.9,53.8,8.0,19.0,0.0,0.0,6.4,5.0,1
3.9,89.4,89.9,7.0,4.0,1.0,2.0,4.2,6.8,1
8.5,90.6,71.1,7.0,4.0,1.0,2.0,1.2,7.7,1
0.1,39.1,55.3,8.5,17.0,1.0,0.0,4.7,1.3,0
4.0,80.6,35.2,5.4,6.0,,2.0,6.8,1.5,0
4.1,50.3,,9.5,4.0,0.0,2.0,5.4,6.3,0
7.0,63.1,48.5,5.8,10.0,0.0,2.0,7.3,5.1,1
1.0,93.7,71.9,4.9,19.0,0.0,1.0,8.1,3.7,1
0.1,56.6,51.2,7.2,9.0,1.0,2.0,1.4,5.2,0
8.2,64.2,61.9,6.7,13.0,,1.0,1.2,0.0,1
5.0,97.6,68.8,6.5,10.0,0.0,2.0,7.4,6.5,1
7.7,86.7,68.2,5.3,15.0,0.0,1.0,3.2,2.7,1
2.8,72.0,87.1,9.7,4.0,0.0,1.0,8.4,6.9,1
4.2,76.9,44.2,7.6,14.0,0.0,2.0,2.3,0.3,1
6.8,32.2,37.7,4.9,7.0,0.0,2.0,7.8,4.3,0
6.6,41.8,32.8,4.1,12.0,1.0,0.0,3.8,,0
8.7,52.0,50.8,7.1,17.0,1.0,2.0,3.6,2.3,1
8.0,47.4,78.5,7.7,3.0,0.0,0.0,8.7,4.7,1
,63.5,74.2,9.8,15.0,1.0,1.0,2.5,4.3,1
4.3,54.9,77.5,5.5,9.0,1.0,0.0,9.1,7.0,1
9.7,69.5,28.3,5.9,6.0,1.0,1.0,7.2,7.1,0
9.4,69.7,21.3,7.9,9.0,0.0,1.0,8.8,0.2,1
7.4,76.5,92.4,7.6,3.0,1.0,1.0,3.4,6.8,1
2.0,68.0,42.3,4.3,8.0,1.0,1.0,9.1,1.5,0
3.6,98.1,49.4,5.7,8.0,0.0,0.0,5.2,2.4,0
3.7,71.7,85.0,7.3,8.0,0.0,1.0,4.6,7.1,1
8.3,72.9,75.8,5.0,5.0,1.0,2.0,6.7,4.6,1
7.6,35.4,63.8,9.6,18.0,1.0,2.0,8.6,7.0,1
0.9,71.3,84.8,8.7,14.0,1.0,1.0,6.0,4.4,1
8.5,31.5,82.0,6.3,6.0,1.0,1.0,7.7,5.1,1
8.0,38.9,71.8,7.8,3.0,0.0,2.0,5.7,5.0,1
4.6,75.3,90.9,6.4,15.0,1.0,0.0,6.3,,1
0.1,33.6,,4.2,12.0,1.0,0.0,8.8,8.0,0
7.1,86.9,59.1,6.8,19.0,0.0,2.0,6.0,1.5,1
3.8,31.0,48.4,9.5,5.0,0.0,0.0,5.9,7.7,0
3.5,32.8,62.0,4.7,17.0,0.0,2.0,1.4,2.9,0
4.5,52.2,26.2,8.2,8.0,0.0,1.0,4.5,0.8,0
9.8,,58.2,9.2,6.0,0.0,0.0,1.9,4.5,1
1.0,74.2,25.7,5.3,5.0,0.0,2.0,2.6,6.8,0
4.2,57.9,83.0,9.7,1.0,1.0,1.0,6.3,6.1,1
8.9,86.4,81.5,4.9,2.0,1.0,2.0,,6.7,1
6.8,56.5,83.4,5.7,11.0,0.0,0.0,1.1,2.9,1
9.1,73.1,60.6,7.1,9.0,0.0,1.0,5.4,3.7,1
2.6,91.0,59.3,8.4,11.0,0.0,2.0,6.4,3.8,1
7.9,52.0,63.1,5.1,7.0,0.0,0.0,6.5,0.6,1
,84.6_err,83.0,8.5,18.0,1.0,2.0,1.5,6.6,1
5.7,78.6,81.1,8.1,12.0,1.0,0.0,3.6,2.4,1
5.9,74.4,74.3,,4.0,1.0,2.0,2.0,3.2,1
8.9,35.6,70.9,5.6,14.0,0.0,2.0,5.7,1.1,1
2.5,48.7,23.2,8.5,14.0,0.0,1.0,7.1,6.7,0
6.9,64.7,58.6,8.2,14.0,1.0,2.0,4.3,3.1,1
2.5,97.5,21.7,7.5,,0.0,1.0,4.4,7.6,0
3.4,92.0,85.4,5.3,12.0,0.0,0.0,6.8,1.4,1
1.9,64.0,52.4,8.5,6.0,0.0,1.0,4.8,0.1,0
3.7,,25.5,5.8,13.0,1.0,2.0,1.3,1.4,0
,61.3_err,42.9,6.7,16.0,0.0,2.0,4.4,4.0,0
5.9,96.9,34.4,7.7,17.0,0.0,0.0,8.3,7.7,1
2.4,89.3,73.9,7.3,10.0,1.0,2.0,3.8,6.8,0
0.8,79.7,59.2,8.8,10.0,0.0,2.0,1.1,1.1,0
9.2,57.8,65.4,5.0,11.0,0.0,0.0,5.1,4.3,1
6.6,30.6,80.9,7.4,19.0,0.0,0.0,6.3,0.6,1
5.7,72.7,40.1,8.4,4.0,0.0,1.0,3.2,3.4,0
2.8,99.6,62.3,8.8,15.0,0.0,2.0,6.8,5.3,1
4.6,33.6,36.1,6.0,13.0,1.0,0.0,4.7,2.6,0
7.7,68.7,83.0,5.6,4.0,0.0,1.0,4.2,0.3,1
2.0,37.8,76.0,5.3,9.0,1.0,2.0,5.1,2.5,1
,39.6,32.0,6.5,4.0,1.0,2.0,2.0,1.5,0
5.6,61.3,85.8,6.0,19.0,1.0,0.0,8.6,2.0,1
5.1,65.0,75.6,4.6,5.0,0.0,0.0,4.7,1.1,0
4.1,81.9,29.0,4.7,7.0,0.0,2.0,9.4,1.5,0
4.8,57.6,36.4,9.4,1.0,1.0,2.0,8.1,6.7,0
6.0,,23.5,4.3,5.0,0.0,1.0,4.5,4.2,0
8.1,57.9,90.3,5.6,10.0,1.0,2.0,9.4,5.6,1
2.1,61.1,88.0,9.2,9.0,0.0,1.0,3.6,2.3,1
1.7,82.6,28.1,8.2,13.0,1.0,2.0,2.3,2.0,0
5.7,59.5,48.3,7.4,3.0,0.0,0.0,6.0,3.4,0
1.9,42.3,79.8,4.2,14.0,1.0,1.0,2.5,5.0,0
7.1,92.4,43.9,7.4,13.0,0.0,0.0,2.0,3.1,1
3.5,80.5,33.5,7.2,13.0,1.0,0.0,6.8,5.4,0
7.4,96.0,53.1,8.4,15.0,1.0,1.0,8.1,7.0,1
2.6,77.9,,6.5,1.0,0.0,0.0,4.4,5.1,0
9.4,75.3,91.7,9.7,9.0,0.0,0.0,9.6,5.8,1
6.0,75.0,86.2,7.0,17.0,0.0,1.0,1.3,7.2,1
7.2,82.7,71.0,5.3,12.0,0.0,2.0,1.6,5.2,1
8.2,43.5,82.0,4.9,1.0,0.0,1.0,4.9,0.7,1
1.6,40.5,51.7,8.9,7.0,1.0,1.0,2.0,3.5,0
4.1,48.4,21.5,9.6,16.0,0.0,1.0,,5.1,0
0.9,86.7,74.2,7.2,14.0,0.0,1.0,3.2,4.7,1
2.7,30.3,48.6,5.9,10.0,0.0,1.0,3.8,5.2,0
7.4,75.8,20.4,4.4,3.0,0.0,0.0,3.7,5.5,0
8.2,35.7,65.2,8.3,10.0,0.0,1.0,4.1,5.3,1
6.6,,,8.1,3.0,0.0,2.0,3.1,5.3,0
7.4,54.4,83.9,5.5,16.0,1.0,1.0,9.2,5.4,1
0.8,91.6,84.7,9.0,16.0,1.0,0.0,7.8,6.1,1
,83.7,82.9,7.2,7.0,0.0,2.0,4.3,1.4,0
6.1,79.1,73.4,4.6,15.0,1.0,0.0,1.5,1.8,1
6.2,38.4,30.2,7.9,11.0,0.0,1.0,1.6,4.8,0
10.0,70.4,54.8,4.2,13.0,1.0,1.0,1.3,2.0,1
8.0,55.2,58.1,7.0,3.0,0.0,0.0,9.9,6.7,1
3.6,61.7,50.0,6.1,17.0,0.0,1.0,1.8,0.3,0
1.3,48.3,71.6,6.9,2.0,1.0,0.0,3.9,1.1,0
3.8,34.7,68.4,8.3,11.0,1.0,1.0,1.5,4.8,0
0.6,89.2,25.5,6.0,5.0,1.0,2.0,4.0,5.5,0
1.0,98.8,45.7,5.2,0.0,1.0,1.0,3.7,6.0,0
6.9,56.6,81.8,9.7,14.0,0.0,1.0,2.4,3.6,1
9.4,84.6,71.5,6.2,8.0,1.0,0.0,4.3,2.3,1
1.3,36.5,76.4,8.1,5.0,0.0,0.0,4.9,7.2,0
8.5,32.8,89.8,4.0,8.0,1.0,2.0,5.7,4.3,1
2.9,,88.0,9.8,17.0,0.0,1.0,5.9,0.4,1
,55.9,79.7,8.0,10.0,1.0,2.0,3.5,0.4,1
3.8,74.2,44.3,9.6,7.0,1.0,1.0,5.2,6.0,0
5.3,71.1,68.5,8.2,16.0,1.0,1.0,4.5,4.9,1
6.5,90.6,53.5,4.1,15.0,0.0,1.0,7.6,4.9,1
6.1,48.5,92.8,7.8,10.0,1.0,0.0,1.4,5.3,1
5.4,40.9,94.4,9.7,7.0,0.0,2.0,2.4,4.6,1
4.4,76.8,25.4,5.0,6.0,0.0,1.0,1.8,3.3,0
0.0,91.8,40.8,5.5,15.0,1.0,2.0,7.6,5.4,0
5.1,90.6,71.5,6.2,12.0,1.0,1.0,7.8,6.9,1
2.1,78.1,56.6,,15.0,1.0,2.0,9.4,4.3,0
4.0,73.0,43.0,4.6,2.0,0.0,0.0,6.3,0.2,0
1.1,30.9,66.5,6.2,7.0,1.0,1.0,7.2,1.2,0
5.9,69.7,28.5,5.2,10.0,0.0,1.0,2.3,4.5,0
9.8,55.4,89.4,7.4,15.0,0.0,0.0,7.0,0.5,1
4.7,93.5,77.2,8.5,3.0,1.0,1.0,8.0,4.6,1
5.3,85.3,40.7,8.5,1.0,1.0,,9.6,7.8,0
9.0,45.0,,5.9,10.0,1.0,0.0,9.0,2.6,1
4.8,31.5,79.0,5.3,0.0,0.0,2.0,8.3,3.5,0
0.3,41.3,67.3,6.0,4.0,0.0,2.0,2.6,1.8,0
2.3,83.3,64.4,9.3,17.0,1.0,0.0,3.0,4.4,1
3.2,39.1,81.3,6.6,0.0,0.0,2.0,4.4,2.8,0
5.5,30.0,85.3,9.5,11.0,0.0,1.0,,7.9,1
7.3,87.0,26.3,7.1,5.0,1.0,1.0,7.3,1.5,1
8.9,52.3,37.1,8.6,3.0,1.0,,3.1,5.6,0
5.6,58.4,47.3,9.8,4.0,1.0,0.0,,0.8,0
6.5,92.0,49.9,4.2,10.0,1.0,2.0,3.2,1.2,1
8.3,71.8,20.5,6.9,4.0,0.0,2.0,6.2,3.2,0
6.8,89.8,42.2,5.8,6.0,0.0,1.0,8.8,,1
8.2,33.4,85.5,6.6,5.0,1.0,0.0,7.1,7.8,1
8.7,51.8,30.6,9.6,0.0,0.0,1.0,6.0,2.6,0
3.5,73.4,22.3,5.3,14.0,1.0,2.0,7.3,3.3,0
5.2,30.6,88.7,8.8,3.0,0.0,1.0,1.6,6.8,1
4.4,83.4,61.1,7.3,3.0,,1.0,7.7,3.8,1
7.5,33.5,44.6,8.0,,1.0,2.0,8.6,7.6,1
1.5,49.0,40.3,6.8,3.0,0.0,2.0,1.1,6.7,0
6.4,71.5,29.9,7.6,16.0,0.0,1.0,9.3,6.2,1
3.9,44.0,,9.8,11.0,1.0,0.0,3.5,2.0,1
3.6,82.7,79.0,8.6,7.0,1.0,1.0,,5.7,1
3.8,52.4,87.0,7.1,6.0,0.0,1.0,3.8,1.9,0
7.5,,94.7,7.0,8.0,0.0,1.0,9.3,1.2,1
2.5,97.8,53.9,6.5,18.0,0.0,0.0,4.2,3.8,0
8.1,78.1,65.4,4.3,18.0,0.0,2.0,9.0,5.1,1
4.7,38.5,70.6,5.5,4.0,0.0,2.0,9.1,7.7,0
9.2,32.3,94.8,9.6,3.0,0.0,2.0,8.8,1.8,1
7.8,31.7,49.4,9.9,17.0,0.0,2.0,9.8,4.5,1
8.9,82.9,90.2,8.5,9.0,0.0,1.0,8.0,2.5,1
5.1,69.0,93.3,5.5,13.0,0.0,0.0,2.3,6.5,1
1.1,82.1,76.7,7.1,13.0,1.0,2.0,2.5,4.6,0
9.0,68.1,63.4,7.9,14.0,0.0,0.0,9.8,3.0,1
,66.6,77.8,6.5,0.0,0.0,0.0,5.9,7.5,0
9.8,92.5,73.3,4.1,2.0,0.0,2.0,,2.6,1
5.2,99.6,34.5,5.1,19.0,0.0,0.0,1.5,1.2,0
1.5,61.4,49.5,7.5,15.0,1.0,,1.8,0.6,0
5.2,97.2,50.5,8.5,15.0,,1.0,8.0,6.4,1
3.0,88.4,71.7,6.6,5.0,0.0,0.0,4.4,0.2,1
3.7,95.4,51.3,6.2,13.0,1.0,2.0,4.8,3.6,1
5.1,59.9,35.9,7.9,9.0,0.0,2.0,4.6,6.7,0
4.9,49.7,32.4,5.4,18.0,,0.0,5.3,1.1,0
5.4,77.2,50.9,7.0,4.0,0.0,2.0,3.2,1.5,0
4.8,40.2,36.9,9.5,15.0,0.0,0.0,8.1,7.7,0
3.6,70.2,30.6,9.7,3.0,1.0,1.0,3.5,1.3,0
4.5,65.2,37.2,9.8,19.0,0.0,1.0,6.3,4.3,1
2.0,82.6,94.5,4.1,5.0,1.0,1.0,8.4,6.3,1
5.0,,32.7,9.2,12.0,0.0,2.0,6.1,6.7,0
6.0,64.5,,6.6,16.0,0.0,0.0,7.6,0.1,1
0.2,91.5,78.8,8.3,14.0,1.0,1.0,9.1,6.1,1
10.0,84.8,85.8,5.7,7.0,1.0,,9.6,6.1,1
1.2,96.7,34.2,6.6,5.0,0.0,2.0,1.0,2.2,0
3.7,67.7,46.6,4.5,9.0,0.0,0.0,4.9,0.5,0
5.9,50.8,68.2,4.3,13.0,1.0,1.0,8.5,1.6,1
8.6,46.9,69.0,4.1,2.0,1.0,1.0,5.7,1.2,0
2.8,92.8,56.0,7.7,17.0,1.0,2.0,5.4,0.9,1
8.5,35.3,21.4,7.9,2.0,0.0,1.0,2.9,3.7,0
0.1,54.7,80.6,6.7,6.0,1.0,1.0,8.3,2.2,0
1.1,,20.7,7.3,6.0,1.0,2.0,1.3,4.8,0
4.9,74.1,89.9,4.0,10.0,0.0,1.0,1.3,3.0,1
6.6,71.4,89.3,6.4,15.0,0.0,2.0,3.2,0.4,1
8.7,37.0,83.6,9.2,4.0,0.0,2.0,8.6,5.9,1
0.7,58.6,89.7,8.6,3.0,1.0,1.0,2.0,7.4,0
6.9,49.8,88.2,9.3,9.0,0.0,0.0,9.6,4.3,1
6.8,59.1,33.2,9.7,11.0,0.0,0.0,5.2,3.1,0
5.5,40.9,24.9,7.1,19.0,1.0,2.0,9.3,7.6,0
6.1,75.7,51.4,8.1,,0.0,2.0,8.7,5.1,1
9.9,82.7,86.9,7.7,13.0,1.0,2.0,1.5,0.2,1
3.7,53.5,51.7,8.7,4.0,0.0,0.0,9.7,2.1,0
2.9,57.6,62.6,4.5,0.0,0.0,1.0,9.0,7.6,0
2.1,84.7,43.6,5.5,1.0,0.0,0.0,,5.7,0
9.9,94.8,74.6,7.5,7.0,0.0,2.0,3.7,4.0,1
0.9,69.3,60.8,9.7,9.0,0.0,1.0,8.2,6.3,0
8.4,62.6,20.8,4.7,5.0,1.0,1.0,1.6,4.6,0
9.9,48.0,63.5,,12.0,0.0,0.0,8.7,2.5,1
2.3,43.7,38.5,4.2,4.0,1.0,1.0,1.0,4.4,0
8.1,96.0,48.0,8.0,6.0,1.0,1.0,6.2,0.2,1
4.2,42.3,52.0,7.2,8.0,0.0,2.0,4.0,6.5,0
0.9,76.7,57.1,9.9,18.0,1.0,0.0,8.3,5.1,0
1.2,57.0,49.1,8.1,10.0,1.0,1.0,4.8,7.2,0
7.3,53.6,83.4,6.9,12.0,0.0,1.0,8.0,5.1,1
3.9,72.9,68.1,9.5,14.0,1.0,1.0,1.8,6.6,1
,49.2,40.1,8.7,6.0,0.0,1.0,2.2,5.1,0
8.6,69.4,29.6,9.9,11.0,1.0,2.0,7.8,1.4,1
0.7,64.4,59.8,6.3,11.0,0.0,1.0,3.9,5.4,0
6.9,60.6,86.6,7.6,3.0,0.0,1.0,2.1,4.1,1
9.6,82.2,30.2,7.9,1.0,1.0,0.0,3.8,7.7,1
1.6,86.1,48.8,8.8,9.0,1.0,2.0,,7.2,0
2.8,90.6,24.8,5.9,6.0,0.0,1.0,6.3,5.7,0
6.4,71.2,30.8,6.1,11.0,0.0,1.0,7.9,7.0,0
1.1,86.8,51.9,6.0,12.0,0.0,0.0,1.6,2.6,0
9.0,90.9,53.2,7.8,0.0,1.0,0.0,9.0,2.2,1
2.8,90.8,88.2,9.3,12.0,0.0,1.0,9.4,4.3,1
4.8,88.7,28.1,5.6,10.0,0.0,0.0,9.7,5.3,0
1.4,74.3,69.3,8.1,5.0,1.0,1.0,1.5,0.5,0
3.5,87.4,23.9,4.6,3.0,1.0,1.0,7.0,4.6,0
8.3,63.0,65.7,6.5,9.0,0.0,2.0,2.1,7.8,0
3.1,84.9,82.5,8.3,13.0,1.0,0.0,2.4,1.2,1
1.5,41.1,84.5,8.7,4.0,1.0,1.0,7.2,4.0,0
7.3,94.2,35.1,4.4,1.0,0.0,1.0,2.3,1.6,0
5.1,45.0,72.7,7.6,16.0,1.0,0.0,3.4,0.4,1
9.3,46.2,94.1,4.9,13.0,1.0,2.0,2.3,0.6,1
4.2,42.6,,10.0,6.0,1.0,2.0,6.8,4.6,1
1.0,80.5,48.0,8.1,1.0,0.0,0.0,9.0,1.5,0
8.2,47.0,82.1,8.6,15.0,0.0,2.0,9.2,1.2,1
7.7,72.5,89.5,6.0,14.0,0.0,1.0,3.4,0.9,1
4.5,55.1,64.0,6.2,12.0,0.0,0.0,1.3,3.3,0
8.9,52.2,48.9,8.4,9.0,0.0,0.0,3.2,1.9,0
6.7,34.2,70.1,8.7,16.0,0.0,2.0,8.4,5.8,1
8.1,51.2,61.2,9.6,6.0,1.0,0.0,5.9,3.0,1
4.4,37.6,25.4,8.9,8.0,0.0,1.0,2.2,1.6,0
5.4,43.5,69.3,6.8,7.0,0.0,0.0,6.8,6.1,1
6.2,49.6,36.6,5.9,9.0,1.0,0.0,6.0,3.8,0
8.5,59.6,64.7,4.7,17.0,0.0,2.0,2.3,7.2,1
3.6,69.8,52.5,4.1,13.0,0.0,1.0,7.3,1.9,0
2.9,57.6,64.4,8.0,4.0,0.0,0.0,8.9,2.0,0
7.6,91.7,70.4,10.0,11.0,0.0,1.0,7.7,3.9,1
7.2,82.3,70.6,8.0,14.0,0.0,1.0,5.2,4.5,1
7.6,30.9,43.1,5.1,7.0,0.0,1.0,1.9,1.8,0
6.0,58.2,39.9,4.2,1.0,1.0,0.0,7.8,3.1,0
8.3,82.6,20.1,5.2,16.0,,2.0,1.1,0.6,1
9.5,85.4,34.9,9.5,9.0,1.0,0.0,5.5,3.9,1
9.6,58.1,37.6,4.6,4.0,1.0,1.0,8.0,0.9,1
3.4,91.7,43.6,7.5,4.0,0.0,2.0,2.2,3.4,0
5.5,52.9,78.5,6.0,19.0,0.0,2.0,7.5,4.8,1
1.1,70.9,93.7,4.4,13.0,1.0,0.0,1.6,4.4,1
5.8,82.3,69.4,4.2,17.0,1.0,2.0,3.3,1.0,1
3.7,36.3,46.7,6.0,19.0,1.0,2.0,2.3,3.7,0
10.0,39.6,86.8,5.7,9.0,1.0,0.0,1.4,7.8,1
1.2,63.2,74.2,5.3,13.0,1.0,2.0,8.9,3.8,1
8.4,86.9,87.5,6.6,9.0,0.0,1.0,2.3,2.6,1
0.1,33.2,82.4,7.8,15.0,1.0,2.0,5.9,5.4,0
5.3,58.8,86.3,9.9,14.0,1.0,1.0,3.3,2.9,1
4.2,78.5,93.0,8.5,9.0,1.0,0.0,6.8,6.1,1
6.3,96.9,64.7,8.0,15.0,1.0,0.0,5.2,6.3,1
3.7,96.1,34.4,6.7,14.0,1.0,1.0,2.1,1.9,1
4.1,75.0,75.7,7.9,4.0,1.0,,7.7,0.7,1
0.8,42.3,57.1,5.6,13.0,1.0,1.0,2.3,7.4,0
3.2,58.8,60.2,6.4,18.0,0.0,1.0,4.9,6.8,0
5.9,86.4,72.0,9.3,15.0,0.0,2.0,4.8,5.5,1
8.9,52.0,71.7,8.3,9.0,1.0,2.0,8.7,4.4,1
5.0,46.5,93.9,6.5,0.0,0.0,0.0,4.0,4.0,0
2.7,95.3,37.2,5.2,19.0,0.0,2.0,2.6,7.1,0
4.0,81.4,58.8,5.5,6.0,0.0,2.0,1.7,2.8,0
3.2,68.3,22.3,7.3,5.0,0.0,1.0,8.6,2.8,0
4.3,60.9,60.2,7.8,0.0,0.0,0.0,4.6,0.5,0
2.2,69.2,21.6,4.5,14.0,0.0,1.0,4.8,5.8,0
8.0,81.1,92.9,,3.0,0.0,1.0,1.8,4.7,1
7.1,40.6,38.6,5.0,11.0,0.0,1.0,9.3,6.0,0
1.3,41.6,87.8,9.0,17.0,1.0,2.0,3.9,4.1,1
0.5,80.7,55.2,6.8,19.0,1.0,0.0,9.7,2.0,0
0.5,73.0,90.1,4.8,0.0,0.0,1.0,6.8,6.1,0
7.6,34.5,83.4,5.7,12.0,0.0,0.0,5.0,5.9,0
6.0,,29.8,7.6,1.0,1.0,0.0,2.8,6.4,0
7.6,68.9,67.2,4.3,10.0,1.0,0.0,,,1
7.6,45.0,36.1,5.0,10.0,1.0,0.0,2.0,6.2,0
4.2,93.4,92.2,9.2,19.0,0.0,2.0,6.2,4.6,1
9.0,71.0,74.6,5.9,,1.0,0.0,8.3,6.4,1
4.3,98.8,23.1,9.0,18.0,1.0,1.0,4.6,2.7,0
3.8,52.0,47.3,5.4,17.0,1.0,0.0,8.1,2.2,0
7.8,63.3,87.7,6.6,3.0,0.0,2.0,9.7,5.4,1
9.9,39.9,88.3,4.9,8.0,0.0,2.0,1.9,6.3,1
0.8,86.4,75.8,7.7,7.0,1.0,2.0,4.6,5.9,0
7.1,41.1,61.0,9.3,16.0,,1.0,8.1,6.9,1
7.7,54.5,29.6,8.9,17.0,0.0,1.0,4.1,4.9,1
6.5,52.1,72.2,8.6,11.0,1.0,2.0,5.9,0.2,1
5.3,76.7,35.9,4.8,7.0,1.0,2.0,9.3,2.1,0
1.3,45.1,51.8,4.4,9.0,1.0,0.0,5.8,0.9,0
4.3,73.9_err,25.8,9.2,10.0,0.0,0.0,3.0,4.8,0
0.1,93.7,38.4,4.8,6.0,,2.0,3.9,4.7,0
1.3,87.7,71.5,8.5,12.0,,1.0,8.8,6.4,1
,63.6,25.4,4.9,3.0,1.0,1.0,9.9,0.5,0
6.4,48.4,63.1,6.7,19.0,1.0,2.0,5.3,6.6,1
2.0,38.5,79.3,6.5,4.0,1.0,2.0,2.4,2.2,0
6.3,71.5,27.6,9.9,7.0,1.0,2.0,3.0,7.9,0
3.6,67.4,23.1,7.2,16.0,1.0,0.0,8.9,1.2,0
7.9,55.8,32.7,7.3,17.0,0.0,0.0,8.6,3.5,1
10.0,79.5,41.7,9.8,3.0,0.0,0.0,9.3,1.5,1
9.1,40.6,27.5,5.5,4.0,1.0,2.0,,6.6,0
1.5,72.2,78.0,4.4,12.0,1.0,2.0,2.4,7.6,0
0.1,35.2,20.2,8.2,8.0,0.0,0.0,3.5,5.0,0
1.5,40.8,35.6,6.2,12.0,0.0,0.0,3.2,0.6,0
5.0,93.8,73.0,9.7,7.0,0.0,0.0,,2.9,1
0.5,57.9,37.3,4.0,18.0,0.0,2.0,9.2,1.0,0
0.4,69.5,45.9,9.6,19.0,0.0,0.0,3.5,5.5,0
0.3,82.9,,5.9,12.0,1.0,1.0,3.8,0.5,1
1.4,39.4,21.5,7.5,14.0,0.0,2.0,3.5,,0
3.4,83.8,22.4,7.1,18.0,0.0,0.0,8.9,0.9,0
8.1,32.6,76.4,5.3,12.0,0.0,2.0,9.9,6.6,1
8.1,99.9,70.4,8.7,,0.0,1.0,,0.8,1
2.1,90.1,89.0,5.3,,0.0,2.0,1.4,4.8,1
5.7,79.2,68.7,7.3,3.0,0.0,1.0,1.4,4.0,0
0.8,66.7,28.2,6.5,6.0,1.0,2.0,7.7,6.4,0
3.0,85.4,88.4,4.8,14.0,1.0,1.0,8.0,7.7,1
1.8,62.7,34.2,6.9,10.0,1.0,1.0,2.3,0.0,0
0.4,37.6,49.6,6.6,13.0,1.0,1.0,2.7,2.9,0
4.5,,22.5,4.6,11.0,1.0,2.0,8.4,4.5,0
9.7,91.1,31.9,6.3,16.0,1.0,2.0,1.9,7.6,0
6.7,50.9,29.2,4.3,5.0,0.0,2.0,6.0,1.2,0
1.1,61.7,44.6,6.6,3.0,0.0,2.0,6.4,5.4,0
1.4,34.6,93.3,7.7,7.0,1.0,2.0,8.4,6.1,0
5.6,34.7,64.0,4.7,10.0,0.0,0.0,2.4,1.2,0
0.9,64.7,52.5,7.6,18.0,1.0,2.0,1.1,5.1,0
8.2,92.9,76.4,8.9,18.0,1.0,1.0,3.3,5.4,1
,51.9,45.4,5.0,19.0,0.0,0.0,9.6,1.7,1
,47.1,51.7,9.7,8.0,0.0,0.0,1.8,5.8,1
1.9,40.7,84.5,6.9,3.0,0.0,2.0,8.7,3.7,1
7.1,99.9,38.0,8.2,10.0,0.0,0.0,8.7,4.4,1
5.7,39.1,67.8,7.7,1.0,0.0,2.0,9.4,5.5,1
5.0,90.5,49.4,9.1,9.0,0.0,2.0,6.5,3.2,1
9.9,49.3,66.4,6.4,16.0,0.0,1.0,8.4,5.9,1
5.6,96.0,21.2,6.3,19.0,1.0,0.0,7.3,4.2,0
4.5,51.2,77.5,4.7,15.0,0.0,0.0,8.0,1.7,1
4.6,48.8,94.3,7.3,18.0,0.0,2.0,2.0,2.2,1
9.2,97.6,48.4,5.9,19.0,0.0,1.0,8.4,,1
0.0,72.4,41.0,4.9,1.0,0.0,1.0,2.4,1.2,0
7.9,64.5,34.5,5.4,1.0,1.0,2.0,8.7,6.4,0
0.5,39.2,66.4,5.9,19.0,0.0,1.0,7.6,0.5,0
3.3,71.8,79.2,9.6,15.0,0.0,1.0,9.7,2.7,1
6.9,44.9,52.0,6.6,0.0,0.0,1.0,4.1,4.4,0
8.0,90.8,42.7,7.5,6.0,1.0,1.0,6.8,7.4,1
4.2,47.2,21.1,7.5,18.0,1.0,2.0,8.4,5.1,0
2.8,88.8,44.0,7.2,10.0,0.0,2.0,1.0,0.7,0
7.1,41.1,20.1,9.3,11.0,1.0,2.0,,6.2,0
0.5,40.0,75.8,6.0,9.0,1.0,1.0,2.4,0.6,1
6.0,33.1,60.8,8.8,8.0,1.0,0.0,7.0,4.1,1
4.9,49.2,53.8,5.1,5.0,1.0,0.0,4.2,2.4,1
3.9,42.6,38.6,6.1,14.0,1.0,0.0,7.1,3.8,0
0.2,43.4,53.9,6.9,2.0,1.0,0.0,4.9,1.1,0
6.5,45.7,57.5,4.9,2.0,1.0,1.0,3.7,0.5,0
4.1,43.6,28.7,6.8,17.0,0.0,2.0,4.2,4.8,0
9.7,47.5,,9.9,8.0,0.0,1.0,8.7,5.2,1
7.2,66.9,90.6,8.4,12.0,1.0,2.0,4.1,0.8,1
6.2,30.9,91.8,8.2,10.0,0.0,2.0,7.9,2.9,1
4.1,75.5,51.7,6.1,19.0,0.0,0.0,8.5,7.4,0
4.2,54.8,72.2,9.5,13.0,1.0,2.0,2.7,6.1,1
5.4,69.6,46.7,4.4,5.0,1.0,1.0,9.7,7.6,0
9.5,76.4,39.1,4.7,9.0,0.0,1.0,7.4,3.6,1
1.3,55.5,92.6,9.1,15.0,0.0,1.0,2.9,2.3,0
1.0,56.3,70.2,5.4,19.0,0.0,2.0,9.4,7.8,1
2.1,68.4,93.4,4.4,12.0,0.0,1.0,5.2,0.5,1
6.1,97.5,22.7,4.7,16.0,0.0,1.0,7.1,2.4,0
3.1,41.1,48.2,8.4,16.0,0.0,2.0,9.3,6.1,0
1.5,69.0,73.7,5.4,1.0,0.0,1.0,8.8,0.6,1
5.0,,41.5,7.5,7.0,1.0,0.0,4.1,4.9,0
1.6,32.6,55.3,4.6,13.0,0.0,0.0,8.0,7.7,0
9.3,66.4,92.7,6.9,1.0,1.0,1.0,7.7,7.5,1
2.7,60.6,37.8,4.9,12.0,1.0,2.0,1.7,0.7,0
8.1,94.8,32.9,8.4,0.0,0.0,2.0,6.3,7.4,0
4.5,34.2,80.2,4.1,9.0,0.0,1.0,3.4,1.6,0
2.0,30.0,36.4,9.8,6.0,1.0,2.0,8.0,,0
4.1,96.6,42.1,8.9,11.0,1.0,1.0,8.8,1.6,0
0.9,45.8,,9.9,3.0,0.0,1.0,2.4,8.0,0
4.3,33.3,57.8,5.5,2.0,1.0,2.0,8.0,6.4,0
1.8,87.1,41.4,5.8,1.0,1.0,0.0,9.1,4.9,0
9.3,52.7,,9.5,15.0,1.0,1.0,2.1,1.4,1
7.0,49.8,73.7,10.0,4.0,0.0,2.0,9.2,5.3,1
7.8,85.9,46.3,8.8,17.0,0.0,0.0,9.6,0.9,1
5.0,88.1,81.8,8.7,10.0,1.0,0.0,7.9,,1
7.6,37.0,60.4,8.4,12.0,1.0,0.0,3.5,5.5,1
10.0,72.0,90.7,8.7,15.0,1.0,0.0,7.9,6.7,1
6.1,46.5,70.9,5.9,0.0,0.0,0.0,8.8,0.8,1
1.7,93.4,86.7,7.8,3.0,0.0,1.0,4.3,7.1,1
1.0,57.8,79.2,9.3,2.0,0.0,1.0,9.6,2.7,1
9.8,59.0,93.7,5.0,13.0,0.0,2.0,3.4,5.3,1
2.6,76.4,58.5,,9.0,0.0,1.0,9.1,6.7,0
7.8,39.7,45.1,9.0,16.0,0.0,0.0,5.2,4.4,0
4.2,57.4,33.1,7.6,0.0,1.0,0.0,4.5,0.3,0
0.0,77.2,52.5,9.7,14.0,0.0,2.0,5.7,4.3,0
1.1,30.2,68.9,6.7,6.0,0.0,2.0,9.9,7.4,0
3.1,71.6,36.3,4.1,1.0,1.0,2.0,9.5,1.4,0
7.1,83.5,43.2,6.4,5.0,1.0,2.0,1.4,2.2,1
3.3,45.6,52.3,9.6,5.0,0.0,2.0,4.7,6.3,0
3.8,45.4,76.4,9.0,6.0,1.0,0.0,5.3,1.2,1
7.3,43.4,43.5,7.8,1.0,1.0,0.0,9.2,3.3,1
1.2,53.6,70.0,8.2,13.0,1.0,0.0,9.5,4.0,0
8.2,95.8,59.2,7.5,17.0,0.0,0.0,3.7,0.6,1
5.9,50.1,37.4,5.9,13.0,0.0,0.0,9.6,6.2,0
0.2,40.7,69.7,6.2,14.0,1.0,0.0,9.5,6.2,0
4.4,42.0,67.0,,6.0,0.0,2.0,2.9,7.6,0
9.7,92.2,56.1,5.6,6.0,0.0,1.0,6.4,3.7,1
3.7,46.3,,9.3,5.0,1.0,2.0,4.9,3.3,0
3.0,38.7,33.1,8.5,11.0,1.0,2.0,7.3,6.6,0
7.8,57.7,46.5,7.8,13.0,0.0,,2.8,0.4,1
4.6,84.0,70.0,6.6,6.0,0.0,1.0,2.4,0.7,1
9.2,58.7,53.6,5.4,1.0,1.0,0.0,8.7,5.5,1
1.6,67.6,82.3,5.5,13.0,1.0,2.0,5.2,0.5,1
9.9,62.5,76.9,5.3,5.0,1.0,0.0,1.4,2.1,1
9.3,32.8,65.1,4.8,8.0,1.0,0.0,3.3,6.3,0
3.7,86.6,59.2,6.1,14.0,0.0,1.0,3.1,4.4,0
2.5,86.5,74.7,4.5,7.0,0.0,2.0,5.4,3.4,0
8.1,37.7,89.2,7.6,10.0,0.0,1.0,4.7,4.2,1
,91.1,63.3,6.6,8.0,0.0,0.0,5.9,6.2,0
1.9,94.7,72.7,4.7,9.0,0.0,1.0,6.9,1.1,0
5.1,94.9,,8.6,12.0,0.0,0.0,8.8,5.4,1
1.9,49.3,81.6,6.8,7.0,0.0,2.0,4.7,3.5,0
5.1,86.8,29.3,4.2,2.0,0.0,2.0,7.7,1.6,0
8.9,34.2,41.9,6.7,7.0,1.0,2.0,2.8,4.9,0
6.8,63.0,32.2,6.2,,0.0,,3.7,0.4,0
4.1,64.7,90.7,5.7,14.0,0.0,1.0,6.6,7.6,1
2.2,90.9,64.9,7.2,4.0,1.0,1.0,6.4,0.6,1
3.3,64.8,92.4,9.4,1.0,1.0,2.0,5.5,1.9,1
5.3,89.3,28.2,8.2,13.0,0.0,1.0,9.0,5.7,0
7.4,64.9,84.7,9.4,18.0,1.0,1.0,5.9,1.8,1
8.1,89.6,37.5,4.9,17.0,1.0,0.0,1.9,3.7,1
4.5,35.0,34.8,8.7,1.0,1.0,1.0,9.8,4.3,0
9.8,30.7,51.2,7.3,19.0,0.0,2.0,9.7,5.9,1
8.3,85.8,79.8,5.8,8.0,0.0,2.0,5.1,3.4,1
3.7,46.6,33.7,7.8,0.0,1.0,2.0,3.8,2.4,0
5.0,79.6,63.0,7.5,4.0,1.0,0.0,8.3,1.1,1
0.1,79.3,30.8,6.4,3.0,0.0,2.0,5.2,1.8,0
0.9,99.6,71.7,6.7,10.0,0.0,0.0,7.4,5.3,1
1.7,81.1,56.7,5.5,4.0,1.0,1.0,3.1,0.9,0
5.4,56.5,35.3,8.8,16.0,0.0,0.0,6.8,6.0,0
3.6,81.8,43.4,10.0,8.0,1.0,0.0,8.4,3.2,0
1.3,74.7,26.3,6.8,9.0,0.0,0.0,6.1,1.6,0
,54.9,93.1,4.1,5.0,0.0,0.0,4.2,7.2,1
2.5,71.1,24.9,9.1,2.0,1.0,1.0,4.4,3.7,0
4.9,82.8,24.8,9.7,1.0,1.0,1.0,6.3,1.4,0
0.2,80.0,45.0,6.6,14.0,0.0,1.0,2.8,7.6,0
,90.7,42.1,9.8,7.0,1.0,0.0,3.1,6.0,0
8.5,41.3,42.2,4.8,9.0,1.0,0.0,3.6,7.2,0
1.3,45.9,68.4,5.5,9.0,0.0,1.0,4.9,1.2,0
8.5,79.1,36.0,8.8,3.0,1.0,0.0,5.5,5.8,1
4.6,58.6,23.2,8.8,7.0,1.0,0.0,7.0,3.1,0
2.2,42.8,,9.5,0.0,0.0,1.0,5.7,7.6,0
9.7,62.6,70.0,5.5,17.0,0.0,2.0,8.8,6.1,1
1.0,47.3,46.7,6.5,4.0,0.0,0.0,4.5,6.2,0
7.1,92.1,94.9,8.0,10.0,1.0,1.0,5.7,5.7,1
0.4,57.2,55.3,8.0,8.0,1.0,0.0,1.7,4.8,0
1.0,56.9,86.0,4.5,15.0,0.0,2.0,,2.3,1
7.2,59.4,43.0,6.4,2.0,1.0,2.0,1.5,1.5,0
0.2,78.1,79.9,6.9,13.0,1.0,2.0,4.0,1.6,0
,59.7,75.3,6.4,2.0,0.0,1.0,,4.2,1
0.8,46.4,70.8,9.4,0.0,0.0,1.0,6.9,1.2,1
4.3,45.2,94.2,7.5,6.0,0.0,1.0,4.0,2.4,0
8.9,87.8,33.2,7.0,0.0,0.0,2.0,2.3,5.6,1
9.6,58.0,74.1,9.8,18.0,0.0,0.0,7.7,7.8,1
6.9,52.9,92.8,7.9,15.0,1.0,2.0,6.2,0.4,1
9.5,94.6,55.0,8.7,18.0,1.0,1.0,9.4,7.8,1
3.7,73.5,,7.7,13.0,1.0,2.0,5.6,2.2,1
6.4,93.7,62.1,6.7,11.0,0.0,2.0,1.2,1.7,1
4.7,83.9,74.8,9.7,2.0,0.0,0.0,5.7,1.1,1
1.0,90.9,82.6,7.5,5.0,1.0,2.0,1.0,3.5,0
5.4,93.5,40.2,5.5,11.0,0.0,2.0,6.8,4.0,1
8.6,85.8,20.8,6.6,19.0,1.0,1.0,2.7,,0
6.1,97.3,45.3,7.6,0.0,0.0,2.0,8.1,7.4,0
3.7,72.6,62.3,8.0,15.0,1.0,0.0,5.9,3.7,1
7.1,71.2,37.9,6.5,12.0,0.0,,5.6,5.8,0
7.6,55.2,78.8,6.3,14.0,0.0,1.0,5.9,4.2,1
1.2,87.3,67.4,10.0,17.0,0.0,1.0,9.0,1.5,1
5.7,66.7,52.0,7.3,3.0,0.0,0.0,7.6,5.4,0
5.7,40.5,77.7,5.8,8.0,1.0,2.0,9.6,1.0,1
2.8,55.4,71.0,6.0,16.0,1.0,0.0,8.6,3.5,0
2.3,88.4,46.0,5.2,19.0,1.0,1.0,5.0,0.1,1
7.9,93.4_err,65.7,6.1,15.0,1.0,0.0,3.4,5.2,1
7.0,49.3,90.3,9.7,7.0,0.0,1.0,5.2,7.5,1
9.0,41.2,30.6,4.4,1.0,0.0,0.0,2.0,0.6,0
2.2,88.8,29.1,9.3,1.0,1.0,0.0,1.1,4.2,0
8.5,77.1,48.5,8.4,13.0,,1.0,9.4,4.9,1
7.5,35.9,68.7,5.0,19.0,1.0,2.0,1.8,6.2,1
9.5,56.5,75.8,7.5,4.0,1.0,2.0,9.7,7.4,1
7.9,35.8,45.9,6.7,15.0,0.0,0.0,3.7,0.2,1
9.5,84.9,60.0,6.4,15.0,1.0,2.0,3.5,7.8,1
8.9,96.5,25.3,9.6,6.0,0.0,0.0,1.3,,0
9.1,33.0,91.9,4.7,11.0,1.0,2.0,8.4,6.3,1
1.8,38.6,48.8,5.1,3.0,0.0,2.0,9.6,1.1,0
0.6,54.3,71.8,4.7,15.0,0.0,0.0,5.6,2.6,0
0.3,38.4,34.0,9.2,13.0,0.0,0.0,5.9,3.2,0
7.7,34.8,72.5,,2.0,1.0,1.0,5.7,7.3,1
3.3,69.5,93.8,4.2,7.0,0.0,0.0,7.7,5.1,1
7.2,58.8,70.3,4.4,14.0,0.0,0.0,6.5,,1
6.0,65.7,81.2,4.3,10.0,1.0,1.0,5.7,6.4,1
0.4,93.5,47.1,5.8,15.0,0.0,0.0,2.6,0.6,0
0.3,99.2,62.8,4.2,16.0,0.0,0.0,7.0,2.5,0
7.5,93.4,81.0,9.2,6.0,1.0,0.0,8.4,2.6,1
7.9,45.8,44.2,7.2,18.0,0.0,2.0,5.6,5.5,1
6.9,99.9,77.2,7.1,5.0,0.0,0.0,1.2,6.7,1
0.8,95.8,72.9,4.2,10.0,0.0,0.0,3.4,2.5,0
2.1,98.0,46.8,5.8,2.0,0.0,2.0,6.7,6.2,0
9.4,78.1,83.0,5.1,11.0,1.0,1.0,5.3,2.9,1
2.6,90.4,47.9,7.7,5.0,0.0,1.0,8.6,2.4,0
2.1,51.6,79.3,9.0,5.0,0.0,2.0,8.7,3.3,1
3.4,59.5,78.9,,12.0,0.0,2.0,8.0,7.1,1
2.7,68.4,93.8,7.8,1.0,1.0,1.0,4.0,2.2,1
1.8,91.8,38.6,6.9,5.0,1.0,2.0,9.4,2.3,0
,84.7,62.3,5.4,2.0,0.0,0.0,6.5,2.6,1
0.3,59.0,86.1,4.2,0.0,1.0,2.0,8.7,6.1,0
3.1,36.5,59.6,4.8,16.0,1.0,0.0,3.6,4.5,0
5.2,48.3,56.2,5.1,6.0,0.0,0.0,7.1,2.9,0
3.7,99.4,71.4,9.3,6.0,0.0,2.0,9.2,5.0,1
1.9,70.9,23.4,6.1,8.0,0.0,2.0,4.9,0.6,0
2.0,30.5,71.1,5.4,,1.0,1.0,1.9,1.3,0
6.0,39.6,42.5,9.9,7.0,1.0,2.0,8.9,3.6,1
5.1,35.5,50.2,7.6,3.0,1.0,1.0,1.0,7.0,0
2.1,72.2,34.9,5.8,0.0,0.0,2.0,6.2,7.6,0
0.9,32.3,38.6,5.1,17.0,1.0,2.0,8.5,4.5,0
9.7,74.7,20.5,7.2,2.0,1.0,0.0,1.7,0.1,1
,44.1,81.7,6.9,17.0,1.0,0.0,4.9,1.6,1
8.9,71.7,63.7,4.8,1.0,0.0,0.0,1.0,7.5,0
10.0,41.4,66.1,4.9,7.0,1.0,0.0,6.5,4.3,1
10.0,42.0,21.6,7.8,14.0,0.0,2.0,8.2,3.4,1
3.6,32.9,81.4,5.0,18.0,0.0,2.0,5.3,2.9,0
7.3,,55.4,4.6,17.0,,1.0,4.2,4.4,1
6.8,63.5,48.4,6.4,13.0,1.0,2.0,1.7,5.1,1
6.7,66.0,65.4,8.1,15.0,1.0,1.0,9.2,7.9,1
5.5,81.0,64.2,5.5,17.0,0.0,2.0,2.1,4.2,1
0.0,75.3,93.9,4.4,17.0,0.0,2.0,6.1,7.2,1
1.2,43.7,53.3,4.8,17.0,0.0,1.0,7.7,5.8,0
5.9,49.2,90.2,7.1,14.0,1.0,2.0,5.9,2.6,1
8.3,91.2,90.8,7.4,1.0,0.0,0.0,4.5,5.0,1
2.6,60.9,22.9,5.7,14.0,0.0,2.0,9.0,3.8,0
1.8,,56.8,9.9,14.0,0.0,0.0,5.9,5.3,0
5.2,76.4,39.9,6.7,19.0,1.0,2.0,9.2,0.5,1
8.9,39.3,36.4,8.4,13.0,0.0,2.0,6.3,1.7,1
2.2,51.3,51.0,4.3,8.0,0.0,2.0,3.1,1.1,0
5.0,35.0,78.5,8.3,8.0,0.0,0.0,1.3,3.5,0
6.2,67.7,94.9,9.8,0.0,1.0,2.0,3.5,8.0,1
1.2,70.0,38.4,8.2,3.0,0.0,1.0,4.2,4.7,0
5.7,67.6,87.7,9.9,15.0,1.0,0.0,,4.2,1
7.5,33.7,88.9,9.2,12.0,0.0,0.0,6.3,3.0,1
6.8,33.1,86.0,7.0,6.0,1.0,1.0,3.0,0.4,1
6.5,53.9,37.7,7.1,,0.0,2.0,,4.5,0
9.2,94.6,76.3,8.6,6.0,0.0,1.0,5.2,0.0,1
7.1,71.1,86.0,5.9,2.0,1.0,0.0,4.5,3.4,1
8.6,76.8,43.5,7.8,17.0,0.0,0.0,9.3,0.2,1
2.4,,93.8,5.5,4.0,1.0,2.0,8.5,4.2,1
3.7,74.6,84.2,8.0,15.0,0.0,1.0,2.1,5.3,1
4.8,71.2,31.6,5.6,4.0,0.0,2.0,8.6,1.7,0
7.2,66.0,69.9,9.5,1.0,1.0,2.0,7.6,7.4,1
5.7,80.8,33.9,4.7,19.0,1.0,0.0,6.1,7.1,0
1.2,67.9,78.5,7.3,14.0,1.0,0.0,4.3,6.1,0
5.7,37.8,53.3,9.3,18.0,0.0,1.0,6.5,1.4,1
0.5,48.3,25.2,5.8,15.0,0.0,,,3.9,0
7.4,93.2,63.0,5.2,7.0,0.0,2.0,,1.4,1
6.8,38.4,35.5,7.5,18.0,1.0,0.0,2.8,6.6,0
7.3,47.2,56.4,8.9,8.0,0.0,1.0,8.0,0.8,1
1.1,60.3,84.3,4.1,3.0,0.0,,7.5,1.0,0
9.1,43.9,39.3,7.0,15.0,0.0,1.0,10.0,0.6,1
10.0,56.2,56.9,8.8,2.0,0.0,2.0,9.5,3.8,1
5.9,60.2,72.8,8.4,4.0,0.0,2.0,6.0,4.4,1
0.5,34.5,22.1,4.2,16.0,1.0,1.0,6.5,7.3,0
4.7,59.9,54.3,6.7,4.0,1.0,2.0,6.1,3.2,1
6.0,63.9,71.5,6.8,15.0,0.0,2.0,7.3,4.0,1
8.0,40.8,76.4,4.8,8.0,1.0,1.0,4.4,4.3,1
6.3,85.8,38.6,4.0,8.0,0.0,0.0,4.8,6.2,1
8.1,95.3,32.7,9.7,3.0,0.0,0.0,8.8,4.7,1
7.9,32.3,83.7,9.3,9.0,0.0,0.0,8.1,5.5,1
1.7,60.6,88.0,5.5,11.0,1.0,2.0,8.9,0.4,1
9.2,70.9,44.0,5.6,15.0,0.0,2.0,8.2,3.3,1
0.5,61.9,24.8,7.5,14.0,1.0,1.0,1.3,6.1,0
2.8,92.6,74.6,5.8,14.0,0.0,1.0,8.3,1.1,1
9.0,74.8,57.1,9.6,6.0,0.0,0.0,1.9,2.7,1
9.8,40.9,84.2,7.9,0.0,0.0,2.0,4.3,6.7,1
4.5,97.6,87.3,8.2,9.0,0.0,2.0,9.7,7.5,1
0.3,79.5,20.2,4.7,4.0,0.0,2.0,5.8,1.6,0
1.8,33.1,89.9,8.0,3.0,0.0,0.0,6.8,6.5,0
5.2,88.3,22.1,6.3,2.0,0.0,2.0,8.0,7.8,0
6.2,67.5,84.2,4.3,15.0,0.0,1.0,1.1,3.0,1
,82.7,73.0,7.9,13.0,0.0,1.0,7.1,3.7,1
3.1,86.7,25.9,4.9,0.0,0.0,2.0,7.5,7.7,0
2.3,47.8,78.4,8.4,12.0,0.0,2.0,6.8,7.2,0
1.9,96.0,84.2,8.1,0.0,1.0,1.0,9.5,2.5,0
2.5,68.6,64.7,7.8,12.0,0.0,2.0,5.0,5.0,1
2.2,86.6,68.4,7.1,18.0,0.0,0.0,9.2,2.0,1
1.3,97.2,53.7,4.5,0.0,0.0,1.0,8.4,2.5,0
2.0,95.8,21.7,7.4,13.0,1.0,2.0,6.4,1.3,0
5.7,45.8,22.4,8.4,13.0,1.0,2.0,5.5,2.9,1
8.7,45.8,22.1,6.2,5.0,0.0,1.0,5.9,4.2,0
2.6,44.0,84.7,9.2,5.0,0.0,0.0,1.2,2.3,0
7.5,37.8,43.6,9.2,13.0,0.0,2.0,,0.9,1
,31.9,22.4,5.4,0.0,1.0,0.0,3.6,0.7,0
6.0,93.1,66.8,8.1,,0.0,2.0,9.1,5.7,1
0.6,38.0,43.7,4.7,8.0,1.0,2.0,5.3,0.2,0
5.1,78.0,54.5,5.0,7.0,0.0,2.0,2.3,8.0,0
6.6,43.1,48.1,6.7,18.0,1.0,1.0,6.1,5.4,1
8.6,90.4,91.5,6.4,9.0,0.0,2.0,7.0,7.4,1
5.7,54.3,54.9,6.8,13.0,1.0,0.0,9.3,5.1,1
8.3,86.8,46.6,,16.0,0.0,1.0,5.3,,1
0.9,98.3,59.8,5.4,10.0,0.0,1.0,9.6,1.1,0
1.7,49.6,60.2,,12.0,0.0,0.0,9.8,3.3,0
8.9,37.1,35.9,9.2,5.0,1.0,1.0,5.2,5.1,1
4.9,91.8,41.2,7.7,7.0,0.0,0.0,8.6,2.4,0
5.9,70.3,60.7,8.7,,1.0,2.0,9.5,7.4,1
1.9,64.3,35.0,9.4,19.0,1.0,1.0,5.1,4.3,0
2.9,46.6,42.8,7.5,18.0,1.0,2.0,2.1,2.8,0
2.0,58.9,74.8,9.2,4.0,0.0,0.0,6.2,5.9,0
7.6,91.5,92.8,6.5,6.0,1.0,0.0,8.8,0.2,1
9.0,73.1,83.7,8.5,10.0,1.0,1.0,5.5,3.0,1
3.9,70.4,51.4,4.6,13.0,0.0,1.0,8.2,5.2,0
1.6,31.7,57.2,9.6,4.0,0.0,1.0,6.1,6.6,0
3.2,52.6,26.5,7.8,1.0,0.0,1.0,8.4,5.9,0
9.2,92.8,22.8,9.7,14.0,0.0,0.0,4.8,3.4,1
2.7,89.2,32.3,,11.0,0.0,,8.6,6.3,0
3.7,70.7,42.6,4.1,15.0,0.0,1.0,2.8,0.3,0
5.5,39.2,37.7,6.6,4.0,0.0,1.0,4.8,0.6,0
5.1,92.3,42.8,4.2,15.0,0.0,0.0,8.6,6.0,0
4.2,76.3,49.3,9.7,10.0,0.0,1.0,1.3,1.0,0
1.7,96.9,81.6,7.9,17.0,0.0,2.0,1.1,3.9,0
6.1,93.6,89.3,4.6,5.0,1.0,1.0,8.5,3.0,1
8.4,46.8,64.9,7.6,0.0,,1.0,3.5,4.9,1
0.6,65.9,45.3,5.0,16.0,0.0,2.0,4.6,3.9,0
5.8,65.0,22.8,6.4,10.0,0.0,0.0,4.6,6.2,0
0.5,46.4,48.4,6.6,,0.0,0.0,3.1,0.1,0
8.6,51.7,68.2,5.8,2.0,1.0,2.0,1.8,7.1,1
,,36.6,5.7,5.0,0.0,2.0,2.6,3.7,0
4.5,33.8,93.2,6.3,13.0,0.0,,9.7,3.5,1
,,44.7,6.2,17.0,1.0,0.0,8.0,4.3,1
5.7,,43.9,4.2,11.0,0.0,2.0,,5.4,1
1.6,35.0,32.3,9.8,1.0,0.0,2.0,9.7,1.9,0
0.1,62.9,80.3,4.4,19.0,1.0,2.0,3.6,3.1,0
8.5,55.3,22.7,4.3,15.0,0.0,2.0,7.3,2.4,1
7.9,61.9,32.0,5.9,18.0,1.0,0.0,3.8,1.4,1
6.6,60.9,39.0,9.9,15.0,1.0,1.0,7.0,7.4,1
1.9,56.1,71.8,4.2,9.0,1.0,0.0,4.5,2.5,0
1.4,45.7,82.7,5.0,11.0,1.0,0.0,2.0,7.9,0
9.3,82.7,25.3,4.2,11.0,1.0,2.0,5.9,4.0,1
2.9,35.6,63.9,6.6,18.0,0.0,0.0,7.3,4.9,0
2.2,97.9,87.4,4.5,3.0,1.0,0.0,5.7,3.0,1
4.7,90.9,45.6,9.4,14.0,0.0,2.0,6.4,3.3,0
4.5,37.0,45.7,4.7,13.0,0.0,2.0,2.2,6.7,0
2.3,59.1,56.0,7.3,19.0,1.0,1.0,2.0,3.3,0
5.1,85.9,47.0,7.7,0.0,0.0,2.0,6.6,5.9,0
3.1,81.5,61.1,8.1,5.0,1.0,0.0,5.6,0.4,0
4.2,73.5,60.6,4.8,11.0,1.0,2.0,9.2,0.3,1
0.3,54.1,68.0,8.2,,1.0,1.0,7.7,0.8,0
8.3,67.1,21.7,6.9,18.0,0.0,0.0,8.2,7.3,0
4.3,73.8,55.9,4.4,0.0,1.0,2.0,4.7,3.6,0
5.2,36.9,54.1,7.4,3.0,1.0,0.0,5.8,7.1,0
0.7,43.0,20.3,7.4,14.0,0.0,0.0,6.8,3.9,0
3.3,35.9,32.0,4.2,2.0,0.0,0.0,2.1,6.8,0
0.3,39.8,62.3,9.0,18.0,0.0,2.0,6.8,6.9,0
6.9,98.8,36.7,5.0,9.0,1.0,0.0,6.5,0.0,1
3.0,79.5,51.8,8.5,10.0,0.0,0.0,8.2,5.4,0
1.3,99.0,37.6,6.7,15.0,1.0,0.0,3.7,3.9,0
3.6,,86.1,4.1,16.0,1.0,2.0,4.0,7.7,1
3.5,44.2,52.8,9.3,14.0,1.0,0.0,8.5,3.2,1
1.7,81.8,25.5,6.0,7.0,0.0,1.0,2.1,3.4,0
2.7,85.4,88.5,10.0,,0.0,1.0,6.9,3.1,1
2.3,87.6,57.1,4.7,3.0,0.0,2.0,5.7,6.2,0
6.8,98.3,66.0,8.1,7.0,0.0,0.0,5.7,6.3,1
8.9,43.0,52.3,4.4,8.0,0.0,2.0,8.8,4.4,1
7.6,94.4,63.0,5.0,9.0,1.0,1.0,,1.3,1
5.7,62.0,63.2,7.3,17.0,0.0,1.0,5.9,5.3,1
0.9,70.1,67.4,4.6,19.0,0.0,1.0,3.6,1.9,0
2.8,94.0,38.9,7.8,3.0,0.0,1.0,4.1,8.0,0
7.4,54.7,51.1,7.2,4.0,0.0,0.0,3.2,4.9,0
7.7,91.8,36.3,4.2,4.0,1.0,0.0,1.3,0.3,1
5.7,64.1,89.6,8.8,19.0,1.0,1.0,6.3,0.1,1
9.6,53.8,91.5,7.0,5.0,1.0,2.0,6.6,7.7,1
5.1,44.0,65.7,8.5,11.0,0.0,1.0,4.2,2.6,1
3.3,95.0,21.6,9.4,7.0,0.0,2.0,5.8,4.1,0
1.8,38.2,49.7,7.5,13.0,1.0,0.0,6.1,0.1,0
4.5,33.7,29.9,5.7,19.0,1.0,1.0,3.8,7.7,0
8.9,85.6,76.2,8.3,10.0,0.0,0.0,9.7,7.1,1
0.4,38.1,52.8,9.3,5.0,0.0,1.0,5.0,1.4,0
9.8,39.9,71.5,8.0,,1.0,2.0,6.9,0.7,1
7.3,81.1,83.8,9.4,8.0,,0.0,2.1,4.1,1
6.8,65.4,60.3,9.7,19.0,1.0,0.0,2.0,5.0,1
4.3,46.8,59.4,8.4,8.0,1.0,0.0,2.5,3.6,0
8.3,84.4,62.3,6.9,,1.0,0.0,4.2,4.1,1
7.0,48.6,90.6,4.1,3.0,0.0,1.0,1.8,0.4,1
7.5,80.0,89.9,9.0,11.0,1.0,1.0,4.0,2.6,1
2.2,83.3,58.6,6.6,14.0,1.0,1.0,8.0,2.1,1
5.9,77.1,88.1,7.9,6.0,0.0,2.0,8.6,1.8,1
5.6,35.2,39.8,7.4,11.0,0.0,2.0,7.1,4.9,0
7.2,65.3,67.6,8.9,14.0,1.0,2.0,2.1,2.8,1
5.2,38.4,31.1,5.3,11.0,1.0,2.0,5.7,6.2,0
7.0,72.4,38.0,5.6,12.0,0.0,1.0,6.7,1.6,1
8.8,68.3,54.0,8.5,16.0,1.0,2.0,3.9,1.3,1
1.4,47.7,48.2,5.7,1.0,1.0,2.0,3.3,0.9,0
7.3,96.6,40.3,4.3,2.0,1.0,1.0,1.8,7.1,0
2.4,93.4,84.3,9.8,15.0,0.0,,8.2,4.6,1
1.1,89.1,49.6,5.9,18.0,1.0,1.0,4.7,4.3,0
4.5,71.0,46.3,9.1,,1.0,2.0,3.1,0.8,0
1.7,72.1,92.3,6.0,3.0,1.0,1.0,3.2,0.2,1
0.9,41.0,44.3,4.1,2.0,1.0,0.0,8.5,6.5,0
2.2,97.3,52.2,4.1,5.0,1.0,0.0,7.7,0.4,0
0.5,98.6,21.8,9.1,15.0,1.0,0.0,3.5,1.9,0
8.2,84.3,86.5,8.9,12.0,0.0,0.0,9.4,1.5,1
9.4,96.7,55.7,8.9,18.0,0.0,1.0,8.5,0.2,1
6.9,53.0,86.3,9.8,12.0,1.0,0.0,7.1,3.7,1
4.1,92.4,58.9,6.3,0.0,0.0,0.0,9.7,0.6,0
7.0,30.9,89.7,5.8,15.0,1.0,2.0,2.5,4.8,1
0.8,90.9,67.9,4.5,13.0,0.0,2.0,6.4,0.8,0
7.0,49.9,74.7,9.5,18.0,0.0,0.0,2.1,6.7,1
5.0,77.3,73.9,9.9,11.0,0.0,0.0,8.5,6.3,0
0.6,78.7,46.9,4.9,15.0,1.0,2.0,1.6,6.9,0
7.9,37.9,58.1,5.8,16.0,0.0,2.0,8.0,0.4,1
5.6,42.7,53.2,4.8,1.0,0.0,1.0,3.0,6.4,0
9.9,48.3,53.4,4.3,0.0,1.0,0.0,2.6,5.6,0
0.4,77.6,92.1,7.5,15.0,1.0,2.0,9.9,3.5,1
2.7,97.2,,7.1,14.0,0.0,1.0,9.6,6.3,1
0.0,70.0,25.3,9.3,11.0,1.0,1.0,3.3,2.4,0
8.3,50.2,49.2,9.5,13.0,0.0,0.0,2.6,4.3,0
3.6,34.8,50.7,7.3,6.0,1.0,2.0,3.7,0.6,0
3.7,56.0,38.1,8.1,4.0,0.0,1.0,7.1,5.1,0
1.8,44.8,66.8,9.1,19.0,1.0,0.0,9.6,7.8,0
1.1,62.3,37.1,5.3,18.0,0.0,2.0,5.9,1.9,0
2.9,77.6,60.1,7.4,17.0,0.0,0.0,5.1,4.4,0
1.1,57.4,31.6,6.8,6.0,1.0,2.0,6.1,7.7,0
1.1,54.2,78.5,5.6,4.0,1.0,2.0,3.4,4.5,0
1.2,83.9,35.3,5.1,4.0,0.0,2.0,6.1,3.1,0
,80.8,91.4,4.4,17.0,0.0,1.0,4.0,1.1,1
7.4,62.5,71.7,5.5,5.0,1.0,0.0,2.7,3.9,0
2.4,87.0,49.9,6.1,18.0,1.0,1.0,4.2,3.4,0
9.3,67.9,77.3,9.2,0.0,0.0,2.0,2.1,5.8,1
6.8,58.7,25.4,6.4,4.0,1.0,2.0,8.5,0.8,1
9.9,96.7,81.0,5.5,15.0,0.0,0.0,7.7,6.1,1
6.7,45.9,64.4,,0.0,1.0,2.0,8.3,3.0,0
3.0,49.4,61.2,5.9,9.0,0.0,0.0,2.7,6.5,0
4.6,34.1,39.7,6.7,2.0,1.0,0.0,3.3,7.4,0
1.6,79.3,20.7,8.1,8.0,0.0,0.0,,4.0,0
8.6,35.6,74.1,7.0,15.0,0.0,0.0,6.1,1.0,1
7.8,97.3,48.6,5.3,3.0,1.0,1.0,6.7,0.6,1
8.8,69.9,21.7,5.5,5.0,1.0,2.0,8.5,6.9,1
7.9,51.0,52.4,8.7,10.0,0.0,1.0,2.4,7.2,1
2.9,49.3,78.0,6.9,18.0,1.0,1.0,4.3,1.5,1
3.8,79.5,45.7,6.1,12.0,0.0,2.0,,7.3,0
9.6,94.9,60.5,5.3,1.0,0.0,1.0,6.6,,1
3.8,48.6,82.1,8.0,2.0,1.0,0.0,6.5,0.6,0
5.4,69.0,80.6,5.6,6.0,1.0,0.0,8.2,3.6,1
2.8,40.5,44.0,6.7,9.0,1.0,0.0,,,0
4.3,65.5,36.4,5.3,19.0,0.0,1.0,1.4,2.7,0
4.5,30.9,,8.2,8.0,1.0,0.0,9.7,4.0,0
2.9,61.2,64.7,7.1,14.0,0.0,0.0,9.8,1.4,1
4.5,83.4,58.1,6.5,0.0,1.0,1.0,5.6,2.3,0
5.0,89.5,46.4,8.2,11.0,1.0,2.0,3.8,0.3,1
2.7,71.7,,4.3,7.0,0.0,1.0,9.2,3.6,1
7.7,91.9,34.6,4.2,11.0,1.0,1.0,5.5,0.6,1
0.9,87.9,63.6,5.7,4.0,0.0,2.0,3.9,1.7,0
4.3,72.8,78.0,6.5,12.0,1.0,0.0,4.4,2.3,1
7.5,81.3,53.9,9.3,19.0,1.0,1.0,6.7,6.9,1
4.6,44.3_err,58.4,4.5,5.0,0.0,1.0,2.7,7.2,0
4.7,64.6,62.3,9.5,18.0,0.0,1.0,6.6,7.2,1
8.3,62.6,57.1,10.0,17.0,1.0,0.0,2.9,0.2,1
3.3,72.4,33.3,4.6,13.0,0.0,2.0,8.0,1.3,0
3.2,61.5,58.8,8.7,4.0,0.0,0.0,8.4,7.5,0
3.9,50.5,32.3,4.3,6.0,0.0,2.0,5.0,1.4,0
5.8,65.9,42.7,5.1,10.0,0.0,0.0,1.9,1.4,0
7.1,42.8,34.9,6.8,19.0,0.0,1.0,3.1,6.8,0
5.1,94.8,79.7,5.3,9.0,1.0,0.0,6.5,3.8,1
1.1,97.9,69.8,8.5,12.0,0.0,1.0,5.7,8.0,0
,99.2,69.1,7.6,16.0,1.0,2.0,8.9,3.7,1
4.8,58.4,30.6,5.0,2.0,0.0,2.0,9.5,7.8,0
2.6,66.6,55.4,8.3,17.0,0.0,0.0,6.7,1.7,1
6.9,52.7,44.5,8.0,14.0,1.0,1.0,5.9,3.1,0
8.5,46.2,81.7,5.6,17.0,1.0,0.0,3.8,6.0,1
,81.8,42.9,6.8,6.0,0.0,2.0,3.0,7.6,1
0.5,83.3,89.9,7.0,9.0,1.0,0.0,1.3,4.4,0
7.7,78.5,78.7,6.7,,0.0,1.0,9.2,4.6,1
4.2,71.4,49.3,7.6,17.0,0.0,1.0,6.6,7.7,0
2.2,30.8,89.9,6.7,15.0,1.0,1.0,5.6,3.9,1
3.4,94.3,63.0,5.5,12.0,1.0,2.0,4.0,0.8,1
5.9,95.1,23.3,4.2,18.0,1.0,0.0,2.2,5.4,0
0.1,76.5,42.9,6.8,0.0,0.0,1.0,9.2,7.8,0
3.0,88.6,46.6,6.0,12.0,1.0,0.0,5.0,3.7,0
9.2,36.7,86.5,5.3,4.0,,0.0,6.8,3.8,1
8.7,88.5,31.1,8.1,14.0,1.0,1.0,4.0,4.2,1
8.6,82.8,20.2,9.0,18.0,0.0,1.0,2.1,0.7,1
6.5,48.2,78.2,7.5,0.0,0.0,0.0,8.7,6.0,1
6.5,81.7,32.5,6.8,13.0,1.0,0.0,8.4,0.2,1
4.4,42.3,88.6,7.2,14.0,1.0,1.0,8.6,5.7,1
8.1,41.3,94.1,6.5,1.0,0.0,2.0,8.1,0.2,1
6.4,43.9,79.6,7.3,8.0,0.0,2.0,5.5,5.1,0
4.4,62.6,47.5,9.2,16.0,1.0,0.0,6.9,0.2,1
9.3,56.1,49.1,5.1,11.0,0.0,1.0,1.6,5.9,0
6.2,91.2,77.8,7.7,6.0,1.0,0.0,4.5,6.5,1
7.1,38.2,90.6,8.5,4.0,1.0,0.0,8.0,6.6,1
1.4,75.1,75.1,9.1,9.0,1.0,0.0,3.0,7.4,0
3.7,44.5,49.5,5.6,16.0,1.0,1.0,3.7,6.5,0
7.9,92.7,30.4,9.0,1.0,1.0,0.0,8.5,0.9,1
,54.1,25.2,8.6,9.0,1.0,0.0,2.9,0.1,0
9.8,90.0,66.1,5.5,11.0,1.0,,8.2,1.4,1
8.2,44.4,38.2,8.5,12.0,0.0,1.0,8.5,5.3,1
,47.4,82.1,8.0,,1.0,1.0,4.3,7.8,1
6.1,35.9,46.1,7.2,7.0,1.0,1.0,6.5,1.7,0
5.4,32.8,93.2,6.3,9.0,0.0,0.0,2.0,0.4,1
9.8,92.1,65.7,4.6,4.0,0.0,1.0,5.0,1.0,1
8.8,94.1,84.0,4.1,7.0,1.0,0.0,8.0,0.5,1
3.9,35.0,60.6,5.0,18.0,1.0,2.0,7.9,6.4,0
4.5,32.4,35.3,9.8,1.0,0.0,1.0,8.4,4.0,0
9.1,81.9,39.6,6.5,7.0,0.0,1.0,6.5,2.4,1
4.9,32.7,78.7,8.1,9.0,1.0,2.0,4.9,2.0,1
5.3,49.2,84.1,7.8,4.0,1.0,0.0,9.8,7.9,0
4.2,40.0,65.8,8.9,13.0,1.0,2.0,7.7,0.4,1
6.6,63.6,61.4,9.7,15.0,1.0,1.0,7.6,0.5,1
8.9,41.0,26.9,6.6,17.0,0.0,1.0,8.5,4.5,0
8.0,73.0,37.7,9.9,12.0,0.0,1.0,8.7,3.4,1
3.9,48.9,64.4,,18.0,0.0,1.0,5.4,2.8,0
4.3,80.8,28.3,6.7,5.0,1.0,0.0,7.3,3.7,0
1.1,51.1,47.5,9.1,19.0,1.0,0.0,4.9,7.3,0
4.3,33.3,35.0,4.3,1.0,1.0,2.0,6.7,1.8,0
4.7,91.7,62.6,4.3,10.0,0.0,2.0,6.4,5.0,1
8.9,48.1,61.1,8.6,7.0,1.0,0.0,6.7,,1
8.5,33.2,21.8,4.0,8.0,1.0,0.0,2.2,3.2,0
9.5,67.4,45.9,4.4,19.0,0.0,0.0,6.8,0.2,1
5.8,85.4,62.2,6.1,0.0,1.0,1.0,8.0,0.1,1
2.0,57.7,42.3,6.3,4.0,1.0,0.0,8.4,7.6,0
0.2,35.5,53.2,5.0,7.0,0.0,1.0,6.8,6.8,0
4.9,65.9,91.5,9.3,18.0,1.0,2.0,7.6,2.5,1
3.6,56.2,28.6,7.1,7.0,0.0,,7.3,,0
4.6,30.0,60.1,5.8,19.0,0.0,1.0,9.8,3.7,0
8.4,46.0,62.3,7.1,6.0,0.0,1.0,7.8,5.0,1
7.0,94.8,26.9,6.4,2.0,1.0,0.0,9.7,2.2,1
5.1,31.9,37.2,4.4,15.0,1.0,2.0,6.7,4.5,0
3.9,94.3,80.6,6.6,11.0,0.0,0.0,,1.8,1
7.8,78.1,45.9,9.7,6.0,1.0,1.0,4.6,5.4,1
0.8,56.7,29.3,6.4,4.0,0.0,1.0,2.9,1.4,0
5.8,53.5,72.2,4.6,0.0,1.0,2.0,9.6,4.9,1
4.3,88.6,37.6,7.6,0.0,1.0,2.0,4.4,5.2,0
7.8,99.5,86.2,5.5,14.0,1.0,2.0,1.6,3.7,1
5.3,69.8,53.3,7.6,17.0,0.0,1.0,9.0,3.2,1
3.1,51.4,82.2,5.0,9.0,0.0,0.0,1.2,4.0,0
2.5,76.6,26.7,6.9,,1.0,0.0,4.5,0.6,0
5.0,85.3,25.0,4.8,18.0,1.0,0.0,8.3,5.8,0
8.9,75.3,51.4,7.1,1.0,0.0,2.0,2.3,0.9,1
9.4,30.8,25.1,6.8,2.0,1.0,,4.5,0.1,1
6.8,52.0,24.3,7.6,0.0,0.0,2.0,4.4,1.0,0
3.0,39.8,47.7,5.0,19.0,0.0,1.0,5.1,3.9,0
10.0,91.7,36.3,10.0,16.0,1.0,1.0,5.0,1.7,1
4.0,48.8,26.4,5.7,4.0,1.0,0.0,4.9,0.2,0
3.2,50.0,53.4,9.6,8.0,0.0,0.0,6.7,0.5,1
4.4,89.7,38.9,5.1,12.0,0.0,0.0,2.2,0.7,0
7.9,96.7,56.8,4.0,6.0,0.0,1.0,6.7,3.1,1
6.6,73.1,21.6,9.6,8.0,0.0,1.0,1.9,1.9,0
0.6,45.8,54.2,6.6,11.0,,1.0,9.4,2.9,0
2.2,51.2,28.3,4.4,12.0,0.0,0.0,9.8,6.1,0
5.7,84.8,71.5,7.2,,0.0,2.0,3.7,3.3,1
9.6,72.0,80.4,4.4,0.0,1.0,2.0,5.8,3.9,1
0.5,52.7,83.8,7.1,11.0,0.0,2.0,4.0,3.3,0
1.0,95.3,30.4,8.4,11.0,0.0,0.0,6.5,0.1,0
0.4,57.1,35.1,4.8,16.0,0.0,1.0,2.6,2.2,0
0.1,39.6,65.8,4.0,2.0,0.0,2.0,4.4,0.3,0
9.7,50.7,36.9,6.9,6.0,0.0,0.0,9.4,1.0,1
5.0,33.0,85.3,8.2,6.0,0.0,0.0,4.7,0.2,1
8.6,70.6,74.4,4.3,6.0,,2.0,9.1,4.5,1
1.5,78.6,61.1,6.0,10.0,1.0,0.0,3.0,3.0,0
7.7,58.8,78.4,4.5,0.0,0.0,0.0,1.0,6.7,0
0.2,55.1,65.9,7.3,18.0,1.0,2.0,5.9,0.2,1
1.7,97.4,73.3,9.6,7.0,1.0,0.0,7.4,5.1,1
1.5,56.2,23.3,8.5,5.0,0.0,1.0,1.2,7.6,0
4.7,75.7,32.7,4.5,13.0,1.0,2.0,5.3,0.9,0
7.4,86.2,61.0,7.1,10.0,1.0,2.0,1.1,2.2,1
4.4,54.9,82.7,7.2,4.0,1.0,2.0,8.4,5.2,1
9.5,94.8,43.2,4.7,8.0,0.0,0.0,1.9,1.8,1
8.4,81.4,20.7,8.5,13.0,0.0,0.0,2.2,7.0,0
0.0,57.5,61.1,5.7,18.0,1.0,0.0,2.3,5.7,0
4.8,75.1,21.0,7.6,0.0,0.0,0.0,8.0,2.6,0
3.9,77.1,51.6,7.0,7.0,0.0,1.0,6.2,6.6,0
2.7,95.3,78.6,6.7,16.0,1.0,2.0,3.8,7.9,1
4.6,75.3,73.2,5.2,14.0,1.0,2.0,5.1,8.0,1
6.1,80.6,32.9,6.3,14.0,1.0,1.0,5.5,4.8,0
8.6,55.3,31.2,9.2,17.0,1.0,0.0,1.5,6.8,0
7.3,52.4,55.4,4.7,11.0,1.0,0.0,6.5,5.7,1
2.3,71.9,82.8,8.5,13.0,1.0,2.0,6.9,5.1,1
1.9,86.8,44.8,6.6,6.0,0.0,0.0,4.6,2.4,0
5.3,48.3,23.7,8.0,8.0,0.0,2.0,6.7,5.1,0
9.3,55.7,62.6,5.4,13.0,1.0,1.0,5.2,5.9,1
7.3,95.5,77.1,5.3,19.0,1.0,2.0,2.1,2.0,1
1.2,42.3,36.2,9.2,11.0,1.0,2.0,7.9,5.1,0
0.1,49.8,93.0,4.6,2.0,1.0,0.0,5.3,7.7,0
8.5,88.1,42.2,7.8,18.0,1.0,2.0,4.5,5.7,1
8.5,36.2,94.3,4.5,5.0,1.0,1.0,1.8,0.3,1
3.6,34.1,29.3,4.8,0.0,1.0,2.0,4.2,4.5,0
7.3,56.7,87.6,7.6,0.0,1.0,0.0,8.5,1.1,1
9.9,99.4,80.8,5.5,15.0,1.0,2.0,1.0,3.0,1
3.2,60.9,77.0,7.1,1.0,0.0,1.0,7.0,2.3,0
3.1,30.8,52.9,8.7,5.0,0.0,2.0,2.0,5.8,0
2.1,65.9,55.5,8.6,14.0,0.0,0.0,9.8,0.5,1
7.9,52.6,66.2,4.1,5.0,0.0,1.0,3.3,1.5,1
3.9,82.0,77.4,8.6,14.0,0.0,2.0,9.2,2.4,1
7.0,39.3,80.1,6.0,15.0,1.0,1.0,2.9,2.5,1
4.4,,43.6,9.6,6.0,0.0,1.0,4.7,1.9,0
2.4,95.4,92.9,4.7,19.0,1.0,2.0,5.4,0.3,1
0.6,37.4,80.1,9.9,10.0,1.0,0.0,10.0,2.2,1
6.5,75.8,32.1,8.3,15.0,0.0,2.0,9.6,6.6,1
8.2,67.5,87.4,8.4,8.0,0.0,0.0,8.3,6.1,1
8.9,53.0,81.9,5.3,1.0,,2.0,5.4,2.5,1
0.1,74.9,78.3,8.7,5.0,0.0,1.0,8.5,2.6,0
3.5,59.2,66.9,7.3,13.0,0.0,1.0,4.1,7.4,0
9.0,44.2,26.1,5.3,17.0,1.0,0.0,5.3,4.8,0
9.7,73.1,54.0,5.6,10.0,1.0,2.0,1.9,6.3,0
8.9,83.2,52.4,4.2,8.0,1.0,1.0,9.2,1.6,1
7.9,97.6,63.4,9.9,0.0,0.0,2.0,6.6,4.5,1
1.9,75.6,91.6,8.8,12.0,0.0,2.0,5.5,0.8,1
0.5,68.3,21.4,5.3,0.0,1.0,2.0,1.9,7.2,0
6.2,78.2,90.7,5.4,10.0,1.0,1.0,7.1,5.0,1
4.7,86.9,78.3,7.4,9.0,0.0,1.0,1.5,3.1,1
5.8,79.3,66.1,9.2,8.0,1.0,2.0,1.6,3.3,1
7.0,39.4,56.6,8.0,3.0,1.0,2.0,6.4,0.1,1
3.6,50.2,76.4,8.2,9.0,0.0,1.0,9.2,4.4,0
3.6,46.0,23.5,7.3,5.0,1.0,0.0,10.0,3.4,0
7.1,37.6,26.1,9.7,6.0,0.0,1.0,1.1,6.6,0
0.7,43.3,65.5,5.9,14.0,0.0,0.0,5.9,7.6,0
9.6,87.6,55.2,9.8,18.0,,2.0,5.2,3.6,1
1.0,88.6,49.5,4.2,14.0,0.0,0.0,1.4,6.6,0
7.5,47.5,74.9,8.5,17.0,0.0,0.0,1.6,5.0,1
3.3,45.4,79.2,7.7,2.0,0.0,2.0,2.9,6.3,0
4.0,62.4,36.2,9.8,1.0,0.0,1.0,2.9,4.6,0
9.0,33.9,68.2,9.0,19.0,1.0,2.0,6.6,6.6,1
6.3,76.8,77.5,4.1,13.0,0.0,0.0,5.1,0.1,1
4.8,69.0,31.4,8.1,8.0,0.0,1.0,6.9,4.6,0
5.4,88.9,33.7,9.0,8.0,0.0,1.0,1.5,4.4,0
4.6,58.3,94.5,8.9,18.0,1.0,1.0,5.2,1.8,1
6.6,62.0,49.1,8.6,4.0,0.0,0.0,5.2,1.3,1
4.3,64.0,59.0,10.0,0.0,,,9.4,3.9,0
0.2,57.7,69.2,4.5,4.0,0.0,1.0,8.5,2.1,0
4.5,90.3,55.0,4.3,0.0,0.0,2.0,6.5,2.8,1
2.5,96.8,91.7,8.2,9.0,1.0,2.0,2.4,4.9,1
9.3,94.4,32.6,9.9,18.0,0.0,2.0,6.2,5.9,1
6.8,38.0,68.8,5.5,1.0,1.0,2.0,9.6,3.1,1
9.0,93.2,63.4,5.2,12.0,,2.0,1.4,6.5,1
7.2,94.9,32.8,7.2,5.0,0.0,1.0,5.1,4.0,1
1.3,65.7,80.7,4.4,14.0,0.0,1.0,6.4,6.0,0
,94.0,29.7,6.8,15.0,0.0,2.0,6.6,1.0,0
9.6,47.0,93.9,6.0,7.0,0.0,1.0,4.8,2.9,1
9.1,32.0,80.2,8.5,2.0,1.0,0.0,5.9,1.4,1
8.2,51.7,68.4,6.0,12.0,0.0,2.0,1.6,0.3,1
6.6,,31.4,4.4,17.0,1.0,2.0,1.6,5.1,0
9.0,32.2,21.5,5.4,4.0,0.0,2.0,9.1,0.8,0
3.2,38.6,40.2,5.6,13.0,1.0,1.0,8.4,3.8,0
3.7,35.4,28.9,7.0,2.0,1.0,2.0,1.6,5.1,0
7.7,74.9,86.7,8.9,2.0,0.0,0.0,7.2,4.8,1
3.6,42.6,83.4,7.1,19.0,0.0,0.0,9.7,,1
9.1,73.1,52.4,7.6,6.0,0.0,2.0,4.6,1.5,1
0.9,67.9,57.9,8.6,0.0,1.0,2.0,5.0,0.4,0
9.2,62.3,64.5,4.4,5.0,1.0,0.0,,1.1,1
4.4,44.2,72.5,9.7,11.0,1.0,0.0,5.7,2.9,1
0.8,70.3,56.4,8.7,13.0,0.0,2.0,8.8,6.9,0
2.2,76.3,30.7,7.0,11.0,0.0,0.0,2.5,6.8,0
9.7,64.4,77.4,6.8,14.0,0.0,1.0,5.5,3.7,1
9.2,37.5,78.3,5.7,3.0,1.0,1.0,8.8,0.8,1
1.2,73.6,90.3,6.4,0.0,1.0,2.0,7.6,7.4,1
2.5,79.3,56.9,5.0,1.0,0.0,0.0,1.9,3.4,0
5.6,55.9,63.7,8.5,19.0,0.0,2.0,3.7,5.4,1
8.0,51.1,87.2,4.2,10.0,0.0,2.0,1.6,1.6,1
0.2,61.1,80.9,4.0,5.0,0.0,1.0,9.8,5.5,0
9.7,74.4,39.0,9.5,0.0,1.0,1.0,8.0,0.0,1
,97.0,56.3,8.1,2.0,,2.0,3.8,3.9,1
3.0,56.9,52.8,9.7,9.0,1.0,0.0,6.3,2.5,0
,34.8,93.4,8.6,9.0,,2.0,6.4,5.9,1
9.6,35.1,34.3,6.7,19.0,1.0,2.0,7.4,3.9,1
6.0,84.7,76.0,4.1,19.0,0.0,2.0,7.0,1.7,1
2.8,42.2,72.6,6.7,9.0,1.0,0.0,8.1,3.3,1
8.2,71.7,83.9,,14.0,1.0,2.0,8.0,6.5,1
1.8,42.9,42.9,4.0,16.0,0.0,1.0,,,0
4.8,74.1,37.8,7.3,0.0,0.0,0.0,3.7,6.3,0
3.9,64.5,60.5,7.6,17.0,1.0,2.0,7.9,6.4,0
8.0,45.2,46.3,5.3,2.0,1.0,1.0,3.9,4.6,0
2.0,52.9,31.7,9.5,4.0,1.0,2.0,3.9,4.1,0
0.1,58.5,87.3,8.3,2.0,0.0,0.0,5.9,3.9,0
6.2,88.7,22.4,5.5,8.0,1.0,2.0,5.6,6.8,0
3.9,40.7,83.6,8.1,4.0,1.0,2.0,9.9,7.9,1
3.4,,33.6,6.0,17.0,1.0,1.0,9.8,3.7,1
8.3,91.5,72.1,4.5,13.0,0.0,2.0,3.9,0.8,1
6.5,74.0,76.3,8.7,3.0,,2.0,4.2,3.2,1
7.7,50.3,67.4,7.0,9.0,0.0,0.0,7.5,2.3,1
5.2,41.2,45.6,9.6,11.0,1.0,2.0,1.4,6.8,1
6.2,42.0,66.6,9.7,1.0,0.0,2.0,4.5,7.2,0
7.0,50.5,30.0,9.0,13.0,0.0,2.0,2.7,2.7,0
6.3,92.1,45.8,5.5,11.0,0.0,2.0,3.1,3.3,0
7.7,74.0,26.5,6.9,4.0,0.0,1.0,4.3,5.6,0
4.7,62.4,78.1,8.8,19.0,0.0,0.0,7.8,3.8,1
4.0,54.3,87.7,5.8,10.0,0.0,2.0,5.2,3.2,0
2.6,47.6,74.6,5.9,11.0,1.0,2.0,7.3,1.4,1
0.1,37.9,71.2,6.5,13.0,0.0,0.0,9.5,3.7,0
7.8,48.4,77.9,6.1,4.0,1.0,0.0,7.1,6.9,1
3.6,93.0,52.8,7.5,18.0,1.0,2.0,5.7,6.0,1
0.9,32.1,49.5,8.8,13.0,1.0,0.0,2.1,6.8,0
4.5,97.6,91.3,9.4,19.0,1.0,,9.5,0.1,1
9.0,31.1,53.4,4.7,12.0,0.0,1.0,7.5,4.4,0
4.2,94.9,76.9,7.4,3.0,0.0,1.0,2.6,,1
8.6,45.0,87.4,9.8,4.0,0.0,0.0,6.3,1.0,1
1.8,41.4,34.4,7.8,8.0,0.0,1.0,2.0,3.0,0
9.8,81.0,55.8,4.6,2.0,0.0,1.0,8.3,6.4,1
5.0,68.0,73.7,7.9,10.0,0.0,0.0,1.8,0.8,1
2.6,90.0,72.2,8.6,11.0,0.0,1.0,8.3,4.5,1
8.7,80.2,22.0,8.6,14.0,1.0,0.0,4.4,2.3,1
9.9,76.0,59.7,7.8,9.0,1.0,1.0,6.3,3.5,1
2.7,74.2,48.5,6.5,15.0,0.0,0.0,9.5,6.1,0
2.7,42.0,82.8,8.6,14.0,0.0,1.0,7.9,7.1,0
9.7,75.5,30.8,,6.0,1.0,0.0,4.5,0.4,1
7.0,70.1,48.6,9.8,6.0,0.0,0.0,5.0,4.4,1
5.3,58.3,94.4,7.3,6.0,0.0,1.0,6.5,2.8,1
4.0,91.2,62.1,8.2,6.0,0.0,1.0,4.0,4.9,0
2.4,81.5,40.9,7.9,15.0,1.0,1.0,9.3,6.2,0
8.0,60.5,82.6,9.5,14.0,1.0,2.0,4.8,1.3,1
5.7,94.9,94.6,5.4,13.0,0.0,1.0,2.1,6.6,1
,49.0,94.0,8.7,8.0,1.0,0.0,9.5,1.7,1
5.3,39.8,45.2,6.9,15.0,1.0,2.0,3.4,7.3,0
3.3,51.4,84.0,8.9,9.0,0.0,1.0,9.0,7.8,1
8.6,55.7,78.4,8.2,18.0,1.0,2.0,9.2,6.7,1
5.5,74.6,23.8,6.7,16.0,0.0,2.0,4.4,6.9,0
4.9,90.3,51.8,8.6,14.0,1.0,2.0,5.0,5.4,1
6.7,71.6,74.8,4.4,2.0,1.0,2.0,8.5,3.2,1
8.9,47.8,60.8,9.6,11.0,1.0,0.0,5.4,2.3,1
7.8,37.5,38.8,5.0,,1.0,2.0,5.9,7.7,0
1.9,42.9,46.7,9.5,14.0,1.0,0.0,7.4,4.5,0
4.7,91.4,23.6,4.9,13.0,0.0,0.0,5.4,2.8,0
3.6,78.3,94.3,6.0,17.0,1.0,2.0,4.9,2.7,1
9.6,59.1,48.4,5.3,11.0,,2.0,9.7,5.1,1
4.0,46.3,30.8,6.1,15.0,1.0,0.0,5.0,6.0,0
5.0,89.7,82.1,9.9,7.0,0.0,2.0,4.6,0.1,1
5.8,37.0,45.8,8.6,10.0,0.0,1.0,2.7,2.5,0
2.6,50.0,24.8,,,1.0,0.0,9.6,7.3,0
5.0,46.7,91.5,8.3,14.0,1.0,2.0,8.5,2.5,1
1.2,87.7,93.3,6.6,0.0,1.0,2.0,8.1,5.9,1
4.0,91.0,63.0,5.9,11.0,0.0,0.0,8.7,4.5,1
9.9,84.2,47.9,5.3,3.0,1.0,0.0,1.3,5.5,1
5.7,78.4,53.3,8.1,8.0,0.0,0.0,5.0,7.0,0
6.4,87.9,93.6,4.7,19.0,1.0,0.0,8.3,,1
5.9,60.4,70.3,6.1,16.0,1.0,2.0,3.4,4.4,1
0.4,68.1,31.9,5.8,19.0,1.0,2.0,8.1,7.7,0
8.1,64.9,39.9,7.8,9.0,0.0,2.0,5.4,0.8,1
2.5,66.8,86.9,9.6,16.0,1.0,2.0,4.2,2.0,1
1.3,58.3,87.5,6.3,,0.0,0.0,7.3,3.1,1
9.9,70.6,81.5,6.5,2.0,0.0,2.0,6.7,0.2,1
7.4,68.2,37.5,9.6,15.0,1.0,2.0,3.7,3.8,1
9.1,37.7,75.6,8.5,3.0,0.0,1.0,7.0,7.7,1
3.6,45.1,37.7,7.4,4.0,1.0,0.0,6.5,0.5,0
4.5,63.3,87.8,7.9,13.0,1.0,1.0,6.7,2.1,1
4.1,,78.1,7.2,8.0,1.0,0.0,6.1,6.8,1
5.4,,35.8,8.6,16.0,0.0,2.0,6.1,1.2,0
9.2,47.5,20.8,4.9,19.0,0.0,1.0,1.4,3.2,0
3.4,51.0,88.5,6.6,1.0,1.0,0.0,9.5,5.7,0
9.6,57.2,47.0,9.4,19.0,0.0,1.0,9.2,6.7,1
1.3,37.4,54.3,4.2,4.0,0.0,2.0,7.0,7.4,0
7.3,49.3,71.1,4.3,10.0,1.0,2.0,5.4,2.9,1
9.2,55.7,30.3,9.4,15.0,0.0,2.0,9.6,5.6,1
6.3,67.3,64.2,5.9,0.0,0.0,1.0,5.3,7.1,1
2.4,39.8,26.3,4.7,19.0,0.0,2.0,4.0,6.1,0
3.3,78.7,45.3,9.2,,0.0,2.0,3.4,1.4,0
4.0,44.8,75.3,9.6,11.0,0.0,2.0,3.5,5.1,0
6.2,80.8,49.9,4.2,7.0,0.0,1.0,5.3,2.8,1
9.3,34.2,63.7,4.7,6.0,1.0,0.0,9.0,0.9,1
1.6,64.1,49.9,8.9,14.0,0.0,2.0,3.1,4.2,0
7.9,52.0,44.1,4.8,19.0,1.0,2.0,3.1,1.2,1
5.0,51.0,55.3,9.3,3.0,1.0,2.0,5.4,4.9,1
1.1,55.8,26.6,5.1,15.0,1.0,2.0,9.8,2.0,0
7.1,86.5,35.7,8.9,4.0,,0.0,5.7,6.5,1
1.5,83.5,49.6,6.3,9.0,0.0,0.0,6.1,2.8,0
1.9,92.4,34.4,9.8,2.0,1.0,1.0,8.5,,0
0.6,32.6,48.7,6.2,10.0,0.0,0.0,7.7,7.7,0
4.8,98.8,42.0,4.7,14.0,1.0,0.0,2.2,0.9,1
4.6,46.4,59.0,9.9,3.0,1.0,0.0,5.5,3.0,0
8.9,75.3,50.8,7.8,2.0,1.0,0.0,2.0,1.8,1
6.0,,89.0,4.1,10.0,1.0,1.0,8.5,1.7,1
2.1,31.5,46.7,7.8,8.0,1.0,1.0,2.3,0.2,0
7.6,58.7,34.3,8.2,18.0,1.0,0.0,6.7,5.1,1
3.0,97.8,25.4,4.6,10.0,1.0,2.0,8.8,4.6,0
3.6,60.9,35.6,4.2,0.0,0.0,2.0,9.6,4.7,0
9.4,59.8,71.7,5.9,5.0,0.0,2.0,9.1,1.8,1
4.4,60.0,82.8,5.5,14.0,1.0,1.0,4.4,2.8,1
2.0,89.3,90.9,7.5,12.0,0.0,0.0,4.5,3.5,1
1.4,56.6,72.5,8.4,6.0,0.0,2.0,8.5,7.0,0
3.7,94.5,55.0,8.5,10.0,0.0,0.0,1.4,2.2,0
5.0,52.0,51.8,10.0,,1.0,2.0,2.7,2.7,0
9.2,49.4,88.9,7.9,12.0,0.0,0.0,3.8,1.5,1
2.1,44.3,48.2,6.9,7.0,0.0,1.0,3.3,1.0,0
4.9,76.0,27.0,8.0,14.0,1.0,2.0,8.2,7.8,0
9.3,53.8,63.2,5.3,17.0,0.0,0.0,8.3,3.1,1
6.9,54.4,94.5,5.7,6.0,0.0,2.0,1.2,3.7,1
1.3,69.7,29.7,4.0,13.0,0.0,2.0,5.5,2.2,0
,35.8,88.0,4.7,19.0,,2.0,10.0,0.8,1
1.9,56.6,32.8,8.8,19.0,0.0,2.0,2.1,4.7,0
6.2,69.9,94.0,5.9,14.0,1.0,1.0,4.6,3.9,1
6.3,58.5,41.6,9.4,10.0,1.0,0.0,4.1,4.9,0
5.4,58.3,38.8,9.2,18.0,0.0,2.0,6.3,2.8,0
1.7,54.3,72.5,6.7,13.0,1.0,1.0,4.5,6.4,0
6.8,77.4,59.6,9.9,18.0,1.0,2.0,4.0,6.3,1
7.0,87.6,54.8,5.8,16.0,0.0,2.0,9.9,6.0,1
3.4,39.6,79.5,6.9,15.0,0.0,0.0,2.9,3.4,0
5.6,34.2,20.2,8.3,18.0,0.0,0.0,4.0,6.4,0
0.6,65.4,31.8,,15.0,0.0,0.0,4.4,6.4,0
7.5,77.0,86.3,6.3,5.0,0.0,1.0,9.3,1.9,1
3.5,65.0,68.8,4.4,8.0,0.0,0.0,3.8,2.0,0
4.8,45.6,92.2,5.5,17.0,1.0,1.0,5.1,7.1,1
3.4,72.9,24.4,6.1,18.0,0.0,1.0,9.0,7.3,0
9.4,52.9,67.1,9.7,0.0,0.0,1.0,7.9,6.1,0
4.5,32.4,79.5,4.1,19.0,0.0,1.0,5.3,5.8,0
5.2,54.1,38.4,6.7,18.0,1.0,2.0,1.3,1.0,0
8.5,93.4,75.0,9.2,5.0,1.0,1.0,5.3,4.1,1
,89.1,91.6,8.9,6.0,0.0,1.0,4.9,1.5,1
6.0,85.2,90.3,8.6,3.0,1.0,2.0,2.9,2.1,1
,,23.5,9.4,,1.0,1.0,7.8,1.7,1
2.6,59.2,20.4,8.8,15.0,0.0,0.0,5.3,0.3,0
8.1,40.6,93.2,6.2,14.0,1.0,2.0,4.1,6.0,1
0.6,45.2,80.2,8.3,13.0,0.0,1.0,1.2,4.4,0
9.0,31.1,31.7,6.7,14.0,1.0,1.0,6.2,6.7,0
,71.4,23.1,8.6,5.0,0.0,1.0,4.1,5.7,0
1.1,61.1,50.1,8.1,10.0,1.0,0.0,3.3,5.4,0
9.0,64.0,84.4,7.6,12.0,1.0,0.0,5.0,5.0,1
6.8,38.8,76.1,8.6,1.0,0.0,0.0,9.1,2.1,0
3.3,77.6,72.9,5.6,10.0,1.0,1.0,5.5,5.8,1
4.2,89.2,36.0,6.6,2.0,1.0,2.0,3.7,1.0,1
4.3,30.5,94.5,8.9,2.0,1.0,1.0,4.5,7.3,1
0.1,88.1,46.9,6.5,9.0,,2.0,2.4,0.7,0
2.2,96.9,32.2,9.6,12.0,0.0,1.0,5.7,2.4,0
1.3,62.2,68.4,8.5,6.0,1.0,2.0,2.1,1.3,0
1.7,51.6,27.8,4.9,8.0,1.0,1.0,9.8,5.4,0
3.7,99.7,63.4,9.8,3.0,0.0,1.0,5.7,5.6,0
3.9,49.7,92.0,9.3,4.0,0.0,2.0,6.5,5.0,1
6.0,65.7,70.3,8.9,10.0,0.0,1.0,9.0,1.4,1
10.0,79.1,64.5,6.8,17.0,0.0,2.0,5.9,1.9,1
8.3,64.8,23.8,5.7,17.0,1.0,2.0,8.9,2.7,1
3.0,91.1,61.8,9.5,19.0,1.0,0.0,6.3,2.9,1
4.7,73.1,57.0,4.3,18.0,0.0,0.0,4.9,1.8,0
5.3,85.0,51.4,6.3,17.0,1.0,0.0,9.7,1.1,1
6.8,74.2,26.1,8.4,12.0,0.0,2.0,7.6,5.2,0
4.3,38.1,94.8,4.2,10.0,0.0,2.0,8.0,6.6,1
8.4,84.6,73.3,6.1,19.0,0.0,1.0,2.9,7.0,1
7.7,82.5,23.3,9.2,8.0,0.0,0.0,1.8,,0
7.8,58.6,46.1,4.3,8.0,0.0,1.0,6.0,7.6,0
4.3,55.9,44.3,8.9,8.0,1.0,2.0,2.3,1.9,0
,81.7,28.4,5.3,7.0,0.0,2.0,6.1,6.7,1
6.5,51.6,88.1,9.0,2.0,1.0,2.0,1.1,1.0,1
2.0,40.2,64.4,4.3,0.0,1.0,2.0,3.3,6.9,0
4.3,87.5,67.5,5.2,17.0,0.0,1.0,4.1,6.6,1
4.8,77.4,41.0,8.1,2.0,0.0,1.0,3.4,7.9,0
1.1,43.5,64.8,5.6,14.0,0.0,2.0,7.2,1.7,0
3.4,76.3,54.3,5.5,1.0,1.0,0.0,1.4,5.9,0
9.4,49.3,32.7,7.1,14.0,1.0,1.0,8.5,4.2,0
8.6,60.9,91.7,4.0,3.0,0.0,1.0,3.7,0.7,1
1.1,96.2,36.8,7.6,17.0,0.0,0.0,1.0,4.5,0
9.3,86.2,68.1,9.4,13.0,0.0,0.0,6.8,2.6,1
3.2,33.9,30.0,7.1,18.0,0.0,1.0,5.6,5.0,0
5.0,77.9,83.6,9.3,10.0,1.0,2.0,8.3,0.4,1
0.1,31.9,27.4,8.8,1.0,1.0,0.0,,5.4,0
7.1,56.5,44.0,9.5,15.0,0.0,0.0,6.3,5.2,1
9.2,72.4,65.1,4.1,12.0,0.0,2.0,9.1,7.4,1
7.5,79.4,93.0,6.7,18.0,1.0,2.0,1.5,7.4,1
6.1,35.0,56.0,7.7,11.0,0.0,2.0,3.5,4.6,1
4.8,80.7,68.1,9.1,3.0,1.0,0.0,6.2,1.2,1
8.3,56.0,33.5,7.0,5.0,0.0,0.0,9.3,1.1,1
6.3,63.4,90.3,8.2,4.0,1.0,2.0,8.1,4.2,1
9.0,80.5,94.6,8.8,2.0,1.0,2.0,6.1,0.8,1
2.4,93.9,34.4,5.0,19.0,1.0,2.0,8.1,4.6,0
4.8,87.0,,8.3,14.0,0.0,0.0,6.6,0.5,1
4.9,60.8,55.7,9.1,6.0,1.0,1.0,5.8,2.5,1
7.3,72.9,43.2,6.3,11.0,0.0,2.0,,2.1,1
5.9,40.8,92.0,6.9,3.0,0.0,2.0,9.1,2.4,1
8.7,72.5,81.9,7.4,18.0,0.0,1.0,10.0,7.0,1
9.7,98.2,43.3,7.0,6.0,0.0,0.0,8.9,5.1,1
10.0,49.1,66.0,4.0,5.0,1.0,2.0,9.3,2.9,1
8.2,82.0,41.0,5.9,10.0,0.0,1.0,7.3,3.2,1
5.1,88.4,63.2,4.9,17.0,0.0,2.0,9.7,5.2,1
6.8,79.6,75.6,9.7,3.0,0.0,0.0,6.7,6.8,1
9.4,63.9,70.0,6.2,1.0,0.0,2.0,9.3,6.7,1
8.1,41.2,25.3,8.1,17.0,0.0,2.0,5.3,7.5,0
6.7,90.6,66.5,7.3,13.0,1.0,1.0,7.2,1.9,1
5.8,67.6,89.5,9.5,11.0,1.0,1.0,3.5,,1
1.2,52.8,30.8,5.5,7.0,0.0,2.0,5.4,3.1,0
3.1,77.1,85.9,7.4,18.0,0.0,1.0,10.0,,1
4.9,55.5,67.0,5.2,18.0,1.0,1.0,9.6,2.0,1
0.6,61.1,39.4,4.8,4.0,1.0,1.0,5.7,1.5,0
7.0,93.9,72.8,7.0,12.0,0.0,0.0,7.9,7.8,1
0.9,78.3,88.1,5.0,7.0,1.0,0.0,9.6,0.0,0
,43.3,54.4,10.0,11.0,0.0,0.0,3.4,7.7,0
9.2,35.3,63.5,7.4,3.0,1.0,1.0,3.8,6.6,1
2.6,62.1,65.7,4.4,11.0,1.0,1.0,5.1,0.8,1
0.6,51.7,24.6,9.1,12.0,0.0,1.0,3.5,1.3,0
3.4,71.6,76.1,6.7,16.0,0.0,0.0,2.7,0.4,1
6.6,60.4,52.2,9.8,,0.0,1.0,2.5,2.4,1
8.4,86.3,59.2,9.7,15.0,1.0,,2.4,5.8,1
9.8,79.7,66.1,6.9,13.0,0.0,0.0,2.2,3.2,1
5.4,30.1,41.1,7.8,1.0,0.0,0.0,8.5,3.4,0
1.9,95.1,65.9,5.9,17.0,0.0,2.0,9.0,7.9,0
7.8,82.5,53.4,8.0,17.0,0.0,2.0,5.5,2.7,1
3.2,34.9_err,28.7,6.5,8.0,0.0,2.0,3.4,2.5,0
2.3,88.9,83.3,8.2,5.0,1.0,2.0,1.4,1.6,0
3.9,100.0,75.0,6.1,19.0,0.0,1.0,1.5,1.7,1
4.1,54.5,,6.4,12.0,0.0,0.0,4.5,1.0,1
8.1,35.0,72.7,5.9,11.0,0.0,0.0,9.7,6.8,1
2.6,67.5,66.6,9.5,15.0,1.0,2.0,2.9,1.7,1
8.1,44.8,46.4,7.7,18.0,1.0,0.0,9.9,5.6,1
0.0,39.0,70.7,4.4,1.0,0.0,2.0,1.1,3.4,0
7.0,58.9,86.3,5.8,11.0,1.0,0.0,9.3,8.0,1
3.7,54.9,20.5,6.2,4.0,0.0,2.0,6.1,2.8,0
0.3,94.0,23.7,5.2,17.0,1.0,1.0,7.1,6.5,0
5.7,55.9,46.7,7.8,2.0,1.0,0.0,3.1,,0
6.9,53.5,26.1,6.6,16.0,,0.0,3.1,7.5,0
0.5,62.2,64.9,4.3,16.0,0.0,0.0,8.7,0.0,0
3.9,67.8,34.0,5.3,14.0,0.0,2.0,9.3,0.9,0
6.2,77.4,36.9,5.2,18.0,0.0,0.0,2.3,6.2,0
1.4,68.4,51.7,6.1,1.0,1.0,2.0,3.2,2.1,0
9.8,48.3,60.8,8.3,18.0,0.0,0.0,2.4,2.9,1
7.3,92.3,47.7,4.8,1.0,0.0,2.0,2.6,5.2,0
9.8,63.1,27.9,8.0,12.0,1.0,1.0,1.3,5.5,0
8.6,55.2,81.5,5.5,16.0,1.0,0.0,1.7,7.4,1
7.0,47.4,62.6,5.3,12.0,0.0,,8.2,5.5,1
2.0,32.8,51.3,7.7,7.0,1.0,2.0,8.2,2.2,0
4.4,93.5,33.6,6.8,15.0,0.0,2.0,3.8,3.6,0
,57.6,90.6,8.4,2.0,0.0,1.0,5.6,3.6,1
8.5,42.1,27.0,8.0,9.0,0.0,2.0,1.6,1.3,0
6.5,43.4,,9.5,6.0,0.0,0.0,8.7,5.4,0
4.6,62.3,23.5,4.4,2.0,0.0,0.0,4.9,3.4,0
4.4,88.4,93.7,10.0,2.0,1.0,2.0,4.2,1.2,1
4.3,89.8,57.8,5.9,0.0,1.0,0.0,2.9,,0
1.9,71.2,53.5,8.9,,1.0,1.0,9.5,6.3,1
4.5,66.4,66.8,6.1,11.0,1.0,1.0,8.6,2.6,1
0.3,94.9,21.8,8.1,11.0,1.0,1.0,8.1,7.4,0
5.8,53.7,38.0,4.1,5.0,0.0,0.0,5.6,0.4,1
8.4,33.3,39.5,5.6,5.0,1.0,0.0,1.7,3.8,0
8.1,41.9,51.5,5.9,5.0,1.0,2.0,2.0,7.1,0
6.6,,78.1,9.4,,1.0,1.0,6.5,5.6,1
9.6,38.5,30.8,5.1,11.0,1.0,1.0,8.1,1.4,1
1.8,54.7,40.2,9.2,4.0,1.0,0.0,6.1,4.3,0
2.5,74.9,79.8,5.4,19.0,0.0,2.0,6.6,2.6,1
0.0,47.9,68.9,6.7,16.0,1.0,0.0,7.8,2.0,0
1.4,79.0,22.8,8.5,8.0,0.0,1.0,3.5,3.1,0
4.2,84.0,77.6,7.2,6.0,1.0,2.0,2.5,6.8,1
3.8,48.0,62.3,9.1,19.0,0.0,1.0,8.6,5.4,1
1.6,99.4,79.2,9.8,6.0,1.0,0.0,6.6,4.7,1
1.7,50.7,27.0,,15.0,0.0,1.0,7.9,3.8,0
9.2,83.7,84.3,7.0,14.0,0.0,1.0,5.8,6.8,1
9.9,94.9,29.8,9.2,9.0,,0.0,5.6,3.7,1
10.0,76.3,32.9,4.4,9.0,0.0,0.0,7.9,6.4,1
7.8,92.2,68.9,5.6,12.0,0.0,0.0,9.2,2.5,1
9.7,43.9,89.7,6.2,10.0,0.0,2.0,9.4,4.8,1
2.9,62.3,74.7,4.9,9.0,0.0,2.0,2.6,2.7,0
7.7,36.4,59.2,4.2,1.0,0.0,1.0,8.7,6.5,0
5.0,49.7,22.0,4.8,6.0,,1.0,5.5,5.2,0
7.7,93.9,63.2,9.4,13.0,1.0,2.0,2.5,0.2,1
2.9,42.3,22.7,5.8,8.0,1.0,1.0,6.1,7.1,0
3.5,80.7,62.2,5.8,6.0,1.0,2.0,9.8,0.6,1
9.7,90.7,87.6,8.5,13.0,1.0,0.0,5.9,5.1,1
5.5,92.6_err,26.1,4.2,8.0,1.0,1.0,1.1,2.4,0
6.9,47.4,31.5,5.1,12.0,,1.0,6.6,2.8,0
6.8,33.8,45.2,6.8,15.0,1.0,1.0,6.4,1.0,1
2.1,69.7,72.8,4.3,12.0,1.0,0.0,4.1,1.8,1
5.9,58.6,66.8,6.9,2.0,1.0,0.0,3.4,3.5,0
3.0,57.8,68.5,,16.0,0.0,2.0,5.5,5.6,0
1.9,33.9,83.1,4.3,7.0,0.0,2.0,8.8,5.9,0
5.3,58.2,,4.3,4.0,0.0,2.0,4.5,1.8,0
6.6,66.9,54.8,6.0,8.0,1.0,0.0,10.0,0.9,1
0.6,88.0,59.0,4.0,3.0,1.0,1.0,9.5,2.8,0
2.6,44.9,84.6,7.0,15.0,1.0,1.0,4.1,1.5,1
8.2,72.6,79.1,8.3,10.0,1.0,1.0,,0.2,1
6.3,95.0,50.2,6.7,1.0,0.0,2.0,7.5,3.4,1
1.3,56.6,66.5,8.3,4.0,1.0,1.0,9.3,1.4,1
6.5,68.0,49.5,6.4,2.0,0.0,2.0,6.3,3.8,0
0.7,39.8,59.9,8.7,2.0,1.0,0.0,1.7,7.8,0
7.3,46.9,52.7,8.2,9.0,0.0,0.0,1.3,6.5,0
3.8,49.1,57.8,9.0,0.0,1.0,0.0,8.2,3.1,0
0.8,40.5,71.8,5.4,,1.0,2.0,4.4,6.7,0
1.9,35.8,84.4,5.4,4.0,1.0,2.0,5.7,3.2,0
6.4,32.5,54.9,7.9,3.0,1.0,1.0,8.0,4.7,1
4.6,49.2,71.9,8.7,11.0,1.0,0.0,7.4,4.6,1
5.2,53.6,59.3,10.0,11.0,1.0,0.0,3.5,3.5,0
7.2,90.4,75.1,7.6,7.0,0.0,2.0,8.1,3.8,1
0.7,36.6,42.6,7.6,15.0,0.0,1.0,8.6,3.1,0
6.0,57.0,68.2,8.5,19.0,1.0,0.0,8.0,3.6,1
5.2,44.4,80.8,9.9,15.0,1.0,2.0,9.8,2.5,1
2.9,76.6,,6.9,13.0,1.0,1.0,1.7,2.6,0
1.2,58.1,28.0,4.2,4.0,1.0,1.0,1.1,0.7,0
0.6,31.8,72.7,6.1,13.0,1.0,0.0,1.5,3.5,0
3.1,70.5,67.4,7.5,13.0,1.0,1.0,1.9,0.7,1
5.6,37.0,89.8,7.8,10.0,1.0,0.0,7.4,3.8,1
7.4,97.1,50.3,9.7,17.0,0.0,2.0,7.6,1.6,1
,30.3,57.6,8.9,5.0,1.0,0.0,8.3,7.0,0
9.8,83.1,44.1,4.0,0.0,0.0,2.0,7.4,1.0,0
1.9,91.6,35.6,7.6,12.0,1.0,2.0,4.8,4.5,0
6.6,86.0,91.6,9.8,,0.0,1.0,8.6,1.0,1
2.2,64.1,39.5,6.6,9.0,0.0,2.0,4.4,7.4,0
3.5,53.0,84.9,10.0,18.0,1.0,1.0,1.6,4.8,1
1.4,89.2,64.4,7.1,0.0,0.0,2.0,5.8,1.2,0
3.9,36.6,81.1,5.8,0.0,0.0,0.0,9.0,3.7,0
4.1,91.2,62.8,4.2,12.0,0.0,1.0,5.3,2.1,1
2.8,51.1,,7.3,8.0,1.0,2.0,8.3,3.5,0
5.8,37.9,61.9,6.4,7.0,0.0,0.0,6.7,5.0,0
1.2,,40.5,7.6,14.0,0.0,0.0,2.5,7.1,0
3.7,32.6,33.4,5.3,16.0,1.0,2.0,6.6,2.9,0
3.4,69.0,29.8,7.1,17.0,1.0,2.0,6.2,0.4,0
2.6,86.0,39.3,7.8,8.0,1.0,2.0,3.9,4.5,0
7.8,84.6,48.9,8.6,15.0,0.0,0.0,1.3,0.6,1
0.7,62.7,56.5,7.3,5.0,1.0,0.0,3.2,1.2,0
5.9,77.6,24.8,5.1,5.0,1.0,1.0,3.4,5.8,0
7.3,50.7,74.8,4.1,8.0,0.0,1.0,7.9,6.3,1
5.2,49.9,57.6,7.0,19.0,0.0,1.0,3.4,1.5,1
1.2,96.1,56.1,4.9,1.0,0.0,2.0,9.0,7.3,0
7.5,95.0,40.0,8.7,6.0,0.0,1.0,5.7,6.6,1
7.9,80.0,53.4,8.9,13.0,1.0,2.0,8.8,3.9,1
4.7,84.6,84.0,4.6,5.0,0.0,0.0,9.8,7.0,1
4.5,44.2,30.0,,1.0,1.0,0.0,8.5,7.3,0
3.6,41.2,32.2,4.5,16.0,1.0,0.0,9.8,4.7,0
,40.0,,6.0,6.0,1.0,0.0,5.0,6.7,0
0.1,69.2,20.0,10.0,8.0,1.0,2.0,8.1,3.1,0
1.5,86.2,71.5,7.5,,1.0,1.0,,7.3,0
8.0,98.3,55.4,4.2,7.0,0.0,0.0,6.3,0.9,1
3.3,80.4,86.3,5.0,2.0,0.0,0.0,9.9,,0
3.5,,45.0,6.6,15.0,0.0,0.0,7.2,6.7,0
1.7,39.0,77.3,4.6,0.0,1.0,2.0,3.9,5.3,0
0.1,63.7,70.2,8.3,18.0,0.0,0.0,7.1,3.3,0
7.3,69.3,56.4,5.3,19.0,0.0,1.0,6.9,6.1,1
9.7,67.6,51.3,5.8,10.0,0.0,1.0,3.3,7.7,1
1.8,84.2,60.2,5.2,0.0,0.0,1.0,7.7,4.2,0
1.0,50.9,42.4,6.6,18.0,1.0,2.0,3.8,3.0,0
9.0,91.9,66.2,5.4,4.0,1.0,1.0,5.2,0.4,1
9.0,59.1,66.6,7.2,13.0,1.0,1.0,2.0,4.9,1
2.6,66.0,23.4,7.9,7.0,1.0,1.0,2.3,2.4,0
0.8,59.6,75.6,9.5,19.0,0.0,0.0,7.6,1.2,1
0.8,49.2,82.6,9.1,4.0,1.0,1.0,6.0,0.3,0
1.7,35.9,87.1,9.2,4.0,1.0,0.0,1.8,3.9,0
5.3,50.4,82.7,4.3,2.0,1.0,0.0,7.5,7.9,1
7.6,34.3,66.9,9.4,14.0,1.0,0.0,2.3,2.7,1
2.4,90.7,27.9,5.8,,0.0,2.0,9.9,7.7,0
8.2,,69.4,,0.0,0.0,0.0,8.8,5.8,1
1.9,,33.6,4.2,17.0,0.0,2.0,9.1,3.9,0
2.5,39.4,53.6,5.3,14.0,0.0,0.0,8.3,3.2,0
9.5,40.4,72.9,7.7,11.0,1.0,0.0,9.8,6.6,1
8.2,59.1,54.7,7.4,18.0,1.0,2.0,4.3,7.0,1
4.1,85.6,72.6,5.3,19.0,1.0,2.0,5.4,0.9,1
8.4,61.7,77.6,9.2,2.0,1.0,2.0,5.5,5.9,1
4.2,70.1,93.0,4.6,15.0,1.0,0.0,8.4,6.8,1
1.6,55.5,46.3,4.7,1.0,1.0,0.0,8.6,6.8,0
9.6,48.1,93.5,7.9,17.0,0.0,2.0,6.4,3.6,1
6.5,98.2,32.7,4.6,5.0,0.0,2.0,9.1,4.4,1
8.1,46.2,60.3,5.3,4.0,0.0,0.0,6.3,6.2,0
3.2,86.9,29.8,7.6,13.0,0.0,0.0,6.7,7.5,0
6.4,43.3,93.5,4.4,8.0,0.0,2.0,8.6,4.1,1
3.5,85.7,,4.3,13.0,0.0,2.0,3.2,2.0,0
3.1,76.5,24.8,9.8,0.0,0.0,2.0,8.0,4.3,0
0.6,42.5,38.6,5.6,9.0,1.0,,9.6,7.3,0
0.8,65.0,68.9,6.1,18.0,0.0,2.0,7.2,1.8,1
2.0,57.2,75.0,5.8,17.0,0.0,1.0,3.4,5.4,0
6.4,93.1,52.2,6.6,0.0,0.0,1.0,8.3,2.4,1
2.7,77.3,87.4,9.3,5.0,0.0,0.0,8.8,6.7,1
4.6,59.9,83.2,4.2,5.0,1.0,0.0,4.3,3.6,1
6.9,69.6,76.9,8.2,17.0,0.0,2.0,7.6,1.5,1
9.8,75.8,87.3,6.4,12.0,1.0,0.0,2.2,3.6,1
1.7,63.8,28.5,8.2,0.0,0.0,0.0,9.3,1.8,0
3.2,63.4,54.3,4.5,2.0,,1.0,9.5,3.6,0
8.2,49.4,41.5,4.3,5.0,1.0,1.0,9.4,0.1,1
4.4,84.3,63.5,,14.0,0.0,0.0,9.9,2.6,1
1.7,70.3,88.8,7.0,19.0,0.0,1.0,2.0,2.7,0
1.8,72.2,43.7,8.9,0.0,0.0,0.0,7.9,6.1,0
4.6,69.7,93.7,5.6,11.0,0.0,1.0,2.5,4.6,1
3.5,33.6,45.6,8.5,11.0,0.0,2.0,7.4,3.9,0
4.8,44.1,39.0,8.5,2.0,1.0,2.0,1.3,1.1,0
3.2,79.8,62.4,4.1,9.0,1.0,2.0,6.4,1.5,1
4.1,98.9,61.7,6.5,7.0,1.0,1.0,6.4,7.6,1
1.7,41.2,32.7,4.4,15.0,0.0,1.0,7.8,4.8,0
3.1,47.6,34.3,6.7,17.0,0.0,2.0,7.1,3.9,0
0.7,80.2,33.5,6.0,,1.0,2.0,4.2,2.4,0
6.9,76.3,21.0,7.6,3.0,1.0,1.0,3.6,5.5,1
6.5,56.2,43.3,8.1,10.0,1.0,0.0,1.3,7.4,0
9.5,92.1,24.0,5.2,6.0,0.0,2.0,5.8,7.3,1
7.8,59.0,93.2,7.9,8.0,1.0,2.0,1.4,5.8,1
4.7,67.1,86.5,8.4,6.0,1.0,2.0,6.9,1.8,1
8.4,64.0,85.2,4.2,18.0,0.0,0.0,8.6,1.4,1
4.2,72.3,93.6,6.1,0.0,0.0,0.0,8.9,7.1,1
0.4,82.5,25.9,8.6,1.0,0.0,2.0,7.1,7.5,0
1.7,83.1,43.0,5.0,18.0,0.0,0.0,8.9,7.4,0
3.7,46.9,94.2,9.2,15.0,0.0,0.0,3.5,1.0,1
6.7,65.0,52.9,9.3,4.0,0.0,0.0,6.0,6.9,0
3.9,61.6,56.8,4.0,10.0,0.0,0.0,5.9,5.3,0
8.8,47.0,34.1,4.9,12.0,1.0,1.0,,2.7,1
6.2,93.9,72.1,8.3,13.0,0.0,0.0,6.9,7.3,1
2.0,45.0,47.5,6.0,11.0,0.0,1.0,1.9,6.9,0
1.0,49.0,57.7,5.5,9.0,0.0,2.0,1.1,3.6,0
9.6,42.3,26.7,,12.0,1.0,0.0,9.8,4.3,1
7.1,32.5_err,27.5,4.9,3.0,1.0,1.0,7.3,7.8,0
0.8,99.7,89.5,5.5,16.0,1.0,2.0,2.3,7.1,0
4.1,93.0,63.9,6.5,,0.0,2.0,2.6,3.5,1
0.4,43.6,66.7,6.0,17.0,0.0,0.0,2.4,0.7,0
1.8,44.1,53.1,5.0,11.0,1.0,2.0,9.9,2.9,0
7.8,87.9,71.4,5.2,12.0,0.0,2.0,5.9,1.8,1
4.7,57.7,70.4,7.5,15.0,1.0,2.0,9.7,3.1,1
7.0,92.0,25.0,9.7,15.0,1.0,0.0,1.6,3.3,0
0.2,36.0,72.4,6.9,0.0,0.0,0.0,6.1,1.4,0
2.2,85.2,80.1,7.9,2.0,1.0,2.0,3.7,2.6,1
0.3,33.5,57.8,8.3,18.0,0.0,2.0,4.7,2.2,1
3.2,70.6,39.6,8.2,15.0,0.0,2.0,1.4,7.3,0
3.9,81.0,31.1,8.4,14.0,0.0,1.0,8.9,7.0,0
5.0,94.3,81.3,6.5,13.0,0.0,0.0,4.5,6.2,1
2.3,82.4,69.5,5.5,18.0,1.0,1.0,4.3,0.8,0
0.1,81.3,20.4,8.6,6.0,1.0,1.0,4.3,4.7,0
5.9,39.5,23.5,7.7,5.0,0.0,1.0,2.0,4.6,0
9.0,59.6,21.9,7.9,15.0,0.0,0.0,3.3,1.2,1
1.6,63.8,45.7,4.9,12.0,0.0,1.0,7.1,4.5,0
7.9,66.9,77.9,6.7,4.0,1.0,2.0,2.4,5.0,1
9.8,86.2,81.4,6.4,6.0,1.0,1.0,2.8,2.6,1
4.4,92.4,55.3,7.7,18.0,0.0,2.0,2.9,7.6,1
7.6,32.2,,4.4,12.0,0.0,0.0,5.8,5.7,1
5.3,98.5,80.8,4.3,13.0,0.0,0.0,6.3,6.9,1
3.2,70.7,92.8,7.4,7.0,0.0,0.0,5.0,2.8,0
3.7,76.2,42.9,5.5,10.0,1.0,2.0,9.3,2.1,0
8.5,95.3,23.0,7.7,6.0,1.0,1.0,,0.8,1
9.6,95.2,47.9,7.8,17.0,1.0,0.0,4.0,7.6,1
5.0,79.5,44.4,4.4,5.0,0.0,1.0,5.2,5.8,0
2.2,47.8,61.4,9.4,11.0,,0.0,7.7,2.3,0
,99.4,57.9,8.5,17.0,1.0,0.0,7.1,4.5,1
0.6,35.1,72.7,6.0,2.0,0.0,1.0,8.9,1.0,0
0.7,83.3,89.8,5.5,11.0,0.0,1.0,7.3,1.0,0
2.3,34.6,88.0,10.0,9.0,0.0,0.0,3.8,3.8,0
4.4,51.4,23.8,4.7,16.0,1.0,1.0,6.6,6.6,1
3.4,45.0,34.5,5.8,5.0,0.0,1.0,6.3,0.0,0
0.1,54.5,44.7,8.4,11.0,1.0,1.0,1.4,7.8,0
8.9,87.6,46.9,8.1,11.0,0.0,1.0,7.2,3.1,1
3.6,36.0,20.6,4.9,15.0,1.0,0.0,4.0,2.5,0
3.3,74.1,83.3,9.3,7.0,0.0,0.0,3.6,4.1,1
5.2,88.3,50.1,5.6,12.0,1.0,1.0,4.7,3.7,0
4.5,51.9,83.2,5.2,2.0,0.0,1.0,3.1,,0
6.0,43.9,54.8,5.6,10.0,1.0,0.0,3.5,2.1,1
6.0,31.8,67.3,5.7,8.0,0.0,1.0,1.3,5.6,0
,57.0,70.3,6.6,10.0,0.0,2.0,7.6,0.9,1
6.9,58.1,59.9,5.3,19.0,0.0,0.0,8.5,1.1,1
1.5,33.1,91.4,8.2,12.0,0.0,0.0,4.7,4.0,1
3.3,82.1,42.5,7.9,10.0,1.0,2.0,1.8,3.4,0
4.3,57.5,68.1,8.6,5.0,0.0,0.0,3.4,5.5,0
9.5,88.8,82.0,6.1,,1.0,0.0,9.2,4.3,1
6.4,57.7,54.2,7.3,5.0,1.0,1.0,7.3,3.7,1
6.7,37.2,27.7,8.0,11.0,0.0,0.0,9.3,3.3,0
3.6,95.4,65.7,6.5,11.0,0.0,2.0,9.5,2.6,1
3.5,94.5,23.2,9.6,1.0,0.0,2.0,5.0,0.3,0
8.1,96.6,74.1,6.2,13.0,1.0,2.0,5.8,0.9,1
4.8,33.1,53.8,6.0,2.0,,0.0,6.2,2.2,0
5.4,31.1,49.7,,5.0,0.0,0.0,3.0,1.4,0
0.5,44.2,90.9,4.8,1.0,0.0,0.0,9.3,7.3,0
9.4,47.2,26.7,9.9,15.0,0.0,1.0,8.5,3.6,1
1.4,74.9,36.7,8.5,16.0,0.0,1.0,3.6,4.7,0
1.1,66.9,71.3,9.1,19.0,1.0,2.0,8.1,0.5,1
3.3,33.0,70.9,9.1,12.0,0.0,1.0,7.2,7.0,0
3.3,42.1,39.1,7.5,19.0,0.0,0.0,6.8,,0
3.3,96.9,52.0,9.1,9.0,0.0,1.0,2.0,0.4,1
4.6,71.3,24.2,5.2,0.0,0.0,1.0,3.7,,0
8.3,92.9,93.0,4.3,15.0,0.0,1.0,6.2,4.3,1
9.1,85.4,91.5,4.5,10.0,1.0,0.0,2.3,6.2,1
4.8,36.8,32.9,,19.0,1.0,2.0,7.5,,0
2.3,72.5,,6.6,6.0,1.0,1.0,2.4,4.5,0
7.8,92.4,32.8,9.8,12.0,0.0,2.0,3.0,7.3,1
3.7,78.3,69.6,9.1,0.0,,1.0,2.8,3.7,0
,91.0,40.6,6.8,6.0,1.0,,3.7,3.3,0
8.2,84.1,46.9,9.2,10.0,0.0,0.0,6.1,6.9,1
,68.0,33.3,4.3,13.0,0.0,0.0,1.8,3.2,1
3.3,93.5,46.6,9.4,15.0,1.0,0.0,5.7,4.0,0
4.7,74.2,82.3,4.7,10.0,0.0,1.0,4.1,4.9,1
5.6,30.6,32.7,8.7,13.0,1.0,1.0,9.3,5.1,0
8.4,88.2,42.7,6.9,3.0,0.0,2.0,9.5,1.7,1
2.9,66.4,85.0,4.9,6.0,0.0,0.0,6.6,4.4,1
2.4,71.6,52.3,8.8,12.0,1.0,0.0,6.6,1.3,0
9.1,40.5,31.0,4.4,5.0,0.0,0.0,2.5,0.3,0
1.6,75.9,26.1,5.8,8.0,0.0,2.0,4.1,4.5,0
0.9,54.7,30.9,5.3,9.0,,1.0,1.5,1.1,0
7.6,79.5,22.8,8.8,16.0,0.0,2.0,5.0,2.1,1
9.7,31.1,73.8,,2.0,1.0,2.0,7.9,5.2,1
5.7,90.3,52.1,5.9,,0.0,1.0,8.5,5.5,0
3.4,32.3,83.4,6.8,4.0,0.0,1.0,1.0,3.4,0
7.0,65.1,58.3,4.1,5.0,0.0,0.0,7.3,6.4,0
6.9,90.6,53.0,5.9,19.0,1.0,2.0,1.5,6.0,1
5.0,62.8,43.7,9.8,18.0,0.0,1.0,2.6,0.7,1
1.0,39.1,67.3,5.0,4.0,1.0,1.0,5.8,2.7,0
0.3,98.3,65.1,,17.0,0.0,2.0,8.0,3.7,1
2.8,86.3,76.0,9.6,6.0,1.0,2.0,8.8,6.2,0
3.5,67.3,85.2,6.7,4.0,0.0,1.0,3.7,5.8,1
6.3,51.9,30.4,7.5,19.0,1.0,1.0,5.5,1.3,1
7.4,88.2,90.6,5.0,8.0,0.0,1.0,7.9,0.5,1
8.6,35.3,29.0,,18.0,0.0,0.0,3.7,6.0,0
4.5,51.0,65.6,5.2,18.0,0.0,1.0,8.3,7.3,1
6.6,91.4,81.8,9.2,2.0,1.0,1.0,6.2,3.7,1
8.5,89.6,91.7,6.8,,,2.0,1.3,,1
9.0,80.6,57.9,9.8,3.0,1.0,0.0,2.3,0.8,1
8.7,39.8,58.6,5.0,17.0,1.0,0.0,2.4,2.7,1
9.6,87.1,68.3,8.4,8.0,1.0,1.0,1.3,4.1,1
0.6,82.9,83.6,6.3,5.0,1.0,0.0,2.1,5.8,0
5.9,94.6,72.7,9.4,8.0,0.0,2.0,1.8,1.2,1
5.7,43.5,,4.1,3.0,0.0,2.0,8.5,2.5,1
8.7,76.0,90.0,7.3,7.0,0.0,2.0,5.7,2.7,1
2.1,67.4,84.2,5.4,10.0,1.0,1.0,2.1,3.9,1
3.0,69.1,53.8,7.8,12.0,1.0,0.0,3.7,0.1,0
5.2,53.7,88.6,7.9,3.0,1.0,1.0,5.5,2.0,1
2.5,80.0,53.7,5.6,11.0,0.0,2.0,3.3,2.3,0
7.2,30.4,24.6,9.6,3.0,0.0,2.0,1.5,6.2,0
7.8,56.7,87.3,9.1,5.0,0.0,1.0,10.0,5.4,1
9.4,75.9,60.0,8.7,19.0,1.0,0.0,6.8,4.8,1
9.9,66.9,39.0,8.9,16.0,0.0,2.0,6.3,3.7,1
9.5,61.0,82.5,6.4,10.0,1.0,2.0,3.2,2.7,1
2.6,66.3,25.9,8.1,8.0,0.0,1.0,8.0,6.3,0
3.0,67.1,55.9,4.4,3.0,0.0,2.0,9.9,1.4,0
3.7,77.0,54.3,9.5,10.0,1.0,1.0,9.9,3.5,1
1.5,93.0,26.0,9.3,,1.0,1.0,3.3,3.9,0
0.1,94.1,45.4,5.6,11.0,0.0,2.0,3.2,2.3,0
1.3,87.6,72.3,9.1,8.0,0.0,2.0,7.8,2.4,0
3.2,52.5,79.9,9.3,14.0,1.0,0.0,2.9,6.4,0
4.4,46.3,88.5,9.7,0.0,1.0,0.0,6.0,5.0,1
2.9,59.6,69.4,5.9,8.0,0.0,1.0,7.8,6.2,0
7.8,62.0,23.4,7.2,19.0,1.0,2.0,9.0,1.7,1
8.1,70.4,42.4,7.5,15.0,0.0,2.0,2.0,0.8,1
9.9,69.0,70.2,4.3,10.0,0.0,0.0,1.4,5.0,1
2.1,40.4,65.4,8.6,5.0,,0.0,5.4,1.8,0
3.7,50.8,89.1,7.7,16.0,1.0,,9.2,1.7,1
3.1,90.8,45.4,9.7,5.0,1.0,2.0,5.1,,1
4.3,55.3,27.9,4.3,8.0,1.0,2.0,8.4,7.3,0
9.6,33.0,86.7,7.6,2.0,1.0,0.0,7.2,4.9,1
4.8,45.0,80.5,6.6,17.0,1.0,1.0,2.6,3.3,1
1.3,48.6,72.8,8.2,2.0,0.0,0.0,6.8,0.8,0
0.1,31.9,45.1,4.2,5.0,0.0,0.0,2.0,6.0,0
2.9,87.6,69.4,5.2,1.0,,1.0,3.6,1.6,0
0.8,86.8,78.6,4.6,12.0,1.0,2.0,4.8,0.3,1
2.0,62.2,64.1,4.9,9.0,0.0,1.0,4.2,4.1,0
5.6,42.8,20.4,7.1,5.0,1.0,2.0,5.8,0.7,0
7.3,53.4,68.5,9.2,11.0,0.0,2.0,2.1,3.0,1
2.9,79.8,92.6,6.6,8.0,0.0,1.0,8.4,1.3,1
6.4,36.1,82.2,8.1,1.0,1.0,0.0,3.6,1.4,1
1.1,35.8,24.7,7.8,7.0,1.0,2.0,7.9,5.3,0
3.7,92.4,42.2,7.7,16.0,1.0,2.0,8.1,3.5,1
9.3,85.2,33.7,6.7,9.0,0.0,0.0,2.1,5.8,1
9.7,96.9,32.9,4.1,17.0,0.0,0.0,6.3,5.2,1
7.7,56.7,64.9,7.3,5.0,1.0,1.0,5.5,1.6,1
0.2,50.6,22.6,6.4,6.0,1.0,2.0,6.2,6.4,0
0.7,46.0,48.5,6.6,13.0,1.0,0.0,5.0,1.2,0
1.4,83.6,89.8,4.7,3.0,1.0,0.0,8.0,0.0,0
3.4,44.9,59.9,7.2,5.0,0.0,,2.6,5.1,0
6.2,71.5,92.0,4.5,9.0,0.0,0.0,4.7,0.8,1
9.2,92.9,54.8,6.2,13.0,0.0,1.0,6.6,0.1,1
2.2,80.0,71.0,7.4,11.0,0.0,2.0,3.6,1.9,1
0.7,50.7,48.7,5.1,8.0,0.0,0.0,7.2,,0
8.3,95.8,83.8,,7.0,1.0,1.0,1.4,7.5,1
6.1,87.6,25.2,7.5,16.0,0.0,1.0,7.2,6.6,0
6.5,37.6,53.8,6.1,14.0,1.0,1.0,2.1,4.5,0
6.0,31.9,20.4,6.1,14.0,0.0,1.0,9.4,5.7,0
9.7,92.0,68.7,9.4,14.0,1.0,1.0,4.6,5.2,1
1.3,91.9,33.4,4.3,2.0,1.0,2.0,4.5,5.6,0
7.0,39.2,41.8,6.6,19.0,0.0,2.0,3.5,4.5,0
6.0,72.9,37.1,8.5,18.0,0.0,0.0,2.5,3.9,0
0.3,93.1,40.8,9.5,18.0,0.0,0.0,,1.0,0
2.2,33.3,64.8,6.8,8.0,1.0,2.0,1.1,0.0,0
8.5,71.7,85.8,9.0,2.0,1.0,1.0,4.4,2.8,1
7.1,45.5,25.7,5.7,2.0,0.0,1.0,6.4,0.8,0
0.9,68.2,64.7,7.6,2.0,1.0,0.0,4.2,8.0,0
1.8,42.6,84.0,7.3,1.0,0.0,0.0,6.6,2.5,0
9.1,47.8,82.9,7.1,1.0,0.0,1.0,3.9,7.5,0
6.8,47.8,33.0,4.5,5.0,0.0,2.0,3.7,2.9,0
8.7,78.5,50.7,7.6,19.0,0.0,2.0,7.7,4.6,1
5.8,47.5,65.7,4.4,18.0,1.0,2.0,7.8,0.7,1
3.5,90.8,36.2,7.4,13.0,1.0,1.0,4.6,5.9,1
4.0,72.5,53.1,9.7,18.0,0.0,1.0,5.7,7.7,0
5.8,51.9,77.4,4.5,13.0,1.0,1.0,,4.9,1
1.5,84.7,84.5,8.5,0.0,1.0,2.0,7.3,3.0,1
8.5,91.3,94.2,7.9,6.0,0.0,0.0,4.7,4.9,1
6.1,52.9,30.7,5.2,9.0,1.0,2.0,5.0,5.1,0
5.6,84.9,21.5,8.5,11.0,0.0,0.0,6.5,1.3,0
4.2,36.5,29.4,9.9,1.0,1.0,2.0,5.2,6.3,0
3.5,96.6,35.5,9.3,13.0,0.0,2.0,2.0,1.3,0
4.0,77.6,85.9,5.4,9.0,1.0,2.0,2.5,6.8,1
9.9,76.6,29.4,5.2,11.0,1.0,1.0,10.0,0.8,1
5.0,58.1,33.2,9.7,13.0,0.0,2.0,9.7,7.5,0
5.0,56.3,71.8,4.4,0.0,1.0,0.0,3.1,2.3,0
2.6,82.0,61.7,7.7,13.0,0.0,0.0,7.2,3.1,0
4.7,45.0,86.0,8.1,17.0,0.0,2.0,3.6,5.1,1
8.6,58.3,79.4,9.7,9.0,1.0,2.0,3.6,0.8,1
2.6,81.3,82.1,4.9,12.0,0.0,2.0,7.3,0.1,1
9.6,93.3,46.6,6.1,6.0,0.0,2.0,1.6,1.7,1
6.1,74.1,83.7,5.9,10.0,0.0,0.0,5.8,1.8,1
9.5,40.5,36.2,9.2,10.0,1.0,1.0,1.2,1.8,1
3.7,59.1,46.2,4.6,13.0,,2.0,5.6,5.0,0
5.1,30.7,71.3,7.1,7.0,1.0,2.0,3.9,4.3,0
7.2,95.2,32.9,8.6,6.0,0.0,0.0,8.9,1.4,1
7.4,85.7,61.6,5.5,17.0,1.0,1.0,7.5,6.3,1
1.9,40.5,,4.4,10.0,0.0,0.0,4.6,2.4,0
3.7,94.6,86.6,,1.0,0.0,0.0,3.0,5.6,0
7.5,88.2,47.8,4.5,9.0,0.0,2.0,4.6,3.3,1
2.2,76.5,54.6,5.8,13.0,1.0,0.0,1.2,2.9,0
3.0,71.9,27.1,5.3,7.0,0.0,2.0,8.9,2.3,0
9.1,69.9,62.7,5.3,8.0,0.0,1.0,6.9,7.5,1
1.3,40.5,85.1,7.2,6.0,1.0,0.0,2.0,4.9,0
2.6,53.1,26.9,9.1,16.0,1.0,1.0,3.4,5.2,0
3.1,87.8,86.0,7.4,6.0,1.0,2.0,9.8,5.2,1
7.1,41.3,85.1,6.1,10.0,1.0,2.0,7.9,3.7,1
6.0,39.1,46.7,6.1,19.0,0.0,2.0,7.2,2.7,1
4.2,68.1,60.2,4.2,0.0,0.0,2.0,1.2,6.9,0
6.8,84.2,47.9,5.2,13.0,0.0,0.0,5.9,0.2,1
3.3,44.2,60.4,8.0,7.0,0.0,0.0,5.7,4.1,0
9.4,85.3,42.0,8.8,12.0,1.0,1.0,1.7,2.5,1
9.5,30.6,61.2,4.9,13.0,1.0,0.0,6.0,4.1,1
5.9,99.6,88.3,4.4,15.0,0.0,1.0,4.9,3.3,1
6.4,98.2,66.8,5.6,19.0,0.0,0.0,6.9,2.8,1
3.1,34.0,21.6,6.8,18.0,0.0,1.0,5.1,5.5,0
3.6,38.6,46.9,5.7,13.0,0.0,1.0,8.7,4.8,0
0.5,61.8,68.9,9.6,7.0,0.0,2.0,8.8,6.5,0
8.4,45.0,45.5,4.5,15.0,0.0,1.0,6.5,0.2,1
2.4,89.3,56.1,5.7,12.0,0.0,2.0,5.1,5.1,0
9.1,,25.0,4.6,9.0,1.0,1.0,6.1,2.5,1
4.4,90.7,64.4,9.5,4.0,1.0,0.0,1.7,4.3,0
9.3,55.3,28.5,5.1,19.0,0.0,0.0,7.4,6.3,0
8.5,94.6,37.7,8.7,9.0,0.0,1.0,9.6,4.8,1
6.0,34.9,61.8,6.6,8.0,0.0,1.0,5.3,1.7,0
8.7,77.1,79.7,6.5,9.0,0.0,1.0,2.6,0.4,1
9.2,39.2,40.4,7.0,16.0,0.0,2.0,6.8,4.0,1
5.6,50.9,37.6,6.0,4.0,0.0,0.0,8.1,5.5,0
9.9,,39.4,7.3,12.0,1.0,0.0,7.3,5.8,1
3.4,90.3,29.4,7.7,10.0,1.0,1.0,6.5,3.1,0
2.7,68.9,24.5,6.2,11.0,1.0,1.0,4.8,1.2,0
1.6,85.6,52.7,8.3,5.0,1.0,0.0,8.4,2.0,0
4.4,50.6,33.1,6.2,15.0,0.0,0.0,8.4,7.5,0
5.0,35.1,59.6,9.7,0.0,0.0,0.0,6.2,0.4,0
1.4,71.8,26.4,6.4,7.0,0.0,0.0,3.0,0.7,0
1.5,79.4,89.0,4.3,18.0,0.0,0.0,7.1,4.8,1
0.6,56.1,21.7,5.6,6.0,0.0,1.0,1.3,7.7,0
0.2,62.3,51.8,,7.0,0.0,1.0,4.0,5.1,0
7.4,63.5,82.5,9.3,1.0,0.0,2.0,3.4,7.7,1
4.1,66.1,65.3,6.8,19.0,0.0,0.0,3.8,0.2,1
8.1,77.1,65.8,8.9,5.0,0.0,1.0,3.1,4.4,1
4.4,68.1,,7.6,10.0,0.0,2.0,8.2,1.0,1
8.4,66.2,72.8,5.9,7.0,1.0,0.0,3.6,5.1,1
7.0,72.3,28.8,8.1,3.0,0.0,1.0,9.4,2.9,0
1.4,80.2,67.6,9.4,16.0,1.0,2.0,8.3,3.0,0
2.2,96.3,39.1,9.4,14.0,1.0,1.0,8.2,2.2,1
0.4,,28.8,4.1,19.0,1.0,0.0,9.8,2.8,0
5.2,59.6,68.4,6.1,,0.0,0.0,1.7,7.0,0
6.2,48.4,76.8,4.2,19.0,0.0,2.0,6.3,4.1,1
1.6,47.8,24.2,8.3,19.0,0.0,0.0,6.1,3.4,0
5.4,33.8,89.4,4.8,7.0,,2.0,6.4,4.0,1
8.6,43.8,88.4,6.7,19.0,0.0,0.0,4.5,7.8,1
8.8,72.0,42.4,5.0,9.0,0.0,1.0,3.1,7.0,0
2.1,75.1,21.0,4.7,3.0,0.0,2.0,8.2,1.7,0
3.5,66.1,38.5,10.0,0.0,0.0,2.0,9.1,5.7,0
2.8,,80.7,6.6,11.0,0.0,2.0,3.8,2.5,0
7.1,45.5,42.2,5.1,7.0,1.0,2.0,3.8,4.3,0
2.4,88.3,38.7,9.4,19.0,0.0,1.0,4.1,2.0,0
3.6,40.5,41.2,4.6,14.0,0.0,0.0,5.7,1.8,0
6.2,88.8,20.5,9.1,0.0,0.0,,5.6,0.0,0
1.9,64.8,49.8,9.9,8.0,0.0,1.0,7.6,5.3,0
3.5,33.1,36.8,4.2,11.0,1.0,1.0,5.0,0.6,0
8.8,63.7,57.4,4.7,2.0,0.0,2.0,8.9,4.4,0
1.4,90.6,39.9,7.2,17.0,1.0,2.0,9.5,7.4,0
3.4,70.1,43.5,6.6,2.0,1.0,1.0,1.7,0.8,0
,78.0,75.0,9.9,1.0,0.0,1.0,9.3,3.0,1
6.0,49.0,85.9,6.4,13.0,0.0,0.0,2.7,6.0,1
1.2,93.6,73.8,7.8,14.0,0.0,2.0,1.4,6.3,1
3.3,94.2,58.4,9.5,1.0,1.0,,2.5,5.2,0
0.8,74.0,21.5,5.4,8.0,0.0,0.0,9.9,4.5,0
1.4,30.1,69.7,7.2,19.0,0.0,0.0,1.7,6.3,0
0.4,86.5,94.1,9.8,3.0,1.0,1.0,2.2,2.2,1
8.9,32.0,41.5,6.4,12.0,1.0,2.0,1.8,6.5,1
3.0,91.5,76.3,5.4,9.0,1.0,1.0,2.2,,1
3.2,57.9,27.1,6.2,11.0,0.0,1.0,4.4,2.2,0
6.4,69.3,69.4,8.1,17.0,0.0,2.0,6.3,0.0,1
1.4,62.2,81.8,8.9,13.0,1.0,1.0,9.2,1.9,1
7.4,79.7,54.0,5.9,7.0,1.0,0.0,3.0,7.6,1
0.9,87.5,59.9,6.7,1.0,0.0,1.0,3.6,1.2,0
6.8,64.6,92.2,5.2,15.0,0.0,1.0,4.1,2.3,1
3.8,63.5,40.8,9.0,9.0,0.0,2.0,8.2,1.4,1
3.9,87.2,88.7,6.6,4.0,,1.0,1.5,6.4,1
9.6,47.9,75.2,5.2,11.0,1.0,2.0,2.8,3.6,1
9.8,37.1,44.1,9.3,15.0,0.0,1.0,2.3,5.9,0
8.0,81.2,21.7,9.2,6.0,0.0,0.0,6.4,4.5,0
1.1,91.8,24.6,8.5,2.0,0.0,2.0,7.5,2.1,0
5.5,76.1,65.1,6.9,0.0,0.0,2.0,3.4,2.1,0
5.9,31.6,66.3,6.4,14.0,0.0,0.0,9.8,0.8,1
8.9,48.8,33.2,8.4,12.0,0.0,2.0,5.5,1.9,0
7.8,36.0,45.9,7.0,15.0,0.0,1.0,1.7,4.6,0
6.3,61.6,80.7,6.7,12.0,0.0,1.0,8.0,6.2,0
,94.5,91.1,8.2,2.0,1.0,2.0,3.5,7.8,1
2.7,58.2,61.7,9.3,6.0,1.0,1.0,9.1,1.6,0
1.3,33.9,85.4,5.3,15.0,1.0,2.0,9.0,2.3,1
9.5,58.5,36.4,9.2,17.0,1.0,2.0,3.5,1.6,1
7.5,81.7,54.8,9.5,4.0,1.0,1.0,1.9,1.3,1
1.8,84.2,26.7,5.1,4.0,1.0,2.0,9.9,5.9,0
7.8,50.5,28.7,8.0,5.0,1.0,1.0,4.2,6.6,0
3.0,37.9,71.7,6.4,12.0,0.0,2.0,8.6,2.6,0
6.0,40.2,24.6,8.8,3.0,1.0,1.0,3.1,7.5,0
3.3,67.6,74.0,5.4,8.0,0.0,0.0,1.2,7.9,0
9.1,33.0,73.6,8.2,2.0,0.0,1.0,8.3,3.2,1
3.6,94.0,78.8,5.7,18.0,0.0,0.0,6.3,4.8,1
9.6,73.8,33.3,6.8,6.0,1.0,2.0,6.8,5.2,1
0.9,88.7,31.5,5.3,17.0,0.0,0.0,7.4,8.0,0
8.9,84.7,42.8,4.6,8.0,1.0,2.0,4.4,1.9,1
1.8,54.6,80.7,4.2,12.0,1.0,0.0,2.1,7.5,0
7.7,54.3,44.3,7.8,3.0,1.0,0.0,5.3,7.7,0
1.4,,91.7,7.4,12.0,0.0,0.0,6.4,2.7,1
7.3,44.3,43.4,8.7,7.0,0.0,2.0,10.0,2.8,0
2.4,99.4,68.1,8.3,0.0,1.0,0.0,8.2,3.0,0
0.4,86.5,58.0,9.2,10.0,0.0,1.0,1.9,7.3,0
1.6,85.4,76.3,7.6,4.0,1.0,0.0,3.7,7.6,0
8.2,79.7,84.9,7.1,13.0,0.0,0.0,6.2,7.7,1
7.6,95.9,94.9,,9.0,1.0,1.0,6.0,1.8,1
5.8,69.5_err,26.2,6.5,12.0,0.0,1.0,9.5,6.5,0
5.4,56.9,70.9,6.9,4.0,0.0,0.0,8.8,0.2,1
0.5,67.0,40.8,9.6,4.0,0.0,1.0,2.0,3.5,0
3.5,84.8,54.1,6.8,19.0,1.0,2.0,7.9,1.1,1
9.0,53.3,52.5,9.5,13.0,0.0,1.0,3.2,6.1,1
4.1,79.6,91.1,6.1,11.0,0.0,2.0,3.1,7.6,1
6.6,99.2,56.7,7.8,0.0,0.0,2.0,9.6,5.3,1
5.5,63.5,40.3,9.0,11.0,0.0,2.0,6.8,0.1,0
9.1,51.1,25.8,6.0,5.0,0.0,1.0,3.2,1.4,0
0.8,38.1,79.2,4.8,7.0,0.0,1.0,3.6,4.7,0
4.5,77.3,79.5,9.6,7.0,0.0,1.0,6.9,2.7,1
2.0,54.4,52.1,4.5,2.0,0.0,2.0,4.9,4.5,0
5.9,52.5,56.8,6.8,6.0,0.0,1.0,9.9,1.4,1
3.9,56.8,79.0,5.5,14.0,0.0,1.0,3.6,7.4,1
6.2,50.9,31.5,6.7,3.0,1.0,0.0,9.4,2.6,0
0.7,64.6,43.0,9.8,9.0,1.0,2.0,5.2,7.1,0
0.1,72.8,37.4,8.7,7.0,0.0,0.0,3.0,2.5,0
3.2,65.3,78.6,5.4,16.0,0.0,2.0,6.2,5.1,1
1.6,59.5,60.5,7.5,16.0,1.0,0.0,8.1,6.5,0
1.3,92.1,44.1,4.7,12.0,1.0,2.0,3.7,5.2,0
7.5,95.4,33.2,9.0,5.0,0.0,1.0,6.5,6.0,1
9.9,82.1,36.6,5.5,9.0,1.0,0.0,6.8,6.1,1
3.3,95.5,21.4,4.7,13.0,1.0,2.0,2.3,5.4,0
8.9,39.1,50.0,7.4,12.0,1.0,1.0,2.7,3.1,1
4.1,43.7,27.2,7.6,11.0,1.0,1.0,,1.2,0
9.2,72.9,33.7,7.0,9.0,0.0,2.0,7.6,4.9,1
0.1,86.1,92.3,7.7,9.0,0.0,0.0,5.8,1.3,1
6.2,69.5,36.6,4.9,17.0,0.0,0.0,2.2,3.1,0
5.8,67.4,51.5,8.5,4.0,0.0,0.0,6.6,6.0,0
7.2,41.0,69.4,7.5,16.0,0.0,2.0,4.5,1.3,1
0.7,79.3,36.7,4.7,3.0,1.0,0.0,1.6,7.5,0
1.9,82.0,63.2,4.9,3.0,0.0,0.0,2.9,5.1,0
6.2,96.8,45.9,9.9,11.0,0.0,1.0,9.6,7.7,1
2.5,81.6,76.3,4.4,11.0,1.0,0.0,9.5,3.5,1
7.7,77.4,38.2,6.6,15.0,0.0,0.0,2.3,1.9,0
8.9,96.3,73.2,7.5,18.0,1.0,0.0,9.9,7.8,1
8.2,37.9,77.6,4.3,16.0,1.0,2.0,1.1,5.8,1
6.8,50.1,37.2,6.7,14.0,1.0,0.0,2.6,4.7,0
4.6,39.4,35.3,6.3,3.0,1.0,2.0,2.8,,0
8.1,51.4,29.1,4.7,1.0,1.0,1.0,4.1,2.4,0
9.0,74.6,68.7,6.9,14.0,0.0,0.0,5.1,0.9,1
9.5,60.5,21.1,5.4,16.0,0.0,,8.0,3.1,1
8.8,,51.9,6.4,2.0,0.0,0.0,5.5,1.8,1
0.6,31.9,41.7,6.5,12.0,1.0,0.0,7.3,0.1,0
1.6,39.0,45.9,5.6,11.0,1.0,1.0,4.0,7.9,0
7.8,33.4,71.7,8.4,13.0,1.0,1.0,9.2,,1
3.8,89.0,50.5,7.7,17.0,1.0,1.0,8.9,6.4,1
2.7,79.7,60.3,4.3,6.0,0.0,0.0,7.4,4.2,0
3.0,48.6,70.6,4.1,14.0,1.0,2.0,6.1,3.3,1
0.1,65.4,45.3,7.3,1.0,0.0,2.0,3.2,7.0,0
7.6,55.9,51.1,7.0,10.0,0.0,,6.9,6.0,1
2.4,82.0,45.9,6.7,10.0,1.0,2.0,7.6,0.8,0
3.4,74.0,27.0,8.2,16.0,1.0,1.0,9.8,0.9,0
1.7,54.7,65.5,9.6,4.0,1.0,2.0,4.2,4.9,0
1.1,63.4,79.4,9.8,7.0,1.0,2.0,6.4,1.4,0
9.5,62.5,58.7,7.3,1.0,1.0,2.0,9.2,5.2,1
9.8,39.6,48.7,5.1,9.0,0.0,2.0,2.8,0.9,1
4.9,80.0,53.4,9.1,18.0,0.0,2.0,1.1,6.0,0
0.3,64.4,22.7,7.5,1.0,1.0,0.0,5.3,4.2,0
0.5,92.9,75.0,6.4,3.0,0.0,1.0,7.5,6.8,0
8.7,35.6,62.6,9.2,,0.0,2.0,3.1,3.9,0
5.4,89.5,66.3,8.7,2.0,1.0,0.0,1.9,2.4,1
,99.9,34.8,5.0,8.0,1.0,0.0,9.9,2.8,1
6.6,93.5,60.7,7.7,11.0,0.0,2.0,1.3,4.5,1
9.0,81.6,25.9,9.7,0.0,1.0,0.0,2.7,7.2,0
3.8,67.9,75.7,6.9,5.0,0.0,2.0,8.2,1.5,0
1.0,38.6,49.1,9.6,14.0,0.0,0.0,4.5,3.4,0
2.3,40.4,85.9,6.9,2.0,1.0,1.0,9.2,7.6,0
4.4,41.7,73.7,7.7,9.0,0.0,1.0,5.8,3.2,1
2.2,53.0,61.6,9.8,5.0,0.0,0.0,9.7,3.4,1
8.2,42.8,60.9,4.7,10.0,0.0,1.0,5.8,1.2,1
6.6,55.6,58.6,5.2,3.0,0.0,0.0,7.9,2.9,0
8.3,55.1,91.2,7.9,16.0,1.0,2.0,9.3,5.6,1
8.1,41.4,60.8,6.1,3.0,0.0,0.0,8.5,6.8,0
8.0,76.8,37.2,9.1,7.0,0.0,2.0,3.0,2.5,0
6.1,67.1,92.1,5.4,11.0,0.0,0.0,7.2,0.1,1
4.9,87.4,,7.7,14.0,0.0,1.0,,6.0,1
9.8,66.2,48.6,9.1,19.0,0.0,0.0,7.9,6.3,1
0.3,73.2,25.3,8.1,13.0,0.0,1.0,7.6,4.4,0
2.7,51.3,44.3,9.7,15.0,1.0,2.0,6.7,2.2,1
7.8,52.5,50.3,7.3,2.0,0.0,2.0,3.5,5.5,0
8.2,68.5,21.7,5.3,7.0,1.0,2.0,5.7,3.2,1
2.4,49.2,31.0,4.5,8.0,1.0,2.0,6.6,2.6,0
7.7,96.0,64.5,9.6,7.0,0.0,0.0,3.6,4.4,1
7.2,41.7,73.7,6.6,0.0,,2.0,4.0,6.9,0
8.1,41.1,40.4,4.7,2.0,1.0,1.0,2.7,1.1,1
6.3,95.2,72.6,7.8,0.0,0.0,0.0,3.2,5.7,1
8.5,42.3,58.4,4.1,6.0,0.0,2.0,4.9,6.1,0
7.3,92.8,37.0,8.2,16.0,1.0,1.0,3.4,4.6,1
7.7,33.3,29.0,7.7,19.0,0.0,2.0,8.7,7.6,0
0.9,45.1,86.7,6.9,0.0,0.0,1.0,8.7,3.3,0
5.3,45.4,54.4,7.4,4.0,1.0,2.0,2.4,1.6,1
6.4,74.1,32.1,4.8,8.0,1.0,0.0,1.8,5.5,0
3.2,71.0,37.4,9.7,3.0,0.0,0.0,7.1,6.0,0
1.2,71.9,30.5,4.3,2.0,1.0,1.0,7.2,0.9,0
1.4,98.4,86.9,4.3,11.0,1.0,0.0,6.1,5.7,1
0.9,80.0,36.4,6.4,5.0,0.0,1.0,4.1,5.0,0
5.3,74.1,87.5,8.2,14.0,0.0,0.0,5.2,5.2,1
1.1,81.0,83.4,4.5,,0.0,0.0,8.6,0.2,1
4.5,76.8,58.6,8.0,18.0,0.0,0.0,7.6,5.5,1
9.3,32.8,78.5,5.5,2.0,0.0,1.0,7.9,3.5,1
9.9,71.1,47.7,7.6,17.0,0.0,0.0,9.6,0.2,1
9.9,55.9,62.0,5.4,0.0,0.0,,5.5,3.7,1
4.3,96.9,34.3,5.2,14.0,1.0,2.0,5.4,5.8,1
8.9,56.9,72.4,8.0,2.0,0.0,1.0,1.6,0.6,1
6.9,45.5,60.7,8.5,15.0,0.0,1.0,2.3,5.1,0
2.3,86.0,32.2,6.1,13.0,0.0,1.0,10.0,6.6,0
8.0,43.9,36.6,8.4,7.0,1.0,2.0,7.7,,1
3.1,32.1,73.6,6.7,16.0,1.0,2.0,3.2,3.3,1
6.0,77.2,71.2,6.4,8.0,0.0,2.0,9.6,4.1,1
1.4,,55.5,9.3,0.0,0.0,2.0,9.6,0.8,0
4.9,78.5,54.9,4.9,7.0,0.0,1.0,3.1,3.0,0
9.7,37.9,20.9,4.9,4.0,1.0,0.0,9.2,4.8,0
3.0,52.0,33.4,9.1,5.0,1.0,2.0,9.9,7.5,0
9.6,37.0,63.1,6.0,8.0,0.0,0.0,1.8,6.3,1
0.0,92.3,59.7,8.9,10.0,0.0,1.0,7.9,7.6,0
9.9,43.4,42.0,7.4,11.0,0.0,0.0,3.1,5.7,0
0.5,80.2,90.6,8.8,,0.0,0.0,3.5,2.6,0
6.0,98.1,39.9,7.2,17.0,1.0,2.0,6.8,3.4,1
9.8,55.9,,6.8,1.0,0.0,0.0,7.2,4.6,1
0.0,,67.4,7.4,19.0,0.0,1.0,7.5,0.8,0
4.0,55.4,79.2,4.1,12.0,0.0,1.0,2.5,5.0,0
8.9,80.5,74.7,5.3,14.0,0.0,2.0,9.8,4.2,1
6.6,49.3,87.7,9.5,12.0,0.0,,8.8,6.8,1
4.8,98.1,78.7,5.7,7.0,1.0,2.0,7.3,2.5,1
3.1,82.7,63.8,6.5,18.0,0.0,2.0,2.2,1.6,0
2.2,53.8,87.5,5.5,6.0,1.0,2.0,9.2,3.1,1
1.0,89.3,31.5,9.1,12.0,0.0,0.0,3.2,5.6,0
6.3,46.4,22.2,10.0,19.0,1.0,1.0,10.0,7.1,0
3.2,46.1,84.2,4.7,1.0,1.0,0.0,1.6,7.7,0
3.6,93.2,33.0,8.0,17.0,0.0,2.0,4.2,1.3,0
5.1,82.3,64.7,9.8,15.0,1.0,2.0,1.8,6.2,1
4.0,76.0,93.2,7.1,9.0,1.0,0.0,6.1,0.4,1
6.5,39.6,29.2,9.4,16.0,0.0,2.0,5.8,4.6,0
2.8,78.9,45.6,5.3,0.0,0.0,1.0,1.9,3.8,0
6.8,78.1,27.9,9.3,9.0,0.0,0.0,7.1,6.0,0
3.2,61.6,55.2,6.7,13.0,1.0,1.0,9.4,7.5,0
4.0,37.4,57.3,8.8,5.0,1.0,2.0,,2.9,0
3.5,82.4,59.4,9.1,0.0,0.0,1.0,6.5,6.4,0
6.4,49.8,75.5,6.4,3.0,1.0,1.0,7.0,2.0,1
2.4,34.7,60.0,7.3,1.0,1.0,1.0,8.6,2.4,0
2.8,41.0,50.3,4.7,18.0,1.0,1.0,7.7,6.3,0
7.2,62.1,,9.8,18.0,0.0,1.0,5.6,2.0,1
,86.1,38.7,6.7,17.0,0.0,2.0,8.6,6.3,1
8.0,69.1,25.6,9.9,15.0,0.0,2.0,6.2,3.8,0
4.2,33.0,36.8,8.2,11.0,1.0,0.0,8.6,3.3,0
1.3,35.4,48.4,7.7,8.0,1.0,,4.1,2.8,0
1.7,46.4,49.7,6.1,19.0,0.0,0.0,7.8,1.7,0
8.5,88.6,81.2,7.6,2.0,1.0,2.0,4.4,5.3,1
0.5,33.0,49.9,9.3,19.0,1.0,2.0,9.9,,0
6.4,30.4,82.1,5.5,19.0,0.0,0.0,7.5,2.6,1
8.5,90.1,85.6,7.1,16.0,0.0,1.0,2.8,1.5,1
9.2,92.7,41.2,5.6,2.0,1.0,1.0,8.7,0.1,1
4.8,61.5,89.2,8.8,15.0,1.0,0.0,9.8,3.5,1
9.1,91.8,34.7,5.6,16.0,1.0,2.0,9.2,3.3,1
4.9,47.0,82.5,5.3,18.0,0.0,2.0,6.5,0.9,1
0.7,43.6,58.4,6.6,12.0,0.0,1.0,9.0,5.8,0
3.0,57.2,46.4,5.1,9.0,1.0,1.0,9.8,0.5,0
9.8,63.5,48.6,8.7,0.0,1.0,2.0,5.8,7.3,1
7.8,47.9,25.6,5.7,15.0,1.0,1.0,5.5,7.0,1
6.3,59.6,42.8,,16.0,0.0,2.0,7.8,3.4,1
8.2,72.6,48.1,8.1,4.0,0.0,0.0,9.7,7.2,1
3.6,54.8,28.1,8.4,19.0,1.0,2.0,5.0,4.9,0
2.8,81.1,83.2,9.6,,1.0,0.0,9.1,2.2,1
0.1,42.1,64.0,5.4,4.0,0.0,2.0,1.1,2.0,0
0.8,39.4,81.4,5.1,3.0,1.0,2.0,5.6,2.2,0
7.1,93.0,49.1,9.2,16.0,0.0,2.0,9.1,4.3,1
9.9,,35.3,4.3,15.0,0.0,1.0,8.7,5.7,1
6.0,66.9,68.8,5.5,19.0,1.0,2.0,,2.7,1
0.0,96.9,77.7,6.6,5.0,0.0,1.0,6.7,7.4,0
6.4,96.6,65.4,7.0,3.0,1.0,0.0,2.9,4.2,1
0.3,69.9,,7.6,8.0,0.0,1.0,6.5,3.2,0
2.5,34.1,91.5,9.9,14.0,1.0,0.0,4.6,7.5,0
3.0,49.2,84.8,5.9,15.0,0.0,2.0,7.3,4.0,0
3.1,87.6,90.4,9.0,8.0,0.0,0.0,6.4,7.6,1
1.2,42.7,63.8,8.9,17.0,0.0,2.0,3.3,3.1,0
7.5,32.1,81.6,8.2,0.0,1.0,2.0,8.2,6.5,1
2.3,59.6,74.6,7.3,6.0,0.0,0.0,5.7,7.9,0
1.0,69.1,90.0,4.6,4.0,0.0,1.0,7.0,6.1,0
2.5,38.3,,9.2,4.0,0.0,1.0,3.8,6.7,0
9.6,61.9,44.9,8.0,15.0,0.0,1.0,5.4,1.4,1
9.4,71.1,26.5,5.8,13.0,0.0,0.0,4.6,4.0,0
6.0,70.3,28.5,9.9,3.0,0.0,1.0,9.8,3.3,1
6.0,44.1,30.5,9.2,10.0,,0.0,3.1,0.5,0
4.4,68.5,78.4,4.0,3.0,0.0,0.0,6.6,0.1,1
8.2,75.1,59.9,4.4,18.0,0.0,1.0,5.4,3.6,1
3.6,49.5,76.9,4.6,15.0,1.0,2.0,9.8,5.6,1
8.1,56.4,38.0,7.3,19.0,0.0,2.0,5.1,0.4,1
6.8,87.4,58.7,6.8,7.0,1.0,1.0,6.4,5.0,1
2.2,38.9,56.0,6.9,11.0,1.0,2.0,5.1,4.8,0
8.5,35.5,41.6,8.7,14.0,1.0,0.0,2.6,6.8,0
6.3,73.8,73.4,7.5,19.0,0.0,2.0,4.8,0.2,1
6.2,81.5,22.8,7.2,10.0,0.0,2.0,,0.4,0
9.8,70.6,65.3,6.0,8.0,0.0,2.0,1.9,4.9,1
9.7,78.5,36.6,8.7,11.0,1.0,2.0,1.8,4.8,1
6.3,63.2,78.5,6.9,11.0,0.0,1.0,10.0,6.5,1
8.8,33.8,78.0,6.4,11.0,1.0,1.0,4.0,5.6,1
2.3,55.3,49.2,4.1,7.0,0.0,2.0,7.9,7.8,0
4.8,94.8,30.9,8.6,15.0,0.0,1.0,1.1,,0
6.2,33.5,84.6,7.6,8.0,0.0,0.0,6.7,4.6,1
3.7,83.4,34.8,10.0,3.0,1.0,2.0,5.8,4.2,1
7.4,44.6,34.0,4.4,11.0,0.0,0.0,8.3,6.5,0
4.1,98.9,78.5,9.3,13.0,1.0,2.0,4.3,2.8,1
7.0,62.9,74.4,5.8,13.0,0.0,0.0,7.6,,1
5.2,31.6,81.2,4.0,1.0,0.0,2.0,9.1,6.5,0
2.1,66.4,87.5,6.3,2.0,0.0,1.0,7.8,1.9,1
9.5,43.2,88.9,9.4,6.0,0.0,1.0,7.0,6.8,1
3.2,30.3,79.4,9.7,2.0,1.0,1.0,4.1,0.4,0
0.9,61.9,55.2,5.3,4.0,1.0,1.0,4.3,,0
0.5,50.2,40.3,9.8,5.0,0.0,0.0,3.5,5.3,0
9.9,96.2,64.1,9.4,16.0,0.0,1.0,1.2,5.4,1
4.3,50.9,42.3,5.8,9.0,1.0,0.0,2.4,2.4,0
3.8,67.9,65.1,6.5,8.0,0.0,1.0,5.7,4.2,1
,42.7,78.6,5.8,2.0,1.0,1.0,2.0,6.7,1
9.2,45.9,59.6,4.5,11.0,0.0,0.0,4.8,3.7,1
8.3,66.8,85.8,8.5,2.0,1.0,0.0,9.1,1.5,1
6.7,72.6,89.8,4.2,14.0,0.0,2.0,6.5,7.8,1
0.4,96.7,74.3,6.5,3.0,0.0,0.0,4.3,5.8,0
1.7,30.7,53.5,4.7,0.0,0.0,1.0,3.3,1.5,0
3.3,51.1,83.5,7.9,10.0,0.0,0.0,7.9,6.4,0
0.7,45.0,52.1,4.2,10.0,1.0,1.0,3.1,4.5,0
1.5,94.6,56.6,6.0,13.0,0.0,1.0,7.3,6.7,0
9.0,91.4,77.9,8.3,8.0,0.0,2.0,6.6,3.5,1
8.2,60.0,72.3,8.5,,0.0,1.0,2.5,1.7,1
9.9,75.3,59.7,9.1,4.0,,1.0,2.2,0.9,1
5.7,90.4,35.0,4.5,1.0,0.0,2.0,4.1,6.0,0
4.0,54.3,53.2,5.5,1.0,1.0,2.0,7.8,0.8,0
1.4,53.3,23.5,9.7,6.0,1.0,1.0,9.3,4.4,0
3.0,98.7,55.2,4.0,9.0,0.0,1.0,4.5,6.5,0
1.5,46.2,59.0,5.0,12.0,0.0,0.0,1.8,2.4,0
6.7,79.7,78.6,5.2,16.0,0.0,0.0,3.6,7.0,1
6.4,77.2,91.5,8.0,11.0,1.0,0.0,3.3,3.0,1
5.5,97.7,54.8,6.3,6.0,1.0,1.0,3.1,1.6,1
1.7,51.3,24.9,7.5,5.0,0.0,1.0,1.5,5.5,0
6.3,60.6,23.0,4.7,6.0,0.0,0.0,8.4,6.1,0
5.5,92.2,55.2,9.3,10.0,1.0,0.0,8.7,3.2,1
8.5,31.7,94.2,7.5,0.0,1.0,0.0,5.8,5.2,1
5.0,74.6,51.1,4.8,3.0,1.0,1.0,9.0,0.8,0
7.1,49.1,92.9,6.1,14.0,0.0,1.0,9.1,3.0,1
2.4,30.1,34.3,6.3,,0.0,2.0,8.1,3.5,0
0.0,86.0,46.5,6.7,5.0,0.0,1.0,5.2,3.9,0
5.8,74.8,35.9,8.0,9.0,0.0,1.0,3.1,6.6,0
9.5,52.9,59.6,4.7,15.0,1.0,1.0,7.2,4.8,1
2.8,60.9,35.0,8.9,9.0,0.0,1.0,3.2,1.5,0
8.3,52.6,49.2,5.1,14.0,0.0,2.0,5.5,4.6,1
6.1,34.1,,,2.0,1.0,2.0,2.3,7.4,0
5.2,96.8,85.6,5.9,0.0,0.0,2.0,8.9,5.3,1
8.4,66.4,48.3,9.3,4.0,0.0,1.0,2.2,3.2,1
4.8,84.3,43.6,10.0,4.0,1.0,1.0,1.8,3.3,0
2.6,88.3,59.7,8.4,15.0,1.0,2.0,2.1,5.0,0
5.2,81.8,84.4,7.7,16.0,0.0,0.0,3.8,3.0,1
6.5,46.3,85.3,6.1,14.0,1.0,0.0,3.4,,1
6.3,32.4,52.8,4.8,13.0,0.0,2.0,2.4,2.3,0
9.8,33.1,76.1,7.9,1.0,1.0,2.0,6.9,3.1,1
8.7,31.7,43.6,6.0,8.0,1.0,1.0,6.3,1.8,1
8.3,57.3,21.3,8.1,6.0,0.0,1.0,7.7,4.4,0
9.8,68.7,56.8,7.4,15.0,1.0,2.0,3.6,7.8,1
4.1,98.6,48.3,4.7,18.0,0.0,2.0,8.3,2.9,1
6.6,44.0,80.2,8.3,2.0,0.0,0.0,4.0,7.6,0
5.4,55.9,91.3,5.0,3.0,0.0,0.0,2.8,0.3,1
5.6,46.6,74.0,7.4,3.0,1.0,0.0,,3.2,0
8.5,85.3,37.5,8.4,10.0,1.0,1.0,6.6,1.9,1
2.4,78.8,71.9,8.4,4.0,0.0,2.0,3.1,2.8,0
5.5,99.7,44.9,7.6,4.0,1.0,0.0,4.5,,1
1.7,32.5,51.5,8.1,6.0,1.0,2.0,4.6,1.7,0
1.8,35.0,74.2,5.9,17.0,1.0,2.0,4.1,5.6,0
3.1,64.5,36.0,8.4,19.0,1.0,2.0,9.4,3.9,1
7.1,46.7,51.8,5.2,2.0,0.0,1.0,3.5,3.1,0
4.8,79.2,33.8,7.4,19.0,0.0,2.0,4.4,1.3,1
4.1,76.8,55.1,8.0,12.0,0.0,1.0,1.5,3.3,0
6.9,47.6,85.5,5.3,12.0,1.0,0.0,,1.3,1
5.1,90.4,66.6,7.6,2.0,1.0,1.0,5.3,2.3,1
1.6,41.3,48.6,6.0,1.0,0.0,1.0,7.7,5.4,0
2.1,89.9,38.5,7.2,15.0,0.0,2.0,6.0,1.0,0
5.5,64.4,80.6,4.9,2.0,1.0,0.0,5.1,5.6,1
3.7,37.3,66.3,9.8,7.0,0.0,0.0,5.6,6.6,0
7.7,60.0,59.7,6.6,15.0,0.0,1.0,2.0,7.0,1
1.0,99.0,57.2,9.9,1.0,1.0,0.0,4.1,3.9,0
9.3,78.9,56.4,6.2,2.0,1.0,0.0,9.3,,1
4.1,88.6,93.5,7.4,2.0,1.0,0.0,5.1,6.4,1
5.5,57.7,79.0,5.3,3.0,0.0,1.0,1.7,4.1,0
8.3,82.0,36.0,,8.0,0.0,1.0,7.1,7.6,1
2.8,64.0,56.4,9.2,15.0,1.0,1.0,6.3,6.0,0
1.4,93.8,80.3,7.0,13.0,1.0,2.0,4.8,3.8,1
3.6,85.7,64.3,9.7,16.0,1.0,2.0,7.0,4.5,1
2.9,54.5,85.0,9.4,2.0,0.0,0.0,5.6,5.5,0
7.9,59.7,87.5,6.0,0.0,0.0,,1.1,,1
6.7,46.9,40.7,9.7,6.0,0.0,0.0,3.5,7.1,1
3.2,76.9,60.5,5.7,13.0,0.0,2.0,9.9,1.6,0
0.0,87.7,66.7,8.3,16.0,1.0,0.0,6.8,8.0,0
8.7,84.0,90.3,8.0,19.0,0.0,2.0,7.5,0.2,1
5.7,,71.3,4.3,12.0,0.0,2.0,7.8,2.2,1
7.8,97.5,37.1,7.4,9.0,0.0,0.0,4.8,7.6,0
2.5,53.7,90.4,6.8,10.0,0.0,0.0,6.3,4.2,0
4.8,37.8,36.5,8.0,1.0,1.0,2.0,4.5,6.2,0
9.4,96.2,29.7,5.9,7.0,1.0,1.0,2.9,7.5,0
4.6,45.3,90.7,4.9,1.0,1.0,0.0,4.1,8.0,0
7.9,45.6,32.4,9.8,12.0,1.0,1.0,4.0,5.9,0
5.7,81.7,55.0,8.7,3.0,1.0,,5.0,1.4,0
7.7,71.6,72.7,8.8,6.0,0.0,1.0,8.1,2.6,1
1.5,61.8,34.5,7.9,1.0,1.0,2.0,3.2,1.5,0
9.1,58.5,72.1,6.9,9.0,1.0,0.0,6.4,1.6,1
0.4,49.9,85.0,5.0,8.0,0.0,1.0,9.0,7.2,0
6.3,35.4,28.9,5.1,14.0,0.0,1.0,4.3,3.4,0
4.5,48.2,52.9,7.8,4.0,1.0,0.0,1.0,,0
9.9,65.3,50.2,8.8,16.0,0.0,2.0,8.6,3.0,1
8.7,50.5,47.4,8.4,15.0,0.0,2.0,6.8,1.0,1
8.9,66.6,23.6,7.1,16.0,0.0,0.0,1.5,0.1,1
7.3,46.1,48.5,9.0,18.0,,1.0,4.5,4.1,1
6.0,36.0,88.2,8.6,12.0,1.0,0.0,9.4,0.7,1
7.7,97.4,21.8,8.5,0.0,0.0,0.0,1.6,4.2,0
5.3,35.5,52.2,7.6,13.0,,1.0,4.5,0.9,1
1.5,67.3,62.3,8.3,1.0,1.0,1.0,3.4,1.5,0
9.6,79.4,32.5,5.6,,0.0,0.0,4.1,5.8,0
1.7,65.6,45.7,5.5,2.0,1.0,0.0,8.1,,0
7.6,57.2,54.0,5.5,1.0,1.0,2.0,7.4,0.4,1
2.0,91.8,63.0,6.5,14.0,0.0,2.0,7.5,2.9,1
8.7,42.5,38.0,7.3,0.0,0.0,2.0,6.8,3.4,1
9.4,79.1,69.9,6.9,11.0,0.0,1.0,9.2,7.1,1
1.5,44.1,51.6,6.4,15.0,1.0,2.0,6.6,6.2,0
3.7,87.4,22.8,6.9,17.0,1.0,1.0,4.5,6.3,0
9.2,95.9,91.9,4.1,3.0,0.0,2.0,7.0,7.5,1
4.4,40.4,40.5,7.7,16.0,0.0,1.0,5.0,7.2,0
8.0,60.8,64.9,8.7,2.0,1.0,2.0,9.2,4.4,1
0.7,92.9,44.9,8.5,4.0,0.0,0.0,6.6,6.3,0
3.2,40.3,64.7,6.2,15.0,0.0,1.0,4.9,6.1,1
7.3,73.9,83.7,7.5,11.0,0.0,1.0,6.8,3.4,1
5.8,32.3,22.8,9.5,15.0,1.0,0.0,5.6,3.9,0
8.8,41.0,74.9,4.6,7.0,1.0,0.0,6.2,5.1,1
6.6,42.4,82.6,5.9,4.0,0.0,1.0,6.9,6.0,0
7.5,82.5,70.9,9.5,3.0,0.0,2.0,2.2,0.2,1
7.9,65.8,28.3,5.8,9.0,1.0,0.0,3.7,6.2,0
2.3,96.6,42.3,5.5,8.0,1.0,1.0,,2.7,0
0.9,55.1,80.1,9.1,4.0,1.0,2.0,6.8,1.0,1
7.5,80.5,94.1,7.1,2.0,0.0,0.0,4.1,4.5,1
2.7,85.6,25.6,9.6,7.0,1.0,2.0,3.3,4.1,0
4.4,58.9,76.8,4.2,13.0,1.0,2.0,2.2,1.8,1
5.8,64.1,67.8,8.2,13.0,0.0,2.0,9.2,3.0,1
1.6,58.7,42.5,8.5,8.0,1.0,1.0,4.4,2.6,0
7.2,64.0,86.9,9.9,11.0,0.0,1.0,6.7,4.6,1
5.0,63.9,54.9,4.9,14.0,1.0,0.0,5.7,1.7,0
8.2,81.8,87.0,4.5,7.0,0.0,1.0,8.4,6.5,1
6.7,38.1,21.7,5.2,19.0,0.0,2.0,3.0,1.8,0
9.3,67.9,,4.1,10.0,0.0,0.0,,2.9,1
9.4,95.7,31.8,8.2,14.0,1.0,1.0,8.1,7.4,1
6.9,62.6,75.5,9.3,10.0,1.0,0.0,5.3,7.4,1
0.1,89.1,85.6,8.1,17.0,0.0,1.0,2.1,7.4,0
0.5,36.6,93.0,8.4,2.0,1.0,2.0,7.1,1.9,1
8.4,62.1,30.1,6.9,3.0,1.0,0.0,7.6,3.2,1
8.2,51.1,62.8,7.5,4.0,1.0,2.0,1.0,3.6,1
1.4,66.6,64.7,7.9,9.0,1.0,0.0,5.0,6.5,0
3.5,48.9,56.7,6.1,8.0,0.0,0.0,6.5,6.3,0
9.0,34.9,52.6,5.9,17.0,0.0,2.0,5.0,5.3,0
6.3,61.4,42.2,5.5,12.0,1.0,0.0,9.9,0.6,1
7.4,82.0,24.3,8.7,9.0,1.0,0.0,4.1,0.3,1
3.0,84.1,66.8,4.6,19.0,1.0,0.0,8.9,1.1,1
4.8,30.9,80.2,7.9,16.0,0.0,2.0,7.6,7.9,1
1.6,72.7_err,23.4,5.1,10.0,0.0,0.0,4.4,1.2,0
0.7,48.2,29.0,9.7,16.0,0.0,1.0,4.8,7.7,0
9.0,77.4,86.9,,14.0,1.0,0.0,5.8,1.8,1
8.7,42.2,80.2,9.4,4.0,0.0,1.0,6.6,1.0,1
0.3,35.5,28.8,4.6,9.0,1.0,1.0,1.9,,0
6.7,80.5,44.5,7.5,12.0,0.0,0.0,3.7,5.4,1
3.3,60.4,94.8,9.4,6.0,0.0,0.0,6.9,3.0,1
1.8,91.9,42.2,4.8,7.0,,0.0,3.7,6.5,0
4.9,39.1,25.5,5.0,1.0,1.0,2.0,7.1,7.9,0
,85.2,20.6,9.8,13.0,1.0,0.0,7.2,4.8,0
2.7,35.2,46.9,9.3,16.0,1.0,1.0,6.8,5.2,1
1.7,61.3,77.5,5.1,0.0,1.0,2.0,3.0,0.3,1
7.7,98.2,28.0,4.8,14.0,0.0,2.0,6.2,7.3,1
8.5,39.5,52.6,6.7,2.0,0.0,2.0,8.8,4.6,1
2.4,63.3,73.9,4.7,15.0,1.0,0.0,7.7,0.6,1
5.6,39.9,62.5,8.4,4.0,1.0,1.0,8.3,2.5,0
5.5,90.8,92.3,4.7,12.0,0.0,1.0,2.4,3.9,1
1.4,57.3,44.3,8.1,10.0,,1.0,1.4,7.1,0
2.6,43.4,25.6,7.6,19.0,1.0,0.0,4.9,7.7,0
6.7,55.6,31.7,9.6,1.0,1.0,0.0,4.8,6.6,0
6.0,37.6,36.8,7.4,11.0,0.0,2.0,4.9,7.8,0
6.0,45.0,41.0,9.8,17.0,0.0,1.0,2.0,7.6,0
9.3,90.9,26.7,9.6,19.0,0.0,1.0,9.9,5.4,1
8.7,39.0,,,11.0,0.0,1.0,2.2,0.8,1
2.3,52.2,35.7,9.2,0.0,0.0,1.0,8.0,7.0,0
3.2,81.1,53.0,8.0,5.0,,0.0,7.3,3.3,0
1.6,40.2,71.2,5.0,8.0,1.0,0.0,2.1,4.9,0
2.8,88.7,32.5,7.4,7.0,0.0,0.0,9.4,7.5,0
9.4,76.0,26.2,9.6,18.0,0.0,1.0,1.7,1.6,1
8.6,36.1,65.3,4.7,14.0,1.0,0.0,8.4,6.7,1
5.6,40.4,63.2,9.4,1.0,0.0,2.0,7.5,1.7,0
1.0,78.5,33.7,7.4,6.0,0.0,2.0,1.6,4.7,0
3.6,77.8,21.5,6.8,0.0,0.0,1.0,2.7,2.8,0
0.2,45.6,53.2,6.9,14.0,0.0,1.0,1.9,2.0,0
0.5,43.5,66.7,,6.0,0.0,2.0,6.8,7.8,0
0.4,98.5,80.3,4.5,3.0,0.0,0.0,3.8,0.5,1
4.3,92.6,55.5,,8.0,1.0,1.0,8.4,1.0,1
7.9,77.3,63.8,5.7,9.0,1.0,0.0,5.0,0.9,1
1.6,32.1,27.1,,3.0,1.0,1.0,5.8,5.5,0
1.3,65.2,62.5,9.9,12.0,1.0,2.0,5.0,1.1,0
0.7,64.5,86.4,8.7,14.0,0.0,1.0,3.0,4.7,0
5.9,80.2,47.8,4.1,14.0,0.0,0.0,4.7,3.2,0
7.2,56.3,46.1,8.3,19.0,0.0,2.0,1.4,1.4,1
4.4,52.7,47.0,9.3,4.0,1.0,0.0,6.1,7.9,0
9.7,36.6,81.8,8.2,8.0,1.0,0.0,2.7,1.0,1
8.9,88.0,78.1,6.6,8.0,0.0,2.0,6.3,6.4,1
5.3,33.0,49.4,5.2,3.0,1.0,1.0,9.8,3.2,0
3.2,52.4,80.1,6.3,18.0,1.0,1.0,7.1,2.7,1
8.0,60.1,87.7,9.1,12.0,0.0,0.0,1.7,3.1,1
7.5,54.0,23.5,5.0,5.0,1.0,0.0,3.8,7.3,0
8.8,72.7,70.1,5.8,10.0,0.0,0.0,9.2,1.6,1
9.3,88.7,91.5,8.9,12.0,0.0,2.0,6.9,1.1,1
2.0,47.3,90.6,7.4,16.0,0.0,0.0,6.1,3.2,1
0.3,36.9,93.3,4.7,6.0,1.0,1.0,4.6,7.7,0
4.6,66.3,56.6,7.6,11.0,0.0,2.0,8.8,5.1,1
6.2,53.2,23.2,9.1,4.0,1.0,0.0,6.8,6.9,0
4.4,75.8,32.9,7.6,2.0,1.0,2.0,8.5,5.5,0
2.5,88.5,61.5,9.1,19.0,0.0,0.0,2.2,,1
3.5,61.4,22.6,,18.0,1.0,1.0,7.9,5.4,0
8.4,91.0,89.2,5.6,4.0,0.0,0.0,5.0,0.9,1
2.4,68.2,87.0,9.0,16.0,1.0,0.0,1.5,6.4,0
3.2,78.2,49.6,8.5,2.0,0.0,2.0,4.4,0.1,0
2.0,32.2,93.7,4.5,14.0,0.0,0.0,9.7,2.5,1
0.6,44.9,38.1,7.3,19.0,1.0,2.0,8.1,7.2,0
7.4,40.5,75.7,6.7,15.0,1.0,2.0,6.3,4.8,1
6.2,57.2,92.3,5.5,10.0,1.0,0.0,1.9,2.5,1
3.5,86.4,27.3,7.0,0.0,1.0,1.0,4.3,7.3,0
2.2,75.2,75.9,8.5,7.0,1.0,1.0,8.9,2.2,1
9.5,35.2,80.0,4.3,19.0,1.0,2.0,8.0,1.0,1
7.2,84.1,43.8,6.6,16.0,0.0,0.0,6.7,5.4,1
2.0,91.1,79.9,8.9,10.0,1.0,1.0,7.9,,1
5.2,38.6,45.4,8.6,2.0,1.0,0.0,5.2,5.8,0
2.1,76.1,64.0,8.7,14.0,0.0,2.0,8.0,0.6,1
2.9,60.9,52.9,9.2,11.0,0.0,,4.6,2.3,0
8.2,46.9,87.0,4.4,,1.0,2.0,4.5,0.6,1
3.6,35.2,82.9,4.3,9.0,0.0,1.0,5.5,2.5,0
8.8,93.3,72.9,9.1,7.0,,0.0,9.2,3.1,1
9.1,,74.7,7.8,7.0,1.0,1.0,5.4,6.7,1
6.5,90.7,37.9,8.1,6.0,0.0,2.0,1.8,6.6,0
1.5,68.3,24.5,9.9,7.0,1.0,1.0,3.2,0.2,0
4.9,40.6,71.6,7.7,14.0,0.0,2.0,7.4,7.0,1
4.6,78.6,40.6,8.5,14.0,0.0,1.0,8.1,3.7,1
5.7,99.4,75.4,7.2,18.0,0.0,2.0,4.3,6.4,1
5.3,97.7,45.1,5.9,10.0,0.0,1.0,6.6,4.6,1
4.7,79.9,82.4,9.4,18.0,1.0,0.0,8.4,5.6,1
4.4,36.3,89.9,5.2,7.0,0.0,2.0,2.5,3.7,0
8.7,90.3,43.2,7.1,17.0,1.0,2.0,,5.9,1
5.2,57.1,70.0,7.3,15.0,0.0,1.0,3.6,0.0,1
9.2,95.1,48.2,9.0,6.0,1.0,0.0,9.7,4.5,1
2.0,64.5,44.3,6.5,5.0,0.0,1.0,6.5,2.5,0
7.3,46.4,80.3,8.1,11.0,0.0,,4.4,2.5,1
1.3,54.5,63.7,9.7,12.0,0.0,1.0,5.7,4.2,0
9.4,74.1,48.7,7.5,13.0,0.0,1.0,8.9,1.9,1
9.8,68.5,70.8,8.4,1.0,0.0,0.0,2.1,1.6,1
1.1,42.1,95.0,9.0,4.0,0.0,1.0,6.2,5.8,1
4.7,57.4,68.2,,8.0,1.0,1.0,1.8,7.8,0
8.1,82.5,45.7,9.5,10.0,0.0,0.0,1.7,3.8,1
5.2,52.0,52.9,4.5,10.0,0.0,0.0,3.2,7.9,0
9.5,36.6,48.8,6.6,9.0,0.0,1.0,5.3,4.6,0
8.9,81.1,,6.7,11.0,0.0,2.0,9.7,1.9,1
8.1,79.8,28.5,7.6,7.0,,2.0,3.3,7.9,0
2.4,74.6,42.5,7.6,4.0,0.0,2.0,8.3,3.8,0
7.5,95.2,26.0,6.2,15.0,1.0,0.0,9.5,2.7,1
6.3,72.0,80.0,7.5,7.0,,2.0,5.9,1.4,1
2.5,40.1,31.7,7.7,10.0,0.0,0.0,6.3,4.9,0
2.4,74.8,69.4,8.9,3.0,1.0,0.0,8.6,3.8,0
8.9,79.3,85.6,8.8,11.0,1.0,1.0,5.4,3.3,1
2.3,73.2,89.0,5.9,16.0,0.0,0.0,9.4,0.8,1
,95.7,25.5,7.8,10.0,1.0,2.0,1.9,4.8,1
3.8,68.8,64.5,6.9,1.0,1.0,0.0,,2.3,1
0.4,93.3,22.3,6.0,2.0,0.0,0.0,9.0,5.6,0
3.4,48.4,80.3,9.2,18.0,1.0,,9.4,0.4,1
2.6,67.6,82.5,9.3,14.0,1.0,1.0,3.1,0.9,1
,55.5,73.1,4.7,3.0,0.0,1.0,5.5,7.1,0
9.8,57.5,36.0,5.9,15.0,0.0,2.0,2.2,7.3,1
6.6,57.7,56.4,5.8,4.0,0.0,1.0,4.4,1.2,0
5.8,77.4,75.0,9.6,3.0,0.0,,7.0,8.0,1
8.8,52.1,82.0,7.0,11.0,0.0,2.0,4.4,4.4,1
4.0,51.7,86.2,5.8,6.0,0.0,1.0,1.3,2.7,0
4.2,43.3,76.8,6.2,14.0,0.0,2.0,5.2,2.7,1
4.9,83.5,83.6,6.6,18.0,0.0,0.0,6.5,0.9,1
5.1,56.0,75.5,4.1,14.0,,1.0,5.0,4.7,1
1.5,31.9,39.2,5.9,10.0,1.0,1.0,3.1,3.5,0
4.8,38.7,33.0,8.3,9.0,1.0,2.0,7.0,6.7,0
0.2,50.7,22.0,6.7,11.0,0.0,1.0,6.9,6.0,0
8.2,42.9,52.0,8.3,6.0,0.0,2.0,9.5,6.4,1
9.7,95.2,28.7,4.4,16.0,0.0,0.0,9.1,0.0,1
7.7,46.3,84.1,8.2,4.0,0.0,1.0,4.1,4.5,1
5.4,31.0,37.9,6.6,18.0,1.0,2.0,7.4,3.3,0
8.9,63.0,78.4,4.2,13.0,0.0,2.0,1.5,5.8,1
9.8,46.1,58.0,7.3,4.0,1.0,1.0,4.4,4.9,1
5.3,67.7,61.8,9.5,4.0,1.0,0.0,2.1,6.9,0
0.4,94.8,21.1,8.2,15.0,0.0,1.0,6.6,7.7,0
0.2,63.3,29.5,7.0,17.0,0.0,1.0,8.0,2.4,0
4.3,69.8,33.8,6.5,1.0,0.0,2.0,1.8,7.3,0
2.6,88.4,34.1,5.5,3.0,1.0,0.0,5.6,2.4,0
8.9,43.8,85.5,4.7,,0.0,2.0,9.7,2.8,1
3.4,96.0,39.3,7.8,11.0,1.0,0.0,2.4,5.9,0
4.9,35.8,53.5,8.2,16.0,1.0,0.0,4.6,1.9,1
5.0,71.0,53.7,4.9,8.0,0.0,1.0,1.2,5.9,0
6.1,95.7,56.5,6.8,17.0,0.0,1.0,9.1,4.1,1
3.2,85.7,89.5,9.7,19.0,1.0,0.0,7.7,4.2,1
7.1,72.7,35.5,8.0,15.0,0.0,2.0,5.3,2.1,1
5.9,52.2,93.5,5.9,3.0,0.0,2.0,8.7,7.7,1
9.1,84.5,92.1,7.3,7.0,0.0,1.0,3.4,0.6,1
5.8,53.1,45.4,6.4,8.0,0.0,2.0,2.4,2.5,0
4.9,36.8,20.8,8.7,11.0,1.0,0.0,,3.1,0
1.8,86.8,20.8,4.2,10.0,0.0,1.0,3.2,6.6,0
6.9,70.7,92.3,8.1,13.0,0.0,,1.7,0.7,1
7.7,49.2_err,56.2,6.7,0.0,0.0,0.0,2.5,3.9,0
0.5,84.8,49.3,5.1,5.0,0.0,2.0,1.4,6.3,0
0.9,67.0,37.9,9.8,17.0,0.0,0.0,4.9,2.6,0
9.0,85.7,90.9,9.0,12.0,0.0,2.0,4.9,0.9,1
9.5,67.1,90.0,8.3,15.0,1.0,1.0,5.1,2.4,1
4.5,88.4,33.6,4.3,2.0,0.0,0.0,9.8,7.3,0
0.7,82.9,89.7,7.8,10.0,0.0,0.0,4.1,2.6,0
7.8,80.6,27.3,7.2,15.0,1.0,2.0,5.1,0.8,1
0.1,81.3,63.5,7.8,11.0,1.0,1.0,4.1,6.0,0
8.8,89.1,92.8,4.3,7.0,1.0,2.0,9.4,6.5,1
4.9,64.9,67.3,,16.0,0.0,2.0,5.2,0.2,1
2.3,79.5,94.0,6.1,19.0,0.0,2.0,8.4,,1
5.5,47.1,71.8,9.2,9.0,0.0,0.0,1.7,,0
4.6,99.2,47.2,,19.0,1.0,0.0,6.4,7.7,1
9.2,81.9,53.5,9.7,1.0,0.0,0.0,4.0,3.1,1
6.2,61.8,76.5,5.5,13.0,1.0,1.0,5.9,6.8,0
6.7,64.6,67.5,6.7,8.0,1.0,2.0,6.3,,1
9.3,53.0,52.1,5.4,3.0,1.0,1.0,5.4,1.6,1
3.5,82.0,59.6,10.0,6.0,0.0,1.0,6.3,5.4,1
0.9,34.5,32.6,10.0,3.0,1.0,0.0,6.5,6.7,0
4.1,99.8,28.6,7.6,0.0,0.0,1.0,8.2,1.5,0
8.5,44.8,85.1,7.7,6.0,1.0,1.0,9.9,6.7,1
7.3,72.9,61.6,5.4,13.0,1.0,0.0,6.1,0.7,1
1.3,48.2,49.5,9.7,16.0,1.0,0.0,5.4,6.3,0
8.2,35.9,64.9,5.6,13.0,0.0,1.0,6.5,3.3,1
,34.3,36.6,9.9,4.0,0.0,0.0,5.4,6.4,0
3.6,33.5,60.4,6.5,12.0,,2.0,6.7,4.4,0
9.2,39.9,63.2,8.4,6.0,1.0,1.0,6.6,3.6,1
8.2,92.6,37.3,7.0,11.0,0.0,1.0,9.0,5.9,0
6.4,34.8,30.8,4.6,13.0,0.0,0.0,5.2,6.8,0
1.8,49.0,22.4,4.6,12.0,1.0,2.0,,1.8,0
4.6,61.1,88.2,7.1,10.0,1.0,0.0,2.0,3.3,1
8.2,65.8,37.3,5.9,7.0,1.0,1.0,8.5,4.2,1
7.2,82.7,46.1,4.4,7.0,1.0,2.0,1.9,6.1,0
4.0,36.6,37.0,5.5,14.0,0.0,2.0,4.2,6.0,0
9.2,51.7,,4.0,9.0,1.0,0.0,,3.3,0
8.9,67.8,47.4,8.3,7.0,0.0,1.0,2.3,6.1,0
4.6,67.7,44.5,8.6,12.0,0.0,1.0,3.1,7.2,0
4.9,43.5,90.2,8.5,9.0,0.0,1.0,4.7,5.2,1
8.8,46.5,43.0,7.6,2.0,1.0,0.0,8.0,3.8,0
7.4,99.0,41.7,5.2,4.0,,2.0,7.4,2.0,1
5.9,30.4,84.9,5.2,10.0,1.0,0.0,1.8,2.0,1
3.6,81.3,84.1,4.5,3.0,0.0,0.0,1.5,2.1,0
3.5,70.8,43.0,7.7,9.0,0.0,1.0,1.4,6.3,0
9.3,57.5,88.2,6.7,3.0,0.0,2.0,1.7,2.8,1
3.2,52.1,77.3,7.5,8.0,1.0,1.0,3.2,0.4,0
4.5,39.0,26.4,5.2,9.0,1.0,0.0,7.9,0.7,0
6.5,60.7,70.8,4.9,2.0,0.0,0.0,5.6,1.5,0
9.6,79.5,89.3,7.2,18.0,1.0,0.0,2.5,6.9,1
2.3,46.0,45.5,6.2,10.0,0.0,0.0,7.9,3.3,0
0.9,96.1,24.8,7.5,1.0,0.0,0.0,1.0,6.4,0
1.6,75.3,62.3,8.1,5.0,0.0,2.0,6.8,3.3,0
9.4,48.5,82.5,6.8,11.0,0.0,2.0,5.7,2.2,1
3.5,80.7,58.2,9.3,5.0,1.0,0.0,9.8,4.8,0
3.9,36.1,34.9,7.2,13.0,1.0,2.0,9.5,6.0,0
0.6,84.4,47.8,8.5,16.0,0.0,1.0,8.9,0.6,0
3.8,68.2,80.2,7.5,1.0,1.0,1.0,3.9,1.2,1
8.9,43.4,33.4,9.5,0.0,0.0,0.0,9.2,4.6,0
0.0,42.0,93.0,4.1,7.0,1.0,1.0,6.9,6.3,0
1.8,80.3,82.1,7.7,18.0,1.0,0.0,6.5,2.8,1
5.2,86.4,65.6,6.2,18.0,1.0,2.0,7.3,0.6,1
5.9,71.7,34.6,5.2,,0.0,2.0,6.9,5.9,0
5.8,78.0,34.2,8.9,3.0,1.0,2.0,7.5,2.4,0
9.2,54.8,67.2,6.6,2.0,1.0,0.0,8.8,0.0,1
3.8,66.9,50.6,6.8,17.0,0.0,0.0,3.3,2.6,0
1.0,63.7,54.0,6.8,9.0,0.0,1.0,4.4,0.8,0
4.4,41.7,80.5,9.1,16.0,0.0,1.0,6.3,7.1,1
3.6,80.8,50.8,6.7,17.0,0.0,0.0,7.0,4.0,0
9.5,,63.3,4.9,10.0,0.0,2.0,1.4,3.7,1
6.3,45.8,86.1,8.2,10.0,0.0,0.0,6.3,7.7,1
4.2,58.4,22.6,6.3,17.0,0.0,2.0,4.1,0.9,0
1.6,,26.3,4.8,2.0,0.0,2.0,,5.8,0
2.0,95.2,64.7,7.1,6.0,0.0,2.0,3.7,7.6,0
8.2,,64.5,5.9,19.0,0.0,2.0,9.8,6.8,1
5.8,81.9,49.9,6.3,15.0,0.0,0.0,7.5,5.9,0
1.3,48.4,90.6,8.9,10.0,0.0,2.0,8.3,6.7,1
2.6,74.2,53.6,7.2,8.0,0.0,2.0,7.8,5.8,0
6.7,66.8,50.9,5.3,18.0,0.0,2.0,8.6,1.4,1
5.0,66.5,66.6,7.1,19.0,0.0,0.0,6.0,5.5,1
3.8,39.3,94.1,5.5,8.0,1.0,1.0,6.3,7.5,0
7.9,53.5,79.3,9.7,18.0,1.0,1.0,6.9,4.0,1
4.8,84.2,65.3,8.0,12.0,0.0,0.0,1.1,7.2,0
9.3,69.7,27.9,8.6,11.0,0.0,2.0,7.0,2.0,1
9.4,40.0,29.8,8.4,0.0,1.0,2.0,8.8,6.5,0
8.6,82.3,54.9,8.3,12.0,0.0,,3.0,1.1,1
7.1,53.7,25.6,6.6,3.0,1.0,0.0,9.2,0.8,0
2.2,49.3,84.0,7.2,13.0,1.0,0.0,5.0,4.6,0
2.9,57.1,31.5,8.4,9.0,1.0,,4.7,5.5,0
6.5,63.8,,9.9,7.0,0.0,,4.5,4.3,1
3.3,74.6,64.9,10.0,17.0,1.0,2.0,9.0,4.9,1
6.1,59.4,68.3,6.0,4.0,1.0,0.0,8.4,5.0,1
8.2,77.1,25.9,8.6,19.0,1.0,1.0,7.6,4.8,1
8.9,89.0,54.9,5.2,11.0,1.0,0.0,6.7,,1
0.5,79.8,35.1,8.7,0.0,1.0,2.0,4.4,3.2,0
6.6,71.8,26.3,9.1,9.0,1.0,0.0,6.7,5.2,0
8.5,81.6,36.2,9.9,12.0,1.0,1.0,7.8,6.6,1
0.4,78.0,35.2,7.0,13.0,0.0,1.0,1.3,1.4,0
4.6,45.7,22.3,8.8,4.0,0.0,2.0,2.1,7.5,0
5.4,64.9,28.0,,12.0,1.0,0.0,5.7,5.6,0
3.1,48.2,87.7,6.1,9.0,1.0,0.0,8.4,3.6,1
4.9,97.9,77.1,7.2,5.0,0.0,2.0,9.5,7.1,1
0.4,81.1,77.3,4.2,18.0,0.0,1.0,5.7,2.8,1
1.6,51.5,60.6,6.4,3.0,0.0,1.0,5.6,5.3,0
9.2,30.6,20.7,4.7,3.0,0.0,2.0,3.3,1.5,0
3.0,47.2,33.0,9.2,8.0,0.0,2.0,5.0,5.5,0
0.8,95.3,29.0,8.4,18.0,1.0,2.0,7.5,0.5,0
6.8,98.9,22.1,4.7,10.0,0.0,0.0,4.0,1.8,0
9.6,33.2,60.9,10.0,17.0,0.0,0.0,8.5,2.6,1
3.8,72.6,72.7,5.7,0.0,0.0,1.0,1.4,5.0,0
9.9,72.2,59.8,4.0,12.0,1.0,2.0,3.2,2.5,1
4.7,53.6,35.8,4.8,13.0,1.0,2.0,7.8,7.0,0
1.9,69.4,69.5,9.7,19.0,0.0,1.0,4.5,7.0,0
4.7,89.7,48.2,5.1,19.0,0.0,0.0,1.3,7.4,0
2.1,42.0,82.6,8.6,7.0,0.0,1.0,1.3,3.0,0
2.1,37.1,91.4,5.8,15.0,1.0,0.0,8.5,2.7,1
7.2,41.6,46.7,4.4,5.0,1.0,0.0,4.4,2.9,0
9.9,50.7,82.1,6.3,1.0,1.0,2.0,6.1,5.6,1
3.6,41.3,27.8,8.9,10.0,1.0,1.0,5.7,7.1,0
6.2,75.0,61.4,9.0,12.0,1.0,0.0,3.4,,0
1.6,49.1,,4.6,15.0,1.0,1.0,3.9,4.7,0
2.8,31.3,47.6,9.0,7.0,0.0,1.0,6.2,3.9,0
4.0,88.6,40.6,4.7,9.0,0.0,0.0,1.0,7.9,0
8.1,81.8,50.3,7.8,18.0,0.0,1.0,8.4,6.9,0
6.4,31.6,47.1,9.3,4.0,1.0,2.0,4.3,6.5,0
0.5,89.7,50.6,8.1,6.0,1.0,1.0,2.0,5.9,0
1.8,39.5,91.1,4.2,4.0,0.0,1.0,3.6,2.9,0
2.2,49.3,49.5,7.8,3.0,1.0,1.0,1.2,5.9,0
2.7,56.7,59.0,7.0,7.0,0.0,0.0,3.3,2.8,0
1.1,89.0,84.0,6.1,16.0,0.0,1.0,8.1,2.1,1
1.7,,61.2,4.7,5.0,1.0,1.0,5.5,2.9,0
8.1,50.5,32.6,4.7,13.0,0.0,2.0,,6.4,1
1.8,98.4,42.7,4.5,10.0,0.0,0.0,4.6,2.7,0
0.6,32.6,70.3,7.7,8.0,1.0,2.0,9.7,2.3,1
6.2,98.2,,7.8,16.0,0.0,0.0,1.4,1.0,0
9.1,61.7,55.7,4.6,9.0,1.0,1.0,9.2,7.7,1
7.7,68.9,94.7,6.1,4.0,1.0,1.0,5.0,1.0,1
2.5,95.7,59.4,5.8,0.0,0.0,2.0,5.7,2.1,1
9.2,43.6,38.2,6.1,4.0,1.0,1.0,6.3,5.5,1
6.5,49.4,35.9,8.4,13.0,0.0,2.0,2.8,2.1,1
7.1,95.4,,4.1,1.0,1.0,2.0,8.9,2.9,0
9.6,43.0,39.2,9.1,4.0,0.0,1.0,6.5,2.9,1
1.8,71.2,58.0,6.3,15.0,0.0,0.0,6.3,7.4,0
4.5,40.8,26.9,5.9,,1.0,0.0,3.5,,0
1.8,46.6,41.3,4.9,7.0,1.0,1.0,1.6,1.9,0
2.8,99.3,57.5,9.2,6.0,0.0,1.0,9.2,5.6,0
2.3,66.3,63.2,7.6,11.0,1.0,1.0,5.9,8.0,0
6.3,74.8,33.2,9.1,15.0,1.0,0.0,9.4,6.4,1
5.7,90.8,40.0,4.9,2.0,0.0,0.0,2.2,0.3,0
1.4,,91.6,9.8,7.0,1.0,0.0,5.4,5.5,1
0.6,46.1,44.1,6.3,3.0,1.0,1.0,2.3,,0
1.2,53.2,34.9,6.5,7.0,1.0,1.0,6.3,1.8,0
1.6,45.7,34.1,7.6,14.0,1.0,1.0,7.5,3.0,0
1.2,76.3,76.8,8.2,17.0,1.0,2.0,8.6,5.5,1
0.3,43.4,79.8,8.7,11.0,0.0,2.0,4.0,7.0,0
3.9,84.5,58.1,8.1,19.0,1.0,2.0,3.1,5.3,1
1.2,60.6,56.5,8.1,15.0,1.0,0.0,7.9,3.6,1
1.1,41.4,80.5,8.5,1.0,0.0,1.0,5.5,5.9,0
8.1,67.3,88.9,7.7,1.0,1.0,1.0,1.8,1.8,1
1.6,42.6,48.9,6.9,5.0,1.0,,4.5,2.3,0
4.6,76.7,37.3,7.7,4.0,1.0,1.0,7.5,2.3,0
3.4,93.1,45.2,8.5,6.0,1.0,1.0,4.5,0.8,0
7.1,48.9,91.6,4.6,19.0,1.0,2.0,2.4,1.8,1
2.4,87.5,24.8,8.4,4.0,0.0,2.0,1.1,5.7,0
5.4,90.0,26.9,5.2,9.0,,1.0,9.3,2.4,0
7.8,41.6,26.8,4.3,4.0,0.0,2.0,1.4,6.6,0
2.0,68.5,28.7,8.8,12.0,1.0,2.0,4.0,4.8,0
6.1,48.5,33.0,8.0,13.0,0.0,1.0,3.9,0.1,0
4.5,77.4,58.5,,0.0,0.0,1.0,3.4,3.4,0
8.1,91.2,50.5,6.5,3.0,1.0,0.0,7.3,2.9,1
1.4,76.3,78.2,7.6,11.0,0.0,1.0,6.8,1.0,1
0.5,86.5,27.6,5.0,1.0,1.0,1.0,4.0,4.8,0
3.1,40.9,46.5,5.7,8.0,0.0,0.0,3.8,5.2,0
8.3,77.3,76.4,7.4,17.0,0.0,2.0,8.5,3.7,1
4.3,63.7,81.1,5.7,11.0,1.0,2.0,9.1,3.3,1
1.9,57.5,41.3,9.1,2.0,0.0,0.0,8.0,1.8,0
8.2,39.6,46.3,9.4,10.0,1.0,2.0,7.3,0.7,1
5.5,94.6,67.8,8.7,7.0,0.0,0.0,9.2,5.8,0
0.1,96.3,64.8,9.5,9.0,1.0,1.0,6.7,7.6,0
0.3,84.7,52.4,7.0,12.0,0.0,2.0,5.8,0.0,1
1.5,62.9,71.4,5.2,16.0,0.0,1.0,2.2,2.1,0
3.8,72.5,80.8,6.8,18.0,0.0,1.0,5.3,1.0,1
1.2,82.1,62.4,8.0,12.0,0.0,1.0,8.5,2.4,0
6.7,87.9,,6.4,13.0,0.0,0.0,2.0,1.1,0
4.2,90.7,,7.4,2.0,0.0,2.0,7.8,5.8,1
7.4,48.1,,5.3,9.0,0.0,0.0,9.9,6.7,0
1.5,34.9,39.7,7.2,2.0,0.0,2.0,4.5,5.8,0
7.8,98.6,81.8,5.4,14.0,0.0,2.0,2.1,1.1,1
1.4,62.8,50.6,6.3,9.0,0.0,2.0,4.6,1.6,0
8.3,80.0,89.1,8.7,0.0,1.0,2.0,3.8,1.3,1
1.6,42.8,37.0,8.2,5.0,1.0,1.0,2.4,3.6,0
4.3,57.5,71.7,8.6,19.0,1.0,2.0,7.8,2.3,1
4.7,61.9,23.3,8.6,9.0,0.0,2.0,2.2,3.0,0
0.1,86.3,88.4,6.0,18.0,0.0,0.0,8.7,5.0,0
7.5,87.1,69.1,9.4,15.0,0.0,2.0,3.1,2.3,1
6.4,86.0,69.3,7.4,10.0,0.0,0.0,4.8,3.4,1
2.6,89.5,31.6,5.5,0.0,0.0,1.0,9.1,6.6,0
2.1,43.9,28.9,4.0,18.0,1.0,1.0,9.8,0.5,0
1.5,73.7,46.4,9.3,18.0,1.0,2.0,5.5,6.0,0
6.3,99.8,42.8,5.2,1.0,0.0,0.0,1.8,6.6,0
5.6,48.9,24.3,4.8,16.0,1.0,1.0,5.1,3.0,0
2.7,50.9,85.9,7.8,18.0,1.0,1.0,9.3,7.4,1
4.7,82.1,66.5,7.9,2.0,0.0,1.0,6.3,6.0,0
2.9,85.6,30.0,7.4,7.0,0.0,2.0,4.1,3.7,0
1.9,64.5,87.2,8.7,11.0,1.0,0.0,6.4,3.6,0
7.8,61.9,46.8,7.6,5.0,1.0,2.0,2.3,3.8,1
0.6,89.4,33.1,5.0,6.0,0.0,2.0,8.5,3.6,0
5.4,61.7,88.7,9.6,16.0,1.0,0.0,5.4,2.5,1
8.7,88.5,77.5,6.0,15.0,0.0,0.0,3.5,1.6,1
0.5,65.2,91.2,6.9,4.0,0.0,2.0,9.4,5.1,0
9.5,77.5,49.6,8.6,15.0,0.0,1.0,1.6,3.0,1
2.6,37.4,82.8,5.4,5.0,0.0,1.0,3.4,1.2,1
9.5,69.3,20.6,4.9,14.0,1.0,2.0,8.7,4.3,1
1.8,67.7,90.0,8.5,3.0,1.0,2.0,1.4,7.5,0
4.2,96.7,50.0,4.1,15.0,0.0,1.0,6.8,5.5,1
2.1,94.2,41.2,8.0,13.0,1.0,0.0,1.7,7.5,0
3.3,59.4,69.8,5.8,0.0,0.0,2.0,6.8,5.9,0
2.9,52.8,67.2,9.1,11.0,1.0,2.0,2.1,5.7,0
2.9,33.8,60.4,6.4,12.0,0.0,0.0,2.5,5.8,0
5.2,45.8,75.5,5.9,13.0,1.0,2.0,8.1,7.2,1
7.5,85.3,39.9,8.5,18.0,1.0,0.0,7.0,2.9,1
1.5,99.0,55.9,7.5,10.0,0.0,2.0,9.2,6.7,0
4.2,93.4,38.4,7.6,15.0,0.0,1.0,3.9,3.2,1
7.6,67.3,38.6,5.7,16.0,1.0,0.0,8.2,0.7,1
0.0,41.6,81.8,7.6,7.0,0.0,0.0,7.8,7.2,0
1.8,70.2,21.3,5.8,9.0,0.0,0.0,6.5,1.4,0
2.5,62.4,57.7,8.5,6.0,0.0,1.0,4.9,1.1,0
5.9,56.4,31.5,5.5,10.0,0.0,0.0,6.1,6.8,0
6.1,77.0,45.8,7.1,,1.0,1.0,5.3,5.6,0
7.4,82.5,27.9,5.2,14.0,0.0,1.0,4.6,5.0,0
8.1,91.4,40.7,8.5,8.0,1.0,0.0,10.0,6.4,1
4.8,45.2,50.4,5.4,7.0,1.0,1.0,6.3,3.1,0
5.9,98.7,90.2,4.2,3.0,0.0,0.0,6.1,5.9,1
4.4,64.2,63.1,6.0,14.0,1.0,2.0,5.8,2.1,1
2.4,70.6,,5.5,14.0,1.0,0.0,7.3,4.8,0
0.6,98.3,36.8,6.1,5.0,1.0,2.0,1.6,,0
7.3,58.3,90.0,,19.0,0.0,1.0,1.0,3.6,1
6.1,42.2,78.3,8.8,6.0,0.0,0.0,6.9,6.0,1
1.4,38.7,78.7,6.2,17.0,1.0,2.0,7.7,5.5,1
8.8,,37.9,9.2,9.0,1.0,0.0,7.0,7.5,1
2.8,37.3,44.3,6.3,11.0,0.0,2.0,2.9,2.0,0
3.4,88.0,38.9,4.3,13.0,1.0,1.0,8.0,4.8,1
,62.7,55.9,9.9,18.0,1.0,2.0,4.4,0.2,1
2.1,77.6,76.0,5.6,,0.0,2.0,3.7,1.2,1
2.9,53.2,43.5,6.0,15.0,1.0,2.0,2.2,7.6,0
1.5,57.2,71.9,7.3,12.0,0.0,2.0,8.7,7.5,0
7.8,55.8,48.7,8.2,13.0,0.0,2.0,1.4,2.5,1
,93.3,93.9,8.8,14.0,1.0,2.0,6.3,5.8,1
8.1,52.0,50.4,8.4,2.0,0.0,1.0,8.2,4.2,1
4.4,35.5,84.8,7.0,3.0,0.0,1.0,2.3,7.0,0
2.9,36.5,79.5,9.9,10.0,0.0,1.0,8.9,7.3,0
3.2,51.9,40.9,4.7,14.0,0.0,0.0,2.8,5.1,0
,39.0,37.4,9.9,13.0,1.0,2.0,9.1,,1
6.2,80.5,35.4,8.0,13.0,1.0,2.0,7.9,5.9,0
3.1,45.4,56.9,8.0,0.0,0.0,2.0,2.8,6.9,0
3.1,87.3,28.9,9.2,15.0,0.0,1.0,7.0,6.9,0
1.5,98.1,70.5,6.2,18.0,1.0,2.0,2.2,7.6,0
8.1,99.0,79.4,9.1,1.0,0.0,2.0,9.5,0.4,1
6.6,97.9,53.4,7.6,9.0,1.0,1.0,8.5,4.6,1
5.5,42.1,88.1,6.1,15.0,1.0,1.0,8.4,7.9,1
6.8,84.2,50.1,8.5,14.0,0.0,0.0,3.5,5.9,1
4.5,66.3,23.3,8.9,19.0,0.0,0.0,3.7,5.1,0
6.6,73.8,45.4,5.5,3.0,1.0,2.0,4.8,5.0,1
9.3,70.5,82.7,4.1,6.0,1.0,0.0,1.2,7.4,1
0.8,90.8,37.4,7.9,10.0,1.0,2.0,7.3,,0
0.1,37.7,54.3,5.0,14.0,0.0,1.0,9.1,4.5,0
2.1,33.6,40.5,8.6,15.0,1.0,2.0,5.5,2.7,0
9.8,65.4,44.4,6.0,8.0,1.0,0.0,4.8,1.4,1
2.3,56.0,44.9,7.7,4.0,0.0,1.0,4.5,2.0,0
0.9,95.6,86.0,4.5,5.0,0.0,2.0,8.8,3.4,1
5.5,41.5,,10.0,8.0,1.0,1.0,4.9,6.7,1
6.1,57.1,78.6,5.3,7.0,0.0,0.0,4.2,6.8,0
5.4,76.1,91.1,6.0,15.0,0.0,1.0,8.6,4.1,1
4.6,38.2,70.2,8.5,19.0,1.0,2.0,5.8,2.0,1
1.4,51.4,58.1,5.2,5.0,0.0,2.0,8.2,7.4,0
6.9,87.9,36.9,8.6,4.0,1.0,1.0,9.8,4.4,0
6.8,34.0,51.8,5.0,17.0,0.0,0.0,7.8,0.0,1
4.8,90.5,75.7,4.3,11.0,0.0,2.0,2.6,5.2,1
5.3,57.8,90.3,8.5,10.0,0.0,0.0,1.1,0.1,1
1.6,44.7,43.3,6.3,15.0,0.0,2.0,9.8,7.3,0
2.3,91.5,37.0,,15.0,0.0,0.0,7.4,7.8,0
0.9,67.5,49.6,7.4,11.0,1.0,2.0,4.5,1.8,0
9.3,50.4,31.8,9.7,3.0,1.0,0.0,6.7,7.7,0
1.6,37.9,30.3,9.9,14.0,0.0,0.0,4.0,5.8,0
7.4,47.4,38.5,6.9,0.0,1.0,1.0,9.7,1.6,0
6.4,41.0,47.3,5.1,2.0,1.0,0.0,9.7,2.7,0
10.0,94.7,70.4,,5.0,0.0,1.0,9.9,7.1,1
5.7,46.8,,6.6,18.0,0.0,2.0,8.0,,0
8.9,96.4,32.8,6.5,5.0,,2.0,1.3,3.3,1
3.2,65.6,42.4,4.4,8.0,1.0,2.0,1.4,0.1,0
2.3,96.8,46.1,8.0,5.0,0.0,1.0,2.9,4.2,0
9.1,46.6,79.2,5.2,18.0,0.0,1.0,8.9,5.1,1
8.6,72.6,32.0,4.4,6.0,1.0,1.0,6.9,2.4,1
4.9,97.8,52.8,7.6,14.0,0.0,1.0,8.1,2.8,1
7.8,98.9,82.2,9.2,12.0,,1.0,7.1,4.1,1
5.9,51.3,80.0,9.8,0.0,1.0,0.0,9.5,2.5,1
6.5,53.7,59.0,9.4,5.0,0.0,0.0,5.1,6.9,0
1.9,83.3,86.0,7.6,12.0,0.0,2.0,9.3,5.2,1
0.1,80.1,66.9,8.7,7.0,0.0,1.0,5.0,2.8,0
3.5,53.8,75.1,5.2,10.0,1.0,0.0,,2.8,1
4.2,35.5,91.3,8.0,15.0,0.0,2.0,,5.8,1
6.2,56.0,42.6,6.0,15.0,1.0,1.0,5.4,4.1,1
4.2,67.4,34.7,7.4,6.0,0.0,2.0,9.0,4.9,0
7.3,37.4,56.8,9.4,1.0,1.0,2.0,7.5,3.5,1
0.3,88.6,29.6,7.4,7.0,0.0,1.0,3.3,2.8,0
7.8,59.7,38.4,6.8,5.0,0.0,1.0,5.8,1.4,1
4.5,81.1,82.4,8.9,10.0,1.0,2.0,3.5,0.4,1
7.4,31.7,,5.3,14.0,0.0,0.0,7.9,3.2,0
2.9,35.9,76.7,9.9,17.0,1.0,2.0,5.9,2.0,1
4.4,87.0,30.0,4.8,2.0,1.0,0.0,3.9,1.2,0
7.0,57.8,66.8,6.4,17.0,0.0,1.0,2.5,3.0,1
4.4,50.3,31.6,6.0,19.0,1.0,1.0,7.0,6.6,0
3.9,67.5,30.9,5.6,3.0,0.0,0.0,8.3,5.5,0
7.7,72.3,21.5,7.5,3.0,0.0,0.0,6.1,7.4,0
5.2,54.6,32.1,5.7,12.0,1.0,1.0,8.7,0.1,0
6.5,89.8,33.8,6.9,8.0,1.0,2.0,6.6,3.9,1
1.0,31.5,56.3,5.4,17.0,1.0,0.0,4.9,1.9,0
8.7,47.2,93.9,8.9,13.0,1.0,2.0,3.0,6.6,1
9.4,83.6,21.6,7.9,6.0,0.0,0.0,5.6,0.4,1
7.0,79.0,90.2,8.9,1.0,1.0,2.0,4.5,3.8,1
2.4,80.1,83.2,8.5,13.0,1.0,1.0,3.0,6.4,0
2.3,81.0,41.9,5.0,6.0,0.0,2.0,5.8,7.0,0
10.0,47.8,48.1,6.6,4.0,0.0,0.0,10.0,5.6,1
3.5,62.2,36.3,6.7,15.0,1.0,2.0,7.8,3.7,1
9.1,45.3,56.6,8.2,7.0,1.0,1.0,6.3,4.2,1
9.4,32.5,27.4,5.5,6.0,1.0,0.0,7.5,2.0,1
4.8,58.7,74.3,5.2,12.0,0.0,0.0,1.8,3.7,1
6.4,81.8,29.4,8.3,5.0,0.0,2.0,5.3,5.8,0
8.0,43.4,24.2,9.9,4.0,1.0,2.0,7.0,7.0,0
5.4,32.1,45.6,7.1,7.0,1.0,0.0,9.4,7.4,0
9.6,35.6,70.9,4.7,6.0,0.0,1.0,8.4,5.5,1
4.8,56.5,54.2,5.3,0.0,0.0,0.0,1.3,5.6,0
6.5,48.1,26.9,6.4,17.0,1.0,0.0,7.0,0.8,0
1.8,64.8,56.6,7.4,0.0,0.0,1.0,4.7,0.7,0
1.2,98.4,78.8,8.4,17.0,,0.0,7.6,6.5,1
9.0,41.2,86.7,8.0,6.0,1.0,1.0,2.3,1.2,1
0.6,36.4,80.9,9.3,2.0,0.0,2.0,4.2,4.4,0
0.1,36.5,20.4,9.8,17.0,1.0,1.0,2.1,5.4,0
3.0,81.1,33.5,4.2,15.0,0.0,,3.0,6.4,0
0.7,47.3,55.4,8.5,5.0,0.0,1.0,1.2,4.5,0
0.5,96.9,72.1,4.2,19.0,0.0,1.0,3.9,3.1,0
1.2,35.4,53.9,5.5,10.0,1.0,1.0,2.8,6.5,0
4.4,31.8,89.3,8.4,8.0,0.0,2.0,7.9,1.3,1
,68.5,40.6,6.8,18.0,0.0,2.0,5.3,5.3,1
0.9,92.6,55.5,9.4,14.0,1.0,1.0,5.8,4.6,0
9.6,37.7,30.7,9.5,17.0,1.0,2.0,7.4,2.0,1
7.8,55.6,73.9,7.5,13.0,0.0,0.0,3.8,1.3,1
9.5,58.8,27.5,8.3,8.0,1.0,2.0,8.4,5.1,1
4.3,54.1,45.4,7.3,8.0,0.0,0.0,6.1,3.8,0
4.2,34.2,46.3,6.5,4.0,0.0,0.0,3.7,0.5,0
8.0,98.9,82.6,9.5,4.0,1.0,2.0,2.7,0.5,1
4.6,94.2,92.7,5.8,14.0,0.0,0.0,1.8,0.3,1
8.7,95.8,92.1,7.6,18.0,1.0,2.0,1.8,,1
1.5,53.4,77.3,9.1,18.0,1.0,0.0,1.1,1.2,1
9.8,49.5,73.1,8.2,17.0,0.0,1.0,9.7,6.3,1
1.6,58.3,56.8,8.3,13.0,1.0,0.0,2.7,7.2,0
2.6,39.3,,5.1,15.0,0.0,1.0,8.7,5.3,0
8.7,61.8,79.8,8.8,4.0,0.0,0.0,9.9,1.3,1
3.6,74.5,24.0,7.0,2.0,1.0,0.0,8.1,5.1,0
1.2,34.9,47.0,6.3,19.0,1.0,0.0,3.6,0.7,0
9.7,33.5,40.3,9.7,6.0,1.0,0.0,8.1,0.4,0
3.5,69.4,58.9,5.4,2.0,1.0,2.0,9.6,3.8,0
,85.6,31.5,9.1,,0.0,0.0,1.7,2.1,0
7.1,71.6,42.5,9.1,7.0,0.0,2.0,3.7,6.7,1
4.7,55.0,24.0,7.0,16.0,1.0,0.0,8.8,0.7,0
4.1,95.5,43.1,6.5,5.0,0.0,1.0,6.2,0.9,0
2.1,71.2,36.5,4.3,12.0,0.0,2.0,3.8,2.4,0
9.4,70.2,44.0,8.5,15.0,0.0,1.0,1.6,2.2,1
4.5,39.1,43.9,7.2,17.0,0.0,2.0,9.5,3.1,0
9.0,54.3,92.7,7.9,2.0,0.0,1.0,9.9,2.5,1
5.6,73.4,61.0,4.7,15.0,1.0,0.0,6.2,5.4,0
4.1,72.1,72.0,6.4,,1.0,0.0,2.3,7.9,0
6.0,44.4,79.8,8.1,5.0,0.0,1.0,6.8,2.8,1
3.5,59.0,49.4,7.4,2.0,1.0,0.0,7.1,7.1,1
1.4,80.8,82.3,6.7,7.0,0.0,1.0,6.9,2.9,1
6.7,61.7,28.1,,8.0,0.0,1.0,1.6,6.0,0
6.1,56.7,65.0,6.8,17.0,1.0,0.0,6.4,3.1,1
5.3,,37.9,5.6,11.0,1.0,0.0,6.7,7.3,0
9.7,,68.9,8.0,11.0,1.0,2.0,7.6,5.9,1
1.7,45.8,35.5,8.7,11.0,0.0,2.0,1.1,3.2,0
4.3,41.6,69.4,7.8,19.0,0.0,1.0,2.3,1.8,0
3.3,94.9,73.7,4.2,2.0,0.0,0.0,4.9,5.6,0
6.5,80.6,92.7,6.8,14.0,1.0,0.0,8.9,5.2,1
5.8,57.2,89.8,7.8,8.0,0.0,0.0,7.7,0.2,1
8.7,63.5,43.1,5.1,7.0,0.0,1.0,3.5,2.4,0
7.7,78.0,20.8,5.3,10.0,0.0,1.0,3.5,3.7,0
8.7,69.9,24.6,8.6,7.0,0.0,0.0,6.2,4.7,0
6.0,98.3,79.4,6.0,6.0,0.0,2.0,8.5,2.7,1
5.3,79.4,39.5,6.3,14.0,0.0,0.0,4.0,0.7,0
6.3,92.7,30.0,8.2,0.0,1.0,0.0,5.8,4.1,0
4.0,30.0,47.5,8.5,16.0,1.0,1.0,3.9,0.3,1
9.8,80.2,75.8,6.5,12.0,1.0,0.0,4.2,2.9,1
9.7,76.6,53.3,,11.0,1.0,0.0,9.6,3.3,1
7.7,93.4,31.9,8.4,11.0,1.0,1.0,1.6,7.5,0
2.6,86.9,30.4,8.3,11.0,1.0,1.0,1.7,0.2,1
6.5,58.0,74.4,6.7,8.0,1.0,2.0,4.4,7.2,1
7.3,91.8,43.0,5.7,4.0,0.0,1.0,3.0,6.6,0
,71.4,70.5,5.8,2.0,1.0,1.0,1.3,3.0,0
5.6,70.2,67.4,8.9,17.0,1.0,0.0,9.5,5.1,0
0.5,84.7,80.7,4.9,15.0,1.0,2.0,4.2,5.4,1
6.9,76.5,88.0,5.5,11.0,0.0,0.0,3.4,6.7,1
4.0,75.3,57.1,9.8,8.0,1.0,0.0,1.2,6.3,0
6.8,33.5,85.5,8.3,0.0,1.0,0.0,2.8,0.7,1
9.0,57.4,87.8,7.8,12.0,0.0,0.0,8.4,6.5,1
7.6,30.1,62.6,4.1,0.0,1.0,1.0,8.2,8.0,0
7.1,76.3,34.6,7.4,12.0,0.0,1.0,7.4,7.9,0
7.5,52.7,56.0,8.3,11.0,0.0,2.0,4.1,3.9,1
5.5,91.9,35.1,7.1,10.0,0.0,2.0,7.5,0.0,0
4.8,96.3,47.0,5.8,8.0,0.0,0.0,4.2,3.6,1
4.5,94.2,30.5,9.5,7.0,1.0,0.0,3.7,7.3,0
9.3,57.6,85.1,7.1,1.0,0.0,0.0,9.0,3.9,1
3.6,46.2,94.3,,6.0,1.0,1.0,7.8,1.0,1
7.2,39.0,45.6,8.3,0.0,1.0,2.0,3.7,5.2,1
3.6,45.8,53.0,,12.0,0.0,0.0,2.9,2.2,0
8.8,54.2,93.8,5.4,17.0,0.0,2.0,6.3,5.3,1
7.5,95.9,93.4,7.7,11.0,1.0,1.0,3.0,2.7,1
4.0,,32.8,8.6,5.0,0.0,0.0,1.0,2.6,0
9.9,89.6,73.7,7.9,3.0,1.0,0.0,2.0,7.4,1
2.6,45.1,67.6,4.3,19.0,1.0,0.0,2.2,1.5,1
0.2,71.3,79.4,9.7,14.0,0.0,0.0,7.6,4.9,1
4.2,60.5,48.8,9.8,5.0,0.0,2.0,1.0,7.3,0
4.6,41.5,45.0,4.8,14.0,1.0,1.0,9.8,3.7,0
0.8,34.1,55.0,9.3,4.0,1.0,2.0,9.3,3.3,0
4.8,52.3,85.0,9.1,10.0,0.0,2.0,1.3,5.2,1
5.6,30.2_err,82.9,6.7,9.0,1.0,1.0,7.6,5.7,1
4.0,70.6,49.5,6.6,16.0,1.0,1.0,6.9,2.8,0
4.5,99.3,74.3,5.7,15.0,0.0,1.0,3.0,2.6,1
3.3,85.6,78.7,9.4,4.0,0.0,1.0,9.9,2.9,1
6.7,90.6,73.3,4.8,14.0,1.0,2.0,8.2,1.0,1
1.5,70.5,64.5,6.6,6.0,1.0,2.0,3.5,3.6,0
1.9,59.9,48.1,5.2,7.0,1.0,1.0,8.9,1.0,0
6.5,89.5,79.2,7.4,12.0,0.0,2.0,,7.1,1
4.8,51.9,76.1,6.8,9.0,0.0,0.0,1.6,6.9,0
9.5,48.3,39.0,9.0,12.0,0.0,1.0,3.8,7.4,0
5.7,45.7,72.8,7.9,19.0,0.0,0.0,7.8,4.4,1
4.7,81.8,22.9,9.8,8.0,0.0,0.0,8.3,1.6,0
4.3,62.0,40.9,8.3,14.0,1.0,2.0,9.4,7.8,0
5.6,53.5,87.4,10.0,2.0,0.0,2.0,8.6,7.4,1
0.8,42.1,48.8,6.1,13.0,1.0,0.0,5.0,6.6,0
7.7,75.8,46.4,4.4,12.0,1.0,2.0,2.9,1.9,1
8.9,68.3,35.4,5.9,1.0,0.0,0.0,7.1,6.2,0
5.1,58.3,59.3,7.1,,0.0,0.0,1.4,2.0,0
9.9,74.0,75.3,7.7,8.0,1.0,1.0,5.0,4.7,1
0.8,86.0,73.4,8.1,17.0,1.0,2.0,3.1,7.6,0
6.3,45.9,61.3,8.5,19.0,1.0,2.0,1.3,,1
8.3,83.2,66.8,9.4,11.0,0.0,0.0,,0.9,1
3.6,34.5,51.6,5.0,13.0,0.0,1.0,5.4,2.0,1
5.5,81.2,70.1,4.9,14.0,0.0,2.0,1.1,,1
0.7,49.4,39.1,7.9,1.0,0.0,2.0,8.1,2.1,0
7.9,67.0,88.2,9.0,18.0,1.0,1.0,6.4,2.9,1
5.8,70.7,26.0,4.2,11.0,,2.0,5.7,6.4,0
1.7,94.5,67.8,7.4,18.0,0.0,0.0,5.4,7.9,0
2.8,69.6,20.8,6.0,3.0,0.0,2.0,8.6,0.8,0
0.1,59.7,78.9,4.9,4.0,0.0,2.0,9.1,1.1,0
3.4,92.1,67.6,4.6,8.0,0.0,1.0,8.5,0.0,1
2.0,72.8,65.4,8.7,3.0,0.0,0.0,7.7,7.6,0
6.4,39.5,33.5,6.7,10.0,0.0,2.0,4.5,2.5,0
4.3,68.2,44.2,7.0,18.0,1.0,2.0,4.9,4.8,1
3.2,38.3,51.1,6.9,12.0,0.0,0.0,3.8,0.6,0
5.4,67.2,65.5,8.1,19.0,1.0,1.0,2.5,0.8,1
4.1,48.7,79.6,6.0,16.0,0.0,2.0,1.2,7.3,1
6.3,70.6,26.7,5.1,9.0,1.0,2.0,1.2,3.7,0
8.8,79.1,82.1,4.8,11.0,0.0,0.0,7.1,0.5,1
4.4,96.7,82.7,7.4,7.0,0.0,1.0,8.8,2.4,1
6.5,55.2,47.4,9.5,17.0,0.0,1.0,,1.3,1
8.1,67.9,60.4,6.3,3.0,1.0,0.0,2.7,5.9,1
7.3,41.1,35.7,5.6,19.0,0.0,,9.7,1.4,1
4.6,76.8,64.3,5.0,8.0,1.0,1.0,,6.2,1
1.9,53.8,40.9,6.1,6.0,1.0,2.0,1.4,7.0,0
4.1,56.2,35.5,8.1,16.0,0.0,1.0,7.8,7.0,0
9.8,51.6,92.9,4.8,4.0,0.0,0.0,6.2,0.3,1
8.3,54.3,89.0,9.8,16.0,1.0,2.0,,3.0,1
8.9,75.7,42.5,5.3,16.0,0.0,2.0,2.7,7.3,0
4.3,97.1,60.8,4.9,2.0,0.0,1.0,2.8,7.1,0
,60.9,67.7,8.3,13.0,0.0,0.0,2.0,1.9,0
5.0,50.0,40.7,5.2,4.0,1.0,0.0,7.6,6.8,0
3.5,40.1,82.2,8.2,12.0,0.0,0.0,7.0,1.8,1
5.1,31.5,32.4,7.7,7.0,1.0,0.0,9.8,5.3,0
3.6,91.1,60.6,6.3,0.0,0.0,0.0,4.3,3.8,0
7.2,62.5,85.1,7.5,2.0,0.0,1.0,5.2,7.1,1
1.7,42.8,85.2,6.7,10.0,0.0,2.0,1.2,2.1,1
0.6,46.2,78.1,6.6,14.0,1.0,1.0,4.5,0.6,1
,92.6,31.2,8.7,14.0,0.0,0.0,4.1,0.5,1
1.2,85.4,74.1,6.7,7.0,1.0,2.0,3.4,2.1,1
1.4,92.1,83.8,6.5,17.0,0.0,2.0,3.9,1.2,1
9.1,83.2,26.8,7.1,7.0,1.0,1.0,7.7,1.9,1
1.3,47.5,21.6,9.5,17.0,1.0,1.0,4.4,,0
9.4,55.7,86.8,5.3,3.0,0.0,0.0,4.8,2.3,1
6.4,85.0,49.4,4.8,11.0,1.0,0.0,1.6,7.3,0
5.8,51.8,20.2,4.8,10.0,0.0,1.0,6.8,7.9,0
8.2,88.0,90.9,5.4,10.0,0.0,0.0,3.4,0.0,1
9.7,59.5,46.3,8.5,,0.0,2.0,4.4,6.1,0
3.5,68.6,69.1,4.2,9.0,0.0,0.0,1.4,0.6,0
8.7,33.5,65.0,7.5,17.0,0.0,2.0,8.9,5.5,1
6.2,58.7,78.2,8.5,13.0,1.0,1.0,9.3,6.0,1
1.5,86.9,61.6,6.5,18.0,0.0,2.0,4.8,1.5,1
1.0,94.8,63.9,9.6,11.0,1.0,0.0,8.4,7.8,0
0.4,90.4,39.4,4.9,11.0,0.0,0.0,6.1,3.1,0
5.8,84.8,48.4,6.5,11.0,0.0,2.0,6.6,5.7,1
2.7,40.7,21.5,9.7,3.0,1.0,1.0,6.1,1.8,0
7.6,63.5,60.8,4.3,11.0,1.0,1.0,3.4,5.3,0
5.3,30.5,48.6,6.1,10.0,0.0,0.0,2.2,5.6,0
0.9,78.4,54.4,8.4,10.0,0.0,1.0,1.2,4.2,0
8.8,78.2,91.9,7.6,18.0,1.0,0.0,7.8,7.0,1
8.8,55.3,51.0,4.5,6.0,1.0,0.0,5.7,5.2,0
7.1,41.7,93.2,6.6,13.0,1.0,0.0,9.4,0.3,1
3.1,43.3,38.5,8.4,19.0,0.0,,4.8,1.2,0
4.9,77.2,25.9,7.0,9.0,0.0,1.0,1.7,3.0,0
6.3,92.6,84.7,9.6,13.0,1.0,0.0,1.2,7.6,1
7.6,77.2,22.3,4.1,18.0,0.0,1.0,5.8,2.6,1
6.1,62.6,59.0,8.0,5.0,0.0,1.0,6.5,7.8,1
0.0,36.5,57.2,4.4,3.0,0.0,1.0,2.3,1.5,0
4.4,75.0,81.3,5.2,5.0,0.0,1.0,3.3,7.7,0
9.5,81.3,50.8,4.9,10.0,1.0,2.0,8.8,6.2,1
5.8,83.5,73.0,9.7,12.0,1.0,2.0,4.3,3.6,1
0.5,,77.4,6.2,4.0,0.0,1.0,6.7,7.4,0
6.5,71.3,50.8,5.1,17.0,1.0,1.0,2.3,0.6,1
8.1,73.2,74.1,7.2,10.0,1.0,0.0,7.5,0.9,1
9.6,39.8,54.7,8.7,3.0,0.0,0.0,9.1,0.3,1
8.0,92.8,46.8,7.3,3.0,0.0,2.0,6.2,1.7,1
8.0,80.8,93.7,8.0,12.0,1.0,2.0,9.4,6.3,1
2.0,76.7,93.8,7.3,3.0,1.0,0.0,8.2,6.5,1
6.2,51.8,77.5,6.1,12.0,0.0,2.0,9.1,5.7,1
7.1,36.3,91.2,7.2,14.0,0.0,2.0,5.6,1.7,1
2.2,67.9,58.8,9.8,11.0,0.0,2.0,4.0,5.7,0
1.4,49.1,66.9,9.3,18.0,0.0,2.0,8.0,0.6,0
2.9,66.3,74.3,5.1,4.0,0.0,0.0,9.8,4.0,0
1.6,61.5,36.2,5.3,13.0,0.0,2.0,4.4,4.3,0
6.7,93.1,26.1,5.9,8.0,0.0,1.0,9.6,3.7,0
4.2,63.2,59.9,6.2,10.0,0.0,2.0,9.3,3.0,0
0.8,62.1,80.5,8.7,19.0,1.0,1.0,3.1,2.1,1
0.7,30.8,,8.0,17.0,1.0,2.0,9.5,7.3,0
9.9,69.1,94.5,6.4,0.0,1.0,0.0,5.4,2.5,1
1.0,96.2,21.0,7.7,1.0,1.0,0.0,1.8,1.4,0
1.4,44.1,73.6,8.2,14.0,0.0,0.0,7.2,2.6,0
0.5,47.0,86.3,9.6,19.0,0.0,0.0,6.8,1.0,1
5.1,85.1,30.5,4.2,18.0,1.0,2.0,1.6,7.3,0
7.8,75.9,24.9,9.6,6.0,0.0,0.0,,3.0,1
8.2,59.5,35.2,6.8,5.0,1.0,2.0,3.3,7.4,0
4.1,45.2,81.5,5.2,3.0,0.0,0.0,2.0,2.7,0
7.3,60.5,46.8,5.4,15.0,0.0,2.0,4.7,1.2,1
9.6,92.4,79.6,7.5,16.0,1.0,0.0,5.7,1.6,1
8.2,46.9,49.3,8.2,17.0,0.0,1.0,3.8,3.1,1
7.2,96.3,60.1,6.6,18.0,0.0,1.0,1.6,3.1,1
7.7,85.9,88.1,6.2,16.0,1.0,0.0,6.3,1.8,1
7.2,73.5,69.0,5.0,3.0,1.0,0.0,1.6,0.4,1
5.8,44.2,70.7,4.2,15.0,0.0,1.0,6.0,6.0,1
2.9,85.7,92.3,6.7,18.0,0.0,2.0,2.9,7.7,1
9.4,78.5,45.9,7.1,19.0,1.0,0.0,7.4,7.1,1
1.4,67.7,72.4,7.0,9.0,0.0,0.0,2.9,7.2,0
1.9,48.8,62.8,8.0,4.0,0.0,2.0,6.1,6.2,0
5.5,57.2,23.2,5.0,13.0,1.0,0.0,2.1,3.3,0
2.7,67.3,57.1,6.2,8.0,1.0,0.0,3.6,4.6,1
1.5,90.9,49.3,,18.0,0.0,1.0,6.0,1.7,0
6.3,71.7,56.9,9.2,13.0,1.0,2.0,2.9,1.1,1
1.4,46.0,77.9,4.0,1.0,0.0,1.0,2.9,8.0,0
4.6,89.1,78.4,4.5,18.0,0.0,1.0,6.7,6.0,1
4.0,97.5,26.4,5.5,19.0,1.0,0.0,4.3,1.8,0
0.6,70.7,45.0,6.1,1.0,0.0,0.0,3.2,0.5,0
4.2,84.9,52.1,4.6,,,1.0,9.6,2.3,1
5.2,37.4,63.2,5.6,12.0,0.0,0.0,4.0,7.0,0
3.7,56.1,27.5,4.1,10.0,1.0,0.0,7.7,7.6,0
1.7,96.9,46.1,8.7,19.0,1.0,0.0,6.7,0.6,1
7.1,91.1,34.7,4.9,2.0,1.0,1.0,4.2,2.8,0
9.0,79.6,42.5,4.8,5.0,0.0,0.0,8.0,0.1,1
7.6,94.5,50.8,8.9,11.0,1.0,1.0,6.1,2.2,1
8.1,94.9,53.0,5.1,7.0,1.0,2.0,9.8,3.1,1
2.5,35.4,63.3,9.1,1.0,1.0,2.0,9.9,7.6,0
5.9,89.9,55.8,6.9,13.0,0.0,1.0,5.3,2.3,1
2.6,58.4,74.6,4.4,15.0,0.0,0.0,6.6,1.6,1
5.2,49.4,45.2,5.8,13.0,1.0,,5.8,1.5,1
1.6,96.7,68.4,9.6,4.0,1.0,0.0,2.4,4.1,0
6.0,92.2,66.2,7.6,1.0,1.0,1.0,8.5,0.6,1
3.1,49.7,82.3,9.8,2.0,1.0,0.0,6.0,7.8,0
4.6,39.2,63.0,7.2,10.0,1.0,0.0,2.8,2.6,0
2.4,65.8,42.2,4.9,16.0,0.0,0.0,5.5,3.7,0
5.5,93.1,81.2,9.5,7.0,0.0,2.0,7.2,1.0,1
5.2,69.8,76.8,9.4,6.0,1.0,2.0,6.6,5.6,1
3.4,92.9,38.2,8.4,4.0,0.0,2.0,4.7,5.3,0
3.1,44.4,65.9,4.7,13.0,0.0,1.0,8.8,0.4,0
0.8,49.3,21.7,4.4,19.0,1.0,0.0,3.1,4.4,0
3.0,84.2,77.0,6.3,15.0,0.0,1.0,2.7,4.5,1
4.2,66.1,28.6,8.3,19.0,0.0,2.0,4.1,1.1,0
6.8,57.4,,5.9,10.0,0.0,2.0,9.7,1.2,1
0.4,49.5,33.2,6.7,2.0,1.0,2.0,4.3,0.2,0
0.7,32.9,38.5,5.0,12.0,1.0,1.0,7.7,5.5,0
5.3,87.0,84.8,,4.0,1.0,0.0,1.0,7.4,1
3.0,52.4,48.4,9.5,19.0,0.0,0.0,5.2,7.1,0
0.5,43.8,70.5,7.3,10.0,0.0,1.0,9.1,5.3,0
9.0,92.4,75.0,8.1,7.0,1.0,,6.6,5.7,1
2.9,46.4,44.8,6.7,6.0,0.0,0.0,9.2,2.4,0
3.4,72.1,49.5,6.8,12.0,1.0,2.0,8.6,0.4,0
6.4,74.7,37.9,9.7,6.0,1.0,1.0,4.0,1.4,0
0.5,81.4,66.8,7.9,10.0,0.0,0.0,7.9,3.9,0
7.0,71.5,83.5,4.2,13.0,0.0,2.0,4.7,7.0,1
3.8,93.1,90.7,9.2,17.0,0.0,0.0,8.2,6.4,1
9.6,94.7,59.2,8.5,7.0,0.0,1.0,3.0,2.4,1
4.5,51.9,86.2,7.7,11.0,1.0,2.0,6.8,5.7,1
7.5,37.6,92.7,7.5,12.0,1.0,1.0,1.9,5.7,1
1.4,44.3,26.6,5.7,18.0,0.0,,7.5,2.5,0
2.6,46.1,90.0,4.4,15.0,0.0,2.0,,6.9,1
9.3,100.0,55.5,4.7,19.0,0.0,2.0,6.6,1.1,1
7.2,57.4,23.2,6.4,,1.0,1.0,5.1,7.2,0
4.8,88.1,,9.0,9.0,1.0,2.0,3.1,3.7,1
6.5,33.6,61.3,4.9,15.0,1.0,2.0,7.8,3.1,1
6.1,,79.6,5.9,13.0,1.0,0.0,4.9,4.9,1
7.5,89.4,46.7,6.4,16.0,1.0,0.0,5.7,7.2,1
1.1,85.2,29.6,9.1,6.0,1.0,2.0,4.4,3.7,0
0.3,45.8,77.8,7.9,1.0,0.0,2.0,1.1,2.9,0
0.4,41.2,39.3,9.6,0.0,0.0,1.0,5.1,2.0,0
8.2,97.6,30.2,4.5,3.0,1.0,1.0,8.3,0.7,1
5.7,39.7,27.2,5.2,5.0,0.0,2.0,3.1,0.7,0
5.6,83.1,51.4,9.7,13.0,0.0,1.0,2.9,3.7,0
,38.4,51.4,4.5,17.0,0.0,1.0,7.8,1.4,0
5.0,45.2,66.5,4.7,17.0,0.0,2.0,1.2,5.0,1
3.2,67.1,73.6,8.3,1.0,0.0,2.0,8.9,1.5,1
3.3,50.7,24.0,6.6,8.0,1.0,1.0,1.1,7.3,0
7.9,45.7,34.9,6.1,2.0,1.0,1.0,4.7,2.1,0
6.1,42.6,76.7,7.3,18.0,0.0,0.0,6.3,0.2,1
2.4,41.3,57.7,7.7,10.0,0.0,2.0,4.9,7.2,0
5.8,75.3,77.7,7.4,18.0,0.0,0.0,1.0,,1
2.9,92.1,35.6,9.1,7.0,0.0,0.0,8.0,1.0,0
7.1,86.7,61.5,4.4,8.0,1.0,0.0,,5.5,1
1.2,98.9,45.1,8.2,18.0,1.0,2.0,,7.8,0
7.6,62.9,50.2,4.4,8.0,0.0,1.0,3.0,3.8,1
7.2,60.2,56.3,7.4,18.0,0.0,2.0,5.8,4.2,1
5.5,52.5,88.6,7.2,6.0,0.0,1.0,6.3,3.9,1
,57.5,72.9,9.8,4.0,0.0,0.0,1.2,2.4,1
0.9,70.1,46.8,7.3,19.0,0.0,,8.0,6.6,0
0.1,61.4,66.7,7.8,19.0,1.0,,4.2,2.4,0
4.2,74.5,55.2,7.6,7.0,1.0,2.0,9.9,5.4,0
8.5,90.8,83.8,7.7,5.0,0.0,2.0,2.0,2.0,1
6.6,44.0,34.0,5.6,7.0,0.0,1.0,4.1,2.0,0
7.1,60.8,36.8,9.9,0.0,1.0,0.0,8.4,6.3,0
8.8,35.9,66.3,6.7,5.0,0.0,2.0,7.2,2.5,1
9.6,61.1,52.5,4.0,7.0,0.0,0.0,2.1,0.1,1
9.2,34.2,50.8,4.8,3.0,1.0,2.0,5.5,3.8,0
0.8,81.6,89.9,6.1,9.0,0.0,1.0,4.7,2.7,1
0.8,53.8,42.2,8.2,2.0,1.0,0.0,8.8,4.1,0
0.8,54.6,86.3,8.9,9.0,1.0,2.0,8.8,2.1,1
7.3,58.4,48.6,9.5,5.0,0.0,2.0,6.1,6.0,0
1.2,60.3,64.4,7.4,11.0,1.0,2.0,8.7,0.5,1
0.4,38.7,27.2,6.8,7.0,0.0,0.0,4.9,7.1,0
7.5,66.6,23.9,9.0,1.0,0.0,0.0,8.0,3.6,0
9.2,88.1,41.1,7.6,10.0,1.0,2.0,9.0,2.9,1
,94.2,38.8,6.6,13.0,0.0,1.0,8.7,0.2,0
8.2,85.0,67.6,7.8,,1.0,0.0,3.6,5.4,1
4.8,96.9,26.2,4.3,8.0,0.0,0.0,3.8,5.4,0
3.7,30.3,76.9,8.4,11.0,0.0,1.0,3.5,2.5,1
7.0,70.0,76.7,7.6,8.0,0.0,2.0,4.3,7.7,1
9.5,30.1,34.6,4.1,7.0,1.0,0.0,6.1,6.1,0
7.8,58.0,70.9,8.7,7.0,1.0,2.0,3.1,1.7,1
4.6,96.0,24.4,5.5,11.0,,2.0,5.6,5.8,0
8.3,,32.9,4.8,18.0,0.0,1.0,4.1,4.2,1
6.5,,66.2,5.9,0.0,1.0,0.0,9.1,7.3,1
8.9,45.3,59.6,8.2,15.0,0.0,1.0,1.3,5.9,1
6.6,84.9,27.8,4.0,8.0,0.0,1.0,7.7,5.1,0
2.1,61.2,77.7,9.2,1.0,1.0,2.0,6.0,8.0,0
6.1,89.3,47.0,7.1,14.0,0.0,2.0,4.7,0.2,1
2.9,58.6,69.6,6.5,14.0,0.0,2.0,2.2,3.3,0
1.2,85.3,69.3,9.9,15.0,1.0,0.0,9.6,5.1,1
0.6,75.5,72.8,8.2,7.0,0.0,2.0,8.3,7.9,0
5.5,56.0,63.3,5.0,4.0,0.0,2.0,4.0,1.1,1
0.3,75.6,63.4,9.5,7.0,1.0,,1.4,5.6,0
4.3,47.0,65.2,8.4,6.0,0.0,0.0,7.2,2.1,1
3.7,40.7,60.0,,9.0,0.0,1.0,6.9,4.9,0
1.9,34.9,54.3,6.9,13.0,0.0,0.0,3.8,2.6,0
6.0,95.5,53.9,9.4,,0.0,,7.6,1.1,1
6.2,84.8,60.1,5.0,10.0,0.0,1.0,4.5,5.2,0
6.2,60.5,41.7,8.7,9.0,1.0,0.0,5.3,3.9,1
8.2,30.4,74.2,5.4,8.0,0.0,1.0,6.2,3.6,1
2.7,72.6,32.0,7.9,12.0,1.0,1.0,9.1,2.0,0
9.9,40.7,26.7,9.3,7.0,0.0,2.0,9.5,1.8,1
9.0,42.1,90.2,4.4,4.0,0.0,0.0,6.7,2.9,1
4.6,48.1,21.0,7.1,3.0,0.0,2.0,2.3,6.1,0
2.2,93.1,23.9,9.6,15.0,1.0,2.0,6.0,0.9,0
5.8,91.2,42.9,6.1,8.0,1.0,1.0,3.6,6.6,0
1.4,42.1,72.5,9.6,4.0,1.0,0.0,3.4,5.1,0
5.6,35.5,51.0,5.4,13.0,0.0,2.0,9.4,7.4,0
8.4,64.7,30.0,6.8,,1.0,1.0,7.9,6.0,0
9.2,52.3,68.5,7.2,5.0,0.0,2.0,5.3,3.4,1
2.0,97.2,88.5,7.1,3.0,0.0,0.0,5.0,2.9,1
4.7,38.1,90.4,9.3,2.0,1.0,0.0,5.7,6.8,1
9.7,47.6,82.6,6.7,4.0,1.0,1.0,9.4,3.3,1
1.8,45.1,20.7,6.9,13.0,0.0,2.0,6.7,1.2,0
3.3,77.8,65.9,9.3,7.0,0.0,2.0,2.3,4.5,0
1.9,34.6,24.8,9.3,11.0,0.0,1.0,5.1,8.0,0
6.7,52.4,66.7,7.0,11.0,1.0,1.0,5.6,2.2,1
8.4,36.7,36.2,6.6,8.0,0.0,2.0,9.2,4.3,1
,87.9,68.1,6.2,0.0,0.0,,5.9,1.3,0
7.9,69.8,74.6,9.4,12.0,1.0,0.0,1.5,4.5,1
3.7,75.8,61.1,9.3,,0.0,1.0,6.0,0.5,0
1.9,56.8,54.7,6.1,17.0,0.0,1.0,7.6,3.2,0
6.6,84.2,73.2,5.2,7.0,0.0,1.0,9.2,4.0,1
6.5,70.0,67.6,7.3,4.0,0.0,1.0,5.2,3.9,1
,41.1,54.1,8.2,16.0,1.0,1.0,4.5,6.6,1
2.5,76.6,69.8,7.5,12.0,0.0,1.0,5.1,6.1,1
8.0,75.4,60.1,5.5,18.0,1.0,1.0,6.6,5.6,1
1.9,56.7,59.6,4.2,8.0,0.0,2.0,8.0,7.6,0
3.9,48.7,83.3,7.4,16.0,0.0,0.0,2.5,7.5,0
4.4,76.2,51.8,5.7,18.0,0.0,1.0,5.2,5.5,1
6.2,64.3,25.6,8.5,7.0,0.0,2.0,6.0,6.4,0
0.6,62.1,89.1,4.3,8.0,0.0,0.0,6.9,4.9,0
6.8,66.8,20.8,9.6,19.0,1.0,1.0,1.2,7.0,1
9.4,95.9,33.6,4.4,19.0,1.0,0.0,1.9,1.7,1
0.4,78.5,28.0,5.8,6.0,0.0,0.0,3.9,7.9,0
5.4,69.4,61.0,4.9,5.0,0.0,2.0,9.1,7.1,0
5.2,76.2,92.0,9.9,12.0,1.0,2.0,6.1,6.7,1
1.5,76.7,60.7,4.0,13.0,0.0,1.0,9.1,5.1,0
5.8,45.8,36.2,5.0,14.0,1.0,0.0,6.0,7.5,0
4.9,66.7,92.5,5.0,14.0,0.0,1.0,9.8,4.1,1
8.2,90.2,36.9,8.7,7.0,0.0,2.0,2.9,1.2,1
8.9,35.5,87.4,9.2,2.0,1.0,2.0,4.9,2.8,1
6.6,80.7,20.2,9.7,1.0,1.0,2.0,2.3,3.6,0
8.3,55.8,92.5,4.6,1.0,1.0,1.0,2.9,2.7,1
1.5,70.7,72.1,4.8,11.0,,0.0,4.4,4.1,0
5.1,87.7,20.3,10.0,16.0,0.0,0.0,1.7,1.7,0
1.8,66.6,89.3,4.3,4.0,0.0,0.0,6.2,3.3,1
1.0,49.1,79.2,7.7,9.0,0.0,2.0,1.2,7.0,0
1.0,82.3,83.9,5.4,9.0,0.0,2.0,3.7,,0
4.9,78.4,81.4,9.0,12.0,0.0,0.0,7.0,1.6,1
7.6,39.3,41.5,4.1,2.0,0.0,1.0,1.2,1.1,0
,59.6,43.5,4.8,3.0,0.0,0.0,7.3,7.5,1
1.3,,59.7,5.8,10.0,0.0,2.0,2.6,6.6,0
5.7,69.4,26.4,6.8,7.0,1.0,0.0,7.1,3.0,0
5.0,83.3,68.5,6.6,6.0,0.0,0.0,6.9,5.9,1
4.4,91.3,42.2,8.8,,1.0,1.0,4.1,3.7,1
5.5,50.9,32.0,4.7,14.0,1.0,2.0,3.3,0.8,0
3.8,85.8,23.0,8.1,14.0,0.0,2.0,9.6,5.7,0
4.7,52.5,44.4,8.1,13.0,0.0,2.0,5.1,4.2,0
2.2,94.1,21.1,10.0,9.0,0.0,0.0,2.3,6.8,0
8.9,33.4,87.3,7.8,6.0,1.0,2.0,2.2,3.6,1
2.0,63.8,,6.0,1.0,1.0,,7.0,3.2,0
7.2,78.0,25.3,6.0,15.0,0.0,0.0,9.8,2.0,1
5.9,80.1,32.7,7.9,11.0,0.0,0.0,5.0,3.0,0
8.1,44.5,28.4,7.8,13.0,0.0,1.0,2.5,1.6,1
8.8,61.1,92.2,8.3,,1.0,2.0,9.9,5.3,1
9.6,74.3,83.7,7.8,14.0,0.0,0.0,4.2,1.8,1
0.5,,36.2,5.1,15.0,0.0,0.0,1.2,6.4,0
2.7,54.4,67.9,6.7,4.0,1.0,1.0,9.0,2.9,1
6.9,94.4,52.6,5.4,10.0,1.0,2.0,5.0,0.8,1
8.9,38.9,,8.1,1.0,0.0,0.0,8.4,5.4,0
2.5,76.8,83.9,8.5,19.0,0.0,1.0,9.5,6.8,1
8.8,68.2,20.3,7.2,7.0,1.0,2.0,8.4,1.1,1
6.9,38.1,49.2,8.9,4.0,0.0,2.0,3.8,1.2,0
3.2,34.5,87.7,9.2,15.0,1.0,2.0,8.6,7.1,1
1.9,88.4,30.1,8.8,5.0,0.0,1.0,8.0,6.2,0
8.2,60.4,46.3,8.0,0.0,0.0,0.0,5.7,4.0,0
8.2,34.7,35.5,5.7,10.0,0.0,0.0,8.8,2.1,1
4.0,94.9,30.9,6.7,6.0,0.0,2.0,5.3,7.4,0
5.8,95.8,41.8,9.3,1.0,1.0,1.0,8.1,5.3,0
3.0,55.8,52.1,5.6,1.0,0.0,2.0,2.1,1.2,0
8.6,87.1,81.1,7.9,8.0,1.0,0.0,8.3,2.5,1
8.6,63.1,23.5,,10.0,1.0,1.0,3.7,,1
1.2,85.0,50.5,9.9,12.0,1.0,2.0,5.1,4.2,0
3.1,73.5,56.4,6.7,14.0,1.0,1.0,6.5,7.4,0
9.0,75.3,46.3,9.1,19.0,1.0,1.0,1.3,7.2,1
2.3,71.5,34.9,5.1,14.0,0.0,1.0,4.5,2.6,0
,71.5,42.5,7.5,12.0,1.0,1.0,7.0,7.7,0
6.0,51.2,84.5,8.9,17.0,0.0,1.0,8.9,1.9,1
9.8,75.1,78.6,4.1,19.0,1.0,0.0,7.0,4.8,1
0.3,91.0,53.4,6.2,7.0,1.0,0.0,6.6,0.0,0
9.2,45.6,34.5,8.3,11.0,0.0,2.0,6.3,5.6,1
2.9,40.2,89.4,5.1,11.0,0.0,2.0,4.0,6.6,0
1.3,92.9,35.4,9.9,16.0,1.0,2.0,8.3,1.8,0
6.0,41.2,90.7,9.4,9.0,1.0,0.0,4.5,2.3,1
0.3,98.6,81.9,7.8,16.0,0.0,1.0,5.0,1.2,1
7.7,73.6,32.7,5.3,3.0,0.0,0.0,4.4,7.8,0
8.9,66.7,59.2,7.9,16.0,1.0,0.0,5.6,6.5,1
7.2,79.3,23.5,7.9,3.0,0.0,1.0,1.2,1.8,0
3.7,49.4,93.2,7.9,10.0,1.0,0.0,2.9,2.2,1
2.7,90.8,59.4,5.5,0.0,0.0,2.0,8.5,6.8,0
4.9,88.3,20.5,7.3,14.0,1.0,0.0,7.0,2.6,0
4.0,47.6,40.5,5.2,10.0,0.0,0.0,3.5,6.4,0
7.3,45.1,36.3,4.8,19.0,0.0,0.0,4.0,3.9,0
8.4,43.1,68.7,6.2,15.0,1.0,1.0,4.1,6.0,1
1.8,43.4,39.5,4.8,0.0,0.0,2.0,,6.9,0
2.7,37.0,88.1,7.6,9.0,0.0,1.0,4.2,4.5,0
2.9,61.1,40.6,8.5,3.0,0.0,1.0,6.1,4.4,0
1.1,33.6,94.7,8.1,10.0,1.0,0.0,8.7,6.5,0
4.3,31.7,88.5,7.6,17.0,1.0,2.0,1.4,7.4,1
3.6,33.0,55.0,7.5,7.0,0.0,1.0,4.7,2.5,0
7.9,45.5,74.4,4.7,6.0,1.0,1.0,5.3,6.8,1
9.8,56.4,41.2,4.1,12.0,0.0,0.0,4.5,0.9,1
9.4,95.8,,8.0,19.0,0.0,2.0,6.7,4.7,1
3.9,36.9,90.5,9.7,19.0,1.0,2.0,7.5,,1
5.8,49.8,47.5,9.7,12.0,1.0,1.0,9.3,1.7,1
9.3,57.7,88.2,7.9,6.0,1.0,2.0,1.9,2.9,1
3.5,39.1,89.2,6.7,17.0,0.0,2.0,6.9,4.1,1
0.2,58.5,80.7,7.9,17.0,1.0,2.0,6.2,2.7,1
3.5,59.6,69.1,4.8,1.0,0.0,1.0,4.1,5.8,0
8.3,93.4,62.3,4.4,8.0,1.0,0.0,9.2,0.6,1
5.5,85.7,20.8,,15.0,0.0,0.0,3.2,6.3,0
3.5,56.2,45.2,9.9,10.0,0.0,2.0,8.4,0.9,0
2.6,54.2,34.8,8.8,18.0,1.0,0.0,2.5,2.1,0
4.5,76.0,58.6,6.2,6.0,0.0,0.0,7.0,4.4,1
1.3,33.4,43.2,9.2,15.0,0.0,1.0,,6.0,0
8.3,62.6,26.7,6.1,0.0,0.0,2.0,7.2,0.3,1
8.3,68.1,71.4,9.0,10.0,0.0,1.0,4.0,4.4,1
8.9,90.4,33.1,7.1,16.0,1.0,2.0,4.2,6.1,1
6.6,82.0,91.3,9.3,5.0,0.0,2.0,8.4,0.8,1
5.9,37.9,89.7,7.3,0.0,0.0,0.0,6.5,7.8,0
10.0,30.1,41.2,8.5,5.0,0.0,1.0,9.3,1.1,0
9.1,59.4,73.7,6.4,5.0,0.0,2.0,2.4,5.7,1
,31.1,33.2,7.7,10.0,1.0,2.0,8.5,0.8,0
4.0,78.8,86.0,6.0,16.0,1.0,2.0,2.1,6.6,1
0.3,57.0,70.8,6.6,6.0,0.0,0.0,8.9,6.1,0
0.4,91.1,91.7,5.1,11.0,1.0,0.0,1.2,5.8,1
1.7,97.8,,5.8,18.0,1.0,1.0,4.6,7.1,1
0.7,42.8,74.7,6.5,18.0,0.0,1.0,4.7,3.0,0
9.4,67.7,31.5,9.8,5.0,1.0,2.0,4.1,6.4,1
9.4,94.3,66.9,4.8,10.0,1.0,1.0,7.4,0.3,1
2.6,60.7,61.2,6.8,19.0,1.0,2.0,8.5,1.1,0
3.3,30.5,78.0,6.9,6.0,0.0,0.0,6.3,4.2,0
3.8,52.9,67.2,6.6,4.0,0.0,1.0,1.7,4.4,0
1.6,47.8,36.4,4.1,9.0,0.0,0.0,8.7,4.5,0
0.4,40.6,56.7,9.7,2.0,0.0,1.0,6.3,5.2,0
,60.1,82.0,7.1,12.0,1.0,2.0,6.9,6.5,0
5.9,92.2,52.9,,2.0,0.0,2.0,3.2,0.4,1
4.9,76.4,37.3,4.7,2.0,1.0,0.0,4.5,0.0,0
,82.0,71.4,7.6,2.0,0.0,2.0,8.4,2.6,1
4.3,73.1,87.3,8.0,15.0,1.0,0.0,2.4,1.4,1
4.0,64.2,54.3,5.8,0.0,0.0,0.0,9.0,5.5,0
2.0,97.9,69.0,7.7,2.0,0.0,2.0,8.0,2.5,0
5.6,53.3,46.8,5.1,13.0,0.0,1.0,5.7,7.0,0
3.6,30.5,79.8,7.1,9.0,0.0,2.0,3.9,1.0,1
8.0,83.5,84.4,5.0,12.0,1.0,1.0,1.4,5.5,1
4.0,67.7,49.9,6.0,6.0,0.0,2.0,5.5,6.7,0
5.1,93.4,68.7,4.2,15.0,0.0,1.0,6.9,1.2,1
6.1,88.0,56.2,10.0,7.0,0.0,0.0,7.5,4.0,1
6.8,77.8,44.4,9.7,0.0,0.0,1.0,5.5,,0
6.7,49.5,44.2,4.0,11.0,0.0,2.0,2.1,2.6,0
6.8,36.6,44.5,8.1,10.0,1.0,0.0,7.7,5.0,1
2.6,63.4,85.3,7.7,8.0,1.0,0.0,9.8,6.7,1
3.6,94.5,33.4,4.3,16.0,0.0,1.0,7.3,0.1,0
6.7,87.6,40.9,8.3,1.0,0.0,2.0,3.6,3.8,1
1.6,95.8,46.6,9.1,2.0,0.0,1.0,9.0,4.5,0
7.5,39.6,57.5,9.1,6.0,0.0,0.0,7.1,2.6,0
1.1,61.5,58.7,8.0,17.0,0.0,1.0,5.2,4.0,0
,77.8,43.0,9.4,19.0,0.0,1.0,7.2,0.6,1
1.9,98.9,86.1,8.6,17.0,0.0,2.0,2.6,2.7,1
1.9,81.8,50.7,8.9,6.0,1.0,1.0,6.2,5.3,0
3.6,76.3,77.9,8.2,6.0,1.0,0.0,8.5,2.4,1
1.3,54.3,58.3,7.6,10.0,0.0,2.0,6.6,6.9,0
5.6,39.4,57.9,7.0,,0.0,2.0,2.7,2.1,0
4.9,92.2,88.7,5.6,8.0,0.0,2.0,5.5,7.3,1
7.6,92.6,27.8,9.4,17.0,1.0,0.0,1.3,7.9,0
8.1,37.9,62.9,4.7,1.0,0.0,2.0,1.0,4.9,0
8.1,33.1,37.3,9.6,19.0,1.0,1.0,6.7,3.9,1
0.7,47.2,75.2,6.0,15.0,0.0,0.0,8.5,0.6,0
4.1,51.1,37.1,8.4,0.0,1.0,1.0,,7.9,0
7.2,93.3,37.5,5.4,16.0,1.0,2.0,6.6,0.6,1
0.8,64.9,72.4,4.2,19.0,0.0,1.0,3.7,5.4,1
6.3,46.9,63.1,7.6,11.0,1.0,0.0,9.2,6.1,1
5.3,76.5,20.0,,2.0,1.0,0.0,8.2,0.6,0
5.8,87.2,73.4,4.7,9.0,1.0,1.0,1.2,7.8,0
2.3,34.0,44.6,6.1,4.0,1.0,0.0,7.6,2.4,0
2.8,73.7,36.8,6.6,6.0,1.0,1.0,1.1,,0
,89.6,92.8,5.2,8.0,1.0,1.0,3.5,1.0,1
8.7,91.5,78.6,4.3,5.0,1.0,0.0,5.1,5.6,1
8.6,38.2,81.4,7.3,11.0,1.0,0.0,4.9,7.5,1
5.4,43.3,36.5,9.8,17.0,0.0,1.0,7.1,2.2,0
6.3,55.9,69.6,5.7,8.0,0.0,2.0,9.7,1.1,1
9.2,53.9,27.4,4.3,8.0,1.0,0.0,7.1,7.4,0
3.2,87.7,70.2,7.1,18.0,0.0,0.0,6.7,1.9,0
7.1,53.3,93.4,7.9,2.0,0.0,1.0,,6.0,1
8.2,63.9,22.2,7.6,2.0,0.0,1.0,5.6,3.2,0
0.6,50.1,21.1,6.5,6.0,1.0,1.0,7.7,4.6,0
4.8,52.0,37.0,6.2,14.0,1.0,2.0,5.6,2.9,0
1.4,80.2,33.7,5.4,18.0,1.0,,5.4,3.7,0
1.4,64.2,31.2,5.6,13.0,0.0,0.0,5.2,6.9,0
4.3,40.8,81.9,9.8,3.0,1.0,2.0,8.3,2.5,1
6.9,84.4,24.7,4.2,3.0,0.0,0.0,8.3,0.2,0
5.9,53.2,83.8,,10.0,1.0,2.0,3.0,0.5,1
2.9,63.3,84.9,4.2,14.0,0.0,1.0,5.5,7.6,0
8.0,60.3,41.8,8.8,11.0,1.0,0.0,6.8,2.4,1
2.7,71.7,29.5,7.5,18.0,,0.0,6.9,1.4,0
1.6,54.9,81.6,6.2,3.0,0.0,0.0,4.5,2.2,0
7.3,83.4,68.4,5.1,19.0,1.0,1.0,1.9,3.4,1
8.2,90.9,94.3,8.9,19.0,0.0,1.0,7.9,1.4,1
4.0,45.0,39.4,6.8,7.0,0.0,1.0,3.0,5.0,0
8.2,55.6,77.9,5.7,10.0,0.0,2.0,5.5,8.0,1
7.3,60.2,79.6,9.6,10.0,0.0,1.0,9.7,2.5,1
8.8,74.4,29.1,4.0,15.0,0.0,2.0,4.3,,1
1.4,70.7,53.3,6.1,0.0,1.0,2.0,6.3,7.4,0
9.0,64.6,71.1,4.2,4.0,0.0,1.0,9.2,4.8,1
8.4,68.1,42.4,5.4,4.0,1.0,2.0,8.2,6.9,1
6.1,40.7,29.9,9.6,8.0,1.0,1.0,3.7,4.7,0
,92.8,94.7,6.7,6.0,1.0,1.0,4.7,5.1,1
3.3,44.9,69.0,8.0,17.0,0.0,0.0,2.7,1.7,1
2.1,60.0,68.9,4.8,4.0,1.0,1.0,8.4,4.5,0
6.8,42.0,92.9,8.6,19.0,0.0,1.0,3.6,2.3,1
2.5,90.5,85.7,5.9,11.0,0.0,0.0,4.6,5.3,0
5.2,93.3,88.7,4.4,7.0,1.0,0.0,9.2,2.2,1
7.4,34.0,52.8,7.4,7.0,0.0,0.0,3.5,3.5,0
3.1,73.1,23.2,7.2,5.0,0.0,0.0,7.3,5.3,0
6.0,73.1,54.7,7.4,2.0,1.0,1.0,9.2,3.7,0
3.3,43.5,35.0,5.7,7.0,0.0,1.0,6.7,4.3,0
10.0,90.4,79.8,4.2,7.0,1.0,0.0,9.0,3.0,1
3.1,58.9,40.1,9.5,0.0,0.0,1.0,5.0,5.0,0
2.3,82.3,46.7,7.5,15.0,0.0,0.0,5.3,7.1,1
4.4,77.5,82.4,7.8,0.0,1.0,2.0,1.1,4.4,1
5.6,,88.8,4.0,7.0,0.0,1.0,3.0,2.7,0
2.6,96.3,47.6,9.3,10.0,0.0,1.0,4.8,2.0,0
2.6,70.8,93.5,9.0,12.0,0.0,,4.2,7.6,1
6.2,91.4,77.4,9.7,17.0,,2.0,7.3,7.6,1
2.0,85.7,57.7,9.1,14.0,0.0,1.0,9.9,6.8,0
8.0,86.9,53.2,9.4,14.0,1.0,0.0,2.5,3.7,1
2.5,83.5,56.1,4.7,3.0,0.0,2.0,5.5,4.6,0
5.7,41.5,89.6,9.1,5.0,1.0,2.0,5.0,4.8,1
2.2,33.3,88.8,9.7,17.0,0.0,2.0,2.1,3.2,1
6.6,86.4,73.2,9.6,19.0,1.0,2.0,4.2,2.9,1
5.5,58.6,71.2,6.7,16.0,0.0,1.0,8.4,7.2,1
3.3,60.9,37.0,8.0,8.0,1.0,0.0,8.5,7.5,0
9.1,35.8,72.2,9.7,2.0,1.0,1.0,1.7,5.2,1
9.1,83.9,92.8,6.3,1.0,1.0,0.0,5.1,5.6,1
9.3,48.9,49.9,6.5,3.0,1.0,1.0,6.1,1.1,1
9.3,46.4,93.9,5.7,11.0,0.0,2.0,2.0,1.2,1
6.2,69.6,67.7,7.6,19.0,0.0,0.0,8.8,0.2,1
8.7,94.8,56.4,4.6,8.0,0.0,2.0,7.4,2.6,1
4.8,54.4,22.4,7.1,5.0,1.0,2.0,2.8,4.9,0
3.3,71.3,85.5,4.6,13.0,0.0,2.0,6.0,5.0,1
0.5,33.6,57.5,9.4,18.0,0.0,1.0,3.5,2.4,1
4.6,41.2,28.3,9.8,0.0,0.0,2.0,7.4,6.5,0
9.2,73.2,44.1,4.2,14.0,0.0,0.0,4.2,4.5,0
9.6,98.5,74.4,7.2,19.0,1.0,2.0,2.9,1.1,1
4.4,63.3,40.1,9.8,16.0,1.0,0.0,1.0,3.7,1
7.1,31.0,50.6,4.8,13.0,1.0,1.0,2.0,1.1,1
6.0,55.4,83.5,7.1,14.0,1.0,0.0,2.6,7.6,1
6.5,71.2,67.9,4.2,19.0,1.0,2.0,7.8,1.7,1
7.4,71.7,92.8,5.5,11.0,0.0,,8.1,1.6,1
6.0,73.0,32.3,6.9,11.0,0.0,1.0,4.6,5.0,0
2.1,88.1,21.6,8.1,7.0,0.0,2.0,3.0,0.4,0
1.3,43.4,65.9,7.6,10.0,0.0,1.0,6.0,1.8,0
3.9,66.3,75.1,5.3,,0.0,1.0,8.5,7.7,0
0.2,40.4,69.4,4.5,19.0,0.0,2.0,6.6,1.0,1
9.1,49.2,86.8,5.5,17.0,1.0,1.0,5.8,5.5,1
1.9,83.3,41.1,4.5,16.0,0.0,1.0,6.0,4.9,0
9.9,69.8,87.8,8.1,7.0,0.0,1.0,5.2,0.4,1
5.2,47.6,24.2,4.1,8.0,0.0,0.0,2.8,6.2,0
2.1,66.5,44.4,6.3,3.0,1.0,1.0,2.4,6.9,0
4.5,75.2,74.4,9.3,5.0,1.0,2.0,9.6,5.9,1
5.2,97.6,91.5,6.8,3.0,1.0,1.0,9.6,1.9,1
2.3,58.1,85.5,4.2,19.0,0.0,2.0,7.5,3.0,1
2.3,39.5,34.2,5.0,6.0,0.0,0.0,4.3,4.4,0
3.3,99.6,81.2,5.8,2.0,1.0,0.0,9.6,6.8,1
8.9,100.0,82.2,8.3,10.0,1.0,0.0,3.0,0.6,1
3.0,60.9,34.0,6.7,17.0,1.0,1.0,8.9,1.8,0
4.2,91.2,85.2,9.3,17.0,0.0,0.0,6.7,5.4,1
0.2,63.7,50.5,4.3,7.0,0.0,2.0,8.0,2.5,0
5.6,44.2,61.0,4.2,3.0,0.0,1.0,7.1,6.6,1
1.2,52.9,79.1,7.1,0.0,0.0,2.0,2.1,4.2,0
2.9,92.6,59.9,6.4,15.0,1.0,2.0,7.9,5.9,0
5.2,77.7,79.6,7.5,13.0,1.0,,1.3,3.2,1
5.8,87.1,69.9,6.8,4.0,0.0,1.0,6.5,2.0,1
3.3,90.8,31.0,7.5,11.0,0.0,2.0,8.5,2.3,0
0.6,73.1,21.2,5.5,1.0,1.0,0.0,9.1,1.3,0
0.4,78.8,73.7,8.4,0.0,1.0,2.0,8.7,4.2,0
7.1,58.5,89.9,8.5,1.0,0.0,2.0,9.0,3.4,1
5.7,86.6,42.6,4.5,13.0,0.0,1.0,8.8,4.4,1
0.1,44.2,74.7,6.5,8.0,1.0,0.0,7.2,5.9,0
8.1,82.0,64.1,7.7,17.0,0.0,2.0,5.6,4.4,1
5.9,36.3,28.1,9.4,14.0,1.0,1.0,8.8,5.2,0
4.9,30.4,80.7,7.5,0.0,0.0,1.0,1.0,5.5,0
8.6,67.9,72.6,9.4,0.0,0.0,1.0,3.7,0.4,1
4.9,45.7,32.9,6.0,15.0,1.0,2.0,7.3,5.8,0
3.5,85.2,61.7,7.2,3.0,1.0,2.0,1.9,5.6,0
2.4,66.4,21.4,5.2,14.0,0.0,0.0,6.0,2.1,0
6.9,49.9,81.3,6.1,9.0,1.0,0.0,2.1,0.6,1
2.3,37.0,79.9,7.9,8.0,0.0,2.0,7.7,6.9,0
0.3,81.3,52.8,6.5,9.0,1.0,1.0,5.0,2.5,0
7.3,30.6,52.1,6.9,0.0,0.0,1.0,7.4,1.8,0
0.9,37.8,47.1,6.1,14.0,1.0,2.0,2.7,0.8,0
7.0,37.7,63.2,6.8,6.0,0.0,2.0,1.5,5.0,0
7.8,61.0,50.7,8.1,17.0,1.0,0.0,3.5,5.4,1
1.8,38.6,90.8,5.3,1.0,1.0,0.0,3.6,2.9,0
4.0,85.6,76.3,4.4,17.0,1.0,2.0,7.2,5.6,1
0.4,61.0,24.2,4.9,0.0,0.0,2.0,3.8,3.0,0
8.1,82.3,78.8,7.4,12.0,0.0,2.0,7.0,3.6,1
5.9,71.6,65.3,5.6,18.0,1.0,2.0,1.5,1.1,1
1.5,33.1,93.1,5.2,3.0,0.0,1.0,4.9,5.3,0
4.0,74.7,36.1,8.7,18.0,0.0,1.0,6.0,3.3,0
,78.6,85.7,5.6,1.0,1.0,1.0,3.9,1.9,1
0.3,51.1,83.8,,15.0,1.0,2.0,2.8,5.8,0
7.0,65.7,92.9,7.9,,1.0,0.0,7.3,4.8,1
9.6,63.2,23.5,5.2,16.0,1.0,0.0,6.6,4.2,1
7.7,81.6,,7.3,18.0,0.0,2.0,,7.1,1
2.1,98.0,82.1,5.0,8.0,0.0,0.0,5.2,2.3,0
8.3,57.3,38.2,7.0,6.0,1.0,1.0,10.0,8.0,0
7.8,99.7,70.9,5.9,4.0,1.0,2.0,5.2,6.5,1
9.1,,58.5,7.7,13.0,0.0,2.0,5.8,2.5,1
1.9,82.9,83.7,8.6,17.0,1.0,2.0,1.0,6.8,0
2.8,48.3,40.1,4.8,4.0,0.0,,6.4,6.2,0
8.8,89.8,43.8,5.8,0.0,,0.0,4.1,0.5,1
7.9,90.5,45.3,7.6,13.0,1.0,2.0,4.5,2.3,1
5.2,67.5,86.1,5.8,17.0,1.0,1.0,1.7,7.5,1
6.6,80.5,88.4,7.7,8.0,1.0,0.0,1.2,5.1,1
8.3,43.3,60.2,9.1,5.0,0.0,1.0,5.6,2.5,1
0.4,51.8,66.4,6.0,8.0,1.0,0.0,3.4,5.4,0
6.7,56.0,64.8,7.2,7.0,0.0,2.0,7.0,6.1,1
7.2,65.3,93.4,5.7,0.0,1.0,2.0,6.8,1.3,1
8.8,56.1,32.3,9.2,16.0,1.0,2.0,7.8,4.8,0
2.2,57.2,36.6,9.5,11.0,1.0,0.0,7.9,3.4,1
4.8,37.7,33.7,6.0,7.0,1.0,0.0,2.7,7.5,0
0.9,55.2,65.3,,5.0,0.0,1.0,9.1,3.9,0
3.2,62.1,49.4,5.6,12.0,1.0,1.0,1.8,0.6,0
3.2,46.6,36.7,5.2,10.0,0.0,1.0,1.3,5.8,0
3.7,42.5,62.3,6.3,16.0,1.0,1.0,,7.4,0
1.9,,93.3,4.7,17.0,0.0,2.0,7.9,3.5,0
1.7,53.2,91.5,7.3,16.0,1.0,2.0,5.6,3.8,0
5.1,91.5,38.8,5.8,8.0,0.0,0.0,1.1,7.1,0
7.0,30.4,34.0,,3.0,1.0,2.0,5.1,4.7,0
3.8,42.8,35.8,7.6,17.0,0.0,2.0,2.9,4.8,0
1.7,46.9,41.1,5.2,1.0,0.0,2.0,1.2,3.1,0
2.7,60.8,46.1,6.7,6.0,1.0,0.0,8.8,6.6,0
5.6,54.5,30.4,4.6,19.0,0.0,,8.8,0.8,1
1.1,74.8,51.7,4.3,14.0,0.0,0.0,4.0,6.2,0
6.2,31.7,68.6,7.1,,1.0,2.0,4.3,7.5,1
2.6,67.5,87.0,7.1,13.0,0.0,2.0,3.1,7.7,0
5.2,59.5,85.2,4.9,19.0,,1.0,4.5,1.7,1
9.8,58.4,33.1,7.4,12.0,0.0,0.0,9.4,2.4,1
1.1,99.2,57.9,5.1,9.0,0.0,0.0,4.3,4.5,0
8.8,,34.8,7.9,0.0,0.0,2.0,8.8,2.0,1
5.4,82.1,37.5,7.7,7.0,1.0,2.0,9.5,5.1,0
7.9,41.2,51.9,4.5,4.0,,1.0,2.4,0.5,0
3.7,69.6,50.1,8.5,12.0,0.0,0.0,1.6,3.4,0
7.1,99.3,39.2,8.0,14.0,1.0,0.0,1.1,7.4,0
7.4,81.6,79.5,4.7,4.0,0.0,2.0,9.6,4.0,1
4.3,43.8,28.2,6.9,16.0,0.0,1.0,5.5,5.9,0
4.0,56.0,71.6,4.4,14.0,0.0,2.0,4.3,3.2,1
7.5,57.7,42.2,5.4,11.0,1.0,0.0,9.1,8.0,0
9.9,75.3,65.8,9.7,15.0,0.0,1.0,1.3,0.9,1
1.7,96.4,32.3,7.8,1.0,1.0,2.0,4.5,3.3,0
4.9,64.0,,8.5,7.0,1.0,2.0,1.9,1.3,1
3.4,45.9,43.7,7.6,19.0,0.0,1.0,3.6,7.4,0
1.3,93.7,48.0,7.6,3.0,0.0,2.0,7.8,7.1,0
,66.9,34.4,,5.0,0.0,2.0,9.9,4.5,0
5.7,70.4,40.6,8.7,11.0,1.0,2.0,2.0,3.9,0
8.8,55.5,50.0,,12.0,1.0,0.0,8.7,7.0,1
3.8,95.2,49.4,9.4,13.0,0.0,0.0,9.6,4.3,1
3.3,39.3,79.3,9.6,1.0,1.0,2.0,5.2,5.0,0
6.2,35.5,48.5,4.3,18.0,0.0,1.0,2.8,4.5,0
9.6,90.1,23.5,,17.0,1.0,1.0,4.1,5.1,1
4.6,79.9,,7.1,0.0,1.0,1.0,2.3,0.4,1
8.6,87.7,20.1,6.2,19.0,0.0,1.0,4.1,1.6,1
2.2,86.9,24.5,7.7,15.0,0.0,0.0,9.0,3.4,0
2.5,36.5,32.8,8.5,6.0,1.0,2.0,8.9,3.4,0
2.9,82.3,85.8,9.2,12.0,1.0,0.0,4.5,0.2,1
4.2,91.4,46.1,5.2,5.0,0.0,2.0,4.2,1.9,1
1.0,86.4,53.3,6.7,16.0,0.0,1.0,9.3,4.9,0
1.7,,55.5,7.7,13.0,1.0,0.0,5.9,0.5,1
9.6,54.0,89.0,9.7,3.0,1.0,2.0,4.2,6.7,1
,56.0,53.7,4.9,1.0,0.0,0.0,1.9,4.5,0
1.1,59.4,56.6,4.3,5.0,0.0,0.0,4.3,3.9,0
7.7,48.7,55.4,8.8,17.0,0.0,0.0,,2.8,1
2.6,76.2,92.9,8.5,12.0,1.0,0.0,6.6,7.3,1
8.4,43.1,82.4,6.2,19.0,0.0,0.0,2.3,5.9,1
2.2,56.5,40.5,6.7,9.0,1.0,1.0,4.9,2.0,0
2.3,67.8,57.2,4.2,2.0,0.0,0.0,6.4,6.1,0
6.6,83.5,20.9,8.2,3.0,0.0,2.0,5.9,5.6,0
3.6,78.6,62.4,8.2,10.0,0.0,0.0,2.6,1.0,1
5.3,54.6,62.2,8.5,19.0,1.0,2.0,4.4,3.3,1
2.7,,64.7,8.9,12.0,0.0,0.0,3.8,5.7,0
9.6,77.9,87.3,6.2,7.0,0.0,1.0,9.3,7.8,1
2.3,38.1,55.0,4.3,6.0,1.0,1.0,4.7,4.7,0
,65.6,38.1,9.1,6.0,1.0,0.0,9.4,6.2,0
,44.7,39.5,5.9,13.0,1.0,0.0,4.5,3.5,0
2.2,59.8,41.5,4.4,6.0,1.0,2.0,5.1,7.4,0
8.7,46.2,68.4,8.5,15.0,0.0,0.0,5.5,6.6,1
9.6,56.9,42.3,4.7,6.0,1.0,1.0,7.9,1.0,1
3.6,60.7,56.4,6.3,17.0,0.0,1.0,3.1,7.8,0
3.1,64.2,89.4,8.8,3.0,0.0,2.0,3.4,5.4,0
0.9,53.1,47.5,4.9,,0.0,0.0,2.0,5.2,0
3.6,63.3,67.7,9.0,17.0,1.0,2.0,,0.4,1
0.4,60.0,86.1,8.3,17.0,1.0,2.0,1.7,7.0,1
9.1,90.0,81.4,6.9,8.0,1.0,1.0,8.1,5.3,1
5.2,37.9,22.5,9.5,12.0,1.0,0.0,2.7,0.4,0
7.7,44.6,72.4,9.9,,0.0,2.0,2.5,7.2,1
7.2,47.3,63.1,6.9,2.0,0.0,,4.8,1.4,1
3.8,42.0,58.7,6.9,18.0,1.0,2.0,3.4,4.0,1
7.9,67.4,,9.6,8.0,1.0,0.0,6.9,7.0,1
1.8,84.1,46.4,7.7,1.0,0.0,1.0,7.1,2.3,0
5.3,37.9,,7.2,15.0,,0.0,5.0,3.8,0
8.4,65.1,22.1,7.7,1.0,1.0,2.0,4.3,0.6,0
7.4,49.9,,5.6,6.0,,0.0,2.3,7.0,0
3.1,42.1,78.9,7.0,6.0,1.0,2.0,4.0,5.3,0
7.4,69.1,83.4,6.5,4.0,1.0,2.0,8.4,7.3,1
8.7,53.7,53.0,8.0,14.0,1.0,0.0,7.3,4.9,1
9.8,88.9,82.4,5.4,16.0,0.0,1.0,4.7,3.6,1
3.6,35.6,40.3,10.0,16.0,1.0,1.0,7.2,5.1,0
3.2,72.4,44.8,6.8,0.0,1.0,0.0,8.5,0.0,0
2.5,78.6_err,,9.6,14.0,0.0,0.0,1.5,0.8,0
1.2,73.9,33.8,5.5,6.0,0.0,1.0,3.9,1.0,0
1.0,94.8,87.0,8.8,17.0,0.0,2.0,3.0,5.1,1
8.4,75.6,,9.3,13.0,0.0,0.0,1.6,1.7,1
0.4,74.5,55.5,9.4,10.0,0.0,2.0,9.9,7.3,0
1.2,59.6,45.4,8.0,8.0,1.0,2.0,5.8,5.6,0
0.1,38.6,59.9,8.9,15.0,0.0,0.0,2.8,5.5,0
0.8,75.5,61.8,5.3,9.0,0.0,1.0,1.7,5.4,0
3.1,66.5,22.9,7.3,8.0,0.0,1.0,8.2,5.1,0
3.9,40.2,81.1,8.7,18.0,0.0,0.0,8.9,,1
5.4,59.5,40.7,5.4,6.0,0.0,2.0,2.5,7.9,0
7.9,72.5,75.3,6.4,2.0,0.0,2.0,2.2,5.7,1
5.5,84.4,63.1,9.6,9.0,1.0,2.0,7.6,4.9,1
3.3,53.8,46.1,4.4,12.0,0.0,1.0,8.3,3.4,0
6.9,89.5,32.5,7.9,5.0,1.0,1.0,3.5,7.3,0
9.7,63.4,72.8,5.5,11.0,0.0,1.0,8.0,4.5,1
4.8,64.1,22.4,4.1,4.0,1.0,0.0,6.3,5.3,0
0.3,74.8,76.3,9.5,18.0,0.0,0.0,2.4,2.0,1
8.1,82.3,81.5,8.6,11.0,1.0,1.0,3.0,5.8,1
0.2,36.8,39.6,7.9,5.0,1.0,1.0,1.5,1.5,0
4.3,39.5,56.7,7.8,8.0,0.0,0.0,4.0,2.2,0
3.3,44.2,93.0,9.8,7.0,1.0,2.0,6.6,2.5,1
2.7,57.0,57.3,,17.0,1.0,1.0,9.9,1.6,1
4.0,71.0,24.0,5.5,3.0,1.0,1.0,2.3,0.8,0
5.7,79.8,27.7,9.2,3.0,0.0,1.0,8.4,5.1,0
6.5,89.8,,5.7,13.0,0.0,1.0,8.3,5.6,1
2.8,34.3,86.8,4.0,5.0,0.0,0.0,8.3,1.1,1
8.3,67.3,46.4,8.9,1.0,1.0,1.0,8.5,1.9,1
2.8,79.6,79.3,8.1,17.0,1.0,1.0,7.3,4.3,1
6.6,49.5,23.7,7.2,11.0,1.0,0.0,1.7,3.4,0
1.4,36.2,75.2,7.3,11.0,0.0,0.0,9.5,1.9,0
2.7,89.2,73.2,8.6,17.0,1.0,2.0,7.7,6.1,1
8.5,33.6,44.6,8.0,15.0,0.0,2.0,4.5,4.5,0
8.0,72.3,59.0,5.6,12.0,1.0,2.0,2.7,0.9,1
2.7,75.8,75.2,8.2,17.0,0.0,0.0,1.4,2.5,1
8.0,46.3,68.9,9.7,5.0,1.0,1.0,6.3,3.5,1
0.9,43.1,87.2,8.1,12.0,0.0,0.0,,0.9,1
7.7,54.8,94.3,4.4,5.0,0.0,1.0,8.3,5.0,1
8.3,81.1,89.2,7.9,9.0,0.0,,6.8,6.8,1
4.5,88.0,66.2,7.6,6.0,0.0,0.0,3.8,7.0,0
4.6,54.2,50.5,5.1,10.0,1.0,1.0,8.8,0.7,1
4.2,40.0,37.7,8.6,14.0,1.0,2.0,8.3,7.6,0
8.6,98.5,32.8,6.3,17.0,0.0,0.0,2.4,7.8,0
2.3,87.0,27.1,7.3,8.0,0.0,1.0,9.2,6.2,0
7.4,84.5,86.4,5.9,7.0,0.0,,,6.0,1
4.3,90.9,33.1,4.0,14.0,0.0,0.0,3.7,7.9,0
9.2,94.7,54.5,6.1,3.0,1.0,2.0,1.9,2.4,1
3.0,99.8,86.2,5.1,12.0,0.0,2.0,2.2,1.1,0
2.9,52.8,65.5,5.0,7.0,1.0,1.0,9.6,0.2,0
2.5,57.1,31.3,9.6,12.0,1.0,1.0,3.4,4.1,0
1.2,77.6,63.1,6.9,12.0,1.0,0.0,2.6,5.7,0
0.4,99.4,63.5,7.5,12.0,,0.0,9.0,2.2,0
2.5,78.6,60.9,4.8,1.0,1.0,2.0,5.1,4.2,0
7.1,54.3,47.2,6.1,11.0,0.0,0.0,5.4,3.4,0
3.8,88.5,75.9,9.8,16.0,0.0,1.0,5.1,6.8,1
0.3,43.7,26.4,8.8,14.0,1.0,0.0,1.3,6.9,0
9.8,90.9,92.0,6.6,2.0,0.0,2.0,2.3,3.2,1
2.8,,34.7,7.0,19.0,0.0,0.0,5.5,1.6,0
0.3,53.2,31.6,5.3,19.0,0.0,0.0,2.6,4.6,0
0.3,76.7,34.6,,12.0,1.0,1.0,9.9,2.0,0
0.6,59.6,77.8,,2.0,1.0,2.0,1.9,1.8,0
9.5,,72.0,7.9,4.0,0.0,2.0,8.8,6.4,1
10.0,50.3,90.3,5.2,15.0,0.0,0.0,2.2,7.3,1
7.2,92.8,26.4,5.2,11.0,1.0,0.0,9.7,5.0,1
0.6,55.9,68.3,7.2,18.0,1.0,2.0,9.9,0.1,1
4.9,56.5,48.0,6.5,11.0,1.0,0.0,9.0,2.2,0
,39.3,90.7,5.1,15.0,0.0,2.0,1.6,4.3,1
0.4,83.7,,8.4,2.0,1.0,1.0,2.9,4.4,0
0.1,73.1,23.0,9.6,3.0,0.0,2.0,5.2,0.1,0
7.7,41.5,21.3,6.8,8.0,1.0,1.0,9.1,6.4,0
3.8,54.4,20.3,8.1,17.0,1.0,1.0,5.7,5.4,0
0.4,85.8,39.4,7.1,7.0,1.0,1.0,7.9,6.3,0
7.7,33.3,50.1,6.1,,0.0,2.0,2.4,4.4,0
1.8,91.7,71.5,4.5,4.0,1.0,1.0,8.9,7.5,1
8.0,74.3,38.2,9.2,16.0,1.0,1.0,9.7,6.7,1
4.9,67.7,50.6,5.7,6.0,0.0,1.0,8.5,0.3,0
9.8,95.1,83.3,4.5,7.0,1.0,1.0,7.9,0.5,1
1.7,48.7,51.5,4.9,17.0,0.0,1.0,3.5,6.9,0
8.2,78.5,56.9,7.9,12.0,0.0,0.0,3.1,2.7,1
2.0,54.9,74.9,5.0,12.0,1.0,2.0,5.9,3.5,0
9.1,62.7,93.4,4.9,14.0,1.0,1.0,7.4,6.9,1
7.5,74.7,21.1,4.7,4.0,1.0,2.0,4.8,4.3,0
1.1,32.9,28.8,4.7,4.0,0.0,0.0,1.1,3.9,0
9.1,62.7,27.6,7.6,5.0,1.0,0.0,4.2,1.8,0
7.0,61.6,88.4,,4.0,0.0,0.0,5.1,4.6,1
0.6,62.5,67.7,5.1,13.0,1.0,2.0,2.4,3.6,0
2.4,64.0,62.9,4.4,0.0,1.0,0.0,4.2,1.7,0
3.1,43.5,71.5,7.1,9.0,0.0,0.0,1.5,4.0,0
5.9,46.6,64.9,8.2,6.0,1.0,2.0,5.6,6.0,1
9.8,34.0,28.5,5.7,6.0,1.0,2.0,,2.0,1
5.6,,33.6,4.0,19.0,0.0,0.0,1.1,7.3,0
4.0,93.9,50.9,8.8,6.0,0.0,2.0,8.5,7.9,0
9.7,75.5,29.8,6.2,7.0,0.0,2.0,1.8,3.5,0
2.9,94.3,27.1,9.2,7.0,1.0,2.0,5.9,7.3,0
5.7,42.1,49.3,8.5,6.0,1.0,0.0,3.7,6.8,0
2.1,97.3,45.5,7.9,18.0,1.0,0.0,6.0,2.0,0
0.7,81.5,73.2,,0.0,1.0,2.0,9.9,3.8,0
10.0,63.4,28.4,4.2,3.0,1.0,0.0,2.2,3.9,0
3.4,30.4,75.2,6.8,18.0,0.0,0.0,7.5,0.3,1
5.7,33.2,36.2,7.0,13.0,1.0,2.0,2.2,1.7,0
0.3,75.0,52.7,5.8,10.0,1.0,1.0,3.0,0.7,0
7.2,36.2,39.9,8.6,8.0,0.0,1.0,2.2,4.2,0
1.7,97.1,37.1,7.2,16.0,1.0,0.0,6.6,3.6,1
0.2,69.9,49.0,7.5,18.0,,1.0,2.0,0.5,0
8.2,36.6,84.3,8.1,3.0,1.0,2.0,5.0,1.9,1
6.6,92.8,55.3,7.0,2.0,1.0,0.0,5.6,1.9,1
3.5,58.8,69.2,4.2,8.0,1.0,0.0,2.2,0.3,0
,71.6,52.3,6.1,1.0,0.0,1.0,4.1,0.4,1
9.5,98.8,58.6,6.0,13.0,0.0,0.0,5.7,4.6,1
9.0,56.4,70.4,7.3,17.0,1.0,2.0,5.2,1.4,1
8.0,42.7,86.3,5.9,1.0,1.0,1.0,3.6,2.1,1
3.2,42.4,38.8,8.1,13.0,0.0,2.0,1.5,4.2,0
7.1,46.8,89.0,8.5,16.0,0.0,1.0,2.3,4.2,1
5.7,76.2,82.7,9.9,16.0,1.0,2.0,9.0,5.6,1
7.5,94.1,43.6,8.0,5.0,0.0,0.0,5.6,2.0,1
1.2,60.8,56.8,7.9,4.0,0.0,1.0,4.3,7.1,0
7.4,32.9,41.5,9.4,16.0,0.0,1.0,7.1,1.7,1
8.0,79.3,31.8,5.4,8.0,0.0,2.0,4.8,8.0,0
4.3,42.6,38.8,5.0,4.0,0.0,2.0,8.3,1.4,0
2.9,55.8,84.5,7.4,13.0,0.0,0.0,2.4,7.9,0
9.2,82.9,57.8,8.5,0.0,1.0,2.0,3.1,0.7,1
9.5,36.3,37.0,5.0,13.0,0.0,0.0,4.1,2.9,1
3.0,65.0,65.8,8.4,18.0,1.0,2.0,8.0,5.1,1
0.9,87.4,87.8,9.5,5.0,0.0,1.0,9.2,7.5,1
9.0,44.9,32.9,4.7,12.0,0.0,1.0,6.4,3.6,0
,57.1,64.2,5.6,9.0,0.0,2.0,4.7,4.1,0
8.5,79.4,87.5,6.7,6.0,1.0,0.0,7.3,0.8,1
5.2,45.5,58.2,7.7,17.0,0.0,1.0,5.5,3.9,1
4.9,,62.3,9.2,0.0,0.0,2.0,7.5,7.8,0
6.8,85.0,29.6,7.8,0.0,0.0,2.0,7.4,0.4,0
1.0,99.3,46.5,8.8,4.0,0.0,1.0,2.6,7.0,0
3.9,37.7,87.2,5.1,10.0,0.0,1.0,5.4,3.3,1
8.3,76.3,31.3,7.0,0.0,1.0,1.0,2.5,0.0,1
4.0,59.3,31.1,6.8,13.0,0.0,0.0,4.1,5.3,0
1.5,49.3,72.2,7.2,19.0,0.0,2.0,5.9,2.3,0
1.5,74.6,80.0,6.2,,0.0,1.0,9.0,3.0,0
9.4,49.0,82.4,4.0,1.0,1.0,2.0,1.1,1.1,1
9.9,34.8,92.4,,0.0,0.0,0.0,8.1,6.4,1
4.2,34.8,51.7,9.1,16.0,1.0,0.0,9.7,7.9,0
7.9,92.8,50.0,7.3,1.0,0.0,0.0,2.9,6.2,0
7.8,52.8,52.2,7.8,2.0,0.0,2.0,2.6,4.9,1
3.8,97.3,41.7,6.2,0.0,0.0,1.0,5.3,1.8,0
7.5,42.3,51.1,5.6,10.0,1.0,2.0,4.0,6.6,0
4.0,95.2,71.0,6.7,5.0,0.0,2.0,1.6,7.0,0
9.4,60.3,21.2,7.6,4.0,0.0,1.0,6.7,1.4,0
3.7,55.7,78.1,4.0,2.0,1.0,1.0,9.5,7.7,0
4.4,35.3,43.8,8.1,6.0,0.0,0.0,5.6,3.3,0
1.8,65.3,48.5,8.8,15.0,1.0,2.0,2.6,1.6,0
7.0,69.2,60.1,6.3,9.0,1.0,0.0,6.5,7.4,1
8.8,45.2,90.4,5.9,,0.0,1.0,7.1,2.5,1
4.5,57.4,27.4,6.9,17.0,1.0,0.0,1.3,5.8,0
5.5,56.1,27.4,5.0,18.0,0.0,0.0,1.5,0.6,0
6.9,31.0,43.6,7.1,14.0,0.0,1.0,5.8,4.1,0
3.9,79.7,58.3,6.9,4.0,1.0,0.0,8.6,4.0,0
2.3,36.5,26.1,5.6,14.0,1.0,0.0,6.8,3.0,0
8.4,67.2,28.3,9.6,4.0,0.0,2.0,5.3,2.9,0
6.2,99.0,44.8,8.1,15.0,1.0,0.0,5.1,,1
5.1,69.7,62.2,4.9,12.0,1.0,1.0,1.8,3.9,1
0.5,88.8,82.0,6.6,19.0,1.0,1.0,6.0,6.0,1
6.4,90.3,49.9,7.9,16.0,1.0,2.0,7.3,4.7,1
9.2,57.2,48.4,9.2,5.0,0.0,2.0,8.4,2.7,1
5.0,85.5,51.9,4.8,16.0,1.0,0.0,7.9,1.8,1
5.6,54.1,60.3,6.7,14.0,0.0,2.0,9.7,3.1,1
4.5,81.7,58.5,8.8,4.0,0.0,0.0,5.9,7.0,0
1.5,85.5,41.9,5.2,10.0,0.0,0.0,4.0,4.9,0
1.2,47.9,67.3,9.3,11.0,1.0,2.0,8.3,6.1,1
2.5,37.4,62.3,8.5,3.0,1.0,1.0,5.3,6.2,0
3.2,92.7,73.8,6.6,,0.0,2.0,5.4,7.1,0
7.1,98.6,94.0,7.5,2.0,0.0,0.0,4.5,1.1,1
8.0,45.7,30.2,9.4,12.0,0.0,0.0,7.6,3.3,1
4.1,44.1,44.4,6.5,16.0,0.0,1.0,3.9,7.7,0
4.3,47.5,78.4,4.3,7.0,0.0,0.0,5.1,6.9,0
8.1,95.6,22.2,6.5,3.0,0.0,0.0,6.9,3.8,0
6.4,97.0,88.5,6.8,19.0,0.0,0.0,6.9,3.8,1
4.7,33.1,91.3,9.1,10.0,1.0,0.0,8.0,1.8,1
6.7,96.3,20.5,6.6,13.0,1.0,0.0,6.2,0.1,1
9.7,44.7,74.2,8.4,15.0,1.0,0.0,7.7,0.3,1
1.7,76.5,90.3,4.0,4.0,1.0,2.0,2.2,7.5,0
7.8,83.4,71.1,4.0,8.0,1.0,0.0,3.8,2.6,1
9.2,71.1,81.0,7.1,19.0,0.0,1.0,3.5,6.5,1
5.4,83.8,59.4,6.5,8.0,0.0,2.0,2.8,4.7,0
2.1,90.1,59.9,6.9,17.0,1.0,2.0,9.2,4.6,1
5.2,44.1,21.6,4.7,11.0,0.0,1.0,5.8,0.6,0
7.4,89.1,23.0,9.2,5.0,0.0,0.0,2.0,1.7,0
4.4,41.5,65.5,8.1,17.0,1.0,2.0,2.5,0.3,1
9.6,44.1,59.9,6.0,9.0,1.0,0.0,8.0,1.9,1
9.3,88.6,42.5,8.0,12.0,0.0,0.0,1.9,6.8,1
3.3,35.2,60.6,6.1,13.0,0.0,1.0,3.8,0.4,0
9.2,79.2,30.7,5.4,2.0,0.0,1.0,5.8,4.3,0
2.6,60.0,73.2,4.7,5.0,1.0,0.0,7.7,4.2,1
1.5,91.0,64.4,8.2,1.0,0.0,2.0,3.8,7.8,1
1.0,100.0,76.8,9.6,1.0,0.0,1.0,3.2,,1
6.8,98.4,,5.3,9.0,0.0,1.0,8.7,2.7,1
7.5,94.4,57.4,9.9,9.0,0.0,2.0,6.5,5.5,1
8.7,82.7,63.1,5.8,6.0,0.0,2.0,4.8,2.3,1
2.0,68.3,73.8,7.3,10.0,0.0,0.0,8.1,5.4,1
1.8,54.6,92.6,7.2,18.0,1.0,1.0,1.3,2.7,0
1.7,31.1,91.5,8.9,0.0,1.0,1.0,7.8,2.4,0
0.8,54.2,38.8,8.5,8.0,1.0,1.0,9.4,0.4,0
2.8,88.9,92.7,9.6,5.0,1.0,1.0,8.0,8.0,1
6.3,94.8,64.3,5.4,6.0,1.0,2.0,8.9,0.2,1
1.4,92.2,76.6,7.9,2.0,1.0,2.0,2.0,2.1,1
3.7,86.1,91.1,9.2,17.0,0.0,,1.4,0.7,1
7.4,48.2,76.1,5.9,1.0,1.0,1.0,5.2,6.9,1
8.0,82.4,30.6,4.2,0.0,1.0,0.0,5.2,4.5,0
4.2,52.2,29.8,4.5,8.0,1.0,0.0,3.0,7.3,0
1.7,94.0,65.0,8.6,5.0,0.0,1.0,1.5,0.8,1
8.9,33.9,56.4,4.8,10.0,1.0,1.0,3.6,3.2,0
0.8,89.4,54.7,6.9,8.0,1.0,2.0,9.8,4.0,0
5.1,54.3,23.1,6.6,6.0,1.0,1.0,3.2,5.1,0
7.4,73.0,80.9,5.7,4.0,0.0,1.0,7.1,2.9,1
0.4,80.2,74.4,6.9,4.0,0.0,1.0,5.5,6.9,0
8.3,65.2,22.7,7.5,9.0,0.0,2.0,2.4,3.6,1
3.5,34.5,42.9,8.8,16.0,0.0,2.0,4.8,4.1,0
0.7,35.1,41.3,9.1,12.0,0.0,1.0,3.0,0.4,0
6.3,83.6,22.2,9.4,10.0,0.0,0.0,4.7,4.2,0
6.8,88.3,31.1,7.4,18.0,,1.0,7.2,3.8,1
4.1,60.1,27.5,8.7,19.0,0.0,0.0,6.1,3.5,0
0.3,77.6,62.9,5.3,18.0,0.0,0.0,2.6,6.0,0
7.3,72.8,59.0,9.0,18.0,0.0,1.0,5.4,5.3,1
7.4,41.4,86.0,6.2,5.0,1.0,2.0,6.6,0.9,1
9.9,46.6,82.0,6.7,10.0,1.0,2.0,8.3,4.0,1
7.5,49.9,25.3,8.2,3.0,0.0,2.0,8.6,,0
3.4,36.5,83.8,9.8,6.0,0.0,1.0,9.3,0.7,1
8.9,98.0,51.6,9.4,,1.0,1.0,9.5,3.1,1
0.1,,75.3,6.4,18.0,1.0,0.0,1.9,2.0,0
5.2,80.8,74.8,8.1,17.0,0.0,,5.7,1.1,1
7.1,36.5,87.6,7.4,5.0,0.0,2.0,4.6,3.7,1
1.1,51.5,89.6,5.8,16.0,1.0,2.0,5.3,7.2,1
,50.7,28.0,4.1,6.0,1.0,0.0,9.3,0.6,0
8.2,42.8,88.0,7.1,2.0,0.0,0.0,1.8,4.1,1
9.6,79.2,81.5,4.8,1.0,1.0,0.0,9.6,1.3,1
0.9,45.4,28.7,8.9,6.0,1.0,0.0,9.0,2.0,0
6.1,59.1,80.7,5.6,8.0,0.0,0.0,3.8,2.1,1
0.8,75.4,57.5,8.6,0.0,0.0,1.0,8.9,4.9,0
,61.1,39.1,5.8,12.0,,1.0,4.5,3.4,0
4.4,39.1,25.7,4.3,4.0,0.0,,3.8,5.1,0
5.3,49.6,51.6,,14.0,1.0,2.0,8.9,2.2,1
1.7,91.0,,8.1,12.0,0.0,0.0,4.2,2.3,0
1.0,78.0,41.7,5.5,17.0,0.0,2.0,3.3,1.9,0
5.3,62.1,68.5,4.2,19.0,1.0,1.0,4.3,5.9,1
2.1,45.9,81.5,4.9,10.0,0.0,1.0,4.4,0.4,0
8.0,39.3,56.1,8.1,9.0,0.0,2.0,9.9,0.9,1
1.0,43.3,69.1,9.8,7.0,0.0,0.0,7.3,4.5,0
1.6,55.1,92.0,6.7,6.0,0.0,2.0,6.6,1.1,1
5.6,94.8,49.8,6.7,8.0,1.0,1.0,8.0,6.4,1
7.7,69.6,58.8,6.5,11.0,0.0,1.0,10.0,,1
6.2,74.6,82.5,8.1,15.0,1.0,2.0,4.9,1.8,1
9.4,,86.4,9.8,0.0,1.0,0.0,,1.9,1
8.2,77.2,72.1,6.6,18.0,1.0,0.0,9.2,0.2,1
7.0,71.8,74.8,4.8,,1.0,0.0,2.7,4.1,1
1.9,83.1,87.9,8.3,12.0,0.0,1.0,9.5,1.2,1
7.0,74.5,,8.2,16.0,0.0,0.0,3.5,4.4,0
0.5,88.1,55.8,4.2,0.0,1.0,1.0,2.2,6.7,0
5.1,82.2,85.5,7.4,8.0,0.0,0.0,8.0,4.8,1
2.2,30.5,71.3,5.3,2.0,1.0,2.0,6.0,7.9,0
1.0,68.1,79.6,6.2,4.0,0.0,1.0,6.9,3.8,0
8.1,,58.6,6.7,5.0,1.0,0.0,8.4,0.6,1
4.2,57.0,90.1,9.9,10.0,1.0,2.0,2.0,4.6,1
2.9,42.1,21.8,9.7,4.0,1.0,1.0,6.5,7.1,0
,68.3,83.3,6.2,11.0,,0.0,7.1,5.8,0
2.8,84.2,79.9,4.4,18.0,0.0,1.0,4.5,2.4,1
3.3,85.9,50.8,9.3,17.0,0.0,1.0,2.9,0.8,0
0.6,89.3,76.7,5.4,8.0,1.0,0.0,6.5,1.8,0
5.5,60.5,26.2,4.7,16.0,0.0,2.0,9.6,,0
0.2,45.7,71.3,7.3,0.0,0.0,2.0,7.5,2.9,0
9.1,54.0,44.8,8.7,17.0,0.0,0.0,8.9,3.0,0
5.6,76.0,20.8,9.4,17.0,1.0,0.0,6.2,4.7,0
8.4,43.0,78.8,8.5,6.0,1.0,0.0,7.2,0.7,1
1.5,75.2,33.8,9.7,1.0,1.0,1.0,4.3,3.7,0
7.8,44.6,76.3,7.2,10.0,0.0,2.0,,0.1,1
8.2,41.4,53.7,9.4,10.0,1.0,2.0,7.0,5.8,1
4.8,81.6,86.2,6.5,10.0,0.0,1.0,7.8,5.7,1
4.4,47.7,55.9,9.1,13.0,0.0,2.0,5.8,2.0,1
6.8,39.9,40.9,6.9,5.0,0.0,1.0,4.3,4.3,0
4.1,56.4,76.0,4.9,2.0,0.0,2.0,7.4,6.9,0
8.1,,59.8,6.7,9.0,0.0,1.0,1.9,0.7,1
0.6,88.5,22.6,4.8,17.0,0.0,0.0,4.6,3.9,0
1.3,40.2,52.3,6.5,0.0,1.0,1.0,3.0,1.6,0
9.8,64.4,92.5,5.7,1.0,0.0,0.0,9.7,0.0,1
9.4,49.0,26.2,9.7,0.0,1.0,0.0,5.5,1.9,0
7.9,99.9,76.9,7.8,1.0,1.0,1.0,2.3,4.5,1
8.0,85.6,29.5,6.6,5.0,1.0,1.0,7.5,3.1,1
4.1,71.1,82.9,4.3,11.0,0.0,1.0,8.3,4.2,1
5.3,85.7,42.5,9.2,2.0,1.0,2.0,6.9,4.2,1
4.2,60.2,39.3,8.2,3.0,1.0,2.0,4.7,6.0,0
2.6,,61.2,8.0,19.0,0.0,0.0,5.1,0.3,0
3.8,49.6,62.6,8.6,19.0,1.0,1.0,3.1,2.6,0
3.2,34.8,43.0,,1.0,0.0,0.0,6.4,2.6,0
1.6,75.9,35.1,9.4,3.0,1.0,0.0,4.7,6.2,0
8.8,39.3,31.6,7.3,6.0,1.0,2.0,3.9,6.9,1
7.7,94.6,34.4,5.6,3.0,0.0,2.0,5.3,5.3,1
4.4,100.0,74.6,7.4,2.0,1.0,2.0,9.3,0.6,1
0.6,70.8,66.1,4.9,19.0,1.0,0.0,8.5,7.7,0
6.1,70.3,91.7,7.5,3.0,1.0,2.0,8.4,0.6,1
,73.1,82.1,6.7,13.0,0.0,2.0,7.5,2.8,1
2.6,99.7,23.9,9.4,6.0,1.0,2.0,2.8,1.9,1
2.2,70.9,70.8,7.9,4.0,1.0,1.0,3.7,3.4,1
0.5,62.0,55.8,9.6,19.0,0.0,0.0,5.5,4.9,0
2.6,38.1,54.8,6.3,19.0,1.0,0.0,1.3,4.0,0
8.7,34.1,90.6,7.0,12.0,0.0,2.0,2.2,7.4,1
5.2,70.1,31.5,7.8,18.0,0.0,1.0,6.8,3.1,0
0.6,43.7,55.7,6.4,16.0,1.0,0.0,2.1,6.6,0
1.6,79.3,88.7,9.5,18.0,1.0,0.0,6.2,6.7,1
3.7,48.0,38.1,5.8,10.0,0.0,1.0,9.4,4.2,0
4.5,93.0,23.2,8.4,13.0,0.0,0.0,4.6,4.1,0
2.2,88.4,91.4,5.5,6.0,1.0,1.0,1.9,1.5,1
5.2,84.7,58.9,5.7,6.0,0.0,2.0,2.9,6.0,1
5.0,52.5,57.0,4.4,1.0,1.0,1.0,3.2,0.6,0
5.6,91.7,54.6,7.6,19.0,1.0,,8.1,3.4,1
1.9,95.4,32.4,10.0,10.0,0.0,1.0,7.4,6.4,0
3.4,70.4,74.3,6.7,13.0,1.0,1.0,9.9,1.3,1
8.5,42.4,69.2,5.4,19.0,0.0,0.0,8.1,0.6,1
2.7,62.7,69.5,4.4,6.0,1.0,1.0,7.6,3.2,1
2.5,73.6,30.4,7.2,8.0,1.0,1.0,9.9,2.1,0
5.7,56.0,77.8,7.8,18.0,1.0,1.0,4.8,0.1,1
2.7,43.5,39.6,9.0,16.0,1.0,2.0,6.8,0.9,0
2.9,67.9,67.9,9.5,4.0,1.0,0.0,9.8,4.0,0
0.8,65.4,89.7,9.8,3.0,1.0,0.0,3.4,4.1,0
8.4,48.6,61.7,9.1,3.0,1.0,1.0,9.2,0.5,1
4.0,90.9,25.3,7.7,11.0,1.0,0.0,2.1,4.5,0
8.8,81.7,52.7,4.3,3.0,1.0,0.0,9.5,0.5,1
0.6,48.0,57.0,9.1,9.0,0.0,0.0,4.5,5.6,0
6.8,30.9,43.8,9.0,14.0,1.0,0.0,8.0,7.8,0
7.7,51.2,48.1,6.2,1.0,1.0,1.0,3.4,7.3,1
9.5,53.1,31.5,8.2,16.0,0.0,0.0,7.6,4.0,1
4.2,47.8,50.2,4.4,9.0,0.0,1.0,6.3,0.8,0
2.2,85.2,69.3,6.6,13.0,1.0,2.0,3.6,1.6,1
3.9,87.2,44.3,8.8,3.0,1.0,1.0,10.0,4.3,0
6.3,36.7,82.3,9.5,16.0,1.0,0.0,7.1,2.6,1
0.4,35.7,46.0,9.0,19.0,0.0,2.0,9.4,1.3,0
9.1,90.6,55.2,6.0,6.0,0.0,0.0,4.9,4.7,1
2.1,45.1,52.1,6.5,14.0,1.0,0.0,3.5,2.0,0
8.9,75.8,23.3,4.5,15.0,1.0,1.0,7.4,7.5,0
,39.0,71.7,9.4,11.0,1.0,0.0,1.4,4.2,0
7.3,99.8,79.6,6.5,2.0,0.0,1.0,,2.8,1
3.7,79.8,84.2,8.2,10.0,0.0,2.0,7.5,1.8,1
3.0,62.5,46.5,7.1,14.0,1.0,0.0,5.5,0.5,1
5.3,42.0,59.9,6.1,5.0,0.0,2.0,5.5,4.7,1
9.0,61.3,23.3,9.7,3.0,0.0,1.0,9.9,4.9,0
0.1,43.3,50.7,7.9,14.0,0.0,2.0,2.9,1.6,0
5.9,40.1,54.6,9.7,1.0,0.0,0.0,4.5,5.8,0
7.3,60.6,75.3,4.7,19.0,1.0,1.0,6.0,4.8,1
9.8,67.2,69.5,5.6,11.0,0.0,0.0,2.9,1.1,1
8.4,85.2,65.1,4.4,2.0,0.0,0.0,6.2,3.0,1
9.6,64.8,64.6,7.4,18.0,0.0,0.0,4.7,5.1,1
,95.5,50.6,6.1,4.0,0.0,0.0,5.5,2.6,0
0.6,64.5,34.5,9.5,11.0,1.0,2.0,6.0,3.9,0
0.6,73.8,36.7,6.7,10.0,0.0,2.0,7.7,1.6,0
4.0,89.6,69.1,9.2,18.0,0.0,2.0,9.9,4.7,1
3.5,77.7,22.3,6.1,14.0,1.0,1.0,3.8,6.5,0
4.6,66.4,64.5,4.2,6.0,1.0,1.0,3.7,4.7,1
9.3,53.4,29.0,9.3,7.0,1.0,2.0,1.9,1.7,1
3.1,41.7,39.6,7.2,2.0,1.0,0.0,3.5,7.8,0
6.1,47.2,83.2,7.6,9.0,0.0,1.0,8.4,4.5,1
9.9,33.7,28.9,6.7,10.0,0.0,0.0,9.9,6.0,0
5.9,88.1,49.0,8.2,7.0,1.0,1.0,2.9,1.4,0
3.8,64.9,50.3,9.8,10.0,0.0,0.0,8.0,2.1,0
7.5,73.1,71.9,6.1,16.0,1.0,1.0,7.7,0.4,1
3.1,85.0,41.0,4.8,9.0,,2.0,5.0,4.1,0
2.5,50.7,54.1,5.6,13.0,0.0,0.0,3.8,1.6,0
5.9,70.1,20.6,5.2,14.0,1.0,1.0,9.2,1.8,1
9.9,88.0,94.2,,8.0,0.0,0.0,1.1,2.7,1
7.0,31.4,67.1,8.1,1.0,1.0,1.0,9.8,4.6,1
5.2,31.8,51.5,7.8,4.0,0.0,2.0,5.6,0.3,0
4.3,37.5,57.7,5.5,19.0,0.0,1.0,7.3,2.1,1
0.3,97.2,52.8,9.7,18.0,1.0,1.0,1.4,4.8,0
4.4,70.2,49.4,7.0,3.0,1.0,1.0,1.4,4.8,0
2.6,44.9,71.3,9.8,13.0,0.0,0.0,2.3,5.3,0
6.9,57.2,38.0,,6.0,1.0,1.0,7.3,4.8,0
7.0,94.0,38.9,7.2,7.0,1.0,1.0,2.5,1.0,1
0.5,64.1,22.4,7.4,8.0,0.0,1.0,8.2,2.1,0
4.9,35.0,60.4,4.0,7.0,0.0,1.0,5.2,6.3,0
9.4,33.1,33.6,6.5,4.0,1.0,1.0,5.6,3.2,0
6.9,50.3,76.4,6.0,11.0,0.0,2.0,4.2,2.8,1
5.4,79.6,29.9,6.1,12.0,0.0,0.0,1.7,5.1,0
9.8,77.8,28.4,6.0,5.0,0.0,2.0,8.9,2.0,1
9.0,78.0,46.6,4.5,15.0,1.0,1.0,3.8,6.7,1
6.7,80.2,44.7,7.3,19.0,1.0,1.0,2.5,6.3,1
0.3,88.9,35.6,7.3,2.0,0.0,1.0,5.0,1.3,0
4.7,42.1,66.5,10.0,12.0,1.0,1.0,5.3,4.6,1
8.4,88.1,62.0,9.6,18.0,0.0,2.0,1.6,2.4,1
5.2,63.6,41.8,6.9,6.0,1.0,0.0,5.7,1.5,1
2.4,98.6,89.5,6.1,3.0,0.0,,4.7,6.7,0
6.2,75.1,47.7,9.8,2.0,0.0,1.0,9.6,2.3,1
0.1,93.2,86.8,4.7,19.0,1.0,1.0,2.3,3.3,0
9.7,65.5,82.4,6.9,14.0,0.0,2.0,9.7,4.6,1
1.4,92.8,81.7,5.6,16.0,0.0,0.0,4.5,4.7,1
3.8,49.0,56.5,5.9,17.0,0.0,1.0,7.1,3.9,0
1.0,73.4,43.6,7.2,7.0,1.0,0.0,7.9,2.2,0
3.4,77.9,82.2,9.5,12.0,1.0,1.0,4.9,0.7,1
7.1,49.3,93.3,8.1,9.0,0.0,2.0,5.1,2.0,1
0.2,43.5,53.7,4.4,4.0,1.0,1.0,5.1,2.4,0
4.5,30.9,65.8,6.1,15.0,0.0,0.0,5.8,4.9,1
2.1,44.2,77.5,8.8,1.0,1.0,1.0,4.1,4.7,0
7.4,78.9,75.8,7.3,5.0,1.0,0.0,6.2,0.1,1
2.4,51.2,73.6,9.2,5.0,1.0,1.0,8.0,5.5,0
4.7,73.6,79.1,7.8,17.0,0.0,2.0,6.8,8.0,1
2.6,48.8,26.1,8.2,7.0,0.0,1.0,1.1,0.8,0
5.5,39.0,81.9,6.1,7.0,0.0,1.0,6.7,5.6,0
1.9,79.6,89.9,4.6,14.0,1.0,0.0,7.3,2.2,1
7.6,98.9,51.8,9.2,6.0,0.0,2.0,8.5,0.7,1
4.0,63.3,70.7,8.1,13.0,0.0,1.0,6.8,3.4,1
4.9,96.9,43.4,6.9,3.0,1.0,2.0,3.8,5.5,0
5.6,46.2,89.1,5.2,7.0,0.0,0.0,2.9,2.8,1
8.2,30.2,48.2,8.8,13.0,1.0,0.0,4.6,0.2,1
5.9,89.2,92.2,6.2,18.0,0.0,2.0,4.0,6.5,1
6.5,98.5,25.1,5.3,5.0,1.0,0.0,1.1,3.9,0
1.6,48.8,79.7,8.4,13.0,0.0,1.0,4.7,2.7,1
8.6,82.4,29.1,7.3,17.0,1.0,2.0,1.7,5.8,1
3.4,63.3,90.2,9.6,8.0,0.0,0.0,4.6,7.3,1
9.2,45.6,73.0,5.1,4.0,1.0,1.0,3.8,3.6,1
,41.4,63.7,6.3,12.0,1.0,,2.2,3.1,1
7.8,32.0,76.0,4.2,13.0,1.0,2.0,5.2,4.1,1
4.8,79.5,53.6,7.0,16.0,0.0,1.0,8.6,1.3,1
,50.3,20.0,4.9,1.0,0.0,2.0,7.0,5.5,0
5.5,31.1,42.7,6.6,5.0,0.0,0.0,2.4,4.4,0
3.4,43.4,59.5,9.2,6.0,,1.0,2.9,4.2,0
8.1,42.5,35.6,6.0,9.0,1.0,1.0,6.7,0.8,1
5.9,32.6,69.7,8.6,11.0,0.0,0.0,6.1,5.1,0
2.0,52.4,23.6,9.8,4.0,1.0,2.0,5.6,7.8,0
9.6,47.3,67.4,9.5,4.0,1.0,2.0,1.3,0.8,1
3.1,37.8,91.2,8.0,17.0,0.0,1.0,1.7,6.8,0
2.8,72.6,35.6,4.7,1.0,0.0,1.0,8.6,5.4,0
6.2,93.5,70.1,5.5,13.0,0.0,2.0,7.3,5.4,1
0.2,82.8,74.4,6.2,4.0,0.0,0.0,8.5,4.8,0
6.6,44.3,60.2,8.4,4.0,0.0,0.0,5.2,5.5,0
4.6,63.1,70.2,8.6,12.0,1.0,2.0,2.5,6.7,1
7.7,37.1,66.2,9.7,6.0,0.0,2.0,8.3,1.5,1
0.7,82.4,55.0,5.7,8.0,0.0,0.0,8.9,7.4,0
1.7,50.2,82.7,6.3,14.0,0.0,1.0,8.7,1.3,1
5.2,85.2,33.5,7.3,12.0,0.0,2.0,9.5,0.6,1
4.5,49.1,50.3,6.3,7.0,1.0,1.0,4.8,0.1,1
2.3,91.6,63.9,5.5,6.0,0.0,1.0,9.0,1.7,1
6.3,74.6,84.2,9.3,12.0,1.0,2.0,4.8,6.2,1
6.7,83.5,76.4,4.7,7.0,0.0,0.0,5.9,3.8,1
0.4,84.3,56.4,6.4,7.0,0.0,0.0,6.8,3.8,0
9.5,58.2,93.9,8.0,6.0,,2.0,9.0,4.3,1
2.0,34.6,85.1,4.8,7.0,,0.0,7.6,3.0,0
3.0,33.0,45.5,5.4,14.0,0.0,0.0,7.2,3.4,0
7.3,31.8,60.4,,3.0,0.0,0.0,4.2,2.3,0
8.8,43.2,81.3,9.2,8.0,0.0,2.0,7.1,6.3,1
7.0,89.2,68.1,9.3,16.0,1.0,0.0,2.8,6.3,1
2.2,98.3,25.8,9.2,16.0,0.0,2.0,1.5,2.4,0
0.8,89.2,,6.7,3.0,1.0,1.0,7.3,1.6,0
8.4,40.1,27.1,6.8,17.0,1.0,1.0,8.0,0.3,1
7.2,39.4,48.3,9.3,9.0,1.0,0.0,1.4,6.4,0
2.1,80.6,55.0,4.6,1.0,1.0,1.0,1.4,2.1,0
3.6,34.9,29.7,4.8,7.0,0.0,0.0,4.5,6.6,0
4.3,68.0,20.8,4.1,0.0,1.0,1.0,9.6,6.3,0
3.7,39.3,52.6,9.4,9.0,,2.0,6.2,4.5,0
2.7,92.7,62.4,5.8,7.0,1.0,1.0,3.8,7.2,0
6.0,99.4,65.9,9.1,11.0,1.0,0.0,1.1,4.8,1
6.8,95.1,55.2,9.3,1.0,1.0,2.0,2.5,1.6,1
9.9,36.2,35.3,4.4,1.0,1.0,0.0,2.6,3.7,0
8.7,67.4,58.7,9.2,18.0,0.0,0.0,7.3,6.7,1
5.8,48.5,30.9,,9.0,1.0,2.0,8.9,6.0,1
5.2,55.0,81.9,4.3,0.0,1.0,1.0,1.3,6.2,1
6.8,45.4,88.0,9.8,1.0,0.0,2.0,1.1,4.1,1
7.7,46.3,47.2,4.3,16.0,1.0,1.0,5.9,1.2,1
5.9,37.2,82.0,9.8,6.0,0.0,0.0,7.9,4.2,1
4.7,61.5,20.6,9.3,7.0,1.0,0.0,6.1,3.7,0
5.0,71.1,75.9,6.2,7.0,0.0,0.0,7.9,1.7,1
8.8,62.9,80.5,7.0,16.0,0.0,1.0,2.4,5.0,1
6.4,54.6,46.6,9.4,12.0,1.0,1.0,4.9,5.5,1
2.7,84.0,39.3,7.5,7.0,0.0,1.0,9.8,7.6,0
3.5,93.9,56.6,6.7,9.0,0.0,0.0,7.1,3.7,0
3.3,75.0,88.5,8.8,9.0,0.0,1.0,3.8,5.7,0
1.5,44.2,69.0,4.1,17.0,0.0,1.0,1.2,4.7,0
8.8,46.1,47.7,9.7,3.0,0.0,0.0,6.5,5.5,1
8.8,54.1,70.1,9.2,7.0,0.0,2.0,8.6,6.1,1
1.3,40.2,28.4,9.1,9.0,0.0,2.0,9.5,1.3,0
3.7,96.5,76.0,4.2,8.0,1.0,1.0,9.8,2.1,1
0.5,50.5,86.1,6.1,6.0,1.0,0.0,3.3,1.0,0
1.7,46.4,73.5,8.6,5.0,0.0,2.0,2.9,1.7,0
,80.7,20.3,8.9,16.0,1.0,1.0,5.1,4.4,0
2.2,95.9,75.6,8.5,2.0,0.0,2.0,8.3,6.2,1
4.5,77.7,22.2,7.4,15.0,0.0,2.0,4.4,2.8,0
7.0,47.4,77.7,6.6,17.0,1.0,2.0,,1.8,1
,37.9,70.0,,8.0,0.0,2.0,2.8,5.9,0
2.9,83.3,52.4,9.5,6.0,0.0,,8.7,5.5,0
6.6,61.3,48.2,8.6,14.0,,2.0,6.2,3.2,1
5.8,67.2,21.9,8.2,6.0,0.0,1.0,8.2,4.5,0
0.4,,,,19.0,0.0,1.0,7.2,5.8,0
4.6,65.0,80.8,5.3,4.0,0.0,2.0,3.7,7.5,0
4.4,83.4,70.0,6.1,15.0,1.0,0.0,7.1,2.1,1
1.3,47.2,52.7,5.8,14.0,0.0,1.0,1.5,1.7,0
,56.3,30.4,5.6,19.0,1.0,1.0,5.7,5.0,0
8.0,33.6,50.7,5.5,19.0,1.0,0.0,1.6,1.6,1
0.7,41.6,33.3,8.7,19.0,1.0,0.0,4.2,5.9,0
0.6,78.1,74.1,9.5,12.0,0.0,1.0,5.0,7.6,0
8.1,33.0,65.3,7.0,7.0,0.0,,4.7,1.5,1
8.5,49.8,79.5,9.6,1.0,1.0,2.0,2.1,6.2,1
1.9,85.2,67.4,7.8,5.0,0.0,1.0,9.8,2.9,0
6.6,99.7,35.8,9.3,9.0,,0.0,7.3,,1
3.9,91.1,81.1,4.2,3.0,0.0,2.0,1.1,5.7,1
1.4,50.6,40.0,8.7,15.0,1.0,1.0,2.3,0.4,0
3.6,66.1,35.6,8.0,9.0,0.0,0.0,8.9,3.7,0
7.9,67.5,78.0,7.8,17.0,1.0,1.0,2.7,0.3,1
0.4,54.7,26.4,,3.0,0.0,2.0,5.1,4.8,0
6.2,97.7,93.5,7.8,6.0,1.0,1.0,6.4,1.4,1
9.0,42.6,83.9,6.7,18.0,1.0,1.0,3.2,2.0,1
6.0,68.1,56.1,,15.0,1.0,0.0,9.6,0.5,1
2.4,85.0,41.8,4.6,9.0,0.0,1.0,5.1,5.4,0
8.2,39.2,73.1,4.4,17.0,1.0,2.0,7.1,4.6,1
7.7,54.8,81.1,4.2,8.0,1.0,0.0,7.2,1.8,1
7.2,81.1,87.5,6.2,0.0,1.0,1.0,6.7,5.9,1
6.1,80.7,21.7,5.5,5.0,1.0,0.0,3.1,4.1,0
6.1,33.8,81.7,4.2,5.0,1.0,0.0,4.0,5.8,0
3.1,97.6,51.5,7.2,18.0,1.0,2.0,4.5,5.7,0
8.0,99.0,,8.0,15.0,0.0,0.0,3.4,7.3,1
5.7,43.4,51.7,7.3,4.0,0.0,0.0,9.8,1.0,0
1.6,58.5,63.7,6.9,6.0,1.0,0.0,4.9,6.2,0
3.4,97.1_err,33.7,7.8,15.0,0.0,1.0,5.2,4.6,1
1.5,65.1,65.1,4.7,17.0,0.0,0.0,9.9,7.4,0
8.1,42.4,76.5,9.7,11.0,0.0,0.0,3.7,1.2,1
0.7,86.1,,6.3,2.0,1.0,2.0,9.1,3.1,1
9.0,50.1,78.9,10.0,11.0,1.0,2.0,7.1,4.6,1
3.0,93.3,43.7,5.9,13.0,0.0,0.0,,3.6,1
0.7,92.9,44.7,7.4,6.0,0.0,2.0,4.7,2.4,0
0.2,80.9,68.5,8.5,16.0,1.0,,1.8,4.4,0
2.8,77.2,29.1,7.7,16.0,1.0,1.0,5.7,7.3,0
8.2,52.8,82.8,7.2,15.0,0.0,1.0,9.3,4.4,1
0.6,91.5,42.5,8.8,6.0,0.0,0.0,9.5,1.2,0
1.3,97.5,42.1,8.6,6.0,0.0,0.0,1.7,6.6,0
6.7,90.2,37.4,5.8,3.0,0.0,1.0,9.8,0.6,0
5.1,47.1,24.0,6.4,9.0,1.0,0.0,5.8,2.0,0
1.6,66.2,66.8,6.5,7.0,0.0,1.0,5.0,2.0,0
3.0,90.2,72.8,7.1,7.0,0.0,1.0,5.6,4.9,1
7.5,74.4,77.0,6.3,6.0,0.0,1.0,3.0,5.9,1
7.9,60.5,77.3,6.4,16.0,1.0,1.0,3.1,1.0,1
6.5,54.5,22.7,8.0,9.0,0.0,1.0,5.8,1.3,0
4.5,42.8,25.3,4.7,4.0,0.0,2.0,8.8,7.5,0
2.8,71.7,27.7,8.2,16.0,0.0,1.0,5.5,4.7,0
0.3,51.2,50.5,,11.0,0.0,0.0,2.2,0.6,0
3.9,36.4,73.7,9.5,8.0,1.0,2.0,5.1,1.2,0
8.1,63.4,64.4,6.0,5.0,1.0,1.0,6.9,0.6,1
0.6,89.6,59.8,6.2,8.0,0.0,1.0,9.3,3.2,0
,31.0,40.8,5.7,8.0,1.0,1.0,4.2,6.7,0
0.7,95.8,57.6,9.4,18.0,,1.0,9.3,5.7,0
7.5,35.7,69.1,4.2,4.0,1.0,1.0,,7.8,1
9.3,48.1,43.9,6.9,16.0,1.0,0.0,5.9,5.9,0
8.9,91.5,59.4,4.7,9.0,0.0,2.0,6.6,5.7,1
9.0,65.8,72.4,5.5,8.0,1.0,1.0,4.0,6.0,1
2.4,56.8,55.4,9.1,13.0,0.0,0.0,8.3,1.1,0
6.9,64.4,94.3,9.0,14.0,0.0,1.0,8.7,5.5,1
7.0,,92.6,9.9,14.0,0.0,2.0,1.0,5.5,1
1.6,58.6,83.1,7.8,14.0,1.0,2.0,2.9,0.1,1
5.3,52.8,65.7,5.7,9.0,1.0,1.0,9.6,5.4,1
5.8,43.4,58.0,5.0,17.0,0.0,0.0,5.7,0.9,1
3.3,81.9,88.2,9.2,16.0,0.0,1.0,3.4,7.6,1
2.2,94.7,65.3,4.6,16.0,0.0,1.0,3.4,5.5,0
9.4,74.7,29.6,8.7,10.0,0.0,2.0,4.2,2.9,0
7.9,80.6,30.8,5.5,16.0,0.0,0.0,4.1,1.7,1
3.1,90.5,37.0,6.9,6.0,1.0,2.0,6.8,2.9,0
3.8,,47.0,5.4,2.0,0.0,2.0,7.2,,0
1.5,94.3,60.1,5.7,4.0,1.0,2.0,5.8,3.6,1
3.3,70.3,49.7,4.0,11.0,1.0,2.0,9.0,0.8,1
8.0,58.9,77.4,5.7,9.0,0.0,1.0,8.4,7.3,0
9.3,45.2,22.6,9.2,16.0,0.0,2.0,7.3,0.5,1
5.2,30.2,47.2,9.0,9.0,1.0,1.0,7.7,1.9,1
3.4,91.9,23.4,6.0,12.0,0.0,1.0,4.4,3.5,0
,41.3,51.6,6.6,,0.0,2.0,3.8,3.2,0
8.2,86.5,47.9,5.8,19.0,1.0,0.0,2.4,4.1,1
4.5,30.9,91.2,9.9,16.0,0.0,0.0,2.9,1.9,1
4.4,82.3,60.6,9.2,12.0,0.0,2.0,9.2,0.5,1
0.3,34.4,25.8,8.7,10.0,1.0,0.0,8.5,6.8,0
1.4,65.3,51.9,9.1,10.0,0.0,0.0,6.3,0.9,1
4.7,36.8,32.2,4.1,13.0,0.0,1.0,4.4,5.4,0
6.3,86.9,49.8,7.0,12.0,0.0,1.0,8.9,5.3,0
1.3,39.0,26.4,4.1,0.0,1.0,2.0,6.4,0.7,0
3.8,91.0,48.8,8.7,16.0,0.0,0.0,9.9,4.1,0
2.4,74.0,41.5,5.8,11.0,1.0,0.0,9.9,4.7,0
4.7,31.3,72.5,7.6,1.0,1.0,2.0,8.5,2.7,1
6.1,42.9,44.2,5.3,7.0,1.0,2.0,9.4,2.7,1
4.6,86.6,82.3,4.5,14.0,0.0,2.0,7.3,6.7,1
2.0,92.2,84.5,5.7,12.0,0.0,2.0,3.3,4.8,1
2.5,61.4,79.5,8.8,15.0,0.0,1.0,4.9,3.8,1
0.9,78.6,69.8,4.3,13.0,1.0,2.0,1.8,2.4,1
4.1,81.0,,4.1,7.0,0.0,1.0,6.5,3.9,1
8.2,99.7,36.5,9.3,18.0,0.0,2.0,7.5,2.8,1
3.3,90.4,23.6,5.4,11.0,0.0,2.0,4.2,2.2,0
3.4,88.2,80.5,4.7,9.0,0.0,0.0,9.9,3.2,1
1.6,72.0,34.5,8.6,13.0,0.0,0.0,5.5,2.3,0
8.2,94.2,84.0,7.8,3.0,1.0,1.0,6.3,4.1,1
2.4,60.9,72.8,9.4,13.0,0.0,0.0,1.7,4.7,0
9.5,97.7,37.6,9.1,4.0,0.0,2.0,3.4,4.9,1
4.9,88.6,82.5,7.8,10.0,1.0,0.0,7.7,6.9,1
7.1,51.4,41.8,5.9,18.0,1.0,1.0,1.1,5.1,0
8.5,59.7,39.4,4.2,0.0,1.0,1.0,2.1,2.0,1
1.7,87.0,58.5,5.2,11.0,1.0,1.0,7.9,6.7,0
9.9,63.1,83.2,4.4,7.0,0.0,0.0,4.6,1.6,1
8.8,90.6,77.1,4.1,9.0,1.0,0.0,9.5,6.5,1
9.9,88.5_err,40.8,6.2,2.0,0.0,2.0,2.9,0.1,1
0.5,86.5,51.8,5.4,6.0,1.0,1.0,7.9,2.9,0
7.0,47.5,76.7,8.7,14.0,0.0,2.0,9.9,8.0,1
4.6,92.7,32.5,7.9,4.0,1.0,0.0,5.2,6.6,0
6.1,72.8,42.6,4.2,10.0,1.0,0.0,7.1,4.6,0
7.1,93.0,78.0,6.0,6.0,1.0,1.0,8.3,3.4,1
6.4,76.6,34.8,6.4,5.0,1.0,0.0,8.9,5.5,0
,86.7,25.1,6.3,19.0,1.0,0.0,6.0,7.8,0
3.8,77.6,36.2,5.9,6.0,1.0,1.0,7.8,6.1,0
,49.8,40.4,5.0,10.0,1.0,1.0,9.2,1.6,0
3.8,83.0,76.3,9.3,2.0,0.0,0.0,9.0,0.1,1
2.2,39.1,45.6,5.8,16.0,0.0,0.0,2.7,6.7,0
6.9,52.6,79.4,,10.0,1.0,0.0,9.7,4.3,1
0.2,33.7,77.5,5.0,12.0,0.0,0.0,2.1,7.7,0
8.5,89.9,71.3,7.9,13.0,1.0,0.0,2.2,6.7,1
3.5,69.3,80.4,5.1,11.0,1.0,2.0,2.0,1.2,1
3.2,75.2,46.5,5.5,3.0,1.0,2.0,8.6,0.7,0
1.3,77.5,38.3,4.6,2.0,0.0,2.0,4.0,2.5,0
1.8,97.6,74.7,5.8,3.0,1.0,2.0,9.0,7.0,0
1.8,33.6,21.0,5.1,8.0,0.0,1.0,7.8,5.7,0
6.5,47.4,75.3,9.3,2.0,0.0,2.0,3.8,6.5,1
5.3,57.3,71.3,8.1,9.0,0.0,1.0,5.9,0.6,1
2.3,87.2,26.1,8.3,2.0,1.0,1.0,2.2,1.8,0
9.0,45.0,36.9,6.8,2.0,0.0,0.0,4.3,0.8,0
2.4,68.3,63.1,5.2,3.0,1.0,0.0,9.4,6.1,0
1.1,54.9,88.2,5.1,10.0,1.0,0.0,5.1,4.0,1
4.7,89.8,32.0,7.9,14.0,1.0,1.0,3.7,5.5,0
6.0,48.6,52.0,6.3,18.0,0.0,0.0,3.9,2.0,1
0.5,58.9,85.1,4.7,9.0,0.0,2.0,3.7,0.2,1
3.8,,84.7,7.6,19.0,0.0,1.0,6.5,0.6,1
8.4,48.4,91.4,7.2,19.0,1.0,0.0,3.3,2.3,1
1.6,42.4,73.1,8.7,15.0,1.0,0.0,5.9,6.4,0
8.7,59.5,22.3,8.8,7.0,0.0,2.0,2.5,2.6,1
2.2,45.0,34.9,8.0,3.0,0.0,2.0,3.3,5.3,0
4.5,71.4,76.9,8.3,7.0,1.0,0.0,7.5,1.2,1
8.6,96.8,52.0,8.8,13.0,1.0,1.0,9.9,2.0,1
8.3,67.7,40.9,9.0,8.0,1.0,1.0,2.0,0.5,1
8.6,44.8,66.6,8.9,13.0,0.0,0.0,9.3,5.9,1
8.6,72.4,50.9,7.2,8.0,0.0,1.0,5.1,0.3,1
6.0,83.8,75.7,9.0,19.0,1.0,1.0,9.3,0.7,1
0.1,50.0,32.5,5.2,4.0,0.0,1.0,2.0,1.9,0
6.5,37.2,32.9,5.1,6.0,0.0,,3.1,0.3,0
6.2,61.0,81.7,8.0,0.0,1.0,2.0,2.1,7.4,1
8.8,35.6,37.4,4.5,1.0,1.0,0.0,3.9,7.5,0
,99.9,70.0,,3.0,0.0,0.0,7.2,2.7,1
4.8,49.0,,8.9,17.0,0.0,2.0,7.0,4.7,1
6.4,54.4,89.7,5.6,1.0,0.0,2.0,5.0,7.0,1
3.1,82.2,59.6,5.9,11.0,0.0,1.0,9.1,1.5,1
2.6,63.6,64.2,5.0,5.0,1.0,0.0,4.3,5.4,0
1.9,64.4,64.4,5.8,0.0,0.0,1.0,3.2,2.1,0
8.6,56.6,38.1,5.0,1.0,0.0,1.0,4.4,1.0,0
8.7,77.8,31.6,7.0,6.0,0.0,2.0,3.6,0.8,1
0.5,86.7,36.4,6.0,8.0,0.0,0.0,1.9,2.9,0
0.2,56.2,49.2,4.3,12.0,0.0,0.0,6.4,7.5,0
2.9,80.1,44.8,4.9,1.0,0.0,0.0,8.1,7.2,0
8.3,38.3,39.9,9.1,19.0,0.0,2.0,4.5,7.8,1
4.4,40.8,48.7,6.7,11.0,0.0,1.0,9.2,5.6,0
9.0,65.5,82.0,7.0,13.0,0.0,0.0,7.2,1.7,1
2.6,96.3,70.2,8.5,11.0,1.0,0.0,4.0,5.3,1
1.8,69.6,68.5,4.6,4.0,0.0,1.0,8.2,6.5,0
4.9,49.3,77.1,7.5,18.0,1.0,0.0,4.6,1.3,1
7.2,56.7,46.2,6.7,1.0,0.0,1.0,9.1,6.7,0
8.7,66.9,72.8,7.3,7.0,1.0,2.0,3.0,5.4,1
0.2,55.8,51.8,4.4,13.0,0.0,2.0,5.8,2.0,0
8.0,87.0_err,36.1,4.2,0.0,0.0,1.0,5.5,5.0,0
1.8,33.5,39.2,7.1,9.0,0.0,0.0,3.5,2.7,0
1.0,79.3,64.6,9.4,9.0,1.0,0.0,4.2,5.5,0
1.1,95.6,,9.5,10.0,1.0,0.0,6.0,4.9,0
7.0,83.3,39.6,6.7,4.0,1.0,1.0,4.4,0.0,1
5.5,42.0,86.4,8.5,6.0,1.0,1.0,8.9,7.4,1
1.0,47.6,70.3,4.7,14.0,0.0,0.0,7.8,3.6,0
5.3,34.7,31.1,5.8,,0.0,0.0,1.2,4.0,0
5.3,57.8,81.7,5.0,2.0,0.0,1.0,6.5,5.1,1
2.7,36.5,81.4,5.3,14.0,0.0,0.0,9.5,6.8,0
7.7,57.0,48.1,5.3,13.0,0.0,0.0,1.7,7.4,0
8.6,77.9,75.1,5.3,13.0,0.0,0.0,2.7,3.6,1
3.3,36.0,66.4,4.5,14.0,1.0,2.0,9.6,6.9,0
6.4,69.9,46.0,4.8,12.0,1.0,2.0,3.6,0.2,1
2.6,98.6,49.8,6.9,0.0,1.0,1.0,2.5,6.7,0
1.9,37.2,56.5,5.8,,1.0,2.0,6.0,7.1,0
1.4,31.8,92.5,6.6,9.0,0.0,1.0,3.1,5.9,0
4.2,45.0,28.1,4.8,14.0,0.0,0.0,6.7,7.6,0
1.0,53.5,87.3,4.7,3.0,1.0,1.0,8.4,3.3,0
4.4,38.6,88.5,5.0,4.0,1.0,1.0,2.7,1.9,1
7.0,74.5,82.5,4.2,19.0,1.0,1.0,6.9,5.1,1
5.8,78.1,92.3,6.7,4.0,1.0,2.0,,6.9,1
0.3,90.5,36.7,8.2,16.0,1.0,2.0,1.5,7.4,0
5.7,33.9,79.5,7.0,12.0,0.0,2.0,3.5,7.7,1
1.4,61.7,24.3,7.1,3.0,0.0,1.0,2.7,1.5,0
8.4,73.4,37.9,4.2,9.0,1.0,2.0,3.9,4.5,1
8.1,76.3,31.9,6.7,14.0,0.0,2.0,5.2,,1
9.7,62.9,62.3,5.2,3.0,1.0,2.0,5.7,2.4,1
5.6,58.6,88.8,,8.0,0.0,2.0,7.8,7.1,1
7.1,41.3,44.6,7.3,16.0,1.0,0.0,7.4,7.1,0
0.6,61.2,25.1,6.0,9.0,1.0,1.0,9.5,,0
2.4,89.4,36.2,7.2,10.0,1.0,0.0,5.5,2.9,0
5.6,87.5,74.7,8.5,3.0,1.0,2.0,8.3,3.4,1
2.8,66.2,67.4,4.3,10.0,0.0,2.0,7.6,1.3,0
8.7,58.9,67.3,4.4,2.0,0.0,0.0,5.1,8.0,0
3.6,44.1,74.0,7.3,6.0,0.0,2.0,6.1,1.8,0
7.9,63.8,54.9,8.2,4.0,0.0,1.0,3.2,2.4,1
7.0,78.9,50.5,4.5,6.0,1.0,1.0,8.8,5.7,0
2.1,47.6,79.1,8.6,9.0,1.0,0.0,2.3,5.9,1
2.1,40.1,51.1,4.6,15.0,0.0,0.0,7.6,6.2,0
7.1,31.9,48.4,7.8,9.0,1.0,1.0,1.3,3.7,0
3.2,49.9,50.0,6.6,2.0,1.0,1.0,2.0,2.0,0
,44.8,37.2,10.0,3.0,1.0,0.0,6.2,,0
3.1,35.9,67.0,6.8,6.0,0.0,0.0,9.0,2.2,0
1.2,57.6,82.6,5.4,1.0,1.0,0.0,1.2,7.2,0
4.9,97.2,68.3,9.3,8.0,1.0,2.0,2.1,0.9,1
2.4,48.5,23.9,8.8,4.0,0.0,1.0,3.5,1.0,0
5.6,83.5,42.0,8.7,18.0,0.0,2.0,3.6,2.7,1
1.8,58.8,40.3,5.6,18.0,0.0,0.0,9.0,0.9,0
3.6,95.0,74.6,4.8,12.0,1.0,0.0,5.3,0.2,1
3.6,81.8,23.7,4.8,11.0,1.0,0.0,5.5,7.3,0
7.2,78.8,35.4,6.4,19.0,0.0,2.0,1.6,4.5,0
5.3,91.8,69.2,4.1,15.0,1.0,2.0,1.3,5.9,1
4.6,83.5,47.6,5.6,0.0,1.0,2.0,1.9,2.1,0
8.9,52.9,80.1,8.0,4.0,1.0,1.0,6.7,1.9,1
8.2,90.1,42.6,6.6,9.0,1.0,2.0,6.4,4.1,1
2.6,37.8,84.8,7.0,13.0,1.0,0.0,7.0,6.5,1
1.8,31.0,22.9,7.1,10.0,0.0,0.0,5.3,1.9,0
3.9,36.7,55.5,9.2,19.0,1.0,0.0,5.5,0.1,1
3.1,73.7,48.2,8.4,11.0,0.0,0.0,3.8,1.4,0
7.9,97.1,46.1,9.7,10.0,0.0,1.0,9.1,2.5,1
2.7,68.3,28.8,4.8,14.0,1.0,0.0,9.0,4.3,0
6.1,81.4,,4.3,7.0,1.0,1.0,7.1,1.4,0
2.3,78.5,,5.0,19.0,0.0,1.0,8.0,3.2,0
3.2,74.2,41.9,8.1,19.0,1.0,1.0,2.9,,0
1.0,66.2,21.5,4.7,9.0,0.0,2.0,7.9,2.3,0
9.9,42.5,56.7,4.2,16.0,1.0,0.0,5.7,5.4,1
5.7,86.1,84.9,8.2,4.0,,2.0,9.2,2.3,1
4.3,42.0,50.5,9.7,13.0,0.0,0.0,5.7,3.1,0
9.0,58.5,79.1,6.0,13.0,0.0,2.0,9.0,2.4,1
2.6,39.6,86.9,9.9,10.0,1.0,0.0,5.0,3.1,1
5.9,69.1,78.7,5.0,18.0,1.0,2.0,4.5,6.7,1
4.6,81.0,59.1,7.4,1.0,0.0,0.0,3.7,7.0,0
3.5,46.4,94.6,9.7,8.0,1.0,0.0,3.7,4.1,0
2.4,60.8,80.4,6.7,13.0,1.0,0.0,3.9,7.2,0
4.4,74.9,74.7,9.0,10.0,0.0,2.0,1.9,1.7,1
3.8,37.9,70.6,9.8,17.0,1.0,2.0,2.1,2.1,1
9.7,63.1,88.3,,0.0,1.0,2.0,9.0,5.4,1
6.2,47.7,21.4,9.6,5.0,1.0,0.0,6.8,7.2,0
3.0,86.9,25.6,6.1,11.0,0.0,1.0,4.0,2.5,0
7.6,64.1,89.7,7.5,9.0,0.0,,3.2,3.5,1
9.7,58.8,32.7,8.2,15.0,1.0,2.0,3.7,3.7,1
6.9,65.8,69.8,9.8,11.0,0.0,1.0,7.7,7.6,1
1.4,44.9,29.1,8.0,16.0,0.0,0.0,2.9,4.9,0
9.5,93.1,36.0,6.3,0.0,1.0,1.0,1.1,5.9,1
9.2,76.7,57.2,10.0,5.0,0.0,1.0,8.6,,1
4.4,71.6,73.8,8.7,9.0,0.0,1.0,7.5,2.9,1
7.9,91.5,80.3,5.3,8.0,1.0,0.0,9.0,3.5,1
7.0,41.0,31.7,6.9,8.0,1.0,2.0,4.9,1.6,0
6.9,47.3,21.6,5.3,0.0,1.0,1.0,6.8,4.3,0
8.3,86.7,35.9,9.8,0.0,0.0,2.0,9.9,7.3,1
9.2,99.4,55.3,5.4,15.0,0.0,2.0,9.9,0.6,1
7.1,62.1,70.8,8.7,1.0,0.0,2.0,10.0,2.1,1
5.0,50.0,54.2,5.1,19.0,1.0,0.0,4.1,1.7,1
8.1,85.0,89.6,6.0,12.0,1.0,2.0,8.1,5.4,1
0.9,65.0,69.1,5.6,15.0,1.0,1.0,7.4,7.1,0
5.9,57.6,27.3,9.2,16.0,0.0,1.0,1.3,6.3,0
5.3,92.3,85.8,7.7,15.0,1.0,1.0,4.8,4.5,1
10.0,62.1,,6.6,5.0,0.0,1.0,9.3,5.8,1
4.6,84.0,71.1,6.7,16.0,0.0,0.0,4.0,6.2,0
8.9,98.8,40.4,8.0,,0.0,1.0,6.8,4.1,1
2.5,67.7,39.0,6.7,9.0,0.0,2.0,1.6,0.1,0
8.8,91.9,58.0,5.3,11.0,1.0,0.0,4.8,1.0,1
8.9,84.3,31.1,6.5,0.0,0.0,1.0,7.3,2.9,1
2.2,44.1,44.3,5.5,13.0,0.0,0.0,6.0,0.1,0
7.2,79.4,27.0,8.7,12.0,0.0,2.0,8.7,3.0,0
10.0,90.4,68.7,8.1,9.0,0.0,1.0,8.4,5.2,1
5.5,45.0,23.1,9.4,19.0,0.0,0.0,6.7,2.1,0
2.7,95.4,23.8,6.4,13.0,0.0,0.0,2.8,6.5,0
4.3,49.8,48.7,4.7,7.0,0.0,0.0,4.2,3.5,0
0.3,58.0,73.3,6.4,19.0,1.0,0.0,,,0
0.3,84.5,,8.9,8.0,0.0,0.0,3.5,7.0,0
6.7,64.3,33.4,7.0,3.0,0.0,,4.0,1.0,0
7.4,81.0,57.8,9.7,14.0,1.0,0.0,3.1,3.0,1
3.8,96.0,88.8,4.6,5.0,0.0,2.0,2.4,7.3,1
5.5,80.7,85.6,6.6,8.0,0.0,2.0,6.4,3.8,1
7.4,50.6,50.1,6.5,16.0,1.0,0.0,5.8,2.0,1
8.1,92.2,59.5,7.2,14.0,1.0,2.0,2.6,2.8,1
7.3,50.6,94.1,7.7,17.0,1.0,2.0,6.7,1.1,1
5.3,42.7,65.3,9.7,14.0,1.0,1.0,5.4,2.7,0
7.4,86.3,80.8,6.3,11.0,1.0,1.0,8.6,7.5,1
6.6,33.6,93.5,5.0,0.0,0.0,1.0,5.5,0.6,1
4.4,82.5,90.3,4.8,11.0,0.0,2.0,8.0,1.3,1
1.4,90.0,49.2,8.5,4.0,0.0,2.0,8.2,4.3,0
6.9,56.7,68.8,7.6,2.0,0.0,1.0,5.8,5.3,1
4.6,93.8,90.8,5.2,3.0,1.0,2.0,9.8,6.6,1
1.8,68.0,80.7,8.1,16.0,0.0,0.0,3.8,1.1,1
4.1,77.9,47.6,,4.0,1.0,2.0,4.7,2.1,0
0.7,45.7,59.2,9.0,16.0,0.0,1.0,1.1,2.4,0
2.7,79.8,32.6,7.9,10.0,1.0,2.0,9.7,2.0,0
8.8,87.8,62.0,9.1,5.0,0.0,1.0,8.2,6.2,1
0.6,32.7,36.2,4.5,8.0,,2.0,2.4,0.7,0
1.5,70.1,72.9,6.9,10.0,0.0,2.0,3.9,4.2,0
7.7,43.3,58.6,5.2,9.0,0.0,2.0,3.7,3.1,0
9.3,39.0,71.2,5.1,1.0,1.0,0.0,3.2,4.8,1
6.9,99.1,22.6,8.4,7.0,1.0,0.0,5.9,5.5,0
0.3,92.0,44.7,4.5,11.0,0.0,2.0,8.6,3.1,0
3.9,64.6,38.4,9.6,14.0,1.0,0.0,7.7,7.8,0
10.0,91.5,54.1,6.2,17.0,1.0,0.0,5.7,0.7,1
7.5,95.9,43.0,8.6,11.0,1.0,2.0,3.9,6.2,1
7.3,65.9,91.7,7.5,3.0,0.0,0.0,6.8,4.0,1
4.1,nan_err,39.2,9.3,16.0,1.0,0.0,3.2,2.5,1
3.3,91.6,69.6,7.6,13.0,0.0,,9.3,4.0,1
1.8,48.3,90.6,7.7,9.0,0.0,2.0,2.4,4.2,1
4.1,71.7,83.3,5.1,16.0,0.0,0.0,2.2,3.7,1
,45.4,51.7,8.2,11.0,1.0,1.0,8.0,6.5,0
9.0,95.8,47.7,9.4,16.0,0.0,0.0,3.1,7.3,1
6.2,63.0,64.5,9.8,,0.0,0.0,6.2,1.5,1
2.0,93.9,91.9,5.9,16.0,0.0,1.0,4.0,2.5,1
6.4,38.3,29.5,9.5,4.0,1.0,0.0,3.6,0.8,0
,75.3,81.4,9.2,,1.0,1.0,8.7,1.3,1
1.2,43.1,67.8,9.6,17.0,0.0,0.0,5.7,,0
0.5,89.0,81.8,9.0,17.0,1.0,2.0,3.8,6.1,1
4.3,,49.9,8.7,3.0,1.0,0.0,,0.3,0
3.7,67.7,91.6,4.9,2.0,1.0,0.0,6.8,5.1,1
5.2,70.4,48.0,9.5,0.0,0.0,1.0,8.7,6.3,0
0.2,40.2,47.9,8.5,,0.0,2.0,5.7,0.1,0
6.8,48.8,37.9,8.8,8.0,0.0,1.0,8.0,4.6,1
,58.6,71.6,9.9,12.0,0.0,1.0,5.4,4.2,1
2.0,,20.2,8.6,14.0,0.0,2.0,8.4,1.4,0
4.0,41.3,64.5,6.0,8.0,1.0,0.0,1.1,1.4,0
5.3,55.5,62.5,9.2,19.0,0.0,,3.1,4.2,1
6.7,30.5,60.0,7.7,2.0,1.0,2.0,2.3,3.7,0
1.0,51.3,76.3,5.2,14.0,1.0,,9.9,1.5,1
1.5,73.9,84.3,,1.0,0.0,2.0,5.8,4.0,0
6.9,57.0,,4.4,3.0,0.0,2.0,7.9,0.2,1
6.9,80.2,87.2,7.6,8.0,0.0,2.0,1.8,0.9,1
2.3,96.3,38.2,5.6,13.0,1.0,0.0,5.5,1.2,1
0.7,36.0,43.3,6.7,9.0,0.0,2.0,10.0,7.3,0
9.2,71.8,21.2,9.0,2.0,0.0,2.0,1.3,6.0,0
5.6,79.0,89.4,7.6,11.0,1.0,1.0,7.0,2.2,1
8.7,62.4,52.4,7.8,10.0,1.0,0.0,6.4,3.3,1
2.9,50.9,24.6,4.8,3.0,1.0,1.0,5.3,2.8,0
6.7,65.1,43.8,10.0,18.0,0.0,2.0,6.4,1.2,1
7.7,60.2,75.0,6.5,,1.0,1.0,5.0,7.2,1
7.8,51.7,43.9,9.6,5.0,0.0,1.0,5.7,7.3,0
5.7,,34.6,7.0,16.0,0.0,2.0,2.9,6.6,1
8.8,93.2,33.1,9.9,5.0,0.0,2.0,1.3,2.2,0
5.3,86.8,69.4,7.6,16.0,1.0,1.0,4.8,2.0,1
0.7,75.5,66.8,5.9,9.0,1.0,1.0,3.3,6.4,0
4.4,73.6,63.7,6.9,17.0,0.0,2.0,5.4,7.3,0
9.4,95.6,60.9,4.8,15.0,0.0,2.0,7.8,6.8,1
1.2,79.5,93.2,9.5,17.0,0.0,0.0,5.4,7.5,1
9.9,92.7,39.5,6.0,14.0,1.0,2.0,7.6,6.1,1
9.6,76.7,93.5,5.4,14.0,1.0,1.0,8.5,2.0,1
5.4,54.1,30.3,8.9,8.0,1.0,1.0,1.1,6.4,0
4.2,54.2,73.8,8.2,13.0,0.0,0.0,3.5,5.9,1
9.4,42.8,27.1,7.0,1.0,0.0,1.0,2.9,3.3,0
9.5,58.8,54.0,4.1,18.0,1.0,0.0,4.4,3.8,1
0.1,82.6,26.8,4.8,14.0,0.0,2.0,5.4,3.7,0
5.5,62.2,72.7,5.3,13.0,1.0,1.0,8.3,4.5,1
6.5,42.7,28.3,6.8,12.0,0.0,0.0,8.4,3.2,0
0.4,46.7,85.3,5.3,9.0,0.0,2.0,9.2,6.8,0
5.5,57.2,23.4,7.0,0.0,0.0,0.0,6.7,6.9,0
0.1,44.4,86.8,6.7,5.0,0.0,1.0,2.9,1.6,0
8.9,73.3,93.5,5.8,2.0,1.0,1.0,3.7,5.0,1
2.0,46.3,41.5,7.9,1.0,1.0,0.0,7.7,2.3,0
0.1,77.8,72.4,8.6,18.0,0.0,0.0,2.7,3.9,0
2.6,83.0,20.9,6.5,14.0,0.0,2.0,1.4,0.7,0
1.0,72.2,50.5,6.0,7.0,0.0,2.0,2.5,7.7,0
3.9,32.4,68.1,7.2,4.0,0.0,0.0,3.8,4.6,0
6.1,66.7,33.8,4.2,19.0,0.0,1.0,2.6,0.4,1
0.8,53.2,76.5,9.5,14.0,0.0,0.0,4.7,4.4,0
2.7,82.7,90.4,7.7,12.0,0.0,2.0,2.8,5.7,1
2.1,69.4,27.4,4.2,8.0,1.0,1.0,6.3,6.3,0
8.4,52.4,44.3,7.3,8.0,0.0,1.0,5.0,1.5,1
9.5,52.2,39.9,5.3,18.0,0.0,1.0,6.1,5.7,1
8.5,100.0,85.9,7.9,15.0,0.0,0.0,5.0,0.8,1
0.5,68.0,28.8,7.2,13.0,0.0,0.0,4.5,0.2,0
5.4,72.9,83.8,5.4,0.0,0.0,0.0,2.9,0.2,1
8.9,90.3,20.9,7.9,8.0,1.0,0.0,5.2,5.8,0
1.3,71.5,27.1,9.5,6.0,1.0,,2.2,3.0,0
6.8,40.3,39.6,7.1,3.0,0.0,1.0,6.9,2.3,0
8.4,62.8,92.4,7.8,4.0,0.0,1.0,9.8,2.0,1
6.2,70.3,71.4,8.5,0.0,0.0,2.0,2.8,6.2,1
7.4,56.6,38.9,6.0,9.0,,1.0,4.6,1.2,1
6.2,81.6,38.1,9.1,10.0,0.0,2.0,7.0,5.2,0
7.0,76.4,65.2,4.4,6.0,1.0,,8.8,1.4,1
4.5,37.7,94.7,6.9,9.0,0.0,0.0,7.7,4.3,1
2.5,35.6,35.0,9.9,11.0,0.0,0.0,9.2,5.3,0
9.7,,26.5,6.6,3.0,1.0,1.0,8.4,0.2,1
9.2,66.2,43.3,8.0,3.0,0.0,0.0,2.3,0.8,1
0.4,51.6,47.4,7.7,2.0,0.0,2.0,9.6,1.3,0
6.5,38.9,49.7,7.0,18.0,1.0,1.0,7.2,2.7,1
0.4,72.6,29.3,9.3,19.0,0.0,0.0,4.9,0.4,0
9.5,46.5,53.0,9.8,16.0,0.0,0.0,4.0,3.1,1
8.9,69.2,52.7,7.8,14.0,1.0,2.0,6.3,6.6,1
0.1,32.3,93.0,4.3,0.0,1.0,2.0,3.4,6.1,0
9.3,52.0,78.0,7.4,1.0,1.0,0.0,3.9,4.8,1
5.6,90.7,66.2,7.9,7.0,0.0,1.0,4.7,3.5,0
1.9,41.3,26.2,5.3,11.0,0.0,0.0,6.2,3.0,0
9.9,94.8,93.0,9.3,3.0,0.0,2.0,6.5,2.4,1
0.7,31.7,50.2,5.5,0.0,1.0,,6.3,2.3,0
0.9,59.6,62.4,7.7,2.0,0.0,0.0,5.7,6.8,0
7.0,88.0,21.3,6.1,14.0,0.0,0.0,4.9,7.5,0
6.3,79.8,79.2,8.4,3.0,0.0,0.0,3.3,7.1,1
5.9,75.9,68.7,6.5,16.0,1.0,2.0,6.8,1.3,1
5.8,78.4,29.2,6.4,13.0,1.0,1.0,7.5,4.7,1
8.9,38.8,73.4,9.2,13.0,0.0,1.0,8.8,4.0,1
4.0,69.6,65.2,6.2,3.0,0.0,1.0,9.0,0.9,0
5.0,30.1,63.5,7.1,8.0,1.0,2.0,4.9,0.9,0
8.7,32.2,43.8,6.3,9.0,1.0,,3.4,6.0,0
1.1,68.7,21.6,5.8,9.0,1.0,2.0,5.7,3.4,0
0.8,97.8,36.5,4.4,3.0,1.0,0.0,10.0,2.5,0
9.4,86.6,33.2,5.9,11.0,0.0,2.0,6.0,2.7,1
3.7,75.5,75.4,7.1,6.0,0.0,1.0,2.2,6.6,0
9.6,79.4,56.5,6.5,8.0,1.0,1.0,4.9,2.9,1
4.4,89.1,67.5,4.1,11.0,1.0,,3.5,5.3,0
5.6,31.0,25.5,4.8,14.0,1.0,1.0,7.5,2.7,1
1.4,65.6,82.5,5.6,7.0,0.0,2.0,6.5,4.6,0
6.9,,34.0,5.2,11.0,0.0,1.0,4.7,2.6,0
8.2,43.3,74.6,8.0,5.0,1.0,1.0,9.3,7.8,1
8.0,62.9,42.6,9.4,2.0,1.0,1.0,2.4,4.5,1
6.6,65.9,57.6,7.6,11.0,0.0,2.0,5.9,6.4,1
8.6,86.4,69.5,4.6,13.0,0.0,2.0,1.9,1.9,1
1.2,,80.7,4.8,9.0,0.0,2.0,7.0,5.1,0
3.0,43.1,64.9,4.9,12.0,0.0,1.0,4.0,7.4,0
1.0,39.5,76.1,8.3,14.0,1.0,1.0,9.9,7.7,0
2.5,90.4,87.9,5.1,11.0,1.0,2.0,6.8,4.7,1
4.7,51.5,45.8,9.7,18.0,1.0,0.0,5.0,0.6,0
2.0,95.3,54.4,6.8,18.0,0.0,0.0,7.6,7.4,0
9.8,39.1,82.6,5.8,1.0,0.0,2.0,5.8,3.6,1
3.7,95.6,22.6,5.9,7.0,0.0,1.0,2.3,2.7,0
4.2,77.2,85.3,9.4,13.0,1.0,2.0,9.5,5.4,1
4.2,78.1,32.7,4.3,,1.0,1.0,8.9,0.7,1
1.5,82.9,63.2,8.1,13.0,0.0,2.0,4.8,3.7,0
1.2,,52.8,7.0,9.0,1.0,2.0,3.1,6.0,0
7.8,98.2,47.0,5.1,5.0,1.0,0.0,3.7,7.5,0
2.9,67.0,41.7,7.0,7.0,0.0,0.0,5.5,4.3,0
3.3,54.4,31.9,4.6,6.0,0.0,1.0,7.9,7.3,0
7.8,79.8,84.1,8.0,3.0,0.0,0.0,1.2,0.6,1
5.1,39.9,58.4,6.5,1.0,0.0,0.0,9.7,6.4,0
9.1,55.3,54.3,5.6,0.0,1.0,2.0,6.2,3.5,1
6.1,44.5,37.9,8.5,19.0,0.0,2.0,3.8,4.5,0
5.4,32.1,35.9,7.8,2.0,1.0,1.0,8.6,1.7,1
4.4,57.8,20.8,5.8,10.0,0.0,0.0,1.9,4.7,0
6.7,89.4,91.5,8.2,4.0,0.0,,8.6,6.4,1
7.8,94.2,65.4,5.3,12.0,0.0,2.0,3.5,4.5,1
3.9,65.5,69.4,10.0,6.0,0.0,2.0,9.6,4.7,1
9.9,62.0,41.9,5.3,9.0,0.0,2.0,6.7,6.7,1
9.8,95.2,93.9,9.0,12.0,0.0,0.0,5.3,1.2,1
5.4,66.8,66.9,8.5,17.0,,1.0,9.8,7.2,1
1.8,49.2,78.3,6.0,14.0,,1.0,3.4,0.3,1
2.7,32.6,92.3,5.9,15.0,1.0,2.0,5.0,2.0,1
2.2,71.3,71.9,9.8,9.0,1.0,0.0,9.4,4.0,0
7.3,39.7,33.0,5.2,15.0,0.0,2.0,3.8,6.6,0
9.0,86.5,26.6,6.8,6.0,1.0,1.0,5.7,2.1,1
4.4,70.0,73.8,6.8,14.0,1.0,0.0,,4.6,1
2.1,79.3,20.2,9.6,3.0,1.0,1.0,9.6,5.2,0
9.9,73.6,58.3,7.5,14.0,0.0,1.0,7.9,,1
3.9,61.9,43.0,5.0,16.0,0.0,2.0,7.8,6.4,0
3.3,91.1,88.1,6.3,11.0,0.0,1.0,1.0,5.3,0
5.5,55.4,70.3,4.3,6.0,0.0,0.0,1.7,7.3,0
8.1,46.9,90.9,5.0,17.0,0.0,0.0,,7.7,1
6.9,68.7,68.1,8.5,16.0,1.0,0.0,7.2,6.4,1
5.8,80.0,40.5,6.4,10.0,0.0,2.0,8.6,4.2,1
6.3,67.6,94.0,8.8,0.0,1.0,0.0,3.9,4.1,1
5.4,83.0,62.3,8.9,8.0,1.0,1.0,8.1,5.6,1
3.9,83.4,30.9,5.6,7.0,1.0,2.0,4.8,3.1,0
2.2,92.9,78.9,8.9,16.0,0.0,1.0,1.0,6.0,0
6.3,36.3,77.8,7.4,15.0,1.0,2.0,3.4,6.2,1
8.8,43.3,51.0,6.0,,0.0,0.0,9.6,3.5,1
1.8,44.4,64.4,5.2,4.0,0.0,2.0,1.6,7.0,0
3.5,42.8,51.9,6.0,5.0,0.0,2.0,8.9,0.1,0
3.0,92.6,78.7,9.8,14.0,1.0,2.0,2.5,4.0,1
7.1,70.5,63.6,7.1,16.0,1.0,2.0,7.7,4.4,1
9.8,86.2,41.7,7.6,12.0,1.0,0.0,1.4,4.9,1
8.3,34.9,25.8,8.0,12.0,0.0,0.0,5.4,4.8,0
9.2,,61.3,4.6,16.0,1.0,0.0,6.1,3.0,1
1.3,84.3,81.4,9.7,16.0,0.0,2.0,2.4,0.9,1
6.5,30.3,23.9,4.3,10.0,0.0,0.0,4.2,7.2,0
0.8,53.3,41.7,6.2,3.0,1.0,1.0,7.7,3.1,0
0.2,69.0,82.4,8.9,,1.0,1.0,7.1,3.7,0
9.6,98.9,83.5,6.0,7.0,1.0,1.0,7.4,6.2,1
1.4,40.2,,6.1,6.0,1.0,0.0,3.7,5.6,0
6.7,100.0,80.5,4.4,13.0,1.0,0.0,9.2,6.0,1
1.5,63.3,82.9,5.2,12.0,1.0,1.0,2.0,7.4,0
4.2,,85.8,7.9,3.0,0.0,0.0,8.2,6.7,1
2.2,75.1,62.7,4.3,2.0,0.0,2.0,6.3,0.5,0
6.5,44.0,93.3,7.7,7.0,1.0,2.0,8.0,5.4,1
4.8,32.9,52.5,4.2,14.0,0.0,0.0,1.6,1.2,0
7.0,84.2,32.2,8.0,15.0,0.0,1.0,7.5,0.3,1
6.3,45.4,41.3,9.9,0.0,0.0,0.0,9.8,3.5,0
2.5,57.2,85.8,7.5,6.0,0.0,1.0,8.1,6.4,0
6.2,88.4,60.3,8.2,6.0,0.0,0.0,,1.7,1
3.0,39.7,90.6,7.5,1.0,0.0,2.0,6.3,3.2,0
,58.3,93.0,9.3,14.0,0.0,2.0,4.9,0.7,1
2.9,78.6,92.2,8.0,18.0,0.0,0.0,2.6,0.0,1
1.5,41.1,37.7,7.3,0.0,1.0,2.0,6.2,2.5,0
0.8,69.9,62.2,6.2,9.0,1.0,1.0,3.2,0.3,0
3.2,73.4,93.7,7.9,9.0,0.0,0.0,8.4,4.5,1
6.3,31.5,41.6,9.1,2.0,1.0,0.0,3.6,2.6,0
3.2,39.1,59.2,5.1,16.0,0.0,2.0,8.0,7.3,0
2.3,45.1,92.9,6.9,1.0,0.0,0.0,3.5,1.9,0
1.3,52.2,36.5,7.1,3.0,1.0,2.0,2.1,4.1,0
8.2,98.2,37.2,6.9,14.0,1.0,2.0,3.1,2.6,1
3.6,89.0,48.6,8.3,1.0,1.0,1.0,4.7,4.0,0
4.8,41.0,29.3,8.4,1.0,0.0,1.0,8.0,0.3,0
9.0,48.6,42.2,7.7,13.0,0.0,2.0,2.2,4.9,1
3.9,83.0,43.3,5.7,19.0,0.0,1.0,9.1,6.2,0
0.6,96.7,45.7,5.8,17.0,1.0,1.0,4.3,0.2,0
1.4,63.7,29.7,8.1,18.0,0.0,,1.6,7.2,0
4.2,88.6,37.6,4.4,6.0,0.0,2.0,6.5,2.2,0
6.0,50.0,48.0,6.4,2.0,0.0,1.0,9.3,6.4,0
3.9,50.7,32.6,6.0,16.0,1.0,1.0,9.3,8.0,0
8.2,83.7,38.6,7.7,1.0,1.0,1.0,1.4,2.0,0
3.7,35.7,48.3,8.1,11.0,1.0,1.0,5.0,3.5,0
5.8,39.5,53.6,8.8,14.0,1.0,1.0,7.3,0.8,1
7.8,50.8,26.9,7.2,15.0,1.0,0.0,2.8,0.1,1
2.1,76.9,55.3,5.7,4.0,1.0,1.0,8.6,2.1,0
2.8,,49.9,9.3,13.0,1.0,1.0,6.0,3.4,0
8.0,79.6,60.0,8.9,11.0,0.0,1.0,1.2,7.5,1
1.1,91.9,22.5,8.3,10.0,1.0,0.0,4.1,4.7,0
2.5,46.0,78.0,7.3,16.0,1.0,2.0,5.6,0.4,1
2.5,58.6,44.5,6.5,17.0,1.0,0.0,6.6,7.4,0
7.5,97.1,78.8,7.2,5.0,0.0,1.0,3.9,4.5,1
1.3,61.2,75.4,9.8,13.0,1.0,2.0,9.7,2.2,1
6.3,35.4,64.4,6.6,12.0,1.0,1.0,8.1,2.7,1
1.6,35.6,48.4,7.1,17.0,1.0,0.0,9.7,1.7,0
6.1,81.7,83.5,9.8,19.0,0.0,,6.0,7.0,1
7.0,44.0,45.1,8.8,6.0,0.0,2.0,4.8,0.2,1
5.8,42.8,43.8,4.7,18.0,1.0,2.0,7.1,6.5,0
3.4,49.6,69.0,4.7,11.0,0.0,0.0,4.6,3.1,0
6.6,51.3,62.2,5.7,18.0,1.0,1.0,9.6,5.7,1
6.4,92.9,73.6,7.7,18.0,0.0,0.0,2.1,0.9,1
3.1,94.1,56.2,5.5,5.0,1.0,1.0,7.4,1.6,0
8.0,81.5,28.2,9.0,8.0,0.0,0.0,4.7,8.0,0
4.1,58.0,57.1,9.2,3.0,0.0,2.0,4.3,4.8,0
8.4,57.8,64.9,8.0,13.0,0.0,1.0,8.9,6.2,1
8.5,80.4,44.4,9.4,9.0,0.0,1.0,9.1,0.7,1
8.3,39.5,56.5,9.3,8.0,,0.0,8.0,6.3,1
5.5,95.6,61.6,6.1,,0.0,2.0,2.7,5.8,0
8.3,76.5,53.7,4.1,15.0,0.0,2.0,1.2,1.5,1
1.7,44.5,,8.3,6.0,1.0,0.0,5.6,0.8,0
0.2,42.7,85.1,8.8,12.0,1.0,2.0,9.0,1.1,0
5.1,62.4,90.0,8.3,1.0,1.0,2.0,7.8,8.0,1
,62.8,57.4,4.9,19.0,1.0,0.0,2.9,3.7,0
9.3,88.2,32.8,7.4,6.0,0.0,0.0,1.5,7.7,1
6.4,57.6,70.2,5.1,7.0,0.0,,1.8,7.5,1
5.5,85.1,61.2,7.5,11.0,0.0,0.0,7.8,0.6,0
,42.7,40.4,5.9,2.0,0.0,2.0,2.4,5.8,0
7.3,99.5,72.3,8.5,14.0,0.0,2.0,4.5,4.0,1
8.9,73.9,91.9,5.5,,0.0,0.0,7.2,4.4,1
8.6,30.3,91.9,6.6,19.0,0.0,1.0,2.7,1.8,1
7.7,77.9,90.5,8.9,3.0,0.0,0.0,8.2,2.1,1
5.3,55.0,80.6,4.9,13.0,0.0,1.0,7.2,7.7,0
5.2,80.7,31.5,,4.0,0.0,1.0,,4.3,0
2.3,74.6,41.9,6.2,19.0,0.0,1.0,7.1,7.0,0
0.5,48.8,87.2,4.3,7.0,0.0,0.0,9.1,6.3,0
8.3,94.9,86.4,4.3,2.0,0.0,0.0,4.8,4.8,1
8.4,45.1,64.0,7.8,3.0,1.0,0.0,3.2,7.8,1
8.8,45.7,59.0,5.7,6.0,0.0,0.0,2.4,7.6,0
3.7,61.2,,5.6,0.0,1.0,1.0,4.1,5.4,0
7.3,54.5,60.4,5.6,13.0,1.0,1.0,3.7,6.9,1
9.5,58.7,73.6,5.3,14.0,1.0,1.0,9.4,4.5,1
8.9,31.2,43.0,6.2,10.0,1.0,1.0,4.5,4.3,1
3.8,71.3,43.1,8.8,7.0,0.0,0.0,3.8,5.6,0
8.5,65.0,45.7,6.4,9.0,0.0,2.0,1.2,7.0,0
5.9,88.3,29.1,6.4,0.0,1.0,0.0,3.1,2.6,0
0.5,48.9,41.6,4.3,18.0,1.0,,6.1,1.2,0
9.2,53.1,91.8,4.1,15.0,1.0,0.0,8.9,1.8,1
10.0,95.7,66.7,7.2,7.0,0.0,2.0,7.5,2.0,1
7.8,74.6,25.6,7.2,6.0,1.0,0.0,9.3,1.3,1
8.7,83.5,89.5,4.8,17.0,0.0,2.0,2.3,6.0,1
2.8,97.1,48.0,7.1,5.0,0.0,2.0,3.8,3.3,0
4.8,59.0,56.2,4.1,12.0,1.0,0.0,4.1,0.9,0
7.4,69.8,27.3,6.7,14.0,0.0,2.0,8.5,0.0,1
8.9,96.2,46.5,6.8,4.0,0.0,0.0,6.8,0.7,1
4.4,80.9,94.1,8.3,4.0,1.0,1.0,7.3,6.6,1
4.8,76.7,70.8,8.2,5.0,0.0,0.0,7.2,7.2,1
0.3,51.6,30.7,10.0,14.0,0.0,1.0,1.3,1.3,0
6.1,95.7,50.1,8.6,17.0,0.0,0.0,3.8,0.3,1
4.6,75.2,36.2,8.4,6.0,0.0,0.0,5.8,5.5,0
4.9,66.5,47.9,7.3,8.0,0.0,2.0,6.6,1.6,1
4.7,86.1,35.9,5.1,6.0,1.0,0.0,4.2,0.5,0
2.5,75.2,78.4,5.5,9.0,0.0,1.0,6.8,7.2,0
1.9,64.7,59.2,4.3,4.0,0.0,0.0,7.3,4.1,0
9.9,54.3,55.5,8.3,12.0,0.0,0.0,5.8,6.7,1
2.8,49.2,45.3,5.6,8.0,0.0,1.0,7.9,3.0,0
4.7,95.8,85.9,6.6,8.0,0.0,0.0,6.5,7.8,1
0.9,,85.6,7.7,18.0,1.0,1.0,6.3,6.6,1
5.6,64.6,85.9,5.8,14.0,0.0,2.0,2.1,5.2,1
9.9,97.4,24.5,9.0,15.0,0.0,2.0,3.3,3.2,1
7.2,94.6,64.8,9.6,11.0,0.0,0.0,7.0,2.3,1
7.3,48.4,33.5,6.3,10.0,1.0,2.0,2.6,6.0,0
0.9,49.1,80.3,6.1,5.0,0.0,1.0,1.4,1.1,0
5.0,85.8,26.7,6.8,15.0,1.0,0.0,2.3,3.5,0
1.8,44.7,38.5,7.3,16.0,0.0,1.0,7.4,3.9,0
5.4,44.9,87.4,6.2,7.0,0.0,0.0,6.7,2.3,1
9.1,34.2,47.6,7.7,10.0,0.0,0.0,9.7,1.9,0
7.7,51.4,74.4,6.9,4.0,0.0,0.0,1.0,7.7,0
0.4,97.0,69.6,8.3,10.0,0.0,2.0,7.3,2.5,1
5.0,99.9,28.1,6.8,0.0,0.0,2.0,7.4,4.9,0
,90.9,86.4,8.6,16.0,0.0,0.0,5.0,3.0,1
4.0,,34.5,5.2,5.0,0.0,0.0,3.8,3.3,0
4.7,33.8,63.2,5.7,18.0,0.0,2.0,9.2,5.6,1
8.9,86.4,83.4,7.5,19.0,0.0,2.0,9.4,4.9,1
4.5,72.5,93.8,5.3,13.0,0.0,1.0,6.2,7.9,1
0.0,75.8,58.5,6.2,12.0,0.0,0.0,3.3,4.8,0
4.3,30.3,72.6,8.9,14.0,0.0,0.0,,0.1,1
4.2,35.3,38.6,9.1,18.0,0.0,1.0,4.1,4.2,0
9.2,41.4,65.9,4.3,6.0,1.0,0.0,5.5,0.7,1
,49.1,48.8,7.6,3.0,1.0,0.0,4.2,5.8,0
8.0,45.0,80.4,8.1,7.0,1.0,0.0,7.3,7.6,1
3.4,72.3,60.4,6.8,12.0,,0.0,3.5,4.5,0
5.4,87.3,38.2,7.8,10.0,0.0,0.0,2.9,0.9,1
4.4,56.6,70.1,9.0,16.0,0.0,2.0,6.1,0.1,1
2.8,44.6,74.7,4.0,14.0,0.0,0.0,8.5,2.6,1
5.2,85.0,62.0,6.9,5.0,1.0,2.0,7.6,5.3,1
3.5,58.5,39.7,9.2,9.0,,0.0,5.3,2.0,0
5.5,65.0,57.8,7.9,3.0,1.0,1.0,6.2,1.8,1
0.8,72.1,36.2,4.4,0.0,0.0,,7.3,2.0,0
1.3,86.6,50.5,4.6,3.0,1.0,,9.6,7.6,0
9.5,68.3,37.4,9.5,7.0,0.0,1.0,7.5,4.2,1
0.4,68.2,83.0,6.4,18.0,0.0,1.0,3.7,0.5,1
3.2,64.6,84.9,9.3,16.0,0.0,2.0,5.0,5.6,1
5.8,98.2,91.4,7.3,3.0,0.0,2.0,8.7,7.4,1
4.1,53.1,76.6,6.9,8.0,0.0,2.0,3.1,3.5,1
9.5,91.7,49.0,8.1,16.0,0.0,1.0,9.5,0.3,1
1.6,46.8,91.7,4.4,16.0,0.0,1.0,6.1,5.8,0
3.7,63.3,40.2,7.9,10.0,0.0,2.0,7.6,2.2,1
3.6,85.2,44.0,9.7,17.0,1.0,2.0,8.5,5.3,1
4.4,59.0,52.5,7.7,,0.0,0.0,2.0,,1
5.7,52.4,64.3,9.0,14.0,0.0,2.0,6.0,2.4,1
9.7,71.9,44.6,4.1,0.0,0.0,0.0,2.6,3.7,0
2.7,47.8,60.5,9.4,8.0,0.0,2.0,7.1,4.6,0
0.7,56.8,39.9,5.9,7.0,0.0,2.0,7.1,6.4,0
9.0,58.0,69.6,4.2,12.0,0.0,1.0,7.5,1.9,1
2.6,81.7,26.3,8.1,0.0,1.0,2.0,9.9,3.0,0
5.8,90.4,82.8,5.6,13.0,0.0,2.0,7.7,2.6,1
6.0,47.4,61.0,9.2,9.0,1.0,0.0,2.5,5.0,0
2.6,75.9,68.8,9.9,8.0,1.0,1.0,5.5,3.4,0
3.7,94.7,90.2,7.5,2.0,0.0,1.0,2.6,0.4,1
1.0,56.4,73.5,8.1,11.0,0.0,2.0,3.5,8.0,0
7.7,42.6,30.8,4.0,13.0,0.0,1.0,7.7,0.4,0
5.7,34.8,94.0,8.6,11.0,1.0,2.0,4.3,6.0,1
5.8,64.7,27.6,4.4,1.0,0.0,2.0,1.8,6.5,0
4.1,33.8,67.0,4.2,8.0,0.0,1.0,8.9,0.3,0
2.6,58.8,34.9,5.2,18.0,0.0,0.0,7.9,6.7,0
3.6,77.6,33.7,6.4,2.0,1.0,0.0,3.5,1.7,0
6.2,57.2,28.2,9.0,19.0,0.0,2.0,7.3,7.5,0
1.1,38.6,65.4,8.9,1.0,1.0,2.0,6.7,7.0,0
7.4,86.2,38.2,4.9,8.0,0.0,2.0,1.0,3.3,0
0.1,31.6,27.1,6.0,16.0,1.0,1.0,1.1,1.6,0
1.5,42.1,23.3,4.5,1.0,0.0,1.0,2.2,3.2,0
6.3,48.2,80.2,8.7,12.0,1.0,0.0,7.6,0.9,1
1.4,64.8,64.5,4.3,14.0,1.0,2.0,6.7,4.8,0
8.1,85.0,56.8,7.7,16.0,1.0,2.0,2.5,2.6,1
2.3,60.6,56.4,8.9,16.0,0.0,2.0,8.7,5.2,1
6.3,89.5,40.6,5.6,1.0,0.0,1.0,8.3,0.1,0
5.9,65.9,29.9,9.5,8.0,0.0,,3.9,0.9,0
9.5,58.3,65.3,7.6,10.0,1.0,0.0,9.6,1.6,1
4.2,74.1,37.6,6.8,14.0,0.0,2.0,7.7,5.2,0
7.1,54.0,85.2,8.9,19.0,0.0,2.0,6.4,7.3,1
5.2,45.6,63.4,8.0,0.0,0.0,2.0,3.3,0.7,1
9.6,,47.5,9.1,3.0,1.0,1.0,9.8,3.4,1
4.9,75.4,76.2,8.7,7.0,1.0,2.0,1.2,5.9,1
3.6,60.6,38.5,4.4,6.0,1.0,1.0,6.6,5.3,0
8.0,71.2,83.7,9.3,,1.0,0.0,8.3,3.9,1
7.4,36.0_err,38.1,4.6,7.0,1.0,2.0,8.8,1.1,0
3.9,95.7,89.4,8.8,18.0,0.0,1.0,4.3,4.6,1
2.0,82.8,50.8,5.4,15.0,0.0,1.0,3.5,5.2,0
,70.6,25.0,6.8,0.0,1.0,2.0,9.2,6.6,0
6.6,84.2,85.8,9.9,14.0,1.0,1.0,6.5,2.8,1
3.2,55.4,89.4,8.2,17.0,1.0,2.0,4.9,5.6,1
5.3,71.4,84.4,8.6,6.0,0.0,0.0,7.4,5.9,1
6.3,85.9,43.8,5.5,9.0,0.0,0.0,3.9,7.1,0
1.0,68.2,69.7,9.1,16.0,1.0,2.0,2.1,5.2,0
8.0,66.5,54.2,4.7,4.0,0.0,2.0,5.1,1.2,1
7.8,50.3,47.5,6.2,14.0,0.0,2.0,7.5,1.1,1
2.6,64.7,77.5,7.7,6.0,1.0,0.0,5.3,0.9,1
0.3,64.9,90.6,9.8,18.0,0.0,2.0,1.7,4.9,1
9.1,67.4,91.1,8.3,7.0,1.0,1.0,2.4,7.6,1
0.8,80.8,85.8,8.9,3.0,1.0,1.0,8.5,3.0,1
0.1,71.6,48.0,6.1,9.0,1.0,0.0,1.3,3.0,0
7.7,98.9,62.6,6.5,10.0,0.0,1.0,7.8,7.7,1
9.3,76.5,56.6,7.0,13.0,0.0,1.0,9.3,5.1,1
9.8,74.9,71.8,4.3,9.0,1.0,2.0,4.1,4.6,1
2.0,63.8,29.7,8.1,,0.0,2.0,6.7,1.9,0
6.7,40.6,61.9,7.4,17.0,1.0,2.0,10.0,6.6,1
5.4,63.8,38.8,4.5,14.0,0.0,0.0,2.7,1.7,0
0.0,52.9,68.7,8.0,8.0,1.0,1.0,8.5,5.9,0
6.7,70.2,88.9,5.9,8.0,1.0,1.0,7.7,7.6,1
7.6,83.0,67.5,7.6,10.0,0.0,0.0,8.1,,1
7.3,74.6,74.2,4.0,12.0,0.0,,1.2,2.0,1
9.6,38.7,90.9,4.4,18.0,0.0,2.0,7.6,1.9,1
5.0,97.4,85.1,4.5,15.0,0.0,1.0,5.5,2.3,1
8.5,59.7,82.0,8.8,4.0,0.0,2.0,6.9,5.2,1
2.0,42.6,23.7,5.5,11.0,1.0,1.0,6.7,5.3,0
4.2,46.8,45.1,5.9,5.0,0.0,1.0,4.0,0.8,0
9.1,67.8,62.5,8.9,2.0,0.0,1.0,7.1,1.6,1
6.0,,77.5,9.6,9.0,1.0,0.0,8.1,2.0,1
2.6,88.9,73.2,9.6,15.0,1.0,0.0,8.5,5.7,1
5.5,73.4,74.3,8.7,3.0,1.0,1.0,3.2,4.4,1
9.3,56.3,57.2,5.3,16.0,0.0,2.0,6.8,6.2,1
3.1,94.8,40.2,8.0,5.0,0.0,1.0,7.9,2.8,0
1.7,83.7,42.5,8.4,7.0,1.0,1.0,9.3,4.8,0
9.9,46.4,56.7,8.4,14.0,0.0,2.0,8.7,4.8,1
4.1,73.5,76.7,6.2,3.0,1.0,2.0,8.4,6.6,0
1.4,70.2,24.8,6.6,12.0,1.0,1.0,1.5,0.9,0
3.9,99.1,48.5,7.8,17.0,0.0,2.0,4.4,5.7,0
2.3,75.3,36.0,10.0,12.0,1.0,0.0,5.6,0.9,0
3.7,72.6,45.9,7.3,,0.0,2.0,7.6,5.0,1
7.6,79.3,77.3,4.4,0.0,0.0,1.0,5.1,6.0,1
6.5,71.7,90.3,6.3,13.0,0.0,0.0,6.4,5.0,1
6.7,75.1,93.2,9.2,16.0,1.0,1.0,1.8,7.1,1
8.0,99.4,60.4,5.5,9.0,1.0,2.0,3.4,7.0,1
4.2,,70.4,9.4,19.0,1.0,0.0,8.5,5.3,1
3.8,40.2,64.2,8.9,14.0,,0.0,4.6,5.5,0
9.2,87.5,77.8,5.4,16.0,0.0,1.0,1.3,5.2,1
5.3,87.1,42.9,8.2,6.0,0.0,2.0,2.5,5.7,0
7.7,81.7,77.0,7.7,4.0,0.0,0.0,9.6,3.3,1
2.4,,22.8,5.5,10.0,0.0,0.0,7.7,0.3,0
4.5,81.2,85.1,7.8,12.0,1.0,0.0,4.6,1.9,1
6.9,42.7,69.7,5.4,9.0,0.0,2.0,6.1,4.9,1
4.4,54.3,39.9,8.1,2.0,0.0,1.0,6.5,3.3,0
3.4,99.7,93.2,7.7,10.0,1.0,2.0,6.0,0.9,1
9.3,34.5,85.2,,10.0,0.0,2.0,3.6,6.7,1
5.9,60.8,43.5,7.0,11.0,0.0,1.0,3.6,3.8,0
1.3,61.8,27.9,9.3,0.0,0.0,0.0,9.7,6.6,0
3.0,46.8,94.8,9.4,13.0,1.0,2.0,3.1,4.7,1
9.4,66.3,40.1,8.9,8.0,1.0,1.0,9.9,1.1,1
2.6,76.0,87.7,6.2,2.0,0.0,2.0,6.4,5.6,0
8.1,91.5,94.4,8.4,12.0,1.0,2.0,9.1,7.4,1
7.1,90.3,91.2,6.6,0.0,0.0,0.0,7.1,6.5,1
6.8,89.8,52.7,7.8,7.0,0.0,2.0,4.9,5.7,1
7.0,77.0,87.9,5.2,14.0,0.0,0.0,2.1,2.1,1
0.0,53.9,65.3,6.3,,1.0,2.0,3.2,4.2,0
2.8,39.9,86.4,5.1,18.0,0.0,0.0,7.1,1.0,1
7.6,57.3,84.3,8.3,13.0,0.0,0.0,7.7,6.2,1
6.3,47.1,79.3,8.7,0.0,1.0,0.0,9.9,3.3,1
5.7,94.4,37.0,5.7,3.0,0.0,2.0,1.2,3.0,0
4.9,87.1,91.6,6.1,11.0,1.0,1.0,1.8,7.1,1
6.9,66.3,87.3,7.1,16.0,0.0,1.0,4.0,0.8,1
7.3,43.0,55.5,4.0,16.0,0.0,0.0,,4.1,1
9.3,37.4,36.9,4.3,2.0,0.0,0.0,8.4,7.3,0
8.3,76.7,63.9,6.8,4.0,0.0,0.0,6.4,6.1,1
7.4,90.2,62.6,6.7,19.0,0.0,1.0,1.6,3.0,1
6.4,97.9,48.3,5.6,0.0,0.0,1.0,9.3,5.8,1
2.1,69.7,37.7,8.5,17.0,1.0,2.0,1.7,4.6,0
1.6,79.1,36.6,7.0,8.0,0.0,0.0,3.3,7.5,0
8.9,59.3,51.0,,16.0,1.0,1.0,7.2,5.4,1
3.5,79.2,59.7,9.9,18.0,1.0,2.0,2.7,7.5,0
5.3,49.9,37.8,7.8,12.0,1.0,1.0,3.1,3.2,1
8.2,71.6,65.2,8.0,3.0,1.0,2.0,10.0,1.6,1
6.2,43.5,47.5,7.4,15.0,1.0,1.0,1.5,2.0,0
3.5,96.5,88.5,5.2,3.0,0.0,,2.9,2.0,1
4.7,45.3,29.4,6.6,18.0,1.0,0.0,1.3,2.8,1
4.8,72.0,36.9,8.5,14.0,0.0,0.0,4.2,1.8,1
6.0,70.6,41.4,4.4,13.0,0.0,1.0,3.9,5.8,1
9.5,90.0,41.5,4.5,13.0,1.0,1.0,5.3,2.8,1
1.9,82.0,87.0,5.6,19.0,1.0,2.0,6.3,7.3,1
2.9,38.0,23.1,7.7,5.0,1.0,2.0,9.6,5.6,0
4.1,61.6,60.8,8.1,5.0,0.0,0.0,8.1,0.8,1
5.1,84.6,81.6,6.2,1.0,0.0,0.0,9.2,4.9,1
5.0,46.4,85.5,4.4,14.0,,0.0,6.5,2.7,1
9.3,46.2,23.2,7.2,12.0,0.0,1.0,6.6,5.2,0
2.9,86.6,66.7,8.8,9.0,1.0,0.0,8.1,5.6,0
4.1,81.5,,6.0,15.0,0.0,1.0,1.1,1.5,1
0.5,39.5,79.9,4.3,14.0,0.0,1.0,8.5,3.0,0
8.9,58.7,26.5,8.9,7.0,0.0,2.0,1.2,0.8,0
4.8,32.7,92.6,9.1,12.0,1.0,0.0,8.0,3.9,1
0.7,95.9,80.3,6.6,7.0,0.0,0.0,1.6,3.5,0
,95.4,55.6,6.1,7.0,0.0,0.0,10.0,2.7,0
4.5,93.1,66.7,7.4,8.0,1.0,1.0,9.2,7.1,1
9.2,77.8,44.7,4.4,6.0,0.0,2.0,9.7,7.7,1
7.9,87.7,57.1,7.5,16.0,0.0,0.0,4.1,7.3,1
3.5,55.8,37.2,5.8,8.0,1.0,1.0,4.5,2.6,0
1.1,89.6,75.3,8.4,16.0,1.0,1.0,4.1,2.4,1
8.7,88.6,60.1,4.3,13.0,0.0,1.0,5.8,4.9,1
8.1,87.2,39.6,7.9,5.0,1.0,1.0,9.5,2.1,1
2.8,73.5,80.8,9.3,,0.0,2.0,8.4,5.9,1
6.4,47.4,90.0,9.6,15.0,0.0,2.0,5.7,2.0,1
6.3,92.7,63.6,7.8,10.0,0.0,1.0,9.4,,1
9.7,37.0,71.8,4.9,,1.0,1.0,6.7,,1
9.6,70.2,32.7,8.5,0.0,0.0,2.0,3.2,1.2,1
9.5,33.6,82.2,5.2,11.0,0.0,0.0,8.3,7.1,1
7.6,75.9,34.0,5.3,8.0,1.0,0.0,6.2,4.8,0
1.4,64.8,90.9,,17.0,0.0,2.0,6.5,2.4,1
7.5,32.8,37.4,9.7,1.0,,2.0,7.7,,0
3.9,55.7,82.8,4.8,11.0,1.0,2.0,5.2,6.9,1
3.1,83.9,20.4,7.4,17.0,1.0,2.0,8.8,2.8,0
5.7,74.3,37.0,4.0,12.0,0.0,1.0,4.0,0.8,0
2.5,64.8,78.4,9.3,15.0,1.0,0.0,1.6,2.6,1
6.4,32.2,88.3,4.6,14.0,0.0,0.0,1.8,6.6,0
9.3,72.8,62.2,5.5,12.0,0.0,2.0,7.3,4.8,1
2.7,72.6,52.9,4.0,8.0,1.0,0.0,3.9,5.7,0
0.9,84.3,38.3,6.2,5.0,1.0,2.0,7.7,4.0,0
7.8,69.1,67.9,5.7,14.0,0.0,1.0,1.2,1.5,1
9.9,63.0,22.6,6.4,18.0,1.0,0.0,1.9,7.3,1
6.6,96.6,24.7,5.4,13.0,1.0,2.0,2.6,6.0,0
6.5,42.4,47.4,7.2,0.0,1.0,0.0,2.7,7.8,0
1.2,50.0,94.2,7.9,17.0,1.0,1.0,3.9,4.2,0
1.8,53.2,89.9,5.1,5.0,1.0,2.0,1.4,1.8,1
7.8,39.9,45.4,5.9,8.0,0.0,0.0,6.5,0.3,0
2.3,40.0,60.0,5.1,6.0,0.0,2.0,2.2,0.3,0
8.4,90.8,55.9,7.7,13.0,0.0,0.0,2.3,5.8,1
9.9,68.8,76.4,8.0,19.0,1.0,2.0,1.7,4.7,1
1.9,69.4,42.5,4.3,18.0,,1.0,2.5,6.2,0
2.8,94.7,29.1,4.5,2.0,1.0,1.0,2.0,1.6,0
8.5,52.2,50.6,7.7,3.0,1.0,2.0,6.3,1.1,0
4.2,53.1,32.3,9.2,14.0,1.0,0.0,4.5,2.0,0
5.2,93.4,82.0,5.2,12.0,1.0,1.0,2.4,6.2,1
0.6,83.7,55.4,6.7,6.0,0.0,0.0,4.6,2.2,0
2.2,44.0,-10.0,4.9,3.0,0.0,1.0,3.9,4.5,0
3.7,87.5,88.0,6.3,10.0,0.0,2.0,8.0,0.4,1
0.4,86.8,68.4,9.2,,1.0,0.0,8.5,3.4,0
3.0,86.0,35.2,6.0,11.0,1.0,0.0,1.1,6.0,0
0.0,31.4,22.6,6.0,19.0,0.0,0.0,6.1,4.8,0
6.6,32.5,26.8,5.8,3.0,1.0,2.0,2.5,5.1,0
7.4,44.0,74.8,5.6,7.0,0.0,0.0,8.3,7.7,1
0.3,95.8,58.7,8.4,9.0,1.0,0.0,7.9,2.1,0
9.3,66.6,39.6,9.5,11.0,0.0,0.0,2.1,5.9,0
4.9,58.5,50.3,7.4,16.0,1.0,1.0,,4.7,1
0.6,52.5,51.0,9.9,11.0,1.0,0.0,6.4,7.9,0
3.2,96.4,89.6,6.0,1.0,1.0,2.0,3.5,5.5,1
8.5,54.1,50.1,7.0,4.0,0.0,2.0,8.5,4.1,0
3.2,60.5,22.1,5.3,14.0,0.0,2.0,7.8,6.1,0
1.4,32.5,51.3,8.6,16.0,1.0,2.0,8.3,0.3,0
1.5,61.0,57.8,9.1,15.0,0.0,2.0,3.4,4.1,0
7.8,48.9,88.3,4.5,8.0,0.0,2.0,2.8,0.1,1
9.3,50.9,60.2,4.4,11.0,0.0,1.0,4.2,2.3,1
8.2,86.0,30.0,6.2,18.0,1.0,,4.3,5.6,1
5.5,52.3,91.6,4.5,19.0,0.0,2.0,7.5,8.0,1
5.6,72.8,24.5,8.7,5.0,1.0,1.0,5.6,6.5,0
8.9,40.9,79.5,6.6,5.0,1.0,0.0,5.4,2.0,1
4.5,97.2,33.2,6.3,5.0,0.0,1.0,7.2,7.3,0
8.8,56.8,63.8,5.9,18.0,0.0,2.0,1.6,2.6,1
0.3,96.5,51.2,7.2,18.0,0.0,0.0,3.5,4.2,0
0.8,88.6,38.1,9.0,14.0,1.0,2.0,5.1,5.8,0
5.8,49.4,38.4,7.8,3.0,0.0,2.0,3.8,0.5,0
8.3,60.3,87.7,9.5,15.0,1.0,0.0,8.9,6.9,1
2.0,82.6,,7.8,5.0,0.0,1.0,2.5,4.4,0
5.9,53.6,51.5,9.8,,0.0,2.0,5.9,4.7,0
0.1,98.9,71.6,9.2,7.0,1.0,0.0,4.7,5.9,0
5.0,99.3,73.8,5.6,15.0,0.0,2.0,3.8,7.0,1
2.6,40.5,45.8,7.9,14.0,0.0,1.0,1.6,2.4,0
0.6,52.7,88.8,4.4,19.0,0.0,2.0,3.3,6.9,1
6.4,60.5,79.3,9.4,10.0,0.0,1.0,3.8,4.9,1
8.4,76.9,64.4,9.2,4.0,1.0,0.0,2.8,5.8,1
1.7,49.3,,5.9,6.0,0.0,2.0,7.8,6.7,0
4.5,82.4,45.2,4.7,8.0,1.0,0.0,6.6,7.3,0
3.9,76.5,65.0,9.5,18.0,1.0,1.0,9.0,7.7,1
0.6,76.6,68.3,4.6,7.0,1.0,0.0,2.8,6.1,0
1.2,42.3,60.1,4.3,3.0,1.0,1.0,2.6,7.6,0
6.0,39.7,44.8,8.3,2.0,0.0,2.0,,3.6,0
1.1,50.7,92.9,,8.0,1.0,2.0,6.6,3.8,1
2.4,66.6,62.4,7.7,15.0,1.0,1.0,1.8,2.3,0
8.2,39.8,83.9,7.2,11.0,1.0,1.0,1.1,5.5,1
8.0,47.4,25.8,6.9,11.0,1.0,0.0,1.4,1.2,1
0.6,98.9,78.4,7.6,8.0,0.0,2.0,1.7,5.7,0
7.1,79.6,65.4,6.1,6.0,0.0,1.0,3.3,0.2,1
2.2,89.5,72.9,8.5,14.0,1.0,2.0,6.3,1.2,0
9.8,76.9,38.5,8.4,9.0,1.0,0.0,9.3,6.5,1
3.6,43.0,,6.0,1.0,0.0,2.0,1.5,,0
6.9,95.5,28.5,9.0,5.0,1.0,0.0,4.4,6.1,0
9.8,98.9,73.3,4.2,5.0,0.0,1.0,6.1,5.8,1
4.0,38.9,62.0,6.4,3.0,0.0,1.0,9.0,7.3,0
1.0,33.9,30.1,9.5,11.0,0.0,1.0,9.3,1.8,0
7.4,31.8,60.3,7.8,3.0,1.0,2.0,5.8,6.3,0
6.5,86.4,20.3,5.8,5.0,1.0,,3.9,0.3,1
3.6,86.4,61.7,10.0,14.0,0.0,2.0,1.0,2.0,1
0.6,98.4,94.5,6.8,14.0,1.0,1.0,5.9,2.6,1
4.2,49.2,,5.7,8.0,0.0,1.0,,3.5,0
6.6,55.8,28.6,5.5,8.0,0.0,0.0,2.0,1.2,0
1.7,47.5,86.0,5.0,18.0,1.0,2.0,7.2,7.6,1
4.9,40.0,49.5,9.4,19.0,0.0,2.0,2.1,6.2,0
9.0,50.8,29.4,5.3,4.0,0.0,0.0,6.3,7.8,0
1.6,31.2,,8.2,1.0,0.0,1.0,8.2,6.6,0
2.6,33.3,73.6,9.2,11.0,1.0,1.0,9.3,0.0,1
2.7,92.0,45.2,7.6,11.0,0.0,0.0,,4.8,0
8.1,97.3,76.1,8.8,6.0,0.0,2.0,8.4,2.2,1
0.2,89.6,67.9,8.1,12.0,0.0,1.0,4.1,2.2,0
,,94.7,7.3,,0.0,1.0,2.2,6.4,1
5.9,98.9,85.9,9.5,9.0,1.0,1.0,3.2,6.3,1
8.8,57.2,31.8,8.3,1.0,0.0,0.0,3.9,6.3,0
0.5,99.0,88.7,7.1,9.0,0.0,,7.1,1.6,1
2.3,55.6,88.6,9.2,14.0,0.0,2.0,2.3,3.0,1
6.6,71.6,53.0,4.0,13.0,1.0,0.0,1.1,2.4,0
0.4,89.3,78.3,9.6,11.0,1.0,1.0,6.9,1.7,1
5.6,50.7,75.9,9.4,10.0,0.0,2.0,4.2,1.8,1
0.5,80.5,23.0,9.2,5.0,1.0,1.0,4.8,7.0,0
0.6,55.6,23.8,5.1,11.0,0.0,2.0,,1.5,0
6.5,98.5,57.4,5.0,4.0,0.0,1.0,5.2,0.7,1
5.4,46.0,25.5,7.2,10.0,0.0,2.0,3.7,4.8,0
6.3,31.9,52.6,5.8,9.0,0.0,2.0,3.2,2.5,0
5.5,67.3,57.0,6.8,0.0,1.0,1.0,5.5,3.0,0
1.3,41.7,83.7,4.6,9.0,0.0,0.0,3.0,7.9,0
9.1,52.3,70.4,6.2,13.0,1.0,0.0,7.1,2.2,1
3.6,95.3,33.6,5.5,6.0,1.0,2.0,9.5,0.2,0
1.6,98.7,65.5,8.1,15.0,0.0,2.0,4.7,1.8,1
2.0,36.3,91.6,9.3,14.0,1.0,0.0,8.6,7.7,0
2.3,97.4,85.8,5.5,18.0,0.0,2.0,6.7,0.7,1
1.4,61.9,38.4,7.4,2.0,0.0,0.0,2.2,6.7,0
7.1,45.8,67.0,6.0,7.0,1.0,0.0,2.1,4.5,0
5.1,37.8,,4.2,6.0,1.0,0.0,7.5,0.6,0
6.4,36.6,47.5,4.6,11.0,0.0,1.0,7.8,3.5,1
9.3,75.0,86.8,6.0,0.0,0.0,0.0,5.5,7.3,1
3.0,66.6,79.0,5.6,19.0,1.0,2.0,7.8,1.0,1
3.4,57.7,92.5,6.3,1.0,0.0,2.0,4.8,6.3,0
2.4,75.4,60.4,7.8,5.0,1.0,1.0,,6.7,0
3.3,39.3,72.3,9.9,4.0,,2.0,4.7,0.9,0
1.5,55.5,38.9,6.5,5.0,0.0,1.0,4.9,1.6,0
5.6,77.8,45.0,5.7,19.0,1.0,2.0,10.0,2.8,1
3.9,89.1,85.1,9.3,3.0,1.0,0.0,4.1,7.2,1
9.7,64.8,71.9,5.0,,0.0,0.0,3.4,4.2,1
5.2,84.1,83.3,4.5,4.0,1.0,2.0,4.7,3.7,1
9.4,47.3,27.2,8.4,14.0,1.0,2.0,6.4,5.7,0
5.0,34.7,34.1,4.1,10.0,0.0,1.0,8.8,3.4,0
9.5,49.4,53.4,4.4,18.0,0.0,0.0,8.6,5.8,1
9.5,91.4,44.9,9.7,1.0,0.0,2.0,3.8,1.5,1
9.8,76.6,78.0,6.7,8.0,0.0,0.0,2.3,5.4,1
4.2,75.7,,4.1,9.0,0.0,0.0,2.8,5.4,0
9.4,67.9,28.7,6.4,3.0,0.0,1.0,,1.5,1
0.4,96.7,88.5,6.2,13.0,1.0,0.0,7.4,0.7,1
0.2,64.1,35.7,7.4,14.0,1.0,0.0,7.4,0.3,0
9.3,38.5,81.8,4.2,9.0,1.0,0.0,9.9,4.8,1
9.5,51.3,,9.4,18.0,1.0,0.0,3.6,0.4,1
5.4,78.3,89.9,7.8,15.0,0.0,1.0,8.1,5.7,1
9.0,55.4,20.9,8.0,6.0,0.0,2.0,2.4,0.1,0
7.2,76.6,76.4,9.7,2.0,1.0,0.0,3.6,6.2,0
0.8,30.9,60.4,6.1,11.0,0.0,2.0,8.0,3.5,0
6.4,80.7,51.9,7.8,,0.0,1.0,5.0,2.0,1
0.8,95.0,38.0,9.0,16.0,0.0,2.0,6.6,6.7,0
4.8,33.9,72.2,6.5,1.0,1.0,1.0,4.8,4.7,1
5.8,39.4,58.6,4.1,0.0,0.0,0.0,9.1,5.8,0
4.5,43.0,41.3,6.5,19.0,0.0,2.0,5.0,5.9,0
7.5,81.1,79.5,,9.0,1.0,2.0,5.7,5.8,1
6.9,95.7,65.8,6.7,4.0,1.0,2.0,7.7,7.1,1
9.9,44.8,83.8,,17.0,0.0,2.0,1.9,3.3,1
9.4,62.4,44.6,8.3,4.0,0.0,1.0,6.5,3.6,1
1.2,38.1,25.5,8.2,10.0,1.0,1.0,7.5,3.2,0
4.1,82.0,60.7,5.4,6.0,1.0,1.0,6.3,0.9,1
2.1,91.9,44.9,8.2,11.0,0.0,0.0,1.1,6.9,0
4.3,42.3,47.0,8.0,12.0,0.0,1.0,4.5,0.7,0
8.6,99.2,55.5,8.6,17.0,1.0,2.0,3.4,,1
3.3,69.7,79.2,8.7,18.0,1.0,0.0,1.6,2.6,1
2.6,33.5,47.0,7.0,9.0,1.0,0.0,5.6,3.8,0
2.2,,78.7,7.7,17.0,1.0,1.0,3.0,0.1,1
2.9,70.4,40.5,6.4,16.0,1.0,1.0,3.3,3.7,0
9.0,79.8,79.1,7.7,,0.0,,4.4,2.9,1
,85.6,63.4,,9.0,0.0,2.0,8.1,0.2,1
7.3,94.2,45.2,9.1,17.0,0.0,1.0,6.1,1.8,1
2.4,91.5,44.3,4.3,10.0,0.0,1.0,5.7,5.8,0
3.6,67.6,82.3,4.7,10.0,1.0,1.0,4.5,7.6,0
1.6,43.7,67.7,7.1,17.0,1.0,2.0,7.4,6.9,0
2.7,65.8,60.4,4.3,2.0,0.0,0.0,6.5,5.7,0
8.4,59.4,26.0,5.9,5.0,0.0,0.0,8.7,6.6,0
7.7,67.1,21.2,7.2,17.0,0.0,0.0,6.0,5.9,1
2.3,84.9,38.9,5.8,6.0,1.0,0.0,9.8,6.2,0
5.4,78.2,33.3,6.9,0.0,1.0,0.0,3.9,6.9,0
9.5,60.5,54.8,6.9,16.0,0.0,0.0,4.4,4.3,1
2.3,97.0,83.6,6.5,5.0,0.0,2.0,7.6,4.4,1
7.1,62.3,65.8,8.1,3.0,1.0,2.0,4.4,6.8,1
6.3,40.4,52.0,6.0,12.0,1.0,0.0,3.0,0.3,1
0.5,53.5,36.6,5.0,9.0,1.0,2.0,5.7,6.6,0
6.0,52.2,67.1,9.3,18.0,1.0,0.0,5.0,5.8,1
1.7,40.8,69.4,4.4,5.0,1.0,1.0,2.9,7.1,0
7.6,47.1,57.1,7.3,8.0,0.0,2.0,3.6,4.7,1
7.2,62.3,55.5,5.9,,0.0,2.0,9.6,2.9,1
7.3,55.0,55.0,9.1,17.0,1.0,0.0,6.4,1.2,1
0.3,75.0,94.8,4.3,6.0,0.0,0.0,7.2,6.7,0
6.1,75.4,81.2,9.7,16.0,1.0,2.0,9.9,7.0,1
6.7,,26.2,4.5,16.0,1.0,0.0,3.7,1.5,0
6.8,38.3,87.6,7.4,13.0,0.0,1.0,3.4,2.0,1
5.7,63.1,89.1,5.9,2.0,0.0,2.0,5.2,7.6,1
1.7,81.1,33.8,7.1,8.0,1.0,2.0,4.4,6.1,0
6.0,57.9,43.7,4.9,13.0,0.0,1.0,8.8,5.9,0
5.8,58.4,51.9,7.8,17.0,0.0,2.0,3.6,0.8,1
6.8,89.1,37.4,10.0,11.0,0.0,2.0,5.1,5.0,0
1.7,73.9,84.3,7.2,9.0,0.0,2.0,3.8,5.7,0
9.5,56.7,51.4,7.6,6.0,0.0,0.0,7.5,4.5,1
7.9,46.4,21.5,7.5,12.0,,0.0,1.6,1.6,1
5.9,93.0,28.2,6.4,10.0,1.0,2.0,6.0,7.5,0
2.7,79.4,63.2,4.5,17.0,0.0,1.0,6.9,5.4,1
2.7,70.7,62.2,7.1,17.0,1.0,1.0,6.0,3.6,0
1.3,80.0,59.9,7.2,11.0,0.0,2.0,6.0,1.1,1
7.2,88.9,48.9,6.4,10.0,0.0,1.0,2.6,1.4,1
2.9,79.4,26.7,8.5,2.0,1.0,1.0,1.1,4.6,0
4.9,89.0,52.4,8.3,14.0,1.0,1.0,1.4,0.9,1
1.9,58.6,71.0,9.9,14.0,1.0,0.0,1.7,1.1,1
7.9,66.0,79.6,10.0,12.0,0.0,1.0,3.1,0.2,1
7.2,56.7,64.4,8.7,5.0,0.0,0.0,6.7,4.5,0
6.7,43.7,34.7,9.7,12.0,1.0,1.0,4.1,2.0,0
5.6,,24.6,8.5,17.0,0.0,1.0,1.1,2.9,0
1.5,50.5,80.5,6.3,15.0,0.0,,3.1,2.5,0
4.5,69.6,78.1,8.8,16.0,0.0,1.0,4.3,6.7,1
2.3,55.7,31.5,8.1,15.0,0.0,,,5.4,0
9.0,42.3,90.4,9.9,14.0,1.0,0.0,8.1,3.6,1
9.9,99.2,70.8,8.2,12.0,1.0,1.0,5.8,5.1,1
2.5,99.6,52.1,8.0,8.0,0.0,2.0,4.3,4.5,1
7.4,66.3,79.4,4.4,14.0,1.0,2.0,3.4,1.4,1
8.1,42.4,68.8,5.7,17.0,0.0,2.0,7.8,0.1,1
4.7,98.4,89.5,6.5,2.0,0.0,1.0,8.7,0.3,1
,83.7,77.8,4.2,2.0,1.0,0.0,5.3,7.0,1
,49.9,42.5,9.7,5.0,1.0,0.0,9.9,4.7,0
6.8,41.0,37.2,9.6,18.0,0.0,1.0,5.3,0.6,0
2.8,31.1,20.9,7.4,17.0,0.0,1.0,4.7,3.4,0
4.5,90.0,84.2,4.1,13.0,0.0,2.0,9.4,2.7,1
6.1,34.5,50.2,4.0,16.0,1.0,1.0,7.0,1.3,1
4.5,73.7,82.5,5.0,4.0,0.0,2.0,5.5,7.0,1
4.5,76.3,86.5,4.1,19.0,0.0,0.0,7.7,2.1,1
9.8,33.4,50.5,9.2,14.0,0.0,0.0,1.6,3.7,0
2.5,68.3,79.1,9.8,14.0,0.0,1.0,4.1,1.5,1
0.2,73.0,70.8,7.8,17.0,0.0,2.0,1.2,6.5,0
3.4,48.3,72.5,5.2,3.0,0.0,2.0,2.1,3.9,0
6.0,47.9,60.8,4.8,19.0,0.0,2.0,9.2,0.9,1
1.4,78.5,67.1,9.2,9.0,0.0,2.0,7.1,7.4,0
3.8,90.5,34.0,5.0,10.0,0.0,2.0,3.7,5.2,0
8.9,99.5,69.6,9.7,5.0,0.0,1.0,1.8,2.0,1
1.9,94.3,54.2,5.3,15.0,1.0,0.0,7.1,2.6,0
0.9,59.6,46.1,8.7,9.0,1.0,2.0,2.6,2.7,0
8.8,94.1,51.7,,18.0,0.0,2.0,8.9,3.2,1
7.8,78.6,58.3,4.6,12.0,1.0,2.0,4.6,5.0,1
9.7,60.1,90.6,8.2,2.0,0.0,2.0,3.1,1.9,1
6.9,53.8,62.2,4.7,7.0,1.0,2.0,3.4,7.8,1
5.0,71.3,74.6,8.2,13.0,1.0,1.0,4.9,5.7,1
6.4,81.8,41.0,6.4,11.0,0.0,0.0,7.8,6.0,0
7.7,87.7,48.0,7.4,1.0,1.0,1.0,2.3,0.2,1
4.2,,24.0,7.2,6.0,1.0,2.0,8.7,3.2,0
0.8,33.5,57.9,6.3,6.0,0.0,0.0,3.4,3.0,0
0.2,79.1,74.8,8.1,19.0,0.0,0.0,4.1,4.0,0
0.9,86.3,54.3,5.4,0.0,0.0,2.0,1.8,1.3,0
9.9,90.9,61.5,4.1,15.0,0.0,2.0,9.0,6.2,1
2.2,33.7,27.3,7.2,6.0,0.0,1.0,6.2,7.4,0
5.9,79.9,22.3,6.3,11.0,1.0,1.0,1.4,1.4,0
4.1,47.1,57.3,9.5,5.0,0.0,1.0,3.5,,0
1.7,67.5,28.1,7.7,5.0,1.0,0.0,2.5,1.1,0
1.3,45.3,81.5,4.1,2.0,1.0,2.0,6.1,4.7,0
7.0,72.8,,5.4,13.0,0.0,2.0,,2.4,1
0.4,32.7,57.4,9.3,8.0,0.0,0.0,5.8,7.2,0
2.5,98.7,94.2,7.2,13.0,1.0,0.0,9.6,0.5,1
4.4,46.5,53.3,9.6,18.0,1.0,1.0,6.2,5.4,1
9.4,99.6,55.6,5.1,13.0,0.0,1.0,2.7,6.3,1
5.3,83.9,81.7,4.0,0.0,1.0,0.0,7.8,5.7,0
9.0,46.0,39.6,5.1,10.0,1.0,1.0,2.6,1.5,1
1.4,81.3,29.4,6.4,2.0,1.0,0.0,1.7,2.2,0
6.7,60.0,21.9,5.8,17.0,,0.0,7.1,4.8,0
6.2,90.3,80.2,7.1,7.0,1.0,2.0,9.6,5.5,1
2.3,96.1,88.7,5.8,14.0,1.0,1.0,5.8,6.5,1
7.0,70.7,57.6,8.8,4.0,1.0,2.0,1.5,0.1,1
0.6,89.3,63.4,9.8,3.0,0.0,1.0,8.7,4.9,0
8.9,31.3,39.2,5.6,6.0,0.0,1.0,1.0,1.2,0
3.3,40.4,64.5,6.6,4.0,1.0,0.0,1.1,5.3,0
5.7,78.6,57.2,7.5,3.0,1.0,0.0,1.0,2.7,1
8.6,65.6,76.9,5.2,5.0,0.0,2.0,7.8,2.6,1
2.6,54.5,84.0,5.6,,0.0,0.0,4.7,3.2,0
4.4,72.3,62.4,7.8,2.0,1.0,2.0,9.5,1.9,1
7.8,37.3,90.0,6.1,17.0,1.0,0.0,6.1,2.3,1
6.5,46.2,88.9,5.7,0.0,1.0,1.0,5.9,5.6,1
5.3,88.0,36.0,4.6,16.0,0.0,1.0,7.9,6.1,1
1.6,41.8,53.0,4.5,18.0,0.0,1.0,4.5,2.1,0
2.3,97.5,28.9,6.1,15.0,0.0,1.0,1.8,6.0,0
8.8,30.3,56.9,7.0,6.0,1.0,1.0,8.1,1.4,1
6.2,45.0,89.0,6.2,16.0,0.0,1.0,8.7,4.9,1
10.0,85.8,39.1,5.7,2.0,1.0,2.0,9.9,1.9,1
6.5,93.1,51.5,6.2,17.0,0.0,2.0,9.4,5.4,1
6.0,77.6,91.5,9.8,9.0,0.0,1.0,2.5,1.3,1
,97.7,90.5,9.1,7.0,0.0,1.0,,7.0,1
9.5,39.6,92.4,7.8,13.0,0.0,2.0,6.0,4.6,1
8.7,94.4,38.2,7.0,11.0,0.0,0.0,4.0,3.1,1
7.0,43.7,90.9,8.8,2.0,1.0,0.0,2.9,7.7,1
4.2,70.4,35.7,4.3,7.0,0.0,0.0,9.5,1.1,0
5.5,61.6,72.4,4.9,0.0,1.0,2.0,1.2,6.0,0
2.5,96.2,64.4,7.8,5.0,1.0,2.0,3.7,5.3,1
1.1,66.6,93.0,4.7,15.0,1.0,2.0,4.5,6.5,1
2.7,44.8,72.7,5.3,19.0,1.0,1.0,8.1,1.4,1
5.2,93.5,62.0,7.1,17.0,0.0,0.0,4.3,3.4,0
1.0,56.6,92.4,9.5,6.0,1.0,0.0,8.7,1.7,0
5.8,56.5,45.1,5.6,6.0,0.0,1.0,3.5,5.5,0
2.7,53.0_err,48.4,9.9,16.0,1.0,0.0,4.6,6.4,0
2.3,,56.3,4.7,9.0,0.0,1.0,1.9,3.2,0
9.3,37.5,68.3,7.6,2.0,0.0,1.0,2.5,5.5,1
2.9,82.1,42.2,4.7,1.0,0.0,1.0,6.3,7.6,0
5.1,48.5,50.9,4.6,16.0,1.0,1.0,1.2,6.3,0
2.8,73.1,28.5,6.8,16.0,0.0,1.0,5.5,6.1,0
9.4,35.1,39.6,7.1,5.0,0.0,2.0,9.2,4.8,1
6.6,31.3,90.2,4.1,9.0,1.0,2.0,6.9,0.6,1
1.4,42.3,37.6,4.0,14.0,1.0,0.0,5.0,5.6,0
8.4,55.6,26.3,7.2,18.0,0.0,2.0,1.3,3.8,1
5.6,73.5,83.8,4.5,7.0,1.0,1.0,5.8,3.2,1
8.5,34.5,52.9,5.9,12.0,0.0,2.0,4.8,7.4,1
10.0,99.0,25.3,8.6,5.0,1.0,1.0,5.4,,1
4.9,49.7,35.7,9.0,9.0,1.0,1.0,7.3,3.8,0
6.4,87.5,84.4,8.0,10.0,1.0,2.0,3.4,2.3,1
6.4,96.0,80.3,9.1,1.0,0.0,0.0,5.4,,1
8.6,35.5,28.7,7.9,16.0,0.0,0.0,1.7,5.4,0
6.5,78.7,36.8,6.4,10.0,0.0,2.0,1.5,5.5,1
9.7,39.7,37.3,8.3,3.0,1.0,0.0,1.6,0.4,1
7.3,34.5,33.6,6.0,10.0,1.0,0.0,5.0,5.3,0
3.0,37.8,21.3,5.5,18.0,0.0,2.0,7.9,5.4,0
8.1,66.3,32.5,6.7,3.0,1.0,1.0,7.7,7.2,1
2.6,,94.0,8.9,8.0,1.0,0.0,9.2,6.5,1
4.5,40.5,74.8,5.5,9.0,0.0,0.0,6.1,3.0,0
0.0,33.0,30.0,7.8,6.0,0.0,0.0,4.1,,0
7.7,85.2,50.5,6.6,13.0,1.0,0.0,5.2,,1
8.0,42.0,66.8,9.1,13.0,0.0,2.0,2.1,4.9,1
5.8,62.2,78.1,4.8,16.0,0.0,1.0,4.4,4.6,1
5.0,64.0,85.4,10.0,9.0,1.0,2.0,6.9,2.4,1
2.2,34.1,81.1,,9.0,0.0,2.0,4.7,6.4,0
5.0,66.8,90.0,9.9,8.0,0.0,0.0,2.9,5.3,1
9.1,62.1,40.6,8.2,8.0,0.0,2.0,3.9,7.6,1
6.1,,58.2,9.4,14.0,,2.0,3.7,0.3,1
0.3,67.1,32.0,5.5,7.0,1.0,2.0,1.8,0.2,0
7.8,72.1,22.5,5.7,12.0,0.0,2.0,9.7,2.6,0
9.0,73.1,81.4,8.5,10.0,0.0,0.0,7.1,4.1,1
9.2,75.4,66.7,5.8,4.0,0.0,1.0,3.4,5.8,1
8.1,79.7,72.5,9.1,,1.0,2.0,4.7,3.3,1
4.5,83.8,90.5,4.7,6.0,1.0,1.0,7.9,1.5,1
3.6,85.1,71.4,5.3,13.0,0.0,1.0,8.7,3.6,1
0.8,84.3,35.1,8.9,1.0,1.0,1.0,8.7,3.7,0
5.8,37.7,54.1,8.3,3.0,0.0,2.0,7.5,1.4,0
5.4,31.3,81.0,9.5,19.0,1.0,1.0,4.0,5.0,1
6.1,95.3,27.8,4.9,19.0,0.0,0.0,9.3,7.2,0
7.5,43.1,73.1,5.6,14.0,0.0,0.0,2.1,7.6,1
8.7,71.7,45.8,6.5,13.0,0.0,2.0,,3.1,1
5.7,45.5,94.1,6.5,11.0,0.0,0.0,4.2,1.0,1
1.9,92.2,20.3,8.3,2.0,1.0,2.0,5.9,5.0,0
4.0,73.5,37.4,5.0,10.0,1.0,0.0,8.5,3.0,0
3.4,44.3,42.9,5.0,18.0,0.0,0.0,8.6,6.8,0
9.7,93.7,49.8,9.3,19.0,1.0,0.0,1.8,7.8,1
1.8,75.1,23.2,4.4,15.0,0.0,1.0,,3.9,0
0.7,67.2,54.9,4.7,16.0,1.0,0.0,5.4,1.8,0
3.7,35.2,21.4,4.9,11.0,0.0,1.0,3.7,7.6,0
6.3,62.4,83.1,9.4,12.0,0.0,0.0,9.4,5.4,1
4.3,39.9,28.2,4.3,1.0,1.0,1.0,3.9,5.2,0
4.0,85.1,23.6,7.4,13.0,0.0,2.0,2.7,0.9,0
3.3,80.3,32.7,7.3,5.0,1.0,1.0,6.2,1.7,0
2.8,94.9,50.1,4.0,6.0,0.0,1.0,3.8,2.9,0
8.9,80.7,22.5,7.4,3.0,1.0,2.0,3.0,1.2,0
2.3,72.2,27.3,9.2,12.0,0.0,2.0,7.8,5.6,0
8.2,79.1,49.1,5.2,18.0,0.0,0.0,,7.5,1
5.2,45.3,57.9,6.7,16.0,0.0,1.0,3.6,7.2,0
5.9,63.2,74.5,8.2,18.0,0.0,0.0,9.6,4.5,1
0.9,74.6,73.0,8.2,8.0,1.0,2.0,9.6,5.9,0
9.8,35.6,65.2,7.1,7.0,1.0,2.0,1.9,3.0,1
1.8,80.9,71.2,5.1,1.0,1.0,1.0,1.7,6.2,0
3.9,56.0,26.7,6.4,7.0,0.0,1.0,8.1,7.6,0
1.3,52.5,65.4,9.8,7.0,1.0,2.0,9.7,5.1,1
9.0,74.6,37.3,8.3,10.0,0.0,2.0,3.3,6.6,1
2.7,91.0,76.6,7.4,3.0,0.0,2.0,4.8,1.4,1
2.1,50.3,52.2,7.4,2.0,0.0,2.0,7.3,0.4,0
8.6,79.0,82.6,9.7,11.0,0.0,1.0,7.7,7.2,1
9.0,79.1,58.2,9.4,19.0,1.0,0.0,4.7,7.1,1
10.0,77.8,74.8,4.2,9.0,0.0,2.0,1.2,0.4,1
9.5,85.4,72.3,9.6,16.0,1.0,1.0,9.2,3.5,1
8.2,70.3,61.1,4.7,12.0,1.0,1.0,9.9,7.6,1
8.1,99.8,93.5,7.1,7.0,0.0,1.0,8.6,7.8,1
9.4,66.4,26.0,5.7,7.0,1.0,0.0,6.7,4.8,0
3.7,65.2,83.7,9.7,17.0,0.0,2.0,1.2,6.9,1
3.4,31.6,94.3,7.5,1.0,0.0,0.0,6.2,2.0,1
6.1,85.0,74.5,9.4,12.0,1.0,2.0,7.5,5.7,1
5.9,96.4,56.5,4.4,11.0,0.0,2.0,2.9,4.8,1
7.9,67.5,74.0,7.3,15.0,0.0,1.0,2.8,4.6,1
6.1,52.8,45.4,9.7,17.0,0.0,0.0,8.9,1.1,1
5.3,55.1,55.3,4.9,9.0,0.0,0.0,5.6,7.6,0
8.2,95.1,39.7,7.0,13.0,1.0,1.0,2.4,1.9,1
0.6,75.4,49.0,6.5,2.0,1.0,2.0,7.2,6.8,0
8.2,93.6,93.4,6.9,17.0,1.0,2.0,9.5,1.3,1
8.9,75.7,43.2,4.5,5.0,0.0,1.0,5.1,4.4,0
8.1,57.0,64.7,5.7,10.0,0.0,2.0,8.5,0.6,1
1.6,60.3,82.8,6.7,9.0,1.0,2.0,3.2,5.7,0
7.2,67.0,60.6,8.6,15.0,1.0,2.0,4.8,3.4,1
1.4,71.2,76.9,7.9,11.0,1.0,2.0,3.7,4.7,1
5.5,72.5,84.1,4.4,14.0,0.0,0.0,1.2,2.3,0
0.5,61.6,64.4,8.3,4.0,0.0,1.0,5.4,4.0,0
6.4,32.7,66.0,9.2,19.0,1.0,1.0,1.1,0.4,1
8.2,73.0,44.7,5.9,9.0,0.0,2.0,9.7,0.9,1
8.8,,47.8,7.3,1.0,0.0,2.0,6.8,5.7,1
9.6,77.1,83.8,6.9,,0.0,1.0,2.7,0.8,1
1.9,80.9,27.7,6.4,19.0,1.0,2.0,3.6,0.9,0
9.5,53.0,28.8,6.3,12.0,1.0,0.0,2.4,0.0,0
3.3,48.7,90.3,9.1,3.0,0.0,2.0,7.4,4.8,1
4.3,40.6,92.1,4.0,11.0,1.0,1.0,3.9,1.5,0
4.7,67.1,54.5,4.6,7.0,1.0,2.0,3.2,6.9,0
4.2,34.6,79.9,4.9,7.0,0.0,0.0,4.7,3.5,0
9.7,98.2,31.0,5.1,16.0,1.0,0.0,7.3,3.0,1
4.2,37.1,64.9,8.4,6.0,1.0,2.0,6.0,6.3,0
8.7,57.4,32.3,5.4,12.0,1.0,1.0,5.5,1.1,1
0.9,34.6,36.9,6.0,15.0,0.0,0.0,3.0,4.8,0
2.0,95.4,58.9,5.6,1.0,0.0,2.0,2.4,3.5,0
0.9,47.7,93.6,9.5,,,2.0,6.0,0.9,0
5.9,98.3,23.5,4.2,19.0,0.0,0.0,9.3,5.5,0
7.8,,71.0,8.8,3.0,0.0,0.0,2.2,5.6,1
6.1,66.9,28.6,8.6,0.0,0.0,1.0,4.5,7.4,0
5.7,97.4,79.5,4.6,4.0,0.0,1.0,5.4,2.9,1
5.1,51.4,45.2,5.4,3.0,1.0,0.0,8.3,3.3,0
3.8,73.6,,5.9,11.0,0.0,2.0,2.0,5.4,1
5.5,44.9,22.4,8.4,15.0,0.0,0.0,5.5,7.6,0
2.4,89.8,85.9,7.5,7.0,1.0,2.0,8.6,7.4,1
9.0,71.5,47.3,9.1,16.0,0.0,2.0,5.9,0.3,1
1.3,94.1,40.8,4.8,18.0,0.0,1.0,3.9,3.6,0
1.4,72.0,28.8,8.1,8.0,1.0,1.0,5.8,2.2,0
1.7,72.6,34.8,4.5,5.0,0.0,0.0,5.3,4.5,0
1.7,81.4,64.1,7.6,11.0,1.0,,6.6,4.2,0
8.9,33.6,42.3,5.1,18.0,1.0,1.0,3.5,1.3,1
6.6,62.1,20.5,5.1,17.0,,0.0,8.7,7.7,0
9.7,45.5,57.2,4.3,1.0,1.0,1.0,6.8,4.6,1
0.9,95.4,23.7,8.4,9.0,1.0,2.0,6.7,,0
9.1,93.2,43.5,9.4,,1.0,2.0,4.0,5.2,1
5.9,84.8,31.2,8.9,3.0,0.0,0.0,4.5,3.7,0
3.2,93.9,48.3,6.7,15.0,0.0,2.0,2.9,7.7,0
9.9,90.9,58.1,4.5,1.0,1.0,0.0,3.5,3.6,1
6.0,70.0,33.4,9.7,16.0,1.0,2.0,7.6,0.4,1
3.3,96.7,47.3,7.8,7.0,1.0,0.0,7.4,4.4,0
5.0,66.0,30.2,5.5,8.0,0.0,0.0,6.1,4.9,0
2.8,99.0,92.6,7.5,1.0,1.0,2.0,8.7,5.4,1
4.9,97.3,40.4,9.6,0.0,0.0,1.0,6.4,0.3,1
4.2,95.2,92.2,5.7,5.0,0.0,0.0,3.6,0.7,1
6.3,,20.2,6.4,9.0,1.0,2.0,3.1,7.1,0
6.7,52.3,73.2,6.2,12.0,1.0,1.0,4.0,3.7,1
1.6,61.2,72.6,7.2,2.0,0.0,0.0,9.2,3.6,0
4.6,42.7,51.7,7.2,6.0,0.0,1.0,7.9,6.4,0
6.1,,91.3,5.1,13.0,1.0,0.0,8.4,7.9,1
4.6,78.0,29.8,7.7,8.0,1.0,2.0,1.1,7.5,0
7.7,59.0,80.2,4.4,8.0,1.0,1.0,8.4,7.0,1
7.2,72.8,36.6,7.3,17.0,1.0,0.0,2.8,4.0,0
5.0,50.5,71.2,5.1,19.0,0.0,0.0,2.7,6.0,0
2.2,53.3,53.1,6.3,19.0,0.0,0.0,4.8,1.5,0
0.4,77.4,88.6,4.2,10.0,0.0,0.0,5.4,6.5,0
3.7,48.7,47.8,8.0,14.0,1.0,0.0,8.0,3.3,1
2.2,40.8,77.0,9.8,0.0,0.0,2.0,7.8,4.7,0
3.5,94.4,76.8,4.6,15.0,1.0,0.0,8.2,0.0,1
2.5,81.7,25.4,6.1,7.0,1.0,0.0,,2.1,0
4.3,41.2,61.4,6.6,11.0,1.0,1.0,5.4,7.2,0
4.7,45.3,84.6,5.4,9.0,1.0,0.0,7.1,6.9,1
5.9,53.0_err,71.4,9.1,5.0,0.0,2.0,3.6,5.5,0
8.8,63.8,61.1,7.0,18.0,1.0,1.0,9.7,7.1,1
8.3,36.2,94.2,9.8,18.0,0.0,0.0,1.8,3.2,1
2.7,44.7,70.7,7.0,7.0,1.0,2.0,7.2,3.9,0
4.6,30.9,42.2,9.0,13.0,1.0,1.0,1.5,0.6,1
4.9,71.8,47.9,9.6,2.0,0.0,2.0,9.8,4.9,0
3.2,88.2,88.7,4.3,7.0,0.0,2.0,3.2,1.8,1
1.2,42.5,83.0,9.5,2.0,0.0,0.0,1.6,4.0,0
0.6,91.9,39.6,6.4,16.0,1.0,2.0,9.9,3.3,0
0.2,57.9,81.3,4.2,11.0,1.0,2.0,4.9,2.5,0
0.9,52.4,58.2,6.0,2.0,1.0,1.0,7.2,3.6,0
3.6,45.5,80.8,7.5,8.0,0.0,2.0,6.8,0.7,1
5.1,98.5,85.7,9.7,3.0,1.0,1.0,7.3,1.8,1
0.9,47.5,52.8,6.8,7.0,1.0,2.0,5.3,1.6,0
2.9,55.7,92.6,8.2,7.0,,0.0,2.2,5.4,0
9.5,36.5,29.0,5.3,7.0,0.0,1.0,7.9,5.6,0
3.1,97.9,84.2,6.8,19.0,0.0,2.0,3.0,4.6,1
5.6,32.9,73.7,7.2,1.0,0.0,0.0,3.7,2.7,0
6.0,55.9,84.7,5.4,12.0,1.0,2.0,8.6,5.3,1
9.6,43.9,85.9,6.4,14.0,1.0,0.0,1.8,0.7,1
0.0,52.4,48.5,8.3,14.0,1.0,1.0,5.5,5.9,0
6.0,40.2,81.3,7.1,17.0,0.0,2.0,8.3,5.7,1
1.5,49.4,33.0,8.4,2.0,1.0,2.0,5.1,3.1,0
2.2,53.1,41.4,7.0,5.0,1.0,0.0,9.0,1.6,0
8.1,49.0,55.6,6.6,18.0,0.0,1.0,2.2,5.2,1
4.2,72.0,21.9,5.8,16.0,1.0,2.0,1.9,5.1,0
4.3,59.0,32.2,4.8,9.0,1.0,2.0,7.6,0.1,1
5.5,48.7,83.3,5.2,15.0,1.0,2.0,4.9,2.1,1
10.0,67.1,89.5,6.3,11.0,0.0,2.0,3.3,1.0,1
8.6,50.5,73.0,7.2,17.0,1.0,2.0,1.5,2.1,1
7.1,75.9,38.3,9.6,19.0,1.0,0.0,6.4,4.3,1
2.0,90.4,89.5,9.1,16.0,0.0,0.0,9.4,3.3,1
8.0,91.3,70.9,6.9,9.0,0.0,1.0,8.9,7.9,1
6.6,40.5,75.4,5.3,8.0,1.0,1.0,1.2,3.9,0
4.8,35.4,93.6,9.4,5.0,1.0,,3.9,5.4,1
0.0,82.4,,8.3,0.0,0.0,2.0,9.8,3.9,0
9.9,94.5,30.8,4.0,15.0,1.0,1.0,4.7,0.6,1
8.3,67.1,34.9,9.8,7.0,1.0,0.0,1.3,4.9,0
9.3,35.0,65.1,6.3,,0.0,1.0,3.2,1.5,1
6.4,78.0,31.7,5.0,8.0,1.0,1.0,6.8,6.7,0
5.9,39.6,93.1,5.2,16.0,0.0,0.0,3.0,0.4,1
9.9,60.0,46.0,5.2,10.0,0.0,0.0,4.9,0.7,1
2.2,77.7,80.5,4.1,8.0,1.0,2.0,7.7,3.0,1
9.2,90.4,50.1,4.4,7.0,0.0,0.0,3.5,4.9,1
6.5,66.2,65.1,5.3,16.0,0.0,0.0,9.6,7.6,1
8.5,52.8,94.0,9.6,7.0,0.0,1.0,3.9,6.9,1
8.1,64.7,57.0,8.0,16.0,0.0,1.0,3.2,3.6,1
9.9,41.4,21.3,8.3,11.0,0.0,1.0,4.7,1.6,0
5.5,62.7,,9.8,12.0,0.0,2.0,8.8,3.3,1
8.0,72.6,67.4,4.9,17.0,1.0,1.0,7.2,1.0,1
0.3,49.2,60.1,9.1,9.0,1.0,1.0,6.6,5.7,0
3.1,59.0,71.8,4.0,14.0,1.0,1.0,8.5,4.0,1
8.7,95.8,29.1,7.7,16.0,0.0,1.0,6.1,5.8,1
0.5,31.5,86.3,6.1,8.0,0.0,0.0,2.3,4.7,0
4.9,90.4,22.5,4.9,17.0,1.0,0.0,6.2,3.4,1
4.8,,80.2,8.9,,0.0,0.0,8.9,2.3,1
5.5,54.3,91.6,8.4,0.0,0.0,2.0,9.9,5.5,0
0.4,50.9,68.1,6.5,17.0,1.0,1.0,1.3,2.1,0
9.6,79.5,32.7,8.7,17.0,1.0,1.0,2.0,0.8,1
5.3,92.3,82.7,6.6,6.0,1.0,0.0,8.0,2.3,1
9.1,33.5,21.6,7.3,11.0,1.0,0.0,10.0,1.6,1
8.3,66.9,46.0,5.2,2.0,1.0,0.0,2.6,0.9,1
2.7,49.0,27.6,6.3,18.0,1.0,2.0,7.2,6.0,0
8.0,39.8,22.9,9.5,3.0,0.0,0.0,5.8,4.1,0
7.1,63.2,87.5,5.1,4.0,0.0,0.0,5.7,3.3,1
9.6,37.4,43.7,8.8,11.0,1.0,1.0,1.2,7.9,1
6.6,67.1,34.6,7.9,7.0,1.0,1.0,6.7,1.3,1
9.9,32.1,46.3,6.2,19.0,0.0,1.0,8.8,1.5,1
0.6,68.9,91.5,8.9,0.0,0.0,0.0,1.8,3.1,0
7.8,51.5,43.2,4.8,12.0,1.0,1.0,3.8,1.0,1
8.9,88.7,83.4,8.7,8.0,1.0,0.0,3.7,7.2,1
5.1,65.8,60.4,4.4,15.0,0.0,0.0,5.6,4.3,1
6.5,68.1,92.6,9.2,18.0,0.0,2.0,5.4,6.7,1
9.0,80.4,75.8,5.8,10.0,1.0,0.0,6.0,,1
5.9,43.5,63.3,9.0,16.0,0.0,2.0,6.2,4.8,1
4.5,36.6,30.3,6.0,7.0,0.0,0.0,1.3,5.1,0
0.2,91.0,79.3,4.3,13.0,0.0,0.0,6.2,5.4,0
5.1,94.8,77.5,6.3,10.0,0.0,2.0,8.2,0.5,1
4.8,81.6,75.2,9.0,2.0,1.0,2.0,8.8,6.3,1
9.5,90.0,57.3,9.3,19.0,0.0,0.0,8.4,4.1,1
4.2,75.2,59.7,9.6,3.0,1.0,0.0,1.8,1.5,1
6.0,68.5,65.3,8.6,1.0,1.0,1.0,8.6,0.1,1
4.4,78.5_err,24.8,6.5,19.0,0.0,0.0,8.1,7.5,0
0.6,81.7,52.6,4.7,6.0,1.0,2.0,8.0,6.2,0
4.8,42.6,56.0,5.2,4.0,1.0,0.0,8.0,7.2,0
9.6,87.8,48.7,5.1,9.0,0.0,1.0,1.3,3.4,1
2.8,,40.5,7.4,,0.0,0.0,3.5,0.1,0
6.6,72.8,64.4,9.2,9.0,0.0,2.0,4.9,2.7,1
4.6,55.2,92.6,5.9,9.0,1.0,0.0,3.2,3.7,1
3.3,46.0,41.4,8.9,15.0,1.0,1.0,5.0,0.4,1
6.7,72.1,43.8,7.2,13.0,0.0,2.0,4.2,6.9,0
0.9,34.6,85.1,7.7,17.0,0.0,0.0,8.0,6.8,0
5.7,94.1,27.8,4.3,15.0,1.0,1.0,2.2,2.3,0
3.6,63.8,73.2,5.4,16.0,0.0,0.0,2.5,5.2,1
0.7,87.3,65.0,6.1,13.0,1.0,1.0,7.3,3.8,0
8.3,95.3,77.2,5.7,11.0,1.0,2.0,5.9,0.9,1
7.7,43.5,49.1,5.6,18.0,0.0,2.0,6.2,4.4,1
8.0,80.3,62.9,10.0,5.0,0.0,0.0,3.3,0.1,1
0.7,83.6,75.7,8.0,2.0,0.0,0.0,1.7,5.8,0
3.0,95.8,66.2,5.1,8.0,1.0,2.0,1.4,3.5,1
5.0,57.9,92.3,5.4,19.0,0.0,2.0,2.2,5.0,1
9.4,35.3,28.4,9.9,17.0,0.0,2.0,7.4,4.3,1
6.3,81.1,34.6,6.9,16.0,0.0,2.0,7.0,7.0,1
4.1,41.6,60.4,,4.0,0.0,0.0,3.4,2.4,0
6.9,59.6,27.9,4.0,10.0,0.0,1.0,4.6,3.7,0
1.5,95.8,32.2,7.6,17.0,0.0,2.0,8.5,3.2,0
6.5,36.3,86.7,7.7,10.0,1.0,0.0,4.8,2.0,1
8.8,67.7,70.3,9.5,13.0,0.0,0.0,6.8,7.9,1
8.6,33.7,58.8,6.2,1.0,0.0,0.0,4.5,2.5,1
9.6,87.6,57.5,4.9,17.0,1.0,2.0,7.3,1.0,1
1.5,,63.7,6.6,15.0,1.0,0.0,7.9,6.2,0
8.6,33.1,27.9,7.5,1.0,1.0,1.0,3.1,5.4,0
5.7,67.3,21.5,4.2,3.0,0.0,0.0,,1.9,0
0.1,69.7,85.1,5.9,16.0,1.0,2.0,3.9,1.1,0
7.2,76.1,90.9,9.0,12.0,0.0,0.0,6.4,5.1,1
4.8,90.4,93.6,9.1,8.0,1.0,0.0,4.5,3.5,1
1.7,34.0,39.9,9.7,19.0,0.0,0.0,7.9,0.3,0
4.0,75.5,20.4,8.5,19.0,0.0,0.0,6.9,0.6,1
4.3,36.0,36.0,5.1,6.0,0.0,0.0,5.2,4.3,0
8.2,86.1,41.8,7.7,6.0,1.0,0.0,10.0,0.4,1
8.3,55.0,76.6,7.2,4.0,0.0,1.0,2.8,0.2,1
8.5,60.4,73.6,5.7,15.0,1.0,2.0,3.6,0.8,1
7.6,68.1,25.2,5.0,15.0,1.0,0.0,6.1,5.4,1
7.5,95.2,89.8,7.8,2.0,1.0,0.0,2.8,0.8,1
7.0,92.8,66.4,8.2,19.0,1.0,2.0,9.7,5.1,1
6.9,71.5,52.5,9.7,17.0,0.0,0.0,4.8,7.7,1
2.8,52.6,31.8,4.6,3.0,1.0,1.0,8.2,7.5,0
6.5,96.3,41.6,8.3,4.0,1.0,2.0,7.1,2.0,1
1.6,84.2,86.0,9.9,3.0,0.0,2.0,8.6,0.2,1
3.0,87.5,35.8,9.9,18.0,0.0,0.0,9.2,5.7,0
4.7,51.2,86.6,6.0,13.0,1.0,0.0,3.8,2.3,1
10.0,30.8,92.2,4.9,18.0,0.0,2.0,5.1,3.4,1
7.5,79.5,52.3,8.2,8.0,0.0,2.0,4.0,6.2,1
7.7,52.0,37.7,5.0,6.0,1.0,2.0,9.8,0.1,1
2.0,97.3,72.0,4.3,,1.0,1.0,8.4,3.2,1
6.5,68.9,85.2,4.7,19.0,1.0,0.0,2.5,0.7,1
2.8,99.8,70.1,9.1,19.0,1.0,0.0,4.6,3.5,1
2.5,33.7,43.4,5.2,8.0,1.0,1.0,10.0,7.3,0
4.6,59.2,90.8,7.6,17.0,1.0,2.0,2.1,2.0,1
7.1,78.2,74.6,9.3,1.0,0.0,1.0,5.9,3.4,1
1.3,45.4,,9.2,14.0,0.0,2.0,5.9,3.7,0
6.5,48.5,48.4,8.2,18.0,1.0,2.0,1.9,7.1,1
0.2,80.9,42.5,8.6,11.0,0.0,1.0,9.1,0.4,0
9.0,74.8,91.0,4.6,7.0,0.0,1.0,8.2,0.7,1
3.9,31.8,42.8,5.3,16.0,0.0,0.0,7.3,0.4,0
0.2,48.0,42.5,5.5,11.0,0.0,1.0,4.7,7.4,0
8.0,77.5,60.6,9.9,6.0,1.0,,9.1,6.4,1
2.6,44.3,23.1,7.2,6.0,0.0,2.0,9.9,2.8,0
2.1,92.4,59.5,5.1,8.0,0.0,1.0,4.6,6.0,0
2.6,53.8,87.8,6.1,17.0,0.0,1.0,4.0,5.7,1
0.4,52.7,35.9,6.2,13.0,1.0,1.0,8.5,5.0,0
9.9,99.9,33.1,6.0,5.0,1.0,2.0,2.3,0.7,1
9.3,37.9,71.8,8.0,3.0,1.0,1.0,8.3,4.3,1
7.0,64.9,34.8,6.0,7.0,0.0,2.0,8.8,5.3,0
7.7,38.0,83.8,4.7,18.0,0.0,0.0,5.5,4.4,1
2.2,65.0,33.0,4.1,19.0,1.0,0.0,3.3,1.8,0
8.6,47.3,90.8,9.3,19.0,0.0,1.0,5.8,6.6,1
7.8,58.4,47.7,7.2,1.0,1.0,0.0,1.5,5.3,0
4.2,93.1,25.7,9.4,18.0,0.0,1.0,6.1,7.4,0
1.0,39.6,34.7,8.5,11.0,0.0,2.0,5.3,0.6,0
9.9,67.2,66.7,6.0,15.0,0.0,1.0,3.0,4.7,1
3.3,69.3,27.8,6.1,10.0,0.0,2.0,6.2,5.0,0
6.4,41.9,79.0,8.9,15.0,0.0,2.0,7.4,3.9,1
6.5,98.8,42.8,7.8,6.0,0.0,1.0,7.6,5.8,1
8.8,34.1,41.3,7.3,7.0,0.0,0.0,6.4,7.1,0
6.8,98.6,29.3,9.7,10.0,0.0,2.0,4.2,2.2,1
4.5,41.2,92.2,9.7,3.0,0.0,1.0,6.7,3.7,0
2.7,80.2,63.7,4.5,1.0,0.0,0.0,3.1,5.7,0
5.0,53.3,73.3,8.5,5.0,0.0,0.0,8.2,0.3,1
6.8,77.2,60.2,4.3,19.0,1.0,2.0,1.8,7.5,1
5.2,33.5,82.5,7.9,8.0,1.0,0.0,5.3,6.8,0
9.2,83.2,86.2,,0.0,0.0,1.0,4.2,2.2,1
5.3,50.8,85.9,5.8,7.0,1.0,2.0,5.6,2.9,1
5.1,59.1,70.4,4.9,15.0,1.0,0.0,2.9,3.1,1
5.9,92.1,72.2,6.0,4.0,1.0,0.0,6.5,5.9,1
7.2,74.3,38.9,8.3,9.0,1.0,1.0,6.9,3.8,1
4.0,94.7,67.0,7.1,0.0,1.0,0.0,6.0,3.4,1
8.8,98.6,34.0,4.7,11.0,1.0,0.0,6.7,4.7,1
8.2,60.3,64.5,5.4,18.0,1.0,0.0,8.3,5.8,1
4.1,36.9,58.2,5.6,14.0,0.0,1.0,5.8,0.8,0
1.4,66.4,57.1,7.1,14.0,1.0,0.0,4.7,1.6,0
9.2,70.3,69.8,7.8,16.0,0.0,2.0,2.5,0.4,1
0.7,44.4,30.1,4.8,17.0,0.0,0.0,5.9,5.5,0
2.6,64.7,81.9,8.7,13.0,1.0,2.0,1.2,4.2,1
1.4,73.8,38.1,8.4,6.0,0.0,2.0,4.2,1.4,0
9.0,71.7,56.6,9.7,15.0,1.0,0.0,4.2,2.0,1
7.1,,35.2,4.6,16.0,,2.0,8.6,1.4,1
8.6,76.1,37.0,8.9,8.0,0.0,0.0,7.4,,0
2.3,96.6,26.0,4.5,12.0,1.0,1.0,5.3,7.3,0
7.9,49.5,58.6,7.0,6.0,1.0,2.0,1.0,4.7,0
4.9,88.7,53.6,9.4,11.0,1.0,2.0,8.9,3.6,1
8.6,97.5,89.9,5.3,19.0,0.0,2.0,3.6,3.7,1
3.4,97.1,38.8,5.9,7.0,0.0,1.0,8.6,1.3,0
7.0,49.4,,6.4,5.0,1.0,2.0,5.2,4.2,0
3.0,80.6,36.5,5.0,16.0,1.0,2.0,9.5,2.7,0
0.9,99.0,50.0,6.9,2.0,1.0,1.0,3.3,5.9,0
6.7,75.4,34.7,6.5,16.0,1.0,2.0,2.4,2.2,0
2.9,53.7,39.2,7.0,10.0,1.0,2.0,7.2,7.1,0
0.2,61.8,32.9,,14.0,1.0,1.0,5.3,6.4,0
5.5,86.2,73.1,9.3,18.0,0.0,1.0,7.2,1.2,1
9.4,58.6,84.8,9.6,4.0,0.0,0.0,1.6,6.6,1
0.8,65.6,38.3,6.6,12.0,,1.0,1.3,3.3,0
1.6,45.6,88.2,6.8,0.0,1.0,0.0,7.5,3.8,1
9.3,34.3,70.1,6.7,0.0,0.0,1.0,2.3,6.7,0
7.6,41.0,,6.5,9.0,1.0,0.0,3.3,3.6,1
6.3,96.3,27.9,,7.0,0.0,1.0,2.8,5.8,0
8.3,64.0,30.0,6.9,19.0,0.0,1.0,2.2,6.2,1
6.1,87.4,32.2,6.1,3.0,1.0,0.0,7.0,3.7,0
1.2,92.4,51.3,5.4,8.0,0.0,2.0,1.5,6.3,0
5.0,46.3,61.3,7.7,13.0,0.0,2.0,4.7,0.3,1
5.7,39.3_err,24.8,7.8,11.0,1.0,0.0,2.9,0.7,0
8.8,66.2,92.1,7.2,19.0,0.0,2.0,3.9,1.4,1
5.1,96.8,72.5,,18.0,1.0,1.0,5.2,1.3,1
5.1,44.7,82.2,7.6,2.0,0.0,2.0,4.1,2.4,0
5.5,46.8,,8.7,11.0,0.0,0.0,4.2,1.7,1
1.1,86.8,68.1,9.2,15.0,0.0,2.0,9.7,5.1,0
8.8,86.6,32.1,8.6,1.0,0.0,2.0,9.1,4.8,1
4.2,51.3,,7.3,17.0,0.0,0.0,8.0,6.4,1
8.1,55.2,27.4,5.0,5.0,1.0,0.0,7.3,7.4,0
,77.3,45.9,5.8,10.0,1.0,0.0,3.9,5.5,0
7.0,45.2,86.8,5.5,0.0,0.0,1.0,8.3,1.6,1
2.8,80.4,29.6,9.8,17.0,0.0,2.0,7.6,3.1,0
7.1,68.0,93.6,6.5,19.0,1.0,1.0,2.5,6.2,1
0.9,66.3,45.1,4.2,19.0,0.0,0.0,9.7,6.4,0
2.0,82.0,32.4,7.5,19.0,1.0,1.0,3.4,3.9,0
8.1,37.9,60.0,5.5,14.0,1.0,0.0,1.6,0.2,1
6.6,41.7,67.2,4.8,1.0,,1.0,4.0,3.2,0
1.9,88.0,30.3,5.1,2.0,1.0,2.0,2.9,1.5,0
4.1,79.5,73.6,,2.0,1.0,0.0,8.0,6.2,1
7.0,99.9,44.3,7.3,6.0,0.0,0.0,9.4,3.4,1
6.3,97.5,22.7,4.8,10.0,0.0,2.0,4.3,4.4,0
3.4,85.0,65.3,7.4,4.0,1.0,0.0,7.2,1.6,1
9.2,58.3,38.1,4.2,11.0,1.0,0.0,9.3,6.6,0
6.5,89.4,27.5,7.4,3.0,0.0,1.0,5.8,3.5,0
0.5,96.1,74.3,5.0,15.0,0.0,2.0,2.0,3.1,0
4.8,86.8,47.8,6.2,16.0,0.0,2.0,2.1,7.8,1
5.5,56.3,52.8,9.8,4.0,1.0,2.0,2.1,2.5,0
5.7,70.8,87.0,8.4,14.0,1.0,0.0,8.4,4.5,1
4.6,51.6,65.3,9.6,1.0,1.0,1.0,2.2,7.8,1
3.6,90.3,23.1,6.9,6.0,1.0,1.0,3.1,7.5,0
1.7,36.6,39.5,4.5,4.0,0.0,0.0,8.5,1.0,0
2.7,95.8,89.9,7.6,6.0,0.0,1.0,1.1,1.1,1
2.4,47.3,36.7,4.2,7.0,0.0,1.0,1.5,3.8,0
6.2,55.4,25.7,6.4,19.0,1.0,0.0,8.9,4.6,0
4.4,58.4,78.1,8.6,12.0,0.0,1.0,8.8,3.9,0
0.4,93.6,25.7,5.4,4.0,1.0,0.0,3.3,4.5,0
0.5,99.0,32.4,7.8,12.0,0.0,2.0,1.7,0.5,0
4.4,41.2,,6.8,3.0,0.0,2.0,,1.8,0
0.7,94.3,35.1,4.3,17.0,1.0,2.0,1.4,4.9,0
9.8,89.7,44.2,6.0,7.0,1.0,1.0,5.6,5.2,1
3.3,79.5,48.2,8.5,2.0,0.0,1.0,2.4,6.8,1
1.6,31.8,43.3,4.1,0.0,1.0,1.0,8.1,3.9,0
1.4,67.0,63.1,8.5,3.0,0.0,0.0,4.2,0.6,0
1.8,81.7,67.8,9.8,5.0,0.0,1.0,7.3,5.3,0
2.6,70.7,80.9,7.7,4.0,1.0,2.0,1.7,3.4,0
1.8,97.5,77.1,5.7,2.0,0.0,2.0,3.5,2.5,0
2.7,61.6,85.9,9.9,0.0,0.0,0.0,9.4,0.1,0
5.9,36.9,83.4,9.0,2.0,1.0,0.0,,5.8,1
3.1,43.9,81.5,4.4,19.0,0.0,1.0,7.0,7.2,0
0.5,97.1,30.4,9.7,14.0,1.0,2.0,3.6,1.8,0
2.2,35.0,34.1,9.7,3.0,1.0,0.0,9.3,8.0,0
2.4,74.5,73.6,9.7,14.0,0.0,1.0,4.6,1.3,1
0.4,74.1,33.9,4.5,9.0,0.0,2.0,2.2,1.8,0
8.0,64.9,80.3,5.2,12.0,1.0,0.0,2.2,5.9,1
5.6,99.5,22.9,9.2,15.0,0.0,0.0,9.4,2.9,0
9.4,33.3,85.7,6.7,10.0,0.0,0.0,8.5,2.5,1
8.4,88.8,37.1,5.0,10.0,1.0,0.0,4.6,2.9,1
4.9,36.3,59.5,4.7,13.0,1.0,2.0,6.1,0.8,1
8.5,81.7,83.3,5.7,5.0,0.0,1.0,3.4,1.6,1
0.8,49.1,63.8,7.4,14.0,0.0,2.0,1.8,0.8,0
6.9,94.5,94.9,10.0,12.0,1.0,,6.7,3.4,1
3.0,60.6,59.9,4.9,4.0,0.0,1.0,7.9,5.9,0
2.3,96.7_err,42.8,4.8,13.0,0.0,0.0,5.0,6.4,0
4.9,41.4,87.8,4.5,2.0,0.0,0.0,5.1,7.3,0
5.1,83.3,68.6,4.2,,1.0,1.0,,1.5,1
8.4,49.5,93.0,7.3,6.0,,1.0,9.2,1.1,1
3.5,72.9,78.2,8.9,10.0,0.0,1.0,8.7,3.7,1
9.6,81.7,30.9,8.1,17.0,0.0,1.0,5.4,2.7,1
1.7,85.8,63.0,4.7,16.0,0.0,0.0,5.4,4.2,0
4.0,70.1,30.4,5.3,7.0,0.0,1.0,6.0,5.7,0
3.7,31.0,51.6,5.3,7.0,0.0,2.0,1.9,7.1,0
8.6,36.9,73.9,6.6,19.0,1.0,1.0,9.3,5.2,1
10.0,48.8,76.9,5.1,16.0,0.0,0.0,4.6,3.7,1
3.6,50.5,82.0,5.2,3.0,1.0,0.0,6.8,5.3,0
5.3,77.8,52.4,6.0,10.0,0.0,0.0,5.2,0.4,1
9.4,35.9,74.1,8.9,5.0,0.0,1.0,9.5,2.4,1
2.8,60.1,43.1,7.7,15.0,0.0,0.0,8.9,6.4,0
2.5,51.8,57.8,4.1,8.0,0.0,1.0,3.4,0.3,0
1.3,86.2,65.3,4.9,4.0,,2.0,3.9,5.2,0
3.3,82.2,71.2,9.2,11.0,0.0,1.0,3.4,4.4,0
6.0,88.6,94.4,8.7,2.0,0.0,2.0,2.4,6.7,1
0.1,53.6,68.0,5.9,3.0,1.0,0.0,1.1,0.7,0
2.2,99.8,,5.9,7.0,1.0,2.0,8.0,,0
7.8,77.8,55.7,5.6,18.0,1.0,2.0,3.1,5.5,1
5.4,54.3,45.3,5.4,7.0,0.0,2.0,2.1,6.3,0
6.3,60.8,40.8,9.3,15.0,0.0,0.0,,4.5,0
7.7,74.4,28.1,8.3,12.0,0.0,2.0,7.4,6.5,1
1.6,40.1,31.1,8.9,10.0,0.0,1.0,7.2,2.8,0
4.6,76.9,36.7,7.4,5.0,1.0,0.0,5.6,5.9,0
8.6,42.9,87.5,8.6,3.0,1.0,1.0,5.2,5.5,1
1.0,87.2,90.9,6.8,18.0,0.0,2.0,2.5,5.2,1
,56.0,23.1,5.5,5.0,1.0,1.0,8.4,1.9,1
5.6,91.9,44.3,7.3,16.0,1.0,,10.0,0.0,1
6.2,71.7,68.1,6.2,13.0,1.0,1.0,4.8,3.4,1
0.1,42.3,59.5,6.0,17.0,0.0,0.0,3.3,1.1,0
1.2,34.1,58.9,4.1,5.0,1.0,1.0,4.0,1.3,0
9.9,78.5,78.2,7.2,1.0,1.0,1.0,4.3,2.5,1
9.6,57.8,51.3,9.0,12.0,1.0,0.0,3.4,3.0,1
3.4,47.7,33.1,8.6,1.0,0.0,2.0,5.4,3.0,0
10.0,85.6,72.2,7.4,16.0,1.0,0.0,6.3,3.5,1
1.0,79.2,27.4,9.2,6.0,1.0,0.0,8.6,,0
0.6,44.2,60.2,9.5,8.0,0.0,0.0,9.8,7.7,0
4.1,57.0,24.2,5.3,9.0,0.0,0.0,6.4,5.4,0
3.9,66.3,31.9,9.7,14.0,0.0,0.0,6.1,0.6,0
0.8,38.1,,6.2,19.0,0.0,0.0,4.4,7.4,0
2.3,55.3,45.3,6.1,2.0,0.0,0.0,3.2,7.8,0
1.1,60.0,28.9,6.6,18.0,1.0,1.0,,3.8,0
1.1,97.1,21.1,9.8,13.0,1.0,0.0,5.6,-2.0,0
9.0,70.1,61.5,6.9,19.0,0.0,0.0,5.6,5.9,1
5.5,31.9,38.6,,2.0,1.0,0.0,1.8,5.6,0
5.7,97.6_err,49.0,9.6,18.0,1.0,1.0,9.3,3.6,1
2.2,74.2,70.7,5.3,12.0,0.0,0.0,1.0,1.0,0
3.1,40.4,77.4,9.5,4.0,1.0,2.0,7.1,2.6,1
7.1,88.1,59.1,7.7,13.0,0.0,0.0,5.9,7.6,1
6.3,96.1,92.4,7.6,7.0,0.0,0.0,8.7,6.6,1
5.2,74.0,59.4,5.4,16.0,1.0,1.0,1.7,5.3,1
2.7,,68.8,9.6,6.0,0.0,1.0,2.8,8.0,0
7.5,66.5,22.7,6.7,3.0,,0.0,6.5,2.6,0
1.2,33.8,28.7,7.8,1.0,1.0,2.0,8.4,2.1,0
3.1,56.4,80.4,7.8,13.0,0.0,1.0,2.0,4.4,1
8.7,83.1,54.0,7.4,1.0,0.0,1.0,8.6,5.7,1
6.9,85.1,91.1,7.4,7.0,0.0,0.0,6.2,2.4,1
7.0,74.4,35.9,8.8,16.0,1.0,0.0,6.0,5.7,0
1.7,41.8,57.5,8.4,6.0,1.0,0.0,3.0,7.4,0
2.5,44.0,94.9,5.4,11.0,0.0,0.0,8.8,1.4,1
4.6,46.1,63.2,7.3,5.0,0.0,0.0,8.8,3.3,0
1.1,34.7,40.2,6.4,12.0,0.0,0.0,9.6,3.9,0
6.1,94.7,45.1,7.2,13.0,0.0,0.0,3.6,4.8,0
8.7,55.0,80.6,9.5,7.0,1.0,2.0,4.2,4.3,1
,41.6,34.1,8.3,9.0,1.0,1.0,6.5,7.3,0
6.7,83.1,80.4,9.6,2.0,1.0,2.0,6.3,2.2,1
2.3,91.5,28.2,6.2,12.0,0.0,2.0,7.8,3.0,0
7.2,,25.0,5.1,17.0,1.0,1.0,7.0,3.1,0
3.0,36.7,60.8,7.4,18.0,0.0,1.0,8.8,7.5,0
7.2,75.0,83.8,5.2,4.0,1.0,0.0,9.1,7.4,1
7.8,45.5,80.8,6.4,3.0,1.0,1.0,6.8,2.3,1
1.5,62.9,61.2,9.1,5.0,0.0,2.0,2.4,3.9,0
1.3,54.9,71.9,7.0,8.0,1.0,2.0,7.0,7.2,0
1.7,38.9,91.0,9.8,1.0,1.0,1.0,3.6,6.2,1
8.5,41.8,22.1,5.5,16.0,1.0,0.0,2.7,7.4,0
5.4,98.0,45.5,7.7,8.0,0.0,0.0,6.3,5.0,1
6.1,63.3_err,79.6,6.4,3.0,0.0,2.0,5.2,2.9,1
7.1,97.1,29.4,5.8,8.0,0.0,2.0,2.6,5.8,0
5.9,53.5,37.0,8.5,1.0,1.0,1.0,2.0,,0
8.1,71.3,27.7,7.7,3.0,1.0,0.0,3.1,7.0,0
3.0,89.5,93.7,5.2,14.0,1.0,1.0,6.4,2.7,1
1.8,32.7,47.3,6.3,10.0,1.0,,7.8,0.3,0
0.8,53.3,29.2,8.4,2.0,1.0,1.0,9.0,0.0,0
1.0,80.9,77.1,6.8,3.0,1.0,2.0,2.7,3.7,0
4.1,47.7,48.3,8.1,4.0,0.0,2.0,1.8,0.4,0
9.2,92.6,72.6,9.9,11.0,0.0,0.0,1.1,4.5,1
4.4,62.4,28.0,5.8,14.0,1.0,2.0,2.6,3.1,0
5.4,76.8,71.4,5.3,9.0,0.0,1.0,5.2,7.6,1
4.1,84.7,52.3,7.6,14.0,0.0,2.0,1.2,3.2,1
4.0,60.3,48.0,8.6,1.0,0.0,0.0,6.5,4.3,0
9.6,94.5,26.6,8.2,3.0,0.0,1.0,7.9,5.3,1
7.0,48.5,63.4,7.0,10.0,,2.0,5.0,3.3,1
4.3,63.6,63.6,7.5,3.0,0.0,0.0,8.9,6.8,0
4.2,44.2,43.7,7.1,19.0,1.0,0.0,7.3,,0
4.9,45.4,27.0,8.2,1.0,1.0,1.0,1.3,6.3,0
6.5,64.5,81.2,6.1,,0.0,1.0,8.9,4.9,1
4.4,85.5,92.9,5.4,1.0,0.0,0.0,7.6,6.0,1
9.2,92.8,35.0,9.3,4.0,0.0,0.0,3.4,7.7,0
1.1,41.2,48.7,7.2,,0.0,1.0,2.9,6.4,0
3.0,56.0,44.0,7.0,11.0,0.0,0.0,7.2,1.2,0
5.1,96.8,91.0,,16.0,0.0,2.0,6.0,1.4,1
7.3,38.2,92.2,8.0,13.0,1.0,0.0,2.5,3.0,1
5.6,86.6,63.6,4.3,17.0,0.0,1.0,3.2,3.3,1
5.7,55.0,44.2,6.1,19.0,0.0,0.0,6.6,4.0,1
8.4,46.8,53.1,7.0,18.0,0.0,1.0,4.9,0.4,1
3.1,52.3,94.7,8.2,16.0,0.0,,8.9,2.1,1
1.0,76.3,52.7,7.6,14.0,0.0,1.0,7.3,7.4,0
4.9,80.9,33.6,6.3,16.0,0.0,0.0,8.9,7.8,0
2.6,45.9,36.8,6.2,18.0,1.0,1.0,2.2,6.5,0
8.7,71.0,67.1,6.8,8.0,1.0,1.0,8.5,7.7,1
4.5,34.2,65.8,4.4,2.0,0.0,,7.4,7.0,0
4.6,94.3,72.9,5.8,7.0,1.0,0.0,6.3,4.1,1
3.5,67.9,54.5,5.9,3.0,0.0,0.0,,5.4,0
6.8,99.3,88.4,9.5,19.0,1.0,1.0,5.3,4.4,1
0.3,39.6,46.9,7.4,14.0,0.0,1.0,5.4,1.4,0
2.9,61.7,46.1,7.0,6.0,0.0,2.0,6.9,4.1,0
0.1,67.0,58.5,8.5,4.0,0.0,2.0,6.9,1.1,0
2.5,59.1,49.2,5.9,15.0,1.0,0.0,7.9,3.6,0
7.3,75.4,49.0,9.1,7.0,1.0,0.0,7.2,0.2,1
7.6,62.3,31.7,4.3,1.0,0.0,1.0,5.6,7.4,0
3.0,72.2,25.9,7.9,5.0,0.0,1.0,8.9,7.1,0
9.4,96.3,34.0,8.5,19.0,1.0,0.0,9.8,2.4,1
8.3,64.3,56.7,8.2,3.0,1.0,2.0,7.1,5.8,1
3.8,90.0,74.9,5.8,7.0,1.0,1.0,2.1,2.8,0
5.5,54.5,62.6,5.2,5.0,0.0,1.0,4.0,6.4,0
6.5,47.4,23.2,7.9,3.0,0.0,2.0,7.5,5.9,0
1.1,40.0,67.5,5.6,1.0,1.0,1.0,1.1,5.5,0
,73.7,50.7,6.0,12.0,0.0,1.0,3.5,7.8,0
8.0,31.5,94.2,6.9,2.0,0.0,0.0,5.0,6.1,0
6.8,,77.1,10.0,16.0,1.0,0.0,9.0,7.0,1
5.4,86.3,45.5,8.1,4.0,1.0,1.0,2.7,4.2,0
6.6,85.9,55.1,5.0,13.0,1.0,0.0,7.8,,0
0.1,30.8,74.9,7.9,4.0,0.0,0.0,3.6,7.3,0
3.1,96.8,56.1,7.9,3.0,0.0,2.0,7.4,2.8,0
8.4,63.1,59.5,8.0,12.0,0.0,1.0,10.0,5.1,1
2.2,51.1,42.9,6.3,9.0,1.0,0.0,6.2,2.1,0
6.9,71.8,33.8,9.1,5.0,0.0,2.0,3.2,0.7,0
1.4,45.5,67.1,4.7,2.0,0.0,1.0,5.7,5.5,0
1.2,37.7,34.5,7.7,11.0,0.0,0.0,2.9,2.7,0
7.2,64.0,86.9,9.9,11.0,0.0,1.0,6.7,4.6,1
4.5,36.6,30.3,6.0,7.0,0.0,0.0,1.3,5.1,0
9.8,92.1,65.7,4.6,4.0,0.0,1.0,5.0,1.0,1
9.8,57.5,36.0,5.9,15.0,0.0,2.0,2.2,7.3,1
6.3,89.5,40.6,5.6,1.0,0.0,1.0,8.3,0.1,0
6.0,68.5,65.3,8.6,1.0,1.0,1.0,8.6,0.1,1
4.4,60.0,82.8,5.5,14.0,1.0,1.0,4.4,2.8,1
4.7,57.7,70.4,7.5,15.0,1.0,2.0,9.7,3.1,1
3.8,73.6,,5.9,11.0,0.0,2.0,2.0,5.4,1
4.9,83.5,83.6,6.6,18.0,0.0,0.0,6.5,0.9,1
8.1,64.9,39.9,7.8,9.0,0.0,2.0,5.4,0.8,1
8.2,75.1,59.9,4.4,18.0,0.0,1.0,5.4,3.6,1
1.8,97.5,77.1,5.7,2.0,0.0,2.0,3.5,2.5,0
7.3,68.9,40.3,6.4,8.0,1.0,1.0,3.8,4.1,0
8.1,53.9,74.7,7.0,3.0,0.0,1.0,9.9,6.8,1
4.3,89.8,57.8,5.9,0.0,1.0,0.0,2.9,,0
7.9,64.5,34.5,5.4,1.0,1.0,2.0,8.7,6.4,0
8.6,92.4,55.9,8.9,13.0,0.0,1.0,5.7,2.9,1
,99.2,69.1,7.6,16.0,1.0,2.0,8.9,3.7,1
4.6,96.7,77.2,6.4,6.0,1.0,0.0,9.7,0.8,1
6.3,67.6,94.0,8.8,0.0,1.0,0.0,3.9,4.1,1
5.8,53.7,38.0,4.1,5.0,0.0,0.0,5.6,0.4,1
2.4,30.1,34.3,6.3,,0.0,2.0,8.1,3.5,0
0.8,90.9,67.9,4.5,13.0,0.0,2.0,6.4,0.8,0
2.5,68.6,64.7,7.8,12.0,0.0,2.0,5.0,5.0,1
9.0,56.4,70.4,7.3,17.0,1.0,2.0,5.2,1.4,1
4.8,64.8,68.3,6.6,14.0,0.0,0.0,9.9,0.9,1
2.9,42.3,22.7,5.8,8.0,1.0,1.0,6.1,7.1,0
9.3,46.4,93.9,5.7,11.0,0.0,2.0,2.0,1.2,1
1.8,71.2,58.0,6.3,15.0,0.0,0.0,6.3,7.4,0
9.2,,61.3,4.6,16.0,1.0,0.0,6.1,3.0,1
8.6,58.3,79.4,9.7,9.0,1.0,2.0,3.6,0.8,1
4.5,41.2,92.2,9.7,3.0,0.0,1.0,6.7,3.7,0
5.2,73.1,21.4,8.2,16.0,1.0,1.0,2.5,5.7,0
4.0,74.7,36.1,8.7,18.0,0.0,1.0,6.0,3.3,0
4.6,30.0,60.1,5.8,19.0,0.0,1.0,9.8,3.7,0
1.4,93.8,80.3,7.0,13.0,1.0,2.0,4.8,3.8,1
3.6,81.3,84.1,4.5,3.0,0.0,0.0,1.5,2.1,0
1.9,57.5,41.3,9.1,2.0,0.0,0.0,8.0,1.8,0
7.0,77.0,87.9,5.2,14.0,0.0,0.0,2.1,2.1,1
3.9,61.6,56.8,4.0,10.0,0.0,0.0,5.9,5.3,0
9.0,36.4,22.0,8.4,16.0,1.0,0.0,9.5,4.4,0
,38.4,51.4,4.5,17.0,0.0,1.0,7.8,1.4,0
6.8,63.0,32.2,6.2,,0.0,,3.7,0.4,0
0.4,37.3,89.7,7.3,7.0,1.0,2.0,2.6,6.0,0
5.3,58.8,86.3,9.9,14.0,1.0,1.0,3.3,2.9,1
,58.6,71.6,9.9,12.0,0.0,1.0,5.4,4.2,1
0.6,59.6,77.8,,2.0,1.0,2.0,1.9,1.8,0
6.7,57.0,86.8,5.2,8.0,1.0,1.0,,4.1,1
2.8,94.9,50.1,4.0,6.0,0.0,1.0,3.8,2.9,0
