fixed_acidity,volatile_acidity,citric_acid,residual_sugar,chlorides,free_sulfur_dioxide,total_sulfur_dioxide,density,ph,alcohol,high_quality
11.7,0.29,0.67,7.4,0.055,14.3,148.6,1.001,9.0,8.1,0
12.5,0.11,0.91,10.8,0.164,29.6,74.8,0.9998,3.46,-5.0,1
11.2,-0.5,0.45,,0.173,10.3,267.9,0.993,2.94,11.5,1
5.9,0.29,0.06,1.8,0.139,13.5,,5.0,3.05,10.0,0
15.2,1.08,0.2,6.1,0.193,33.3,16.9,1.0039,3.12,14.5,1
9.1,1.12,0.66,3.6,0.077,47.9,160.8,0.9922,3.01,9.5,1
15.9,0.82,0.08,2.1,0.119,47.3,42.5,0.9915,3.09,11.8,0
15.8,0.45,0.12,15.0,0.198,24.3,219.3,1.0035,3.24,12.5,1
6.6,0.3,0.22,15.0,0.18,52.1,88.3,1.0015,3.94,13.1,1
15.0,0.58,0.85,7.4,0.176,60.5,172.8,1.0009,3.98,11.3,1
8.9,0.26,0.87,4.9,0.112,39.5,71.1,1.0039,3.07,9.6,0
9.6,1.52,0.62,8.5,0.121,59.7,250.8,0.9942,3.52,13.4,1
15.3,0.86,0.05,15.0,0.015,54.8,241.3,0.9982,3.21,13.4,1
8.5,0.48,0.2,6.5,0.157,6.1,178.1,,3.08,9.3,0
10.2,0.86,0.1,,0.019,62.3,27.2,1.0017,3.63,9.2,0
6.0,0.15,0.03,10.6,0.013,46.9,228.5,0.996,2.93,10.8,1
11.9,0.14,0.43,12.6,0.07,2.4,17.5,0.9977,3.18,12.7,0
11.7,,0.45,4.9,0.146,54.8,248.7,0.9921,3.96,11.2,1
7.4,0.16,0.81,7.3,0.113,26.3,252.0,0.9995,3.8,8.2,0
11.9,1.15,0.68,5.3,0.035,58.3,11.0,1.0018,3.91,10.2,0
15.2,0.39,0.27,9.0,0.023,25.1,54.4,0.9969,3.48,14.4,1
12.3,0.55,0.36,8.5,,18.3,250.0,1.0033,3.13,9.1,0
13.0,,0.98,8.7,0.049,62.9,263.7,1.0012,3.67,8.7,1
5.7,0.18,0.73,2.7,0.193,64.2,11.8,0.9988,3.8,11.7,1
11.4,1.5,0.57,6.1,0.022,65.8,90.1,,2.9,14.3,1
12.9,0.22,0.95,7.4,0.138,39.3,144.4,1.0027,2.97,9.3,1
6.0,0.59,0.26,11.3,0.195,53.0,271.2,0.9993,3.91,11.6,0
11.3,0.76,0.31,3.8,0.044,24.0,210.9,0.9908,3.03,14.1,1
15.3,1.28,0.99,14.5,0.178,4.5,222.6,0.9976,3.59,12.5,0
10.0,1.08,0.41,1.6,0.079,64.6,69.1,1.0039,4.0,9.6,0
10.9,0.41,0.67,2.2,0.163,18.7,6.7,0.9997,3.34,10.8,0
8.7,0.65,0.8,9.2,0.109,28.6,232.9,0.9924,3.7,11.4,0
11.1,1.12,0.58,2.8,0.047,26.4,187.9,0.9992,3.79,13.1,1
7.1,1.11,0.92,3.1,0.098,33.4,232.4,0.9969,3.08,13.1,0
5.0,1.16,0.34,10.2,0.063,65.6,209.1,0.9933,3.17,10.5,0
8.4,1.31,0.87,14.8,0.125,7.1,20.3,0.9957,3.76,13.1,1
13.9,0.77,0.54,7.2,0.14,36.7,201.7,0.9909,3.35,13.7,1
10.7,1.38,0.76,8.0,0.081,59.4,211.8,0.9957,3.52,12.1,1
5.4,1.28,0.43,9.3,0.177,32.1,179.7,1.0031,3.54,12.8,0
15.1,1.12,0.14,1.6,0.054,65.9,222.7,0.9949,3.41,9.9,0
12.4,0.36,0.49,8.0,0.156,14.2,248.5,0.9975,3.35,9.2,0
4.8,0.12,0.01,14.9,0.134,40.3,186.8,0.9909,3.49,12.3,1
6.0,0.95,0.11,3.8,0.12,34.6,286.7,0.9927,3.7,14.3,1
15.2,0.21,0.64,5.6,0.199,21.5,169.7,0.9974,3.87,9.2,0
6.3,1.07,0.47,14.3,0.023,5.1,77.7,0.993,3.2,9.7,0
5.6,0.21,0.12,12.5,0.076,46.3,272.8,0.9996,3.05,9.0,0
8.9,0.8,0.46,7.7,0.17,3.4,14.2,0.9963,3.77,14.9,1
10.4,1.16,0.74,9.3,0.023,21.8,242.7,0.9975,3.82,14.3,1
12.6,0.55,0.52,1.2,0.053,6.2,48.6,1.0013,3.23,9.2,1
7.2,1.32,0.55,1.0,0.087,60.4,199.1,0.9981,3.12,10.9,0
9.1,0.63,0.14,11.8,0.027,43.4,82.6,0.993,3.04,10.7,0
7.8,1.4,,,0.075,21.1,37.4,0.9919,3.65,14.5,1
,0.65,0.25,1.8,0.125,1.9,117.9,1.0038,3.37,11.7,0
14.2,0.67,0.62,1.7,0.083,65.1,239.2,1.0034,3.16,12.9,1
9.3,0.4,0.99,7.9,0.061,8.6,162.5,0.9988,3.85,11.0,1
15.6,0.71,0.61,7.5,0.188,49.4,72.4,1.0008,3.34,11.1,1
11.2,1.42,0.43,14.2,0.129,14.5,131.3,0.9984,3.62,8.1,0
12.0,0.49,0.93,5.7,0.023,20.1,102.0,1.002,2.9,10.8,1
11.1,0.51,0.19,12.1,0.1,25.7,211.5,1.0016,3.2,8.4,0
6.1,1.16,0.14,4.4,,10.0,22.9,0.9922,3.37,11.9,1
,1.4,0.6,10.6,0.195,53.9,275.6,1.0,3.33,13.4,0
15.0,1.46,0.79,7.3,0.096,,176.5,0.992,3.27,13.7,1
9.4,1.15,0.64,7.0,0.079,26.6,93.2,0.9933,3.4,9.9,0
10.0,1.17,0.02,11.1,0.013,30.7,268.0,0.9994,3.83,11.5,1
14.7,0.86,0.41,11.0,0.105,53.5,88.8,0.9956,2.91,10.4,0
14.8,0.97,0.23,5.4,0.193,46.3,266.4,0.9978,3.83,13.0,0
4.8,1.43,0.86,,0.07,24.9,153.9,1.0007,3.84,14.2,0
6.2,0.7,0.36,1.6,0.08,70.1,116.0,0.9948,3.03,12.5,1
12.6,0.68,0.01,10.1,0.155,71.7,221.4,0.9911,3.9,13.5,1
5.1,0.64,0.16,5.1,0.018,55.5,216.1,0.9939,3.63,13.1,1
15.0,1.23,0.81,6.9,0.15,54.0,29.8,0.9962,2.99,10.2,1
13.5,1.54,0.93,6.7,0.132,62.1,54.9,0.9919,2.95,8.9,0
7.5,0.57,0.03,9.4,0.2,53.9,39.1,0.9963,3.79,14.5,1
7.9,0.34,0.75,14.1,0.195,65.4,120.1,0.9952,3.69,13.0,1
6.4_err,0.86,0.19,7.6,0.089,11.7,121.6,1.002,3.56,12.2,0
14.6,0.44,0.4,10.8,0.185,71.3,144.7,0.9944,4.0,13.3,1
10.3,1.29,0.7,4.1,0.053,62.3,17.0,1.0013,3.81,13.6,1
6.1,0.71,0.84,10.3,0.102,42.2,269.5,1.0033,3.41,10.4,0
7.4,1.47,0.02,1.5,0.169,65.1,243.6,0.9943,3.88,11.2,0
6.6,1.32,0.93,14.1,0.139,7.5,140.2,1.0023,3.89,12.5,0
13.4,1.15,0.91,7.1,0.108,48.1,156.9,0.9995,3.07,13.1,1
11.0,0.27,0.31,3.3,0.089,18.4,257.2,0.9999,,10.8,1
6.8,1.38,0.7,7.3,0.059,59.1,261.3,1.0018,3.16,8.4,0
11.5,1.33,0.19,14.5,0.08,50.1,74.5,0.9984,3.53,,1
11.0,0.66,0.73,14.7,0.046,41.6,85.4,,3.23,12.7,1
14.0,1.25,0.13,2.3,0.101,41.7,181.5,0.9931,2.9,14.1,1
6.3,1.53,0.7,12.9,0.061,14.6,96.6,0.9902,2.95,13.3,1
12.9,0.98,0.34,1.1,0.072,2.4,256.6,0.9904,3.56,13.3,1
6.7,1.33,0.74,2.1,0.02,,204.2,0.9959,3.31,9.0,1
6.6,1.13,0.86,5.6,0.182,65.6,100.9,1.0,3.67,14.1,1
12.1,0.64,0.1,10.1,0.191,6.8,170.3,1.0028,3.93,12.9,1
7.6,0.46,0.07,2.0,0.084,48.4,86.8,1.0033,3.2,14.6,1
13.4,1.27,,3.5,0.084,71.4,224.2,0.9914,3.4,,0
7.3,0.54,0.45,11.9,0.128,14.0,169.4,0.9982,3.61,11.6,0
10.8,1.42,0.86,13.5,0.099,15.3,67.2,0.9908,3.62,10.6,0
6.1,0.45,0.55,5.7,0.065,54.3,221.7,0.9949,2.98,11.5,1
13.3,0.26,0.13,11.9,0.157,56.4,,1.0023,3.38,8.6,1
5.5,0.74,0.04,10.3,0.185,28.3,232.7,0.9997,3.08,11.1,1
9.9,0.81,0.16,13.4,0.172,35.0,177.6,0.9967,3.73,13.7,1
15.2,0.23,0.29,10.7,0.151,54.3,209.3,1.0,3.97,10.9,1
8.6,0.86,0.66,13.9,0.096,71.2,153.9,1.0037,3.71,13.1,0
10.6,0.54,0.86,2.0,0.063,29.2,78.7,0.9972,3.83,14.4,1
13.8,1.24,0.68,4.6,0.17,10.7,139.5,0.9992,3.85,10.6,0
12.7,1.08,0.0,10.6,0.124,67.3,261.7,0.9942,3.38,9.6,0
8.8,0.92,0.76,5.0,0.183,37.6,264.7,0.9931,2.91,8.5,0
7.1_err,1.23,0.74,5.8,0.169,37.9,118.5,1.0034,2.97,11.0,1
6.7,1.58,0.02,8.9,0.044,55.3,86.8,0.993,3.95,13.5,0
12.1,0.26,0.57,6.2,0.059,68.0,146.1,1.0016,3.1,8.8,0
5.9,1.0,0.99,2.2,0.088,55.5,31.6,0.993,3.04,13.1,1
5.0,1.32,0.9,8.3,0.157,2.2,278.9,0.9995,3.91,10.7,0
4.7,0.69,0.26,7.7,0.131,16.5,158.9,0.9914,3.61,11.9,0
6.3,0.48,0.35,4.4,0.111,5.0,226.2,0.9971,2.99,14.2,1
12.7,0.4,0.33,7.4,,42.4,16.1,0.9953,3.44,10.3,0
7.6,,0.73,4.9,0.028,4.9,189.6,0.9915,3.23,12.8,0
5.8,1.17,0.13,1.9,,66.4,133.1,0.9902,3.93,12.4,0
16.0,0.53,0.08,7.6,0.036,41.0,216.5,0.9957,3.48,14.0,1
5.5,1.22,0.38,3.2,0.081,57.9,93.7,0.9955,3.07,8.4,0
6.5,1.16,0.08,1.6,0.155,49.0,261.7,0.9947,3.92,,0
13.9,0.21,0.96,1.8,0.091,70.8,86.5,1.0029,2.98,10.4,1
10.4,1.14,0.23,7.9,0.063,27.6,35.9,0.9976,3.2,9.1,0
15.8,1.6,0.05,3.5,0.116,33.8,108.2,1.0,3.62,14.6,0
7.4,1.06,0.24,,0.105,42.3,161.5,1.0029,3.64,12.8,1
5.9,1.23,0.62,4.9,0.053,14.1,32.1,0.9973,2.99,10.3,0
11.6,0.24,0.84,12.1,0.137,25.7,272.7,0.9916,3.42,8.3,0
6.1,0.77,0.16,1.1,0.021,57.9,85.8,0.9986,3.82,14.3,1
13.8,1.1,0.47,4.9,0.155,25.9,265.0,0.9945,3.82,12.8,1
15.4,0.9,0.18,7.5,0.187,6.9,255.4,1.0008,2.92,12.2,0
5.5,1.09,0.81,7.3,0.149,70.3,163.0,1.0009,3.68,10.7,0
6.5,0.82,0.3,14.5,0.09,18.8,267.6,1.0007,3.03,9.0,0
12.8,1.4,0.51,5.0,0.03,48.3,222.0,1.0013,3.69,11.8,1
14.1,0.87,0.5,12.0,0.079,6.2,13.0,0.9948,3.81,14.4,1
11.7,0.17,0.1,7.6,0.12,11.4,,0.9957,3.79,15.0,1
14.6,0.91,0.06,14.1,0.067,47.9,266.6,1.0012,3.63,8.9,0
8.2,0.24,0.57,1.8,0.106,62.7,249.9,0.9932,3.83,10.6,0
,0.13,0.74,13.5,0.064,69.5,28.7,0.9994,3.89,11.0,0
7.0,0.78,0.56,4.3,0.175,46.4,,1.0001,2.99,12.3,0
13.7,0.44,0.06,6.2,0.022,58.2,224.5,1.0007,3.91,13.7,0
15.4,0.59,0.06,14.4,0.115,57.2,65.5,0.9936,3.67,8.6,0
11.8,1.11,0.83,3.7,0.011,6.9,157.8,1.0014,2.95,8.6,1
10.5,1.43,0.9,3.9,0.081,66.1,85.2,1.004,3.15,12.0,1
10.4,0.31,0.65,10.0,0.117,29.1,144.3,1.0014,2.98,8.3,0
4.7,1.29,0.14,,0.042,29.8,92.6,0.9985,3.0,12.5,0
13.6,0.38,0.25,12.9,0.144,42.8,23.3,0.9967,3.29,12.5,1
8.3,1.36,0.83,,0.045,46.1,139.4,0.9987,3.56,11.6,0
14.7,1.38,0.27,13.3,0.132,55.1,23.4,0.9907,3.5,14.4,1
13.7,1.5,0.68,2.8,0.174,58.7,205.3,0.9959,3.29,,1
12.9,1.22,0.56,4.4,0.143,45.8,123.5,0.9968,3.84,13.6,1
11.8,0.77,0.49,8.0,0.026,60.3,264.6,1.0002,3.45,11.7,0
11.5,0.52,0.08,7.2,0.196,37.0,182.4,1.0027,2.98,8.6,0
4.7,1.24,0.42,2.5,0.128,12.0,41.6,1.0023,3.36,9.9,0
6.5,1.18,0.66,5.7,0.171,30.1,148.1,0.9981,3.74,9.1,0
8.9,0.15,0.51,13.8,0.019,31.8,84.5,0.9967,3.55,12.8,1
6.7,1.04,0.18,9.0,0.178,29.1,76.0,1.0027,3.14,13.4,1
7.0,0.62,0.26,14.7,0.181,31.1,,0.9995,3.75,10.9,1
6.9,0.96,0.56,8.7,0.046,14.3,210.1,1.0011,3.88,12.7,0
7.6,1.3,0.86,1.9,0.178,52.4,208.0,0.9943,3.63,11.3,0
6.0,0.91,0.45,4.8,0.059,8.2,136.2,0.9916,3.81,14.8,1
15.7,1.12,0.63,2.1,0.183,29.0,64.6,0.997,3.5,12.9,1
8.2,0.1,0.35,11.7,0.043,35.0,115.9,0.9988,3.94,9.5,0
14.6,0.95,0.33,9.4,0.132,57.8,208.8,0.9998,3.04,12.7,1
4.7,0.9,0.75,14.5,0.169,67.3,288.4,0.995,3.8,10.8,0
11.8,1.17,0.57,3.9,0.016,2.2,271.7,0.9964,3.13,13.8,1
13.4,0.12,0.87,10.4,0.162,34.2,12.9,0.9951,3.16,11.8,1
11.5,1.44,0.09,12.0,0.111,11.7,59.1,1.0002,3.69,14.1,1
10.3,0.66,0.78,10.7,0.074,11.5,22.0,1.0003,3.49,8.8,0
15.0,1.33,0.09,5.2,0.086,39.7,65.4,0.9962,2.98,9.7,0
5.6,0.46,0.26,2.3,0.081,31.9,131.4,1.0005,3.42,10.1,1
14.5,1.48,0.8,10.3,0.187,30.1,,0.9949,2.99,9.4,0
14.5,0.1,0.34,,0.092,66.7,166.0,0.9912,2.97,10.6,0
15.4,1.58,0.45,7.2,0.123,54.1,95.7,0.9911,3.17,10.3,0
13.2,1.36,0.66,3.6,0.156,63.1,108.1,0.9909,3.44,12.2,0
4.7,0.54,0.79,2.7,0.01,53.1,258.7,0.9993,3.41,12.8,1
6.7,1.42,0.79,7.9,0.096,29.0,198.2,1.0002,3.67,14.4,0
11.3,0.53,0.46,13.3,0.019,35.7,190.5,0.9939,3.98,11.7,0
13.2,0.14,0.64,3.8,0.091,25.0,78.2,0.9909,,14.9,1
13.9,0.61,0.49,8.8,0.019,,66.1,0.9926,3.02,12.2,1
5.7,0.34,0.27,2.0,0.137,48.7,163.3,0.9957,3.17,10.4,0
14.7,1.31,0.71,8.0,0.023,52.3,45.4,0.9975,3.79,10.1,0
6.3,1.17,0.93,12.7,0.058,65.5,185.3,1.0016,3.28,10.7,0
14.0,1.3,0.74,13.4,0.128,60.0,133.5,1.0038,3.8,14.8,1
10.9,0.84,0.39,13.8,0.079,12.9,178.8,0.9971,3.9,13.8,0
8.2,,0.67,13.3,0.147,63.3,13.6,0.9974,3.27,8.8,1
13.9,0.79,0.79,13.1,0.098,22.2,57.4,0.9976,3.44,9.1,0
6.9,1.37,0.99,12.1,0.039,37.6,267.4,1.0013,3.86,14.0,0
5.4,0.13,0.26,10.9,0.119,24.0,212.3,0.9964,,13.8,1
7.8,1.42,0.71,11.3,0.075,37.0,122.4,0.9924,3.81,12.1,0
15.5,0.11,0.45,7.6,0.09,37.3,26.8,0.9907,3.04,8.7,1
4.7,0.31,0.83,10.7,0.14,5.3,106.3,0.993,3.0,13.4,1
7.6,1.42,0.62,,0.109,2.5,198.7,0.9948,3.11,12.7,0
9.3,1.15,0.17,10.0,0.099,51.6,164.2,1.0037,3.45,12.1,1
8.1,0.75,0.91,13.3,0.133,3.4,132.4,0.9947,3.58,14.8,1
5.1,0.48,0.53,2.4,0.075,67.3,247.3,1.0009,3.2,14.8,1
5.1,1.22,0.91,7.4,0.127,43.0,247.2,0.9912,3.34,9.4,0
7.7,0.49,0.97,7.4,0.1,69.6,248.6,1.0038,3.79,10.1,0
12.7,1.16,0.42,1.4,0.092,33.9,281.8,0.992,3.91,8.5,0
12.1,0.23,0.22,7.6,0.174,57.2,193.1,0.994,3.57,13.0,0
12.1,1.36,0.69,9.3,0.189,50.7,224.7,0.9909,3.43,10.0,1
7.7,0.69,0.23,7.4,0.086,58.2,222.0,1.001,3.32,13.3,1
11.7,1.43,0.57,8.6,0.108,55.2,278.2,1.0005,3.35,11.8,1
6.2,1.51,0.88,9.6,0.178,8.3,276.7,1.0037,3.64,9.9,0
11.2,0.77,0.14,10.6,0.153,60.2,225.7,0.9905,,10.5,0
6.0,1.46,0.52,9.7,0.146,36.0,286.6,0.9925,3.84,13.3,1
12.3,0.57,0.26,10.9,0.191,13.5,,1.0028,3.14,10.7,1
9.5,1.04,0.51,9.6,0.122,6.7,89.2,0.9995,,14.1,1
10.3,0.86,0.06,,,46.4,75.0,0.9949,3.21,13.9,1
9.7,0.97,0.05,4.7,0.173,26.1,234.1,1.0019,3.52,10.6,0
11.9,0.58,0.44,6.0,0.058,63.9,271.6,0.994,3.71,10.5,1
6.1,1.12,0.65,7.0,0.078,1.1,140.7,0.994,3.43,11.4,1
4.6,0.15,0.92,4.3,0.106,64.7,60.6,0.9976,3.76,9.0,0
13.0,0.12,0.78,9.5,,25.2,29.2,1.0026,3.44,13.0,0
11.8,0.14,0.08,13.7,0.053,41.9,77.7,0.9988,2.9,14.5,1
11.3,1.26,0.25,8.1,0.172,64.5,231.4,1.0011,3.39,10.9,0
9.0,0.58,0.8,6.5,0.132,34.7,174.9,1.0016,3.4,8.4,0
12.1,1.0,0.46,11.0,0.02,60.6,231.9,1.0031,3.75,12.8,1
7.6,0.28,0.54,5.4,0.08,2.4,203.8,0.9943,3.81,10.5,0
4.8,0.44,0.73,12.7,0.023,40.4,153.8,1.0022,3.37,9.5,0
14.7,1.48,0.91,2.7,0.083,8.4,68.8,1.0,3.77,13.3,1
15.0,1.07,0.21,2.0,0.15,5.6,11.5,1.0021,3.52,10.0,0
8.8,0.88,0.93,11.4,0.101,18.9,199.6,1.0031,3.74,13.6,1
12.3,0.39,0.18,6.1,0.095,50.5,206.8,0.9918,3.72,13.7,1
6.9,0.59,0.29,13.6,0.062,59.6,203.1,0.9941,3.9,12.2,0
14.1,,0.27,13.8,0.033,22.3,55.6,0.9979,3.76,11.7,1
13.0,1.29,,9.5,0.134,22.1,42.2,0.9946,3.72,12.0,1
14.0,0.35,0.53,8.0,0.016,53.0,120.4,0.9999,3.04,10.5,0
12.7,1.36,0.07,9.0,0.184,53.0,244.6,0.9949,3.09,10.6,0
5.4,1.25,0.01,1.7,0.048,48.9,127.6,0.9929,3.39,14.0,1
11.0,0.76,0.53,13.8,0.144,51.9,139.4,1.0025,3.73,12.6,1
7.6,1.4,0.12,3.8,0.189,47.3,7.6,0.9982,3.24,13.5,1
7.3,1.26,0.6,11.8,0.062,10.2,184.5,1.0,3.03,10.8,1
11.8,0.22,0.17,13.8,0.041,35.7,269.7,0.9949,3.73,14.2,1
12.4,0.65,0.11,4.9,0.119,3.5,204.5,1.0028,3.74,9.8,1
6.6,1.13,0.87,2.8,0.19,1.8,48.5,0.9981,3.51,12.9,1
10.0,0.9,0.82,6.4,0.079,64.5,104.9,0.9906,3.17,14.5,1
5.2,1.47,0.08,1.5,0.197,56.0,68.2,0.9956,3.71,11.3,0
11.1,0.95,0.37,9.0,0.065,8.2,68.5,0.9938,3.43,13.7,1
14.0,1.3,0.12,2.4,0.063,55.0,234.5,0.9962,3.96,11.1,1
13.5,0.81,0.56,13.7,0.025,1.3,238.3,1.0037,3.16,14.5,1
7.4,0.32,0.04,6.7,0.049,40.6,200.4,0.9926,3.36,11.6,0
15.0,0.49,0.68,10.7,0.175,66.6,53.5,0.9991,3.8,14.2,1
11.7,1.31,0.55,6.9,0.091,52.9,270.9,0.9946,3.73,9.0,0
11.9,1.14,0.9,12.9,0.104,37.2,185.6,0.9903,3.96,14.0,1
13.7,1.49,0.07,10.6,0.131,32.9,24.7,0.9913,3.62,9.5,1
6.3,0.49,0.88,10.8,0.046,60.8,10.9,1.001,3.65,10.8,0
6.5,1.02,0.01,9.1,0.151,35.7,144.8,0.9935,3.8,10.5,0
5.8,0.41,0.45,8.1,0.169,42.3,130.8,1.0005,3.49,13.5,1
9.1,1.23,0.81,2.3,0.064,58.9,113.9,1.0008,3.4,9.7,0
12.8,1.54,0.2,5.2,0.11,30.8,289.4,0.996,3.82,10.4,0
12.5,1.38,0.66,1.4,0.077,18.8,242.2,0.9969,3.87,9.2,0
9.6,0.45,0.56,1.6,0.024,65.0,64.2,0.9977,3.76,12.9,1
13.0,0.52,0.69,-2.0,0.026,,288.6,0.9977,3.9,14.1,1
14.7,0.98,0.37,13.4,0.021,2.8,283.8,0.999,3.14,14.6,1
14.3,1.24,,11.7,0.013,42.8,275.8,0.9901,3.84,9.3,0
7.2,0.68,0.64,3.3,0.133,65.2,36.2,1.0009,3.82,10.6,0
10.7,1.25,0.3,6.9,0.152,2.0,247.2,1.0,3.49,14.3,1
12.8,1.07,0.31,5.8,0.196,29.2,195.7,0.995,3.11,12.1,1
15.7,1.08,0.17,8.6,0.17,45.8,220.8,0.9968,3.48,10.9,1
15.2,1.23,0.04,13.3,0.044,52.7,7.8,,3.09,9.9,0
5.5,1.31,0.32,13.7,0.06,7.8,172.6,0.9949,3.16,8.5,0
13.3,0.58,0.76,10.8,0.147,55.8,96.1,0.9963,3.76,14.9,1
12.6,1.04,0.79,5.4,0.095,54.0,43.0,0.9956,3.42,12.0,1
14.9,1.26,0.72,7.8,0.175,29.0,85.1,0.9926,3.21,11.8,1
5.3,1.09,0.08,15.0,0.072,14.5,149.5,0.9945,3.85,9.5,0
13.3,1.25,0.2,5.6,0.164,25.9,32.8,0.9948,3.2,14.2,1
6.5,1.35,0.08,3.3,0.183,57.5,10.4,0.9911,3.36,11.4,0
14.9,1.1,0.59,5.8,,48.9,53.8,0.9952,3.3,8.6,0
14.6,0.14,0.37,12.7,0.115,39.1,69.9,0.9951,,10.8,0
6.7,0.17,0.5,4.9,0.116,43.5,70.2,1.0022,3.4,10.5,1
13.4,0.92,0.23,11.0,0.168,16.1,87.1,0.9996,3.71,10.8,1
10.2,1.05,0.54,8.9,0.137,64.9,237.8,0.9927,3.22,10.7,1
7.1,1.27,0.87,10.7,0.072,31.1,177.4,1.0001,3.34,9.7,0
12.3,1.32,0.86,9.6,0.136,9.7,223.3,1.0023,3.06,12.5,0
9.5,0.56,0.09,10.0,0.183,11.6,156.8,,3.25,8.6,0
10.5,1.26,0.48,3.6,0.196,40.7,280.5,0.9984,3.09,13.6,1
13.0,1.32,0.62,14.9,0.178,56.3,101.4,0.9941,3.91,10.3,0
12.7,1.47,0.5,7.3,0.061,17.1,195.7,0.9916,3.02,9.8,0
7.1,0.54,0.88,12.1,0.2,24.2,230.4,0.9981,3.16,11.3,0
11.9,0.53,0.67,9.5,0.116,3.8,88.5,1.0039,3.81,8.4,0
15.9,0.76,0.2,2.0,0.191,69.4,239.7,1.0009,,11.2,1
12.4,0.55,0.12,,0.164,28.9,47.1,,3.65,14.8,1
11.7,1.22,0.72,12.1,0.02,14.3,287.3,0.9915,3.54,12.3,1
15.8,0.98,0.35,13.7,0.137,24.7,106.7,0.999,3.19,11.2,1
5.6,0.88,0.29,7.9,0.083,65.2,163.4,0.9957,3.86,8.9,0
6.7,0.76,0.98,8.8,0.13,11.4,69.8,1.0025,3.27,13.6,1
11.9,0.49,0.42,1.6,0.074,31.3,103.6,0.9927,3.58,10.0,0
10.2,0.68,0.95,10.2,0.16,39.8,62.7,0.9992,2.95,11.1,0
9.4,0.25,0.15,6.6,0.043,38.7,11.9,0.9933,3.85,12.6,1
15.8,0.89,0.53,1.4,0.043,33.3,97.7,0.992,3.41,8.4,0
15.9,0.13,0.38,8.2,0.085,22.3,138.4,1.0026,3.49,13.4,1
15.9,0.92,0.63,10.5,0.153,32.7,,0.9951,3.28,14.7,1
16.0,0.51,0.94,6.4,0.139,18.5,288.3,0.9982,3.3,10.5,1
6.2,0.42,0.05,2.2,0.127,14.6,151.6,0.9912,3.06,10.3,1
12.8,0.78,0.95,11.3,0.145,11.3,59.0,0.9922,3.9,13.0,1
6.2,1.04,0.01,5.6,0.043,49.8,102.1,1.0037,3.2,,1
15.5,1.0,0.16,9.0,0.191,40.6,285.5,0.9965,2.93,11.7,1
8.7,0.98,0.95,4.1,0.083,71.0,190.4,0.9941,3.68,10.8,0
10.7,1.42,0.42,14.5,0.12,12.8,13.1,0.992,3.52,11.9,0
5.5,1.43,0.66,4.8,0.139,29.4,181.8,1.0004,3.07,11.8,1
5.2,1.42,0.39,3.8,0.037,64.5,200.4,0.995,3.96,14.3,1
13.8,0.92,0.54,14.8,0.174,66.6,220.8,1.0021,3.47,13.8,1
11.7,0.53,0.53,13.7,0.043,63.8,223.9,0.9995,3.67,8.1,0
10.5,0.24,0.27,3.0,0.031,71.3,181.8,0.9964,3.74,10.5,0
5.8,0.95,0.79,10.6,0.018,42.6,247.4,1.0025,3.77,14.7,1
13.6,0.37,0.66,6.1,0.121,29.4,249.2,0.9982,3.95,13.1,1
9.3,0.6,0.54,14.9,0.123,48.3,53.2,0.9945,2.93,11.4,1
6.9,1.46,0.78,9.7,0.05,10.9,12.3,0.9965,,13.1,0
12.9,0.46,0.73,5.5,0.092,61.1,10.0,0.9954,3.3,13.7,1
11.5,0.9,0.87,11.4,0.051,22.2,123.0,0.9993,3.1,8.3,0
7.1,1.29,0.43,10.3,0.012,41.8,19.2,0.9929,3.48,8.8,0
10.7,0.24,0.54,8.8,0.112,30.9,110.2,1.0024,3.75,11.8,1
14.7,0.78,0.08,14.0,0.15,47.7,157.6,0.9951,3.19,10.3,0
10.9,1.04,0.86,5.0,0.062,46.5,143.5,1.001,3.51,9.4,0
7.3,0.92,0.38,6.7,0.125,47.3,125.4,0.9997,3.94,14.8,1
9.9,0.8,0.16,10.4,0.149,41.7,151.6,1.0008,3.35,11.7,0
8.1,1.57,0.42,7.9,0.047,51.9,104.7,1.0028,3.01,9.1,0
6.3,1.23,0.02,14.2,0.168,8.7,205.2,0.991,3.64,14.8,1
4.9,0.4,0.67,5.1,0.023,33.0,182.2,0.9978,3.04,11.1,0
15.1,0.29,0.7,1.7,0.091,50.0,278.8,0.9976,3.21,11.5,1
13.8,0.34,0.92,7.3,0.039,42.1,197.4,0.9952,3.83,10.3,1
14.7,1.09,0.84,5.4,0.046,64.7,286.1,1.0027,3.31,10.9,1
11.7,1.29,0.06,13.3,0.044,58.1,273.0,0.9907,3.29,9.6,0
13.0,0.47,0.71,12.8,0.047,67.4,186.2,1.0011,3.15,10.6,1
12.1,1.55,0.09,8.4,0.174,27.1,257.2,0.9984,3.71,8.1,0
8.6,1.16,0.09,7.4,0.177,1.5,248.6,0.9953,3.26,13.9,1
14.7,0.88,0.01,1.3,0.016,35.4,36.3,0.9918,3.73,14.6,1
8.2,0.77,0.13,13.6,0.045,43.5,66.2,1.0026,3.54,9.6,0
,1.03,0.07,5.5,0.184,51.7,60.3,,3.21,10.0,0
15.5,1.38,0.77,9.1,0.028,16.1,45.1,0.9965,3.33,14.4,1
6.4,1.32,0.11,6.4,0.142,66.8,223.1,0.9959,3.69,14.1,0
10.9,0.18,0.69,6.6,0.021,18.2,81.0,0.9908,3.68,8.7,0
6.6,1.26,0.33,5.8,,64.7,43.5,0.9939,3.2,10.3,0
5.0,0.44,0.29,2.7,,50.5,155.3,0.9927,3.66,13.2,1
8.7,1.51,0.24,7.0,0.016,1.5,148.4,0.9975,3.27,10.0,0
13.0,0.84,0.94,9.7,0.178,70.5,109.6,0.9905,3.99,8.1,0
6.3,0.33,0.35,1.8,0.077,66.9,16.7,0.9937,3.61,13.8,1
9.3,0.46,0.5,2.0,0.187,63.2,21.2,1.0038,3.19,12.5,1
10.5,0.15,0.51,5.5,0.028,23.2,25.6,0.9978,2.93,12.0,0
11.2,1.58,0.51,6.9,0.051,39.9,148.4,0.9909,3.14,8.1,0
15.8,0.74,0.51,7.3,0.063,14.9,25.7,0.9974,3.78,11.3,0
11.2,0.51,0.85,5.2,0.055,49.0,82.6,0.9955,3.14,11.8,1
5.5,0.85,0.62,2.6,0.104,34.0,239.5,0.9927,3.32,10.9,0
9.0,0.89,0.8,9.9,0.04,,87.7,0.9961,3.61,9.2,0
9.1,0.32,0.71,10.7,0.031,58.5,70.9,1.0012,3.62,10.8,0
11.1,0.61,0.35,6.3,0.081,50.4,165.4,0.992,3.77,12.2,0
10.8,1.56,0.71,9.4,0.034,15.3,231.7,0.9909,3.24,14.0,1
9.4,1.17,0.41,10.9,0.125,23.5,254.0,1.0029,3.06,8.3,0
11.5,0.82,0.83,7.1,0.126,57.9,262.5,1.0018,3.37,10.7,0
7.2,1.58,0.21,10.5,0.089,24.8,167.4,1.0027,3.95,9.3,0
14.3,0.49,0.22,2.8,0.11,69.9,110.1,1.0016,3.45,8.0,0
11.6,1.59,0.21,7.5,0.194,28.9,,0.9966,3.7,10.5,0
10.2,0.56,0.78,6.4,0.171,46.6,12.5,1.0022,3.94,10.1,0
10.6,1.21,0.43,6.2,0.147,53.0,168.7,1.0014,3.9,13.3,1
11.1,0.69,0.79,11.7,0.158,46.5,181.3,0.9941,3.05,,1
10.0,1.35,0.84,1.6,0.136,69.0,149.5,0.9907,3.51,14.8,1
14.9,1.18,0.96,7.4,0.061,24.6,73.1,0.9901,3.27,14.0,1
10.2,1.11,0.54,6.8,0.017,14.2,199.7,1.0032,3.2,11.9,1
13.7,1.54,0.27,12.8,0.039,54.3,153.2,1.0031,3.34,13.1,1
6.1,0.3,0.41,4.9,0.148,63.3,204.5,0.9982,3.55,11.9,0
4.9,0.23,0.99,10.8,0.02,15.9,48.8,0.9981,3.96,10.9,0
7.6,1.53,0.91,7.9,0.05,70.2,227.5,0.9941,3.32,13.1,0
8.0,1.36,0.27,11.1,0.036,36.4,248.2,0.9988,3.0,8.1,0
15.3,0.68,0.52,8.0,0.12,54.8,256.2,0.9974,2.99,8.9,0
13.9,0.33,0.67,10.6,0.088,36.7,105.6,0.9927,3.69,8.7,0
6.0,0.74,0.95,7.2,0.192,53.9,52.3,0.9921,3.61,14.4,1
14.6,0.63,0.73,6.5,0.096,50.1,79.0,0.991,3.26,14.9,1
7.5,1.11,0.46,9.1,0.01,66.5,131.1,1.0008,3.5,14.2,0
10.0,1.14,0.7,1.1,0.183,11.9,201.1,0.9984,2.96,10.0,0
5.0,0.97,0.59,4.1,0.047,57.5,131.2,0.9924,3.54,12.5,0
7.8,0.19,0.72,6.8,0.078,18.4,172.1,1.0008,3.86,10.9,0
5.0,0.93,0.99,14.5,0.106,18.2,92.7,1.0021,3.55,8.1,0
13.2,0.39,0.06,14.4,0.145,19.5,214.9,0.9975,3.1,10.3,0
9.5,0.64,0.98,11.7,0.053,25.7,222.3,0.9918,3.59,10.2,0
11.5,0.21,0.83,14.8,0.038,64.2,72.5,0.996,3.26,8.8,0
14.3,0.97,0.72,7.6,0.065,68.8,63.2,0.9917,3.79,10.0,1
8.0,1.47,0.41,4.4,0.102,36.0,,1.0031,3.41,11.7,0
13.3,0.81,0.25,11.3,0.132,45.9,230.4,1.002,3.71,11.6,1
13.9,0.83,0.98,4.1,0.158,50.2,175.3,1.0,,14.9,1
5.8,0.82,0.82,1.9,0.062,14.7,61.3,0.9996,3.62,14.0,0
8.7,0.97,0.97,12.1,0.163,69.5,43.6,1.0027,3.71,12.9,1
7.2,0.18,0.62,2.0,0.127,10.0,280.6,0.994,3.66,11.0,0
9.1,0.85,0.47,1.5,0.148,3.9,,0.9908,3.89,12.0,1
15.8,1.02,0.98,4.0,0.195,6.9,77.0,0.9932,3.51,8.8,0
11.0,0.18,0.69,11.7,0.173,14.4,184.7,0.9907,3.91,11.9,0
13.4,1.59,0.04,12.5,0.06,58.4,51.5,0.9938,3.6,8.3,0
11.7,0.69,1.0,11.0,0.144,30.2,125.9,1.0036,3.5,8.8,1
13.8,0.88,0.99,10.7,0.078,13.4,106.2,0.998,3.09,8.4,0
6.9,0.76,0.67,5.8,0.167,44.6,104.2,0.9947,3.25,14.1,1
4.7,0.71,0.52,2.4,0.148,52.5,166.0,1.0023,3.53,8.3,0
8.9,0.48,0.14,13.1,0.032,62.1,231.9,0.9934,3.57,9.4,0
7.8,1.35,0.05,4.6,0.155,11.0,254.0,0.9991,3.84,12.5,0
12.7,0.66,0.57,3.4,0.075,31.0,196.2,0.9931,3.39,11.6,1
8.8,0.89,0.91,7.8,0.113,25.2,61.4,1.0038,3.07,8.6,0
11.8,1.34,0.51,2.6,0.174,40.1,6.7,0.9985,3.48,8.8,0
13.9,1.29,0.46,11.5,0.121,13.0,14.0,0.9973,3.02,12.9,0
15.5,0.63,0.39,3.7,,23.4,259.2,0.9979,3.38,14.7,1
5.0,1.19,0.17,7.5,0.035,58.5,173.0,0.9951,3.43,12.0,1
12.2,1.44,0.88,5.2,0.013,12.2,98.6,0.9953,3.18,12.4,0
10.9,1.32,0.34,8.9,0.178,8.1,105.9,0.9995,3.06,8.3,0
15.9,0.91,1.0,4.6,0.114,49.0,12.3,1.0029,2.91,11.5,0
8.2,0.36,0.19,3.4,0.188,38.2,205.8,0.9989,2.91,8.4,0
12.4,1.22,0.95,4.7,0.195,54.7,58.0,1.0008,3.51,11.5,0
5.6,0.11,0.74,14.5,0.076,61.4,144.7,1.0008,3.5,12.5,1
13.3,1.15,0.95,4.8,0.098,58.4,7.9,0.9919,3.97,13.7,1
12.6,,0.5,3.1,0.195,5.4,115.3,1.0037,3.13,14.3,1
7.7,1.59,0.86,14.1,0.153,42.9,34.7,1.0006,3.16,11.3,1
10.4,0.52,0.13,14.0,0.167,48.8,15.3,1.0018,3.81,12.1,1
11.1,0.64,0.06,6.3,0.052,46.7,44.9,,3.99,12.4,1
13.8,0.36,0.42,8.4,0.17,60.4,126.8,0.9924,3.35,14.6,1
9.9,0.8,0.91,6.3,0.172,47.9,124.7,0.9971,3.03,11.9,1
8.5,0.46,0.4,2.0,0.149,1.3,48.3,0.9978,3.61,13.0,1
12.3,0.52,0.77,14.4,0.195,69.6,260.7,0.9939,2.98,12.1,1
10.0,0.11,0.47,6.3,0.039,19.6,80.0,1.0028,3.81,11.7,1
15.6,0.35,0.35,13.4,0.124,19.4,284.1,0.9937,3.29,8.9,0
14.5,0.62,0.38,3.7,0.164,52.2,208.0,0.9954,3.73,13.1,1
9.1,0.28,0.02,8.8,0.067,5.2,137.6,0.9918,3.9,8.5,0
12.9,0.9,0.05,4.6,0.128,55.9,105.0,0.9913,3.75,,1
9.4,1.48,0.36,6.5,0.04,10.1,224.5,0.9937,2.93,13.8,1
4.7,1.11,,12.1,0.064,48.5,31.6,0.9986,3.82,14.5,1
9.7,0.13,0.25,6.6,0.139,49.8,52.4,0.9998,3.2,9.8,1
14.9,0.96,0.41,14.5,0.142,58.5,156.8,0.993,3.24,11.2,1
14.1,1.23,0.01,14.7,0.109,30.0,254.8,0.9979,3.38,11.5,0
5.8,1.2,0.88,3.8,0.058,6.7,126.6,1.0014,,14.4,1
8.8,0.19,0.65,12.7,0.132,54.3,35.9,0.9952,3.53,13.8,1
10.8,0.87,0.11,14.8,0.063,22.6,283.8,0.9905,3.96,11.8,1
12.3,0.18,0.68,1.6,0.015,69.5,71.8,0.9959,3.54,11.3,1
9.6,1.07,0.26,,0.126,20.6,8.3,1.0018,3.99,9.2,0
15.3,0.92,0.33,6.4,0.022,18.7,273.6,0.9971,3.51,8.9,0
14.5,0.89,0.43,5.6,0.08,33.2,209.6,0.9988,3.62,9.5,0
9.8,1.2,0.57,3.0,0.146,18.1,276.9,0.9978,2.93,8.8,0
14.4,1.5,0.01,3.0,0.172,69.4,15.5,0.9911,3.02,11.3,1
6.0,0.21,0.7,2.7,0.078,14.0,241.3,0.9912,,13.4,1
10.4,0.42,0.72,13.4,0.092,30.9,25.5,0.9972,3.31,9.1,0
11.2,0.98,0.02,9.0,0.023,21.6,171.4,0.9902,3.51,12.9,1
10.0,0.14,0.14,3.7,0.018,34.5,180.8,0.9949,3.25,11.4,0
7.0,0.3,0.35,6.9,0.043,40.0,270.8,0.9943,3.01,12.7,0
5.6,0.43,0.06,2.3,0.055,4.6,32.7,0.9937,3.48,12.6,1
12.4,0.34,0.45,5.2,0.066,17.5,173.5,1.0016,3.45,11.9,0
8.7,1.27,0.44,10.4,0.105,36.2,59.7,0.9996,3.47,13.3,1
11.9,0.29,0.41,2.3,0.193,21.2,41.8,0.9992,3.47,12.8,1
6.5,1.14,0.13,9.9,0.163,11.0,105.2,0.9946,3.96,13.0,1
14.9,1.11,0.97,4.2,0.067,24.0,86.6,0.997,3.0,13.5,1
14.1,1.28,0.33,7.3,0.178,45.2,82.8,1.0007,3.96,10.0,0
15.4,0.7,0.78,14.8,0.132,13.8,265.1,0.9906,3.84,14.4,1
15.2,1.34,0.02,1.8,0.141,26.4,122.2,0.9961,3.58,15.0,1
9.6,0.43,0.15,12.3,0.156,37.0,106.2,1.0023,3.79,13.5,1
14.5,0.65,0.25,5.9,0.086,58.0,71.6,0.9973,,9.9,0
4.9,1.43,0.54,7.5,0.044,29.1,30.0,0.9919,3.67,8.8,0
14.9,1.07,0.75,11.7,0.076,48.6,42.6,0.9949,3.78,11.7,1
11.9,0.74,0.9,5.6,0.197,,179.9,0.9989,3.66,15.0,1
12.0,0.75,0.96,1.0,0.038,48.4,134.5,1.0022,3.71,14.9,1
13.4,0.27,0.86,8.4,,13.0,119.6,0.9972,3.9,9.8,0
12.1,0.21,0.24,4.0,0.193,47.5,10.6,1.0025,3.37,10.4,0
14.9,0.44,0.76,2.2,0.141,10.0,277.4,1.003,3.13,8.3,0
7.7,0.72,0.37,13.8,0.16,13.5,186.0,0.9976,3.28,13.0,1
10.7,0.38,0.88,3.3,0.078,,118.6,0.9935,3.14,13.7,1
8.5,0.17,0.98,9.3,0.093,40.5,279.6,1.0002,3.41,8.5,0
14.0,0.96,0.45,3.3,0.012,52.9,144.9,0.9941,3.24,,0
11.6,1.38,0.83,10.9,0.067,59.3,116.5,0.9983,3.2,14.6,1
13.1,0.9,0.63,4.4,0.169,27.2,36.5,0.9947,3.49,13.7,1
10.1,0.98,0.63,13.4,0.158,41.7,29.4,0.9931,3.86,13.1,0
7.7,1.22,0.34,12.1,0.063,45.0,42.6,0.9951,3.95,12.8,1
15.3,0.5,0.11,14.6,0.119,53.8,101.1,0.9924,3.5,9.0,1
15.9,0.92,0.41,6.8,0.043,62.4,92.6,0.9908,2.92,9.8,0
15.9,0.44,0.23,12.8,0.153,,276.6,1.0018,3.3,15.0,1
11.0,1.49,0.03,8.2,0.037,50.6,57.5,0.9969,3.94,10.5,0
9.6,0.86,0.67,1.5,0.095,60.4,134.4,0.9917,3.97,11.7,1
14.2,0.16,0.53,1.8,0.058,67.7,142.6,0.9923,,11.6,1
14.3,0.6,0.13,1.2,0.026,53.0,,0.9999,3.49,8.8,0
4.5,0.77,0.34,10.9,0.167,69.8,210.3,0.9923,3.0,14.1,1
14.5,0.53,,13.5,0.011,,96.9,1.0017,3.47,11.5,1
10.6,0.95,0.27,14.6,0.133,55.7,218.9,0.9926,3.49,14.4,1
14.2,0.32,0.58,10.2,0.012,20.0,119.8,0.9915,3.05,14.5,1
14.5,0.22,,6.2,0.084,68.5,,0.9967,3.53,14.9,1
15.3,0.29,0.31,5.0,0.142,63.3,229.6,0.9956,3.34,14.5,1
6.5,1.15,0.56,6.8,0.109,25.1,221.0,0.9992,3.59,13.9,1
4.5,1.47,0.63,7.3,0.076,5.7,15.9,1.0009,3.75,9.9,0
11.6,1.52,0.5,12.5,0.08,62.5,285.8,0.9919,3.69,8.8,0
11.1,0.63,0.01,14.6,0.036,17.3,13.5,0.9967,3.98,14.0,1
8.3,0.28,0.09,10.0,0.078,33.0,,0.9935,3.44,9.8,0
10.4,0.4,0.77,9.1,0.141,11.0,130.4,1.0,3.84,8.5,0
11.1,0.27,0.32,1.2,0.011,13.1,187.0,0.9927,3.99,11.8,1
11.9,1.57,0.57,14.1,0.101,5.0,15.9,0.9908,3.77,8.4,0
5.1,1.43,0.4,4.9,0.053,67.9,177.3,0.9923,3.02,14.5,0
13.4,0.63,0.95,14.0,0.112,62.8,257.7,0.9934,,8.8,0
9.3,0.66,0.13,7.0,0.177,67.1,55.5,0.9924,3.35,14.4,1
14.2,1.46,0.1,8.7,0.012,7.6,140.4,0.9958,3.3,12.5,0
12.5,1.48,0.24,12.5,0.066,49.8,168.7,1.0009,3.09,12.7,0
13.5,1.13,0.2,7.1,0.036,38.6,210.0,0.9906,3.61,11.1,0
8.8,1.06,0.51,4.6,0.183,22.6,221.5,0.9901,3.77,9.5,0
12.4,0.64,0.36,2.9,0.101,23.4,9.8,1.0004,3.56,11.0,1
10.7,0.99,0.73,,0.108,41.5,177.0,0.9978,3.67,9.3,0
6.2,0.36,0.78,9.1,0.016,31.4,108.4,,3.13,13.9,1
6.2,0.97,0.89,,0.16,20.0,111.0,0.998,3.23,11.9,1
8.2,1.13,0.05,12.3,0.199,23.4,94.2,0.9936,3.49,8.6,0
15.3,1.32,0.14,10.7,0.187,43.0,113.8,0.9989,3.99,12.9,1
12.5,1.09,0.04,5.5,0.046,21.2,153.0,0.9938,3.88,12.7,0
6.6,1.06,0.55,8.2,0.149,42.2,65.7,0.9932,3.6,14.8,0
8.8,0.71,0.43,7.1,0.198,42.1,264.9,0.9965,3.77,8.6,0
11.9,0.66,0.99,6.8,0.104,70.3,215.9,0.9955,3.33,10.5,1
12.0,1.55,0.77,3.3,0.083,7.9,,0.9919,3.21,14.9,1
8.0,0.56,0.97,5.9,0.028,40.2,205.9,0.9997,3.75,8.8,1
9.9,0.97,0.38,6.4,0.056,46.5,161.0,0.9959,3.83,13.2,1
11.4,0.23,0.4,12.2,0.035,63.6,241.8,1.0006,2.92,14.3,1
13.4,0.82,0.49,13.0,0.151,12.5,250.7,0.9934,3.36,11.7,0
8.3,1.39,0.69,1.6,0.051,56.7,264.6,1.0035,3.58,13.0,0
11.8,1.03,0.86,4.0,0.129,9.6,46.3,1.0015,3.65,13.4,1
12.4,0.94,0.38,3.2,0.087,36.2,111.4,1.0034,3.1,10.4,0
9.4,1.4,0.94,4.5,0.011,14.5,106.9,1.0002,3.34,12.8,1
7.7,0.35,0.97,14.3,0.193,46.2,252.1,1.0009,3.51,12.2,1
11.9,0.69,0.75,2.0,0.149,17.4,200.2,0.9998,3.88,12.3,1
5.9,1.02,0.56,5.6,0.042,66.1,254.3,1.0015,,12.2,0
4.9,,0.81,8.4,0.107,14.0,116.4,1.0022,3.97,8.8,0
6.6,0.4,0.33,14.6,0.184,25.0,226.6,0.9994,3.18,14.1,0
12.1,1.47,0.51,13.9,0.124,36.5,253.4,1.0036,3.66,13.4,0
6.5,0.79,0.89,11.6,0.032,47.3,14.1,0.9954,3.74,12.9,1
5.2,0.79,0.38,1.8,0.19,41.4,269.8,1.002,3.82,10.6,1
13.0,0.78,1.0,10.7,0.174,22.9,124.7,1.0024,3.11,10.4,1
9.5,1.27,0.14,5.1,0.166,7.2,107.8,1.0014,2.92,,0
11.2,0.82,,5.8,0.149,61.4,104.2,0.9923,3.29,14.1,1
10.8,0.18,0.92,8.5,0.146,53.2,17.1,0.9914,3.45,8.1,0
7.8,1.38,0.23,14.4,0.153,45.4,198.2,0.9926,3.0,14.5,1
5.5,1.42,0.86,7.3,0.104,9.6,30.4,0.993,3.17,11.9,0
6.3,0.14,0.68,11.8,0.019,50.8,196.5,1.0005,3.26,14.4,1
15.4,0.23,0.98,11.9,0.044,21.0,280.9,0.9981,3.71,,1
14.0,0.52,0.47,14.0,0.082,20.0,278.5,1.0021,3.27,14.8,1
15.4,0.71,0.19,13.2,0.186,20.2,14.6,0.9977,3.74,14.7,1
5.3,0.17,0.18,3.6,0.085,36.5,67.2,0.9944,3.82,11.9,0
9.8,0.52,0.22,3.0,0.155,,,1.0005,3.92,8.5,0
6.0,1.07,0.94,2.8,0.12,29.8,229.3,1.0012,3.74,9.6,0
5.4,1.58,0.22,9.3,0.021,7.6,,1.0019,3.61,11.8,0
6.2,0.41,0.93,13.2,0.152,59.7,72.1,1.0031,3.6,9.1,1
4.9,0.43,0.64,14.4,0.126,17.2,56.8,1.0023,3.94,10.5,1
14.6,1.23,0.41,3.5,0.198,65.3,95.1,0.9977,3.88,14.4,1
7.6,1.05,0.16,11.2,0.042,49.6,111.3,0.9924,3.29,12.5,1
7.2,0.27,0.5,12.1,0.097,4.6,54.8,0.9965,3.77,12.3,1
7.6,0.63,0.47,6.9,0.047,49.6,6.1,0.9946,3.97,13.5,0
15.2,1.4,0.83,5.4,0.159,54.8,100.1,0.9931,2.94,9.9,1
15.9,0.63,0.17,10.3,0.161,63.2,199.6,0.9985,3.55,11.1,1
10.0,1.09,,5.8,0.073,11.2,,0.9963,3.14,11.5,1
8.9,1.3,0.03,3.8,0.03,8.1,233.0,1.0003,3.6,8.9,0
7.1,1.51,0.4,10.5,0.051,60.5,234.7,1.0013,3.98,10.0,0
8.8,0.89,0.46,2.0,0.086,18.5,202.7,0.9941,3.13,8.3,0
11.7,1.5,0.66,9.8,0.011,15.9,229.5,0.9969,3.01,14.7,1
6.2,0.41,0.38,9.8,0.027,59.9,217.6,0.9936,2.91,13.7,1
5.3,0.74,0.92,3.9,0.089,18.4,137.8,0.9999,3.6,12.8,1
4.5,0.35,0.84,10.5,0.179,21.1,108.3,0.9991,3.58,8.3,0
5.0,0.69,0.53,10.0,0.017,58.2,265.1,0.9903,3.17,11.9,1
13.3,1.36,0.16,9.6,0.079,61.0,145.6,1.0021,3.61,14.6,1
6.4,,0.19,8.0,0.19,13.5,238.4,0.9946,2.99,14.8,1
12.9,0.24,0.7,2.3,0.113,24.2,256.9,0.9989,3.26,9.5,0
5.4,0.92,0.92,2.1,0.178,65.2,67.4,0.9945,3.87,12.1,0
11.9,0.21,0.4,14.0,0.196,54.3,106.0,0.9915,4.0,8.2,0
10.9,0.63,0.72,11.3,0.131,67.1,125.6,0.9949,3.97,9.1,0
15.8,0.13,0.63,13.8,0.062,31.2,160.9,1.002,3.15,10.8,1
9.4,0.89,0.7,7.9,0.198,51.3,183.6,0.9968,3.1,9.0,0
7.2,0.73,0.61,2.4,0.099,10.6,20.6,0.999,3.28,12.3,1
13.8,1.21,0.77,6.2,0.078,53.4,74.1,0.9934,3.77,9.7,0
15.4,1.38,0.0,2.6,0.052,6.3,283.9,0.9978,3.78,9.6,0
5.1,1.34,,14.2,0.077,71.8,216.3,0.993,3.28,12.9,1
12.2,0.89,0.3,2.6,0.138,2.4,208.8,1.0008,3.3,11.2,0
7.5,1.07,0.14,14.7,0.058,63.4,230.0,1.0003,3.15,10.6,0
13.8,1.52,0.38,,0.089,49.0,136.2,0.9987,3.3,13.0,1
6.2,0.82,0.3,6.5,0.055,42.2,280.1,0.9934,,14.6,0
14.1,0.92,0.42,9.7,0.089,55.3,85.5,0.9926,3.47,10.2,0
6.4,0.79,0.01,1.9,0.046,21.1,78.7,0.9903,3.92,9.0,0
11.1,0.37,0.58,12.2,0.176,31.3,147.7,1.0031,3.69,11.6,0
5.4,0.78,0.23,2.8,0.149,65.7,37.0,1.0033,3.65,10.0,0
14.0,1.37,0.76,12.2,0.092,58.6,137.0,0.9915,3.98,8.8,0
7.8,0.5,0.01,13.4,0.198,36.7,203.4,1.0003,3.94,10.8,0
11.1,0.82,0.38,13.3,0.136,18.6,157.0,1.0014,3.05,11.1,1
12.5,0.94,0.45,1.9,0.136,52.8,275.9,0.9913,3.11,11.6,1
8.7,0.74,0.36,2.8,0.127,1.7,268.8,0.9976,3.59,10.3,0
14.6,1.58,0.82,4.9,0.107,13.9,172.0,1.0027,3.37,10.3,0
12.2,1.19,0.91,3.7,0.051,22.3,27.5,0.9955,3.58,14.5,1
10.8,1.53,0.55,2.3,0.094,27.3,225.2,1.0005,3.84,14.2,1
6.3,0.41,0.07,14.7,0.165,41.4,107.9,1.0012,3.94,9.7,0
8.1,0.85,0.27,5.1,0.058,30.4,91.8,0.9922,3.39,13.6,1
7.0,1.03,0.12,6.3,0.159,25.6,72.4,1.0029,3.25,12.2,0
10.0,0.42,0.81,12.4,0.013,52.6,118.5,0.9946,3.92,12.1,0
5.2,0.55,0.06,12.1,0.124,58.3,263.9,0.9973,3.7,10.5,0
4.6,0.58,0.87,6.6,0.122,40.5,42.2,0.9903,3.44,12.3,1
7.0,1.35,0.71,7.0,0.135,18.8,10.6,1.0013,3.54,10.4,0
5.8,0.17,0.67,12.1,0.182,9.8,,0.9997,3.89,11.8,1
,0.82,0.43,11.9,0.145,,20.5,1.0021,3.02,,1
5.2,1.01,0.08,7.0,0.147,4.6,50.7,0.9919,3.62,10.9,0
14.1,0.1,0.5,7.7,0.104,39.3,173.8,0.9926,3.82,13.9,1
10.4,1.45,0.08,13.6,0.058,48.2,280.1,0.9938,3.42,15.0,1
9.5,1.34,0.84,12.0,0.194,62.1,284.7,0.9926,3.79,10.3,0
15.4,1.42,0.35,9.1,0.087,5.9,54.8,1.0015,3.48,12.8,1
5.9,0.49,0.51,5.6,0.156,37.8,263.3,0.998,3.41,14.1,0
14.4,0.97,0.48,13.3,0.174,47.2,266.6,0.9921,3.15,11.7,1
6.8,1.15,0.98,1.0,0.154,8.5,22.6,1.0018,3.85,11.5,1
6.9,0.35,0.51,6.6,0.025,44.7,175.3,0.9908,3.98,13.0,1
12.0,1.34,0.18,7.9,0.156,3.3,61.5,0.9952,2.99,9.6,0
10.0,0.52,0.73,7.8,0.036,71.8,53.5,1.0018,3.41,11.2,0
14.2,0.5,0.81,3.2,0.08,14.3,146.7,0.99,3.4,12.4,1
10.1,0.49,0.7,6.7,0.102,45.1,8.6,0.9994,3.25,12.6,1
11.2,0.36,0.67,11.0,0.115,51.8,42.4,0.99,3.48,11.2,1
9.4,1.1,0.02,8.3,0.124,65.7,258.6,0.9918,3.5,13.0,0
11.6,0.86,0.37,13.9,0.054,3.1,71.1,0.9979,3.33,10.0,0
9.6,0.74,0.19,6.1,0.141,18.6,159.8,0.9909,3.59,10.4,0
4.7,,0.3,13.5,0.094,43.4,195.2,0.997,3.95,12.8,1
15.4,0.56,0.52,9.3,0.076,60.0,22.5,1.0002,3.88,11.4,1
15.2,1.39,0.75,12.5,0.144,2.3,40.0,0.9977,3.58,11.2,0
,0.96,0.2,11.5,0.194,64.4,110.9,1.0016,3.17,11.9,1
13.2,0.99,0.83,12.8,0.102,19.4,,1.0026,2.95,9.8,0
13.4,0.92,0.44,11.6,0.117,68.5,71.6,1.0002,3.05,8.4,0
7.7,1.43,0.26,4.7,0.05,63.3,244.1,1.0027,3.44,8.4,0
11.3,1.12,0.65,5.1,0.115,59.2,117.2,1.0024,3.1,13.4,1
9.6,0.55,0.28,6.5,0.045,43.7,268.8,0.9916,3.33,12.9,1
10.0,0.71,0.33,12.6,0.076,10.1,25.3,1.0024,3.01,11.3,1
13.9,0.97,0.42,9.3,0.141,22.5,11.4,1.0016,3.87,10.2,0
6.7,0.62,0.52,2.8,0.194,7.2,21.7,0.9989,3.25,8.2,0
6.5,0.53,0.61,11.0,0.078,16.6,229.7,0.9941,3.48,10.1,0
15.5,1.46,0.37,12.9,0.182,61.9,79.9,0.9938,3.82,12.5,1
9.5,1.58,0.01,13.4,0.169,55.6,167.5,0.9995,3.1,8.3,0
13.0,1.43,0.36,,0.113,12.1,,1.0003,3.79,11.9,0
14.8,1.02,0.19,1.9,0.011,52.6,180.1,0.9914,3.77,8.5,0
6.8,1.5,0.22,11.4,0.084,53.6,174.4,1.0004,3.79,11.6,0
13.9,1.13,0.14,14.4,0.148,70.7,192.9,1.0007,3.29,8.7,0
,1.55,0.39,4.6,0.07,57.9,32.8,0.9965,2.94,13.7,1
8.9,0.9,0.79,10.3,0.171,8.4,267.1,1.0004,3.69,9.6,0
14.4,,0.03,13.4,0.068,28.2,25.7,0.9997,3.98,14.1,1
11.8,1.14,0.46,1.1,0.085,9.7,146.8,1.0014,3.69,14.5,1
14.0,1.15,0.96,3.3,0.192,64.8,193.4,0.9996,3.38,14.5,1
12.3,0.72,0.38,11.9,0.148,35.5,181.7,1.0019,3.28,10.2,1
15.6,1.46,0.6,10.5,0.036,4.0,29.7,1.0038,3.13,13.0,1
15.7,0.12,0.15,4.0,0.14,33.4,197.3,0.9956,3.6,9.7,0
10.3,0.3,0.03,8.5,0.122,35.0,266.4,0.9951,3.67,9.4,0
8.1,0.9,0.12,9.5,0.173,47.6,119.1,1.0011,3.49,11.7,1
5.4,0.61,0.22,4.3,0.059,55.5,152.8,0.9909,3.63,11.7,0
7.4,1.2,0.19,6.6,0.13,40.4,284.5,0.9911,3.33,14.7,1
11.4,1.4,0.1,5.9,0.055,61.0,175.5,1.0034,3.24,11.1,0
14.1,1.28,0.72,12.5,0.169,38.7,194.4,0.9946,3.82,14.6,1
9.2,1.34,0.67,9.3,0.111,8.4,75.7,0.9966,3.73,14.5,1
14.4,1.24,0.57,8.1,0.172,13.1,280.9,1.0016,3.74,13.7,0
8.5,0.59,0.79,14.8,0.117,36.5,29.5,0.993,2.95,14.4,1
14.8,1.43,0.15,3.4,0.194,33.2,146.1,0.9946,3.03,10.3,0
15.4,0.33,0.09,3.2,0.048,29.2,249.3,0.9965,3.43,14.9,1
13.8,0.55,0.64,7.0,0.088,44.6,217.3,1.0038,2.95,8.7,0
12.9,1.51,0.36,3.8,0.108,66.2,84.7,1.0014,3.81,12.6,1
4.8,0.54,0.46,13.3,0.17,67.5,235.1,0.9985,3.8,9.0,0
6.2,0.29,0.64,8.3,0.011,36.4,210.9,0.9967,3.64,12.1,1
15.3,1.06,0.53,1.4,0.143,12.3,94.7,0.9906,3.0,9.0,0
11.3,0.89,0.7,10.6,0.016,51.5,201.3,1.0007,3.03,9.1,0
15.9,0.62,0.22,12.2,0.069,40.4,165.0,0.9916,,14.6,1
11.7,1.41,0.72,4.7,0.105,38.2,141.0,1.0012,3.42,8.8,0
14.7,0.5,0.98,8.2,0.146,3.4,167.3,0.9929,3.15,8.9,1
6.1,0.32,0.61,14.5,0.038,39.1,50.7,0.9971,3.53,9.8,0
4.7,0.2,0.81,3.6,0.042,67.3,143.2,1.0022,3.09,10.3,0
14.5,1.43,0.31,4.6,0.131,29.6,219.6,0.9988,3.74,8.0,0
4.7,0.36,0.61,14.1,0.03,27.8,223.7,0.9975,3.28,11.0,1
13.5,1.35,0.32,14.6,0.074,28.4,236.2,0.9942,3.35,11.5,0
8.3,1.02,0.02,6.3,0.095,20.7,139.5,0.9935,3.58,13.0,0
13.9,0.64,,8.4,0.109,61.8,212.5,1.0031,3.17,11.6,0
11.0,1.03,0.5,8.6,0.033,14.0,223.3,0.9923,3.04,13.4,1
5.9,0.72,0.03,9.6,0.091,50.9,227.9,0.9993,3.41,14.4,0
11.3,0.93,0.0,8.3,0.036,54.3,10.6,0.9929,3.56,8.4,0
14.7,1.2,0.28,8.6,0.105,68.4,194.7,0.999,3.91,14.7,1
15.8,0.17,0.15,1.9,0.131,52.6,69.3,,3.82,8.9,1
6.2,1.24,0.96,6.4,0.159,16.6,141.5,0.991,3.61,11.1,1
12.5,0.47,0.71,4.9,0.093,2.5,275.2,0.9937,3.06,9.2,0
11.3,0.77,0.18,11.4,0.187,41.6,44.7,1.0007,3.6,14.5,1
13.3,1.02,0.43,13.8,,43.9,72.8,1.0002,3.27,8.4,0
6.0,0.75,0.38,7.5,0.164,13.3,269.8,0.9936,3.31,14.5,1
8.7,1.38,0.8,3.5,0.07,14.2,169.5,1.003,2.99,11.0,1
13.2,1.44,0.28,4.8,0.122,9.3,71.7,0.9912,3.01,8.5,1
14.0,1.36,0.88,3.0,0.089,21.7,132.9,1.0034,3.42,12.5,0
5.9,0.82,0.01,11.2,0.016,3.7,237.4,1.0027,3.64,12.6,1
11.5,1.36,0.05,2.6,0.053,47.5,58.8,1.0023,3.38,11.7,0
8.8,0.7,0.92,4.5,0.091,38.4,12.5,0.9901,3.88,12.8,1
16.0,1.2,0.93,9.8,0.025,,55.9,0.9943,3.11,12.7,0
8.1,0.52,0.39,7.2,0.045,28.9,283.9,0.9981,3.9,13.2,1
7.8,1.59,0.01,9.6,0.066,31.4,165.8,0.9904,3.01,8.8,0
12.7,1.11,0.81,14.0,0.077,68.1,59.1,0.9981,3.41,12.9,1
12.5,1.35,0.98,10.8,0.085,34.8,225.2,0.9991,3.65,12.7,0
5.3,1.41,0.06,2.0,0.022,49.7,22.6,1.0022,3.45,9.9,1
10.5,1.19,0.65,8.4,0.179,65.0,47.4,0.9936,3.35,13.0,1
14.8,0.88,0.15,9.3,0.09,61.8,221.9,1.0016,3.66,8.3,0
11.6,1.49,0.53,1.4,0.057,30.1,57.4,0.9912,3.42,14.7,1
15.1,1.39,0.62,1.8,0.01,10.8,63.3,0.9993,3.17,9.5,0
14.2,0.78,0.9,1.8,0.062,61.4,84.3,0.9954,3.57,9.7,0
10.6,0.3,0.07,9.9,0.037,21.1,73.1,1.0012,3.26,11.6,1
9.5,0.2,0.77,10.1,0.017,70.2,287.8,0.9972,3.45,9.1,0
13.0,0.32,0.94,10.5,0.013,15.6,105.3,1.0006,3.01,11.8,1
11.9,0.28,0.32,6.1,0.185,6.8,38.4,1.0,3.08,11.6,1
8.5,0.84,0.49,2.9,0.035,1.3,223.3,0.9903,3.51,10.6,0
10.3,1.1,0.03,8.4,0.141,44.3,222.3,1.003,2.98,10.1,0
10.0,1.5,0.91,1.4,0.176,30.3,211.2,0.9908,3.16,8.9,0
12.9,0.8,0.49,8.5,0.102,37.4,167.8,0.9946,3.02,14.0,1
11.7,0.35,0.37,,0.05,63.0,21.1,0.9978,3.73,12.8,1
9.8,0.98,0.51,6.3,0.053,8.9,249.2,0.9996,3.51,9.6,0
8.5,0.72,0.52,6.2,0.128,12.7,85.1,0.9931,3.95,12.7,1
15.4,0.33,0.84,8.5,0.138,22.4,41.2,0.9956,3.43,11.8,1
6.4,0.87,0.73,1.8,0.2,41.8,285.8,0.9983,3.92,9.3,0
7.8,0.49,0.88,6.8,0.192,69.6,151.0,0.9967,3.63,13.5,1
8.6,0.65,0.56,6.0,0.023,25.3,253.2,0.9954,2.96,14.8,1
6.0,1.44,0.13,5.3,0.095,24.6,129.7,0.9966,3.08,12.8,0
15.1,1.09,0.26,14.0,0.099,34.0,22.8,0.9913,3.85,8.9,0
15.9,0.36,0.37,1.1,0.134,40.7,50.2,0.9905,3.96,8.6,0
5.1,1.56,0.56,5.8,0.154,51.4,106.9,1.0011,3.79,11.5,0
6.3,1.13,0.58,9.2,0.145,71.3,39.5,0.991,,14.7,1
8.7,0.72,0.6,14.0,0.185,69.3,109.2,0.9928,3.11,10.9,1
5.9,0.16,0.41,2.3,0.151,60.8,,0.9919,3.64,14.2,1
7.0,0.66,0.57,10.8,0.07,47.2,167.3,1.0035,2.92,14.5,1
14.3,,0.66,13.3,0.035,36.6,233.9,0.9938,3.46,13.6,1
8.2,0.12,0.04,3.2,0.131,8.7,244.6,1.0036,3.14,10.8,0
11.9,1.6,0.91,10.4,0.069,63.2,268.0,0.9983,3.52,10.7,0
8.1_err,1.33,0.43,4.0,0.083,52.2,126.3,0.9922,3.67,13.0,1
11.1,0.91,0.45,3.1,0.156,37.0,72.7,0.993,3.2,11.5,1
9.2,0.77,0.28,14.1,0.117,47.2,15.4,0.991,3.23,9.3,1
5.8,,0.44,2.4,0.158,11.8,175.4,0.9988,3.5,8.6,0
15.1,0.76,0.64,12.6,0.103,67.2,24.2,1.0031,3.54,12.2,1
8.6,0.78,0.75,1.5,0.119,27.1,7.8,0.9944,3.2,12.6,1
9.6,1.41,0.84,10.5,0.164,64.8,105.3,0.995,3.71,11.1,1
6.9,1.38,0.97,12.3,0.089,60.3,53.7,0.9968,3.22,14.9,1
13.1,0.93,0.77,9.5,0.026,13.1,68.3,0.9944,3.06,9.9,0
8.8,0.47,0.54,13.6,0.103,17.8,192.1,0.9971,3.35,9.5,0
15.7,0.27,0.24,10.9,0.169,1.5,152.3,1.0013,3.59,10.9,0
9.5,1.19,0.74,2.8,0.066,43.3,285.9,0.9953,3.39,9.6,0
6.3,1.2,0.53,4.8,0.194,50.2,174.4,0.9956,3.56,9.5,0
14.6,1.56,0.81,10.0,0.157,21.8,227.1,0.9923,2.91,12.2,0
10.9,1.2,0.38,7.9,0.13,17.0,285.7,0.9986,3.93,8.6,0
13.5,0.18,0.75,10.3,0.141,18.6,77.3,1.0011,3.84,14.1,1
12.3,0.84,0.16,10.6,0.147,25.7,,0.9929,3.16,14.0,1
5.0,0.24,0.37,10.4,0.188,30.1,190.0,1.0033,2.93,9.6,0
10.4,1.39,0.63,5.0,0.073,11.1,194.5,0.9967,3.09,10.8,1
6.5,0.81,0.81,3.2,0.038,29.6,153.8,0.9906,3.77,14.9,1
7.8,0.34,0.54,6.6,0.07,42.8,117.8,1.0034,2.95,12.1,0
11.7,0.73,0.79,8.6,0.161,39.2,85.1,0.9987,3.23,,1
15.8,0.94,0.87,9.2,0.034,45.4,245.3,0.9984,3.7,10.6,0
8.5,0.96,0.74,7.8,0.191,35.4,99.0,0.9911,3.75,14.6,1
15.4,0.72,0.53,1.1,0.099,6.1,74.3,0.9983,2.97,13.0,0
10.4,0.63,0.11,11.7,0.147,56.5,233.9,0.9954,3.23,14.7,1
6.5,0.78,0.15,6.3,0.051,24.3,81.9,0.991,3.24,13.6,1
10.2,1.2,0.47,2.3,0.13,66.2,143.6,0.9904,3.51,12.6,0
7.8,1.26,0.5,1.2,0.104,45.3,163.9,0.9918,3.29,11.3,1
10.3,1.19,0.24,11.2,0.094,11.4,41.6,0.9936,2.93,9.8,0
9.1,0.28,0.37,13.4,0.045,4.1,284.0,0.9953,2.96,14.2,1
4.9,0.22,0.94,12.6,0.091,50.5,138.6,0.9952,3.03,11.2,1
9.3,0.19,0.54,2.6,0.102,46.7,20.7,1.0029,3.4,14.1,1
6.5,0.49,0.02,12.4,0.087,64.6,95.3,1.001,2.92,12.5,1
11.8,1.13,0.75,7.9,0.038,12.4,166.0,0.9902,,9.3,0
13.3,0.14,0.2,13.2,0.08,46.1,206.9,0.9988,3.76,10.5,0
11.8,0.83,0.11,10.5,0.065,44.5,209.4,,3.99,14.3,1
11.5,0.76,0.64,3.1,0.195,15.8,78.5,0.9974,3.52,13.1,1
13.0,0.42,0.24,2.8,0.073,2.6,94.7,0.9973,3.14,10.9,1
12.7,,0.85,1.5,0.106,59.1,21.7,1.0039,3.58,13.5,1
10.3,0.49,0.34,9.8,0.19,14.4,272.7,1.0007,3.42,9.9,1
8.8,0.79,0.93,2.8,0.188,20.4,10.6,0.99,3.42,13.8,1
13.6,0.33,0.15,13.3,0.113,32.2,228.4,1.0017,3.62,9.1,1
14.2,0.68,0.53,12.1,0.057,53.3,162.1,1.0018,3.25,10.4,0
4.5,0.17,0.83,9.6,0.019,50.1,176.7,0.994,2.94,12.4,1
8.4,1.1,0.05,13.9,0.012,65.3,243.0,0.9905,3.12,14.1,0
6.6,1.2,0.74,14.8,0.095,25.4,142.1,0.9998,3.13,14.3,1
12.4,0.21,0.47,7.5,0.185,52.0,210.7,0.9931,3.94,12.9,1
nan_err,0.97,0.55,8.0,0.126,4.2,116.6,1.0005,2.92,11.9,1
11.0,0.3,0.79,3.9,0.061,27.3,243.6,0.9978,3.97,9.4,0
6.4,0.11,0.19,14.1,0.073,30.6,100.1,0.9916,3.64,12.0,1
6.9,0.25,0.11,9.0,0.151,59.8,38.9,1.0025,3.72,8.3,0
9.5,1.33,0.36,7.9,,10.5,109.2,1.0005,2.98,,0
9.6,0.51,0.08,5.4,0.031,35.7,286.1,0.9917,2.95,10.7,0
5.3,0.22,0.88,5.8,0.11,71.0,193.4,1.0002,3.08,8.3,0
5.2,0.89,0.86,11.1,0.099,26.0,89.8,1.0028,3.6,10.3,0
11.0,1.55,0.14,2.4,0.168,40.2,199.9,0.9979,,10.9,0
15.9,0.93,0.74,13.8,0.099,47.6,274.3,0.9925,3.8,9.8,1
11.5,0.77,0.36,1.2,0.096,16.1,17.1,0.9987,3.1,14.3,1
11.5,1.58,0.17,1.8,0.13,14.8,229.4,0.9903,3.21,9.5,0
13.8,1.09,0.54,12.2,0.041,49.1,155.5,0.9991,3.76,10.9,1
5.6,1.21,0.39,2.4,0.118,29.6,80.4,0.9958,3.83,9.6,0
10.6,0.16,0.47,1.2,0.018,63.9,183.2,1.0026,3.82,10.4,1
10.7,0.46,0.31,5.4,0.189,1.6,207.8,0.992,3.44,11.6,1
11.9,0.19,0.36,3.4,0.162,38.4,219.1,0.9918,3.48,10.3,0
15.6,0.34,0.35,5.8,0.172,5.8,93.1,0.9991,3.98,9.0,1
12.1,1.51,0.1,9.2,0.142,26.2,87.4,0.992,3.34,12.5,0
13.4,0.9,0.58,5.9,0.031,19.4,40.4,,3.63,12.5,1
8.7,1.2,0.07,11.3,0.175,20.1,203.6,0.9965,3.26,13.9,1
11.7,0.86,0.07,,0.044,67.0,8.0,0.9909,3.28,10.3,1
4.8,0.44,0.67,8.3,0.02,6.6,244.0,0.9961,3.92,8.1,0
7.8,0.51,,8.9,0.045,18.1,121.7,0.9932,3.96,11.6,1
10.6,0.32,0.73,3.6,0.088,66.0,95.8,1.0016,3.15,9.1,1
7.0,0.23,0.74,2.7,0.185,21.4,264.5,1.0004,3.6,11.4,0
7.3,0.47,0.47,11.5,0.192,12.8,126.9,0.9904,3.16,14.2,1
15.7_err,0.68,0.48,10.1,0.087,63.8,46.3,0.9991,3.36,9.3,1
14.6,1.39,0.92,7.9,0.159,24.8,37.4,0.9988,3.66,14.0,1
8.7,1.16,0.73,4.9,0.073,53.0,96.4,0.9984,3.91,13.2,0
10.9,0.88,0.16,1.7,0.124,1.5,155.3,1.0037,2.97,10.1,0
,0.38,0.27,6.0,0.045,37.2,229.3,1.0018,3.8,11.7,0
7.0,1.45,0.36,12.7,0.096,62.0,36.7,0.9929,3.7,13.8,0
12.6,1.52,0.28,7.0,0.076,20.9,38.3,0.9981,3.84,12.3,0
10.2,1.4,0.73,7.3,0.146,52.4,257.8,0.9964,3.94,9.9,0
7.1,1.48,0.85,10.4,0.105,38.9,103.3,0.9962,2.98,10.8,0
6.3,0.17,0.0,1.7,0.157,18.5,234.0,1.0009,3.87,13.9,0
12.9,1.36,0.4,13.7,0.045,68.3,235.5,1.0029,3.16,9.2,0
12.7,1.2,0.94,,0.138,45.6,243.6,0.9957,3.5,14.4,1
13.3,0.84,0.47,2.8,0.119,21.3,261.3,1.0034,3.28,12.4,0
10.4,1.46,,7.1,0.17,41.5,57.4,0.9961,3.25,8.8,0
12.5,1.26,0.97,10.5,0.081,30.2,76.0,1.0002,3.48,13.2,1
6.5,0.28,0.74,1.4,0.149,53.9,55.4,0.9938,3.84,8.6,0
6.9,,0.21,12.1,0.178,44.3,67.5,0.9994,,14.6,1
10.5,0.98,0.73,13.1,0.081,8.4,202.1,1.0033,3.65,8.3,0
,0.62,0.47,1.9,0.047,57.4,232.0,0.9935,3.76,14.5,1
14.0,1.38,0.97,9.4,0.122,6.0,108.7,0.9977,3.91,15.0,1
13.8,1.44,0.14,5.5,0.093,47.3,238.7,0.9901,,13.0,1
9.4,0.82,0.21,8.2,0.058,61.6,248.9,1.0004,2.94,9.5,1
15.2,0.1,0.73,3.8,0.035,38.8,160.6,1.0034,3.12,10.5,0
13.5,0.27,0.57,13.0,0.099,5.3,104.6,0.9963,3.23,9.8,0
10.2,0.46,0.56,9.9,0.139,61.2,70.4,0.9965,3.88,11.9,1
14.8,0.15,0.36,1.3,0.074,55.9,91.5,0.9911,3.89,12.7,1
11.9,0.77,0.67,9.7,0.037,,277.8,0.9902,3.95,9.8,0
6.8,0.52,0.29,13.0,,43.8,80.5,0.9928,3.49,8.6,1
14.5,0.59,0.62,3.0,0.096,57.1,260.1,0.9963,3.69,12.9,1
5.8,0.51,0.67,2.1,0.12,71.6,19.8,0.9917,3.39,13.9,1
13.4,1.22,0.94,10.4,0.095,41.8,104.7,0.9951,2.91,13.5,1
13.6,0.72,0.2,3.0,0.083,34.2,274.0,0.992,3.76,13.2,1
9.0,0.89,0.38,14.4,0.113,36.6,22.3,0.9909,3.98,11.4,1
8.1,1.24,0.89,11.3,0.029,31.6,158.0,1.0012,3.59,10.5,0
6.8,1.45,0.27,1.6,0.067,41.2,167.2,1.0034,3.13,13.0,1
9.6,0.49,0.67,13.2,0.095,46.5,194.7,1.0039,3.71,13.9,1
13.7,0.16,0.89,9.3,0.194,23.9,188.8,1.0016,3.19,13.0,1
9.4,1.2,0.07,2.0,0.065,56.5,146.0,1.0021,,13.7,1
,1.05,0.25,5.3,0.197,4.9,249.7,0.9903,3.52,13.3,1
15.3,1.56,0.53,7.8,0.187,4.9,139.0,0.9905,3.61,13.6,1
7.5,1.41,0.67,1.9,0.059,10.3,246.3,0.9988,3.35,14.2,1
15.9,1.25,0.62,14.7,0.139,24.0,240.5,0.9952,,11.5,0
9.3,1.18,0.28,13.2,0.068,44.1,32.0,0.9937,3.84,11.5,1
6.4,0.71,0.86,1.6,0.012,2.8,51.8,0.9985,2.92,10.2,1
9.6,0.42,0.19,6.1,0.038,45.6,269.1,0.9935,3.08,13.4,1
5.0,0.55,0.01,2.1,0.132,50.0,287.1,0.9905,3.41,13.6,1
6.5,0.84,,11.2,0.047,4.3,7.8,0.9938,3.98,10.4,0
12.9,0.57,0.97,8.1,0.146,62.7,146.4,0.9974,3.02,11.2,1
6.6,0.21,0.44,5.1,0.086,62.7,29.5,1.0003,3.04,9.8,0
15.8,0.26,0.72,7.4,0.126,26.6,163.5,0.9903,2.97,15.0,1
7.4,,0.93,1.2,0.152,34.1,250.7,1.0,3.91,9.8,0
14.5,1.32,0.7,12.0,0.092,36.5,87.2,0.9966,3.5,12.6,0
6.8,0.67,0.25,9.7,0.116,29.1,220.1,0.9909,2.97,9.1,0
12.6,0.23,0.01,4.5,0.029,56.1,222.0,0.9916,3.47,12.4,1
13.3,0.61,,13.5,0.032,66.9,254.5,1.0028,3.01,13.9,1
11.3,0.97,0.92,4.6,0.184,47.7,153.6,1.0024,3.23,10.4,1
14.8,0.54,0.11,10.6,0.022,15.1,244.1,0.9964,3.4,9.6,0
8.3,0.62,0.84,3.8,0.109,37.2,127.8,1.0014,3.05,10.3,0
7.0,0.83,0.79,10.8,0.109,30.1,153.5,0.9916,3.54,12.2,1
7.3,0.62,0.59,6.3,0.065,5.9,67.5,1.0003,3.78,13.3,1
9.8,0.13,0.65,12.0,0.149,8.7,172.7,1.0007,3.35,10.2,1
9.7,0.25,0.87,12.2,0.08,62.5,98.7,1.0007,3.61,8.3,0
15.0,1.18,0.31,11.8,0.098,48.9,188.9,,3.54,14.7,1
7.9,1.47,0.21,1.8,0.119,41.3,139.3,0.9974,3.39,10.4,0
15.3,0.74,0.53,1.3,0.048,67.5,223.2,0.9962,3.0,8.3,0
14.5,1.33,0.35,3.9,0.157,29.4,240.8,0.9934,3.93,9.8,0
14.2,1.25,0.09,9.6,0.131,3.5,145.3,0.9988,3.07,12.6,1
14.5,0.79,0.42,11.6,0.074,51.6,118.0,0.9982,3.36,10.4,1
14.4,1.35,0.16,13.2,0.161,54.7,116.8,1.0031,2.94,11.2,0
5.9,1.27,0.8,13.6,0.154,47.9,270.0,1.0004,3.43,8.2,0
5.5,0.13,0.83,7.7,0.113,59.3,34.7,1.0025,3.51,13.1,1
8.0,0.74,0.14,5.7,0.197,29.9,78.7,0.995,3.25,9.5,0
15.9,1.32,0.8,9.9,0.12,56.9,279.4,0.9927,3.38,13.3,1
4.9,1.18,0.13,10.3,0.193,65.9,86.6,0.9961,3.3,11.4,0
12.4,0.38,0.28,8.4,0.041,10.6,17.1,0.9962,3.76,14.3,1
10.0,0.2,0.16,2.7,0.133,59.5,116.3,0.9933,3.39,12.6,0
10.1,1.23,0.76,3.5,0.097,20.7,283.0,1.0024,3.87,12.2,0
7.5,0.6,0.19,12.3,0.051,55.7,211.9,0.9992,3.71,11.6,0
14.6,0.23,0.83,5.0,0.145,34.5,164.0,0.9995,3.96,12.3,1
7.5,0.84,0.21,14.0,0.126,3.8,175.6,0.9925,3.36,8.2,0
14.5,0.65,0.11,11.8,0.06,,123.1,1.0007,3.28,14.2,1
12.8,0.65,0.6,10.9,0.175,8.2,162.8,0.9912,3.52,11.8,1
12.1,0.29,0.37,5.4,0.058,,289.6,1.001,3.55,13.4,1
,1.2,0.82,7.3,0.158,53.7,56.7,0.9993,3.16,14.1,1
5.0,1.09,0.81,11.7,0.059,54.0,102.6,0.9948,3.22,12.6,1
6.1,1.09,0.42,2.1,0.195,10.4,157.1,0.996,3.85,11.4,0
13.3,0.42,0.58,9.0,0.138,16.0,170.0,1.0025,3.15,,1
10.4,0.54,0.5,7.2,0.176,3.4,207.9,0.9989,3.9,12.7,1
14.0,1.01,0.11,2.1,0.149,47.3,111.5,0.9923,3.96,9.3,0
6.6,0.63,0.02,2.2,0.178,63.5,198.4,1.0,3.66,9.4,0
12.3,0.92,0.73,14.9,0.172,32.6,57.9,0.991,3.76,9.8,1
9.7,,0.67,4.8,0.175,47.7,201.4,0.9949,3.76,9.5,0
4.9,1.06,0.8,14.0,0.151,22.2,32.7,1.0016,3.84,9.1,0
8.3,0.52,0.41,12.4,0.019,67.1,198.8,1.0014,3.58,10.2,0
13.2,0.15,0.18,9.5,0.062,51.5,66.8,1.0036,3.95,14.4,1
13.3,0.12,0.83,7.9,0.189,68.1,194.1,0.9942,3.41,11.1,0
8.6,0.58,0.49,2.7,0.017,69.7,110.7,1.0024,3.27,13.9,1
11.9,0.45,0.02,10.0,0.035,60.5,263.6,1.0014,3.28,13.8,0
7.7,1.32,0.77,9.9,0.065,43.0,66.5,0.9991,3.43,9.1,0
10.0,1.17,0.52,1.3,0.104,3.9,,1.0001,3.94,9.5,0
13.9,0.85,0.77,11.5,0.034,20.4,30.4,0.993,3.23,10.7,1
5.9,0.49,0.57,1.1,0.138,61.2,190.9,1.0027,3.74,8.7,0
5.0,1.58,0.72,2.4,0.035,62.5,169.9,0.9941,3.34,8.7,0
12.0,0.45,0.87,10.7,0.033,,177.8,0.9923,3.45,10.9,0
13.7,1.15,0.36,1.1,0.05,44.5,63.9,0.9909,3.06,10.2,1
15.8,0.13,0.78,10.6,0.154,7.9,117.4,1.0022,3.93,10.4,1
15.7,0.55,0.33,2.2,0.088,51.7,107.1,0.9948,3.99,12.0,1
6.3,0.42,0.24,8.6,0.067,37.4,218.6,1.0037,3.11,14.1,1
5.6,1.1,0.08,4.8,0.098,61.4,217.0,0.9943,2.91,14.2,1
15.0,1.14,0.81,11.2,0.019,57.8,61.0,0.992,3.58,14.1,1
12.5,1.15,0.19,1.4,0.145,55.9,51.2,0.9914,,12.0,1
8.7,0.96,0.09,1.5,0.073,70.0,249.4,1.0026,3.47,8.3,0
15.2,0.91,0.35,14.7,0.18,12.2,16.4,0.9953,3.74,13.6,1
15.4,1.08,0.65,14.2,0.085,37.2,114.8,0.9951,3.0,9.2,0
11.8,1.19,0.01,11.4,0.126,3.1,,0.9908,3.64,8.0,0
8.6,1.51,0.85,9.1,0.092,19.1,180.5,1.0034,3.03,14.8,1
6.9,1.0,0.76,8.2,0.173,12.4,289.8,1.0026,3.23,8.7,0
11.4,0.2,0.96,12.4,0.18,24.0,154.8,0.9925,3.54,10.2,1
13.4,0.23,0.51,7.7,0.156,20.4,164.1,0.9943,3.07,9.0,0
14.5,1.09,0.04,6.1,0.014,23.8,201.2,0.9911,3.86,11.4,0
8.5,1.37,0.19,5.8,0.023,26.3,79.6,0.9947,3.94,10.2,1
15.5,1.26,0.2,13.1,0.148,42.4,204.0,0.9946,3.29,12.4,1
4.7,0.64,0.87,10.0,0.181,34.3,139.0,1.003,3.53,9.9,0
14.1,1.43,0.5,11.9,0.06,64.8,194.7,1.0022,3.5,13.5,0
15.1,,0.27,3.2,0.143,6.6,15.9,0.9981,3.22,10.2,0
8.7,0.17,0.65,5.5,0.144,1.9,119.9,0.9981,3.66,13.6,1
11.5,0.82,0.97,9.2,0.167,13.7,180.3,1.0019,3.19,8.0,0
9.7,0.46,0.45,2.6,0.029,60.9,256.0,0.9921,3.89,12.8,0
7.0,0.58,0.78,2.1,0.13,42.2,211.6,0.9957,3.55,11.5,1
12.7,0.54,0.63,3.1,0.175,28.6,134.2,0.9921,3.52,9.8,0
15.6,0.56,0.63,9.9,0.081,2.6,258.8,1.0029,3.73,11.8,0
5.3,0.84,0.32,14.9,0.173,31.2,256.9,1.002,3.17,12.0,0
11.6,0.13,0.86,12.9,0.186,13.4,205.6,0.999,3.75,13.7,1
9.3,0.41,0.02,10.7,0.124,13.2,176.9,0.9945,3.7,14.3,1
11.4,1.09,0.57,6.2,0.161,70.1,104.9,1.0031,3.09,14.5,1
12.6,1.31,0.06,3.0,0.018,54.3,255.6,1.0026,3.54,8.0,0
13.5_err,1.55,0.17,10.1,0.075,18.7,122.1,0.991,2.92,12.5,0
9.3,0.44,0.69,7.8,0.122,67.7,236.6,0.9952,3.34,12.8,1
5.7,1.46,0.09,13.1,0.066,16.7,182.2,,3.64,11.1,0
,0.3,0.15,11.8,0.088,7.9,190.1,1.0025,3.84,9.7,0
6.3,1.57,0.19,8.4,0.176,27.8,44.3,0.9933,3.94,9.1,0
6.8,0.11,0.03,8.2,0.094,64.3,217.5,1.0038,3.81,12.4,1
5.4,0.95,0.56,1.3,0.154,43.8,256.4,1.0036,3.7,11.6,1
11.8,0.27,0.82,1.9,0.053,58.3,29.0,1.0039,3.85,14.3,1
10.8,0.46,0.22,3.6,0.068,8.8,151.1,0.9941,3.6,13.4,1
6.4,0.17,0.78,9.7,0.141,25.7,34.3,1.0034,3.24,12.6,1
15.9,0.79,0.71,6.8,0.049,57.4,56.9,0.9924,3.19,9.3,1
7.7,1.01,0.6,13.4,0.147,47.6,279.2,0.9985,3.01,12.4,0
6.0,0.66,0.38,14.6,0.186,28.5,215.0,1.002,3.13,10.6,1
5.3,0.42,0.04,11.5,0.086,57.9,114.3,1.0025,3.99,10.1,0
8.5,0.56,0.13,9.9,0.137,57.4,102.4,1.0003,3.25,11.4,1
14.2,1.18,0.14,7.6,0.124,31.9,18.0,0.9998,3.66,8.9,0
12.8,1.28,0.85,4.0,0.059,1.6,273.0,0.9989,3.37,10.2,0
4.5,0.36,0.49,13.7,0.022,8.2,145.2,0.9954,3.34,10.3,0
9.0,0.58,0.92,3.5,0.147,13.9,247.8,0.9984,3.89,9.9,1
8.8,1.32,0.02,13.6,,,204.3,0.9952,3.12,12.8,0
12.2,0.37,0.42,13.3,0.163,10.9,23.9,0.9959,3.31,14.8,1
6.3,0.29,0.85,2.6,0.032,29.7,70.7,0.9997,3.47,14.5,1
13.7,0.3,0.37,7.9,0.03,71.3,255.8,1.0012,3.32,10.6,0
9.4,0.88,0.24,9.0,0.159,25.1,94.5,0.9959,3.22,8.4,0
9.7,1.0,0.53,7.4,0.165,11.2,33.3,0.9953,3.15,14.7,1
,0.51,0.47,2.3,0.03,49.3,130.1,0.9903,3.25,12.1,1
14.1,1.07,0.3,7.1,0.096,56.3,95.3,1.0027,3.92,10.5,0
4.6,0.56,0.88,,0.169,39.4,118.2,,2.96,11.2,1
14.3,1.23,0.86,2.2,0.031,28.6,193.1,0.9965,3.88,8.7,0
9.7,1.13,0.31,9.2,0.014,67.9,50.7,0.9952,3.19,10.8,1
8.0,0.44,0.87,9.1,0.136,3.9,93.5,0.9965,3.17,11.7,1
12.0,1.45,0.06,12.3,0.06,33.8,255.9,0.9921,3.16,11.6,0
12.0,0.56,0.23,10.1,0.078,56.1,171.9,0.997,3.87,14.1,0
11.0,0.92,0.58,12.1,0.054,13.0,68.4,1.0039,3.94,8.8,0
11.9,1.19,0.71,9.9,0.011,56.8,145.5,1.0005,3.87,11.5,1
12.5,0.33,0.11,13.6,0.089,3.5,113.6,0.9902,3.26,9.2,0
12.6,,0.15,8.6,0.058,6.9,60.7,0.9931,3.74,9.3,0
11.8,0.49,0.37,10.8,0.187,37.2,54.7,0.9912,3.06,9.9,0
5.1,1.23,0.21,8.1,0.06,54.0,147.3,0.9996,3.93,14.0,1
12.2,0.67,0.51,13.9,0.014,71.6,273.7,0.9993,3.3,14.4,1
5.5,1.48,0.04,11.1,0.043,,199.8,0.9936,2.97,13.7,0
15.0,0.59,0.24,6.2,0.191,71.4,39.2,0.9908,3.26,12.9,1
11.2,1.57,0.92,2.2,0.096,4.5,112.6,0.9961,3.47,13.4,1
11.5,1.25,0.79,1.0,0.197,64.8,50.8,0.9997,3.78,12.9,1
6.6,1.24,0.45,9.8,0.022,29.7,242.2,0.9964,2.93,8.9,0
12.2,0.57,0.88,5.3,0.155,9.2,210.9,0.9945,2.93,12.0,1
10.9,0.97,0.74,10.3,0.125,71.6,174.9,0.9951,3.06,10.6,0
9.2,1.46,0.95,,0.195,17.9,269.7,0.9997,3.32,14.2,0
14.1,1.34,0.08,3.7,0.025,6.6,175.3,1.0016,3.88,14.1,0
6.1,0.56,0.64,14.7,0.158,43.8,,0.9953,3.88,11.5,1
14.3,0.22,0.9,3.6,0.185,20.9,275.8,1.0026,2.91,12.6,1
6.0,0.92,0.18,6.6,0.012,2.4,65.0,1.0008,3.9,10.0,0
10.6,0.49,0.73,7.4,0.104,64.7,233.0,0.9964,3.48,13.2,1
10.7,0.72,0.82,11.6,0.124,70.3,246.2,0.9914,3.0,11.0,0
8.2,0.33,0.29,11.7,0.05,3.7,103.6,0.9993,3.53,8.6,0
10.5,0.72,0.16,2.7,0.077,69.7,,0.9923,3.53,14.3,1
9.4,1.02,0.29,6.3,0.157,45.1,182.7,1.0014,3.99,14.3,1
7.6,1.44,0.52,13.2,0.03,15.5,127.8,0.9932,3.08,12.9,1
9.0,0.86,0.63,8.7,0.066,32.0,145.4,0.9939,3.8,9.4,0
6.4,0.5,0.24,2.1,0.164,31.7,280.1,0.9979,,10.1,1
12.2,0.18,0.59,10.4,0.012,35.7,197.9,1.0015,3.19,11.4,0
6.7,1.5,0.25,5.1,0.167,20.7,198.0,1.0026,3.58,11.7,0
13.5,1.18,0.16,14.7,0.147,3.7,78.2,1.0004,3.58,11.0,0
6.3,1.57,0.08,6.2,0.108,54.0,61.4,1.0026,2.92,8.7,0
10.5,1.5,0.13,5.7,0.144,39.6,195.1,1.0004,2.96,10.6,0
13.1,1.11,0.69,6.7,0.143,71.4,239.8,1.0006,3.91,,1
9.9,0.42,0.31,2.6,0.02,21.1,193.8,0.9955,3.74,10.5,1
5.7,0.44,0.71,14.2,0.121,54.7,288.1,0.9916,3.53,8.8,0
9.8,1.32,0.73,1.7,0.065,6.2,211.7,0.9917,3.73,12.4,1
5.6,1.02,0.23,11.9,0.167,22.1,8.8,0.9958,2.99,11.7,0
6.4,0.24,0.37,11.5,0.033,38.0,133.9,0.9939,3.61,13.6,1
12.5,0.53,,14.2,0.038,,277.0,0.9972,,11.6,1
14.4,0.22,0.52,5.1,0.029,52.9,114.7,0.9929,3.42,8.2,0
5.8,0.79,0.64,3.3,0.117,6.1,114.7,0.9977,3.8,13.2,0
11.2,1.34,0.97,3.7,0.167,44.1,31.3,0.9963,3.85,14.9,1
5.3,1.09,0.91,1.2,0.161,12.0,84.5,0.9967,3.69,13.3,1
7.5,1.18,0.81,1.3,,69.4,65.1,0.9929,3.11,12.1,0
15.6,0.29,0.62,11.4,0.024,53.4,103.9,,3.29,9.1,1
14.5,0.87,0.55,10.6,0.132,61.9,44.5,0.9906,3.97,13.1,1
5.1,0.88,0.3,7.1,0.047,49.4,122.4,1.0009,3.43,14.1,1
13.6,0.87,0.87,14.0,0.051,48.8,83.0,0.992,3.6,14.0,1
6.2,0.95,0.84,8.5,0.039,14.8,226.8,0.9984,3.71,11.3,1
9.6,1.55,0.83,1.6,,21.3,152.9,0.999,3.24,8.3,0
13.1,1.5,0.1,14.3,0.122,60.3,142.9,0.9954,3.24,,0
10.4,0.76,0.91,11.1,0.016,48.1,40.8,0.9944,3.32,14.1,1
12.6,0.63,0.43,1.1,0.14,57.3,288.6,0.9992,3.04,14.5,0
5.9,0.45,0.01,7.2,0.172,68.3,70.3,0.9939,3.77,9.0,0
11.7,0.95,0.0,7.7,0.119,62.4,195.0,0.9938,3.65,8.8,0
9.8,1.25,0.67,7.8,0.186,33.3,253.2,0.9967,3.66,12.3,0
7.3,0.76,0.74,6.8,0.15,63.6,52.7,1.0029,3.49,,0
14.8,0.33,0.31,13.7,0.193,51.2,82.1,0.9985,3.43,10.4,1
7.6,0.23,0.62,4.8,0.175,5.8,141.9,0.9905,3.71,,0
6.6,0.1,0.03,6.7,0.173,67.8,127.4,1.0038,3.46,12.8,1
11.2,,0.77,3.2,0.166,13.4,112.5,1.0009,3.38,10.2,0
8.0,1.4,0.8,6.7,0.199,55.8,202.8,1.0,2.94,9.0,1
10.4,0.98,0.26,6.0,0.065,19.0,47.9,0.9933,3.64,13.3,1
6.7,1.28,0.66,9.4,0.175,24.6,69.9,0.9924,3.25,8.1,0
14.0,1.19,0.32,7.2,0.191,55.2,147.7,0.9951,3.25,13.3,0
13.8,0.37,0.84,3.7,0.053,36.2,143.4,0.9938,3.84,11.2,1
6.1,1.05,,14.3,0.142,40.5,143.9,0.9934,3.94,15.0,1
,1.5,0.89,6.4,0.197,53.6,20.2,0.9927,3.18,10.3,1
5.2,0.51,0.74,8.5,0.045,45.8,16.3,0.993,3.5,14.0,1
13.5,1.18,0.2,14.7,0.168,33.1,66.2,1.001,3.82,12.1,1
12.7,0.54,0.19,4.4,0.022,68.8,266.2,1.001,3.37,8.7,0
8.2,0.63,0.25,3.7,0.064,65.2,83.6,0.9916,3.48,8.7,0
5.9,0.97,0.02,6.8,0.17,52.3,289.8,1.0014,3.52,9.7,0
14.8,0.57,0.48,12.0,0.174,63.8,91.3,0.9915,3.15,14.9,1
12.5,1.0,0.73,14.5,0.195,14.2,91.6,0.9966,3.33,10.8,0
14.6,0.38,0.76,6.7,0.127,24.8,98.8,1.0016,2.94,10.0,0
9.8,1.43,0.67,9.6,0.054,9.9,197.4,0.9963,3.7,11.2,0
15.1,1.07,0.04,14.1,0.143,56.0,35.5,0.9962,3.91,13.7,1
13.7,1.1,0.23,11.6,0.065,48.0,267.5,0.9984,3.08,11.6,1
11.6,0.94,0.89,12.1,0.087,2.4,109.0,0.9989,3.94,11.8,0
13.6,1.18,0.38,12.7,0.184,61.6,247.0,1.0018,3.12,14.2,1
12.4,1.38,0.14,14.6,0.011,3.4,96.1,1.0036,3.65,9.2,0
7.9,1.09,0.75,,0.171,39.6,50.0,0.9926,3.58,9.6,0
13.3,0.72,0.18,11.9,0.09,31.7,45.4,0.9914,3.11,14.2,1
9.7,1.11,0.45,8.2,0.126,58.9,174.6,0.9984,2.91,12.9,0
10.6,1.45,0.65,3.2,,33.9,249.3,0.9998,3.47,13.3,1
7.0,0.8,0.12,6.5,0.163,26.6,210.9,1.003,3.11,9.3,0
15.6,1.48,0.06,8.4,0.022,47.6,120.0,1.0013,3.84,8.6,0
8.7,1.14,0.58,1.1,0.042,54.5,78.9,0.9935,3.83,14.9,1
15.4,0.18,0.18,11.4,0.148,60.1,166.8,0.9998,3.02,8.6,1
7.9,0.3,0.91,3.0,0.021,24.8,79.1,0.9981,3.01,8.1,0
9.2,1.03,0.64,6.9,0.152,71.3,154.3,0.9921,3.01,12.7,1
10.3,0.86,0.23,10.4,0.052,41.7,83.0,1.0009,3.97,13.0,1
4.9,0.1,0.49,1.1,0.176,,14.2,0.9934,2.94,13.1,1
8.4,0.53,0.36,14.0,0.063,55.5,229.2,0.9993,,14.7,1
12.4,1.3,0.23,13.9,0.161,59.9,68.7,0.999,3.3,9.4,0
14.3,1.31,0.19,10.3,0.117,23.5,160.5,0.9909,3.81,11.6,1
,0.46,0.53,9.8,0.155,19.8,69.4,0.9963,3.91,9.5,0
5.4,0.46,0.44,11.6,0.108,51.3,271.3,1.0032,3.35,10.9,0
16.0,0.22,0.1,6.2,0.054,66.9,202.9,0.9973,3.85,9.3,0
9.6,0.92,0.5,9.1,0.183,3.2,220.5,1.0027,3.25,11.0,1
7.6,0.25,0.89,12.6,0.196,25.9,192.9,1.0003,2.92,9.7,0
12.8,0.42,0.7,13.5,0.031,9.8,94.0,0.9935,3.51,11.4,1
4.7,1.3,0.8,2.7,0.017,48.0,40.3,0.9976,3.11,9.2,0
13.9,1.55,,7.3,0.028,48.3,73.3,0.9968,2.98,14.2,1
13.7,1.46,0.37,13.5,0.159,1.9,271.4,0.9931,3.56,10.9,0
13.9,0.13,0.7,1.4,0.085,57.0,116.1,1.0024,3.38,13.4,1
7.7,1.27,0.05,6.5,0.109,38.1,53.1,0.9901,3.83,11.7,0
13.9,,0.33,9.7,0.036,15.4,239.2,0.9924,2.96,10.2,1
5.0,0.34,0.23,8.6,0.157,52.0,132.0,0.9911,3.19,14.5,1
7.4,1.56,0.47,14.4,0.051,62.1,82.1,0.996,3.1,10.8,0
11.3,1.51,0.01,12.7,0.141,17.4,,0.999,3.08,12.1,0
11.4,0.19,0.08,10.2,0.012,2.2,160.7,0.9929,3.98,,0
15.6,0.66,0.07,3.7,0.185,70.1,149.4,0.9945,3.99,11.7,1
15.8,0.72,0.46,6.8,0.074,22.3,188.4,0.995,3.29,8.0,0
9.2,0.71,0.16,5.6,0.167,47.2,283.1,0.9906,3.18,12.2,1
6.1,0.37,0.77,,0.021,32.1,41.0,1.0019,3.73,11.7,0
9.5,1.58,,,0.166,42.6,238.1,0.9953,3.12,13.8,1
4.7,1.38,0.12,10.9,0.073,60.4,209.8,1.0007,3.43,13.1,0
8.3,1.43,0.23,12.4,0.062,22.3,146.7,0.9944,3.19,13.9,0
7.1,0.87,0.51,8.6,0.115,25.4,91.4,0.9999,3.49,14.2,1
14.0,1.4,0.67,11.5,0.03,7.8,115.2,1.0002,3.77,13.6,0
15.0,0.59,0.15,11.3,0.044,40.0,227.0,0.9935,3.54,11.2,0
14.1,1.57,0.61,7.0,0.197,69.2,,1.0,3.98,10.8,0
13.0,0.81,0.71,2.2,0.108,23.9,13.5,,3.17,10.5,0
11.0,1.42,0.98,9.3,0.189,64.5,72.6,0.9901,3.14,11.7,1
13.1,1.12,0.74,9.4,0.094,5.7,175.0,0.9953,3.96,9.4,0
7.8,0.24,0.22,1.8,0.012,26.9,48.0,1.0016,3.79,14.4,1
11.3,0.48,0.33,8.2,0.15,69.4,15.7,1.0029,3.61,14.6,1
14.4,0.33,0.04,1.3,0.072,56.0,35.6,0.9956,3.19,12.0,1
11.5,1.57,0.1,4.5,0.175,3.9,45.5,1.002,3.33,13.3,1
6.3,1.5,0.17,3.1,0.19,21.8,169.7,1.0016,3.47,14.1,0
7.3,1.08,0.28,10.2,0.198,6.8,210.6,0.9976,3.12,12.4,1
10.4,1.34,0.79,2.7,0.119,49.4,287.8,0.995,3.79,9.2,0
10.7,1.56,0.49,9.8,0.172,9.2,134.6,1.0,3.28,9.8,0
9.6,0.85,0.93,5.8,0.077,49.3,225.5,0.9906,3.67,11.7,1
13.9,0.1,0.92,12.4,0.109,2.1,193.6,,3.74,11.5,1
5.8,1.1,0.21,9.1,0.136,13.6,153.3,0.9998,3.28,9.2,0
9.8,0.64,0.36,12.3,0.19,41.9,124.6,0.9972,3.08,14.3,1
5.8,0.75,0.22,13.5,0.192,53.9,20.3,1.0021,3.6,11.2,0
7.6,0.23,0.0,1.8,,26.4,251.8,0.9901,3.43,8.1,0
10.0,0.54,0.48,14.5,0.146,2.3,261.2,0.9974,3.67,12.7,0
6.1,0.11,0.06,2.6,0.131,7.7,83.2,0.9906,3.5,11.1,1
5.5,0.32,0.06,9.0,0.038,29.6,23.2,1.0031,3.95,13.8,1
5.5_err,0.14,0.99,,0.019,46.6,161.9,0.99,3.09,14.5,1
11.9,0.79,0.1,9.9,0.05,56.1,286.6,0.9976,3.62,8.1,0
5.6,1.44,0.24,8.2,0.06,7.7,215.9,0.9926,3.12,14.5,1
15.6,1.49,0.42,1.5,0.107,24.6,195.6,0.994,2.99,9.3,0
8.3,1.21,0.17,3.5,0.024,15.3,97.6,0.9958,3.01,12.2,0
10.1,0.84,0.05,13.6,0.136,1.2,212.1,0.9927,3.64,9.8,0
15.3,0.86,0.3,12.3,0.076,43.0,82.4,0.9998,3.05,9.4,1
14.8,0.8,0.4,9.3,0.183,44.2,94.8,1.0014,2.95,13.0,1
6.0,1.16,0.74,4.9,0.053,3.5,147.4,0.9932,3.82,10.7,0
4.8,1.53,0.36,8.8,0.071,14.6,13.3,0.9924,3.99,10.8,0
13.2,0.33,0.95,7.6,0.102,,10.0,0.9913,3.94,12.9,0
5.7,1.09,0.67,13.7,0.169,27.9,131.6,0.9904,3.75,14.1,1
14.0,0.11,0.75,2.5,0.159,17.9,248.5,1.0025,3.52,9.6,0
4.7,0.97,0.02,1.8,0.172,31.4,59.3,1.0009,3.17,11.5,1
12.6,1.31,0.17,2.3,0.126,22.3,62.1,0.9984,2.94,12.4,1
6.2,0.38,0.39,12.0,0.048,68.4,128.4,0.9909,3.45,13.4,1
6.1,0.66,0.44,7.1,0.142,49.7,117.3,0.9961,3.15,11.3,1
14.4,0.58,0.32,10.2,0.099,13.2,167.8,1.0026,3.25,13.3,0
4.7,0.31,0.7,2.1,0.174,62.3,68.6,0.9985,3.67,9.8,0
,0.23,0.68,3.2,0.135,45.6,61.1,0.9938,3.35,8.4,1
6.0,1.18,0.49,9.3,0.067,67.8,167.4,1.0012,3.55,13.3,0
12.4,0.79,0.5,11.7,0.188,28.0,170.8,1.0028,3.07,13.4,1
13.5,0.15,0.33,6.9,0.165,34.0,114.5,0.9981,3.63,9.5,0
5.9,1.23,0.27,6.0,0.026,38.3,223.2,1.0021,3.56,10.2,0
15.6,0.64,0.55,5.5,0.043,26.6,92.7,0.9931,,12.7,0
13.2,0.72,0.47,13.0,0.086,40.9,221.7,0.9903,2.93,9.3,0
14.1,0.99,0.36,10.0,0.183,16.4,167.1,0.9964,3.43,14.0,1
10.6,0.12,0.96,4.6,0.184,37.5,255.6,0.9981,3.58,10.5,0
14.4,1.28,0.79,14.2,0.173,31.5,133.4,1.0006,3.85,12.6,1
9.4,0.13,0.7,1.8,0.127,30.3,184.3,0.9934,3.92,8.0,0
5.9,0.89,0.54,7.8,0.114,13.4,49.6,0.9983,3.1,13.0,1
9.1,,0.62,4.7,0.037,26.0,189.1,1.0013,3.7,12.2,1
7.3,0.11,0.33,11.0,0.192,38.9,45.3,0.9935,3.6,9.5,0
5.1,0.42,0.77,13.0,0.104,71.0,63.4,0.9916,3.64,11.6,1
9.2,1.48,0.71,4.9,0.149,29.0,41.1,1.0015,2.92,10.2,1
6.8,0.68,0.99,3.5,0.011,11.1,172.6,0.9949,2.96,9.1,0
7.8,1.52,0.34,7.0,0.061,47.5,238.5,0.9912,3.87,10.8,0
5.8,1.11,0.12,12.3,0.186,24.4,22.8,0.9901,3.91,10.7,0
12.9,0.53,0.3,8.7,0.145,15.9,32.2,1.0,3.45,9.4,0
4.6,0.73,0.05,2.1,0.036,51.1,191.8,0.992,3.52,13.3,1
9.2,1.49,0.2,13.0,0.189,23.5,153.6,1.004,3.45,11.5,0
12.1,0.52,0.3,3.3,0.154,40.5,224.8,1.0039,3.36,12.6,0
9.6,0.64,0.73,6.1,0.056,16.3,75.8,0.9919,2.92,8.1,0
8.9,0.68,0.2,10.8,0.168,59.8,,0.9982,3.46,10.9,1
8.4,0.94,0.35,2.6,0.034,34.7,263.0,0.9936,3.68,14.5,1
13.8,0.35,0.32,4.0,0.087,65.6,41.6,1.0018,3.31,12.3,1
7.4,1.39,,12.7,0.055,16.7,26.3,1.0013,3.79,12.4,1
5.2,0.73,0.56,11.8,0.052,10.8,93.1,0.9988,2.91,12.7,1
6.4,1.04,0.08,,0.195,23.7,238.0,0.996,3.74,8.7,0
14.6,0.89,0.28,8.7,0.097,51.6,167.1,0.9943,3.98,9.5,0
14.1,0.97,0.22,10.7,0.137,,70.0,1.0015,3.3,13.4,0
10.0,1.48,0.25,2.1,0.16,51.6,136.4,0.9972,3.46,11.9,0
7.4,1.42,0.76,7.3,0.073,22.3,76.1,0.9936,3.88,8.0,0
5.4,,0.95,2.6,0.145,48.5,191.2,1.0015,3.72,13.5,1
9.0,0.75,0.77,3.2,0.075,42.8,80.2,0.9903,3.82,14.6,1
11.5,0.1,0.24,12.3,0.041,43.6,216.0,0.9988,3.56,11.6,1
14.8,0.33,0.03,5.4,0.151,15.9,93.0,0.9948,2.91,13.7,1
15.9,1.22,0.05,3.2,0.046,47.5,136.4,1.0029,3.77,12.9,1
5.9,1.42,0.74,5.7,0.108,7.2,214.6,0.9991,3.76,11.5,0
12.3,0.61,0.93,9.8,0.097,44.5,281.1,0.9903,3.75,13.9,0
4.9,0.43,0.77,14.3,0.042,5.3,226.5,1.0014,2.98,9.4,0
5.6,0.45,0.68,8.9,0.042,55.5,161.5,1.003,2.91,9.4,0
11.3,0.44,0.36,4.2,0.033,38.8,,1.0036,3.95,10.3,0
14.0,1.51,0.63,2.8,0.192,52.7,236.2,0.9999,3.15,12.7,1
10.0,1.14,0.68,5.8,0.149,56.2,144.2,0.9937,3.06,11.3,1
11.5,0.67,0.72,3.2,,3.1,104.9,0.9919,3.28,11.0,0
6.5,0.62,0.62,3.3,0.127,37.4,180.0,0.9911,3.72,11.6,1
12.7,1.59,0.04,1.1,0.058,68.2,233.3,0.9943,3.81,11.2,0
9.8,1.47,,13.1,0.192,36.7,84.6,1.0029,3.8,9.9,0
5.9,0.25,0.73,3.4,0.028,57.6,101.0,1.0025,3.42,13.0,1
10.7,0.17,0.27,10.4,0.023,56.6,76.4,0.9987,3.08,8.6,1
8.9,1.23,0.87,4.2,0.058,22.9,163.1,0.9954,3.95,13.1,1
15.0,0.15,0.24,3.3,0.012,44.2,64.9,0.9924,3.49,9.1,1
12.1,0.96,0.53,12.6,0.181,9.7,169.4,0.9991,3.37,14.3,1
6.3,1.35,0.48,4.5,0.133,3.5,241.2,1.0,3.91,10.2,0
8.8,0.87,0.35,14.3,0.124,36.8,19.6,0.994,3.01,12.4,1
6.8,0.51,0.39,1.7,0.11,32.1,249.8,0.9939,2.96,14.6,1
15.2,0.29,0.11,10.7,0.05,70.9,20.8,0.9997,3.96,13.3,1
9.1,0.67,0.96,,0.061,18.0,67.3,0.9989,3.75,9.9,1
12.6,0.44,0.12,6.9,0.088,42.4,145.3,1.0037,3.09,10.0,1
7.4,1.07,0.32,8.7,0.05,39.8,80.9,1.0017,3.24,12.4,1
7.2,0.19,0.31,8.9,,7.1,253.6,0.9932,3.38,13.7,1
13.3,,0.86,8.6,0.186,58.3,271.9,0.9958,3.29,14.1,1
7.0,0.24,0.8,5.1,0.156,71.3,26.1,0.9987,3.23,11.7,1
6.4,0.74,0.1,12.4,0.1,35.6,186.5,0.9925,3.73,8.7,0
12.8,0.56,0.36,,0.03,4.5,101.9,1.0022,3.17,11.8,1
12.7,0.78,0.89,4.0,0.123,63.6,148.7,0.9933,3.39,14.3,1
11.0,1.24,0.75,9.7,0.192,18.4,179.9,1.0022,3.64,13.0,1
12.8,1.12,0.3,13.4,0.122,63.5,178.7,0.9924,3.41,,1
14.6,1.37,0.08,9.4,0.058,61.5,143.3,,3.35,10.3,1
9.7,1.02,0.65,2.7,0.149,47.4,54.6,0.9996,3.31,10.3,0
9.1,1.05,0.33,2.1,0.101,63.6,132.0,0.9993,3.82,13.1,0
8.8,1.37,0.9,10.6,0.062,4.4,220.0,0.9969,3.72,8.0,0
7.6,0.11,0.21,7.2,0.174,61.0,94.7,0.9926,2.92,,0
10.2,1.0,0.35,12.6,0.131,30.1,271.7,1.003,3.62,12.3,1
6.2,0.92,0.92,14.9,0.163,48.5,139.6,0.997,3.33,11.0,0
8.5,0.9,0.51,7.1,0.038,33.6,202.2,0.9934,3.82,9.6,0
12.1,0.51,0.96,13.4,0.026,50.2,207.6,1.0024,3.12,11.6,1
12.5,0.38,0.11,9.0,0.175,25.5,97.2,0.998,3.46,11.6,1
13.3,1.5,0.97,12.5,0.054,25.1,161.9,0.9912,3.84,9.6,0
7.8,0.72,0.61,2.6,0.017,16.2,275.8,0.998,3.06,14.3,1
4.8,0.15,0.53,13.3,0.087,38.8,93.8,0.9959,3.68,11.6,0
15.7,1.16,0.9,9.4,0.159,26.9,131.4,0.9999,3.83,12.3,1
15.3,0.73,0.99,7.0,0.165,45.6,216.3,0.998,3.85,12.8,0
11.2,0.18,0.56,13.9,0.041,32.1,251.6,0.9921,2.95,9.0,0
4.8,0.47,0.3,7.8,0.038,68.9,193.4,0.99,3.14,13.0,1
12.8,1.6,0.79,10.1,0.09,59.3,197.3,1.0004,3.16,9.7,0
14.5,0.28,0.03,4.6,0.113,41.8,134.7,1.0019,3.74,11.3,1
9.5,1.27,0.94,13.8,0.093,37.1,143.6,0.9904,3.64,10.0,0
7.6,1.19,0.04,4.1,0.102,67.6,258.9,0.9972,2.91,14.0,1
14.5,0.44,0.43,5.2,0.126,9.0,97.7,0.9982,3.44,13.1,0
14.9,1.31,0.03,12.9,0.012,58.9,77.8,1.0037,3.41,13.3,1
6.4,0.49,0.09,6.3,0.114,5.4,134.4,0.9932,2.94,12.5,0
9.2,0.92,0.63,2.8,0.048,70.1,107.5,0.991,3.95,8.6,0
11.5,0.69,0.69,10.1,0.159,,272.3,1.0007,3.78,11.5,1
10.5,0.67,0.19,2.2,0.124,35.0,206.3,1.0002,3.41,13.6,1
14.5,0.22,0.63,13.2,0.05,11.4,73.9,0.9951,3.6,8.1,0
,0.98,1.0,14.8,0.122,7.7,85.6,0.9946,3.3,11.5,1
6.3,1.13,0.58,2.1,0.064,66.6,246.9,1.0015,2.99,8.5,0
4.8,0.99,0.24,10.2,0.024,68.9,218.0,1.0027,3.2,14.2,1
5.9,0.46,0.32,7.2,0.015,4.2,151.0,0.9911,3.64,11.6,0
8.7,0.61,0.08,12.7,0.189,43.9,116.9,0.9999,3.54,13.5,0
12.9,0.14,0.49,12.6,0.187,55.4,77.6,0.9998,3.39,9.5,1
6.8,,0.72,4.7,0.082,53.7,124.0,0.995,3.73,14.9,1
13.7,1.38,0.69,8.2,0.095,30.2,91.2,0.996,3.67,12.6,1
5.3,1.35,0.9,13.4,0.035,32.0,144.0,0.9981,3.55,11.2,0
,1.43,0.86,9.9,0.091,44.9,126.1,0.9999,3.74,12.2,1
10.2,0.78,0.4,,0.037,66.1,10.2,1.0018,,8.3,0
6.0,0.48,0.54,5.3,0.191,57.2,257.3,1.0013,3.45,8.9,0
7.6,0.79,0.32,9.0,0.136,25.5,123.4,1.004,3.42,9.2,0
6.0,1.57,0.08,4.2,0.017,7.7,85.2,0.9938,3.51,12.3,0
11.6,0.53,0.12,11.0,0.092,50.2,184.2,0.9992,3.19,8.1,1
13.0,0.4,0.65,13.5,0.045,54.9,224.7,0.9913,3.45,11.9,0
11.1,0.46,0.94,10.7,0.031,17.3,176.0,1.0036,3.69,11.1,1
15.6,1.02,0.83,1.8,0.112,35.3,86.4,1.0006,3.12,10.7,1
11.4,1.14,0.57,6.5,0.151,31.4,134.3,0.9988,,13.4,1
5.0,0.47,0.45,9.9,0.137,12.3,159.2,0.9943,3.84,12.0,0
12.9,1.22,0.24,10.0,0.14,21.7,123.5,0.9938,3.57,14.1,0
9.8,0.85,0.18,11.3,0.119,67.7,113.7,1.0033,3.03,10.8,0
11.2,0.33,0.8,5.7,0.022,63.9,6.0,0.9909,3.18,11.5,1
6.1,1.22,0.04,7.4,0.063,21.9,279.2,1.0021,3.63,10.7,0
5.7,1.55,0.18,7.9,0.032,5.0,124.8,1.0024,3.91,12.7,0
8.8,0.65,0.8,2.7,0.148,29.3,91.9,0.9952,3.55,12.5,1
13.6,0.31,0.9,14.6,0.093,66.1,90.8,0.9919,2.94,9.8,1
6.0,0.55,0.38,2.9,0.068,32.5,141.0,0.9902,3.35,9.4,0
13.1,,0.43,12.5,0.194,59.5,196.7,0.9911,3.47,9.3,0
7.1,1.58,0.07,9.9,0.167,,65.0,0.9914,3.41,10.3,0
13.5,0.72,0.53,12.2,0.082,30.5,198.2,0.9988,3.7,8.1,0
9.2,0.88,0.19,1.8,0.022,44.6,75.9,0.9943,3.09,11.4,1
11.9,0.9,0.64,1.4,0.048,61.4,276.5,1.0004,3.47,11.9,1
5.5,0.96,0.09,8.3,0.027,68.4,154.8,1.0023,3.48,8.7,0
5.5,1.57,0.94,1.1,0.086,51.9,121.8,0.9924,,9.3,0
12.3,0.24,0.86,3.5,0.168,32.2,254.6,1.0015,3.99,13.1,1
15.2,1.09,0.18,12.5,0.116,30.2,107.5,0.9965,2.97,13.3,1
6.7,1.28,0.86,5.0,0.018,22.4,119.3,0.9977,3.49,13.6,1
13.5,1.04,0.71,11.3,0.061,29.9,119.3,1.0033,3.54,14.0,1
4.9,0.77,0.69,3.9,0.157,70.8,54.5,0.9927,3.56,9.9,1
15.4,0.96,0.17,14.9,0.136,7.4,186.9,1.0019,2.97,14.7,1
8.9,1.31,0.64,9.8,0.071,22.5,228.5,1.001,3.44,9.0,0
8.6,0.97,0.51,7.3,0.111,51.5,131.6,0.9934,3.75,11.9,0
10.5,0.72,0.7,2.2,0.017,62.4,215.4,0.9952,3.99,14.1,1
10.9,0.74,0.38,7.2,0.127,52.5,18.8,1.0026,3.51,8.3,0
16.0,0.43,0.53,8.3,0.153,28.0,144.9,1.0012,3.5,9.0,0
15.6,0.97,0.06,7.6,0.11,44.9,217.7,0.9999,3.25,8.2,0
11.1,0.21,0.67,4.6,0.074,33.5,24.4,0.9954,2.9,12.4,1
10.1,0.89,0.34,4.2,0.03,51.4,279.5,0.9918,3.53,11.3,0
,0.59,0.23,12.5,0.052,2.9,263.9,1.0021,3.6,11.0,1
11.8,0.82,0.43,14.0,0.055,43.6,167.7,0.9901,3.79,14.0,0
5.3,0.9,0.34,12.9,0.092,31.3,210.0,0.9901,3.27,9.0,0
8.1,0.69,0.57,3.8,0.012,57.5,193.6,0.9921,3.66,10.4,0
4.7,1.35,0.05,4.6,0.112,44.6,101.2,1.0002,3.82,14.7,0
7.2,0.4,0.69,6.7,0.026,21.4,161.3,0.9947,3.46,10.3,0
5.2,1.46,0.65,,0.096,57.0,60.8,0.9957,3.12,12.7,1
,1.6,0.55,2.6,0.155,17.3,246.3,0.9914,3.83,14.9,1
6.4,1.56,0.77,5.3,0.142,29.9,174.9,1.0011,3.68,12.8,0
5.9,1.41,0.53,9.9,0.083,67.6,56.5,0.9975,3.93,14.4,1
11.4,1.28,,2.8,0.088,38.3,163.9,0.9999,3.55,9.9,0
6.2,1.39,0.3,5.9,0.179,23.7,136.4,0.9972,3.61,14.2,1
4.7,,0.75,8.3,0.016,65.6,81.8,1.0008,3.38,10.7,1
4.5,1.18,0.14,5.4,0.071,12.9,172.5,1.0003,3.11,11.1,0
13.4,0.77,0.49,10.8,0.047,58.0,268.9,1.0029,3.19,13.4,1
8.3,1.14,0.2,1.0,0.165,14.0,30.8,1.0024,3.52,14.0,1
11.1,0.56,0.96,12.9,0.19,68.6,244.2,0.9988,3.56,8.3,0
12.5,0.38,0.45,10.2,0.139,45.5,289.1,0.9993,3.4,13.1,0
15.5,0.93,0.24,13.3,0.086,70.8,39.8,0.9947,3.69,12.1,1
9.6,0.44,0.6,11.6,0.18,20.5,276.4,1.0032,3.59,13.0,1
7.7,1.48,0.81,1.2,0.158,12.3,165.4,0.9956,3.22,8.3,0
14.0,0.14,,13.9,0.142,38.5,225.6,0.9946,2.96,9.2,1
15.6,0.85,0.49,14.0,0.088,8.3,161.5,1.0012,3.91,13.9,1
9.3,0.26,0.64,2.6,0.09,50.0,141.6,0.9941,3.62,8.5,0
13.8,1.31,0.53,,0.039,34.3,289.2,0.9949,3.32,11.0,0
13.8,0.64,0.01,10.5,0.101,6.9,102.9,0.9946,3.82,13.1,1
12.0,0.12,0.42,7.9,0.07,64.3,156.8,1.0012,3.41,13.8,1
4.6,1.56,0.81,6.1,0.194,40.7,274.6,0.9997,3.86,14.6,1
14.3,1.16,0.63,8.1,,26.7,119.3,0.9904,3.49,14.1,1
14.0,0.26,0.36,7.3,0.014,70.8,22.4,0.9964,3.72,10.5,0
12.7,1.16,0.37,13.7,0.159,70.6,58.9,0.9931,3.26,10.7,1
4.8,0.55,0.67,5.3,0.107,42.2,19.3,0.9904,2.93,14.7,1
8.8,0.67,0.73,11.8,0.098,5.4,12.5,0.9941,3.5,13.7,1
12.1,0.65,0.78,12.2,0.126,58.8,161.0,1.0032,3.52,9.6,0
13.6,0.3,0.8,1.3,0.11,28.9,,0.9925,3.44,14.0,1
13.1,1.5,0.14,2.1,0.102,58.4,262.7,1.0001,3.9,12.6,0
5.0,1.5,0.6,5.1,0.132,62.9,180.6,1.0006,3.57,9.0,0
14.2,1.1,0.12,11.0,0.023,51.5,,1.0027,2.99,,0
13.5,0.58,0.61,3.0,0.091,6.4,289.8,0.9917,3.52,8.7,0
9.8,,0.21,,0.091,49.8,143.4,0.9977,3.16,8.0,0
13.5,1.42,0.07,10.9,0.117,8.8,126.1,0.9961,3.38,12.6,1
14.9,0.15,0.35,10.5,0.035,36.8,241.4,1.0039,3.57,11.1,1
11.4,0.58,0.64,9.7,0.135,70.3,51.7,,3.63,13.2,1
10.6,0.15,0.73,2.6,0.042,23.5,45.3,0.9907,3.83,10.3,0
6.9,1.24,0.36,6.4,0.153,4.5,250.7,0.9978,3.46,11.2,1
13.1,0.44,0.28,11.5,0.119,70.4,122.0,0.99,3.13,11.5,1
12.0,1.53,0.73,8.3,0.038,2.5,234.7,0.997,3.17,10.1,0
4.8,0.18,0.54,3.3,0.071,19.7,260.9,0.9906,3.02,14.0,1
7.3,1.4,0.27,10.1,0.014,38.6,112.2,0.9925,3.0,14.3,1
14.8,1.23,0.07,8.8,0.171,38.8,126.7,0.9931,3.36,9.5,0
11.0,0.38,0.01,2.9,0.113,22.8,146.0,0.9908,2.94,13.9,1
4.9,1.32,0.81,10.4,0.147,46.6,157.8,0.9989,3.46,8.6,0
14.6,1.12,0.32,9.1,0.159,57.4,240.0,1.0003,3.34,12.5,1
5.7,0.71,0.76,3.9,0.036,60.9,276.7,0.9955,3.68,14.3,1
11.3,0.94,0.98,8.2,0.135,45.6,142.0,0.9996,3.44,9.4,0
5.8,0.33,0.77,3.4,0.061,37.9,30.2,1.0023,3.0,13.3,1
11.1,0.87,0.86,4.3,0.187,34.4,251.4,1.0011,3.26,10.0,0
15.0,0.88,0.8,5.0,0.105,19.1,255.3,0.9985,3.5,11.1,0
15.2,0.47,0.82,7.0,0.011,7.4,62.8,0.9913,3.79,8.4,0
5.9,0.89,0.82,5.5,0.071,15.2,277.1,0.991,3.22,13.2,1
10.4,1.05,0.25,10.9,0.137,19.5,252.2,0.9961,3.01,11.2,0
10.7,1.53,0.25,5.5,0.018,11.9,50.3,0.9988,3.24,14.1,1
8.6,0.52,0.02,6.4,0.01,29.1,263.3,0.9964,3.66,13.5,1
15.4,1.34,0.04,1.2,0.055,47.4,136.9,0.9946,3.56,11.9,1
11.3,0.88,0.42,5.5,0.025,,85.2,1.0021,3.68,9.6,0
9.6,1.33,0.42,10.4,0.179,58.7,209.6,0.9968,3.52,10.8,0
7.4,1.36,0.2,5.1,0.1,18.1,165.4,0.9927,3.86,13.0,1
11.0,0.49,0.69,2.7,0.072,25.9,244.8,0.998,3.75,11.1,1
8.2,0.5,0.9,7.7,0.103,65.5,52.9,0.9918,3.86,9.0,0
15.8,0.32,0.84,9.7,0.071,39.4,129.0,0.9959,3.52,9.4,0
7.8,1.13,0.5,1.5,0.148,36.7,231.2,0.9918,3.14,13.1,1
10.6,1.18,0.36,5.8,0.17,10.5,171.1,0.9977,3.23,10.4,0
8.7,1.53,0.79,11.8,0.114,20.2,29.4,0.997,3.99,15.0,1
11.9,0.69,0.87,12.1,0.018,13.2,157.1,0.993,3.47,,1
15.8,0.3,0.05,6.6,0.051,33.8,273.5,1.0025,3.13,13.8,1
13.1,0.75,0.93,2.5,0.1,62.8,60.9,0.9959,3.23,12.8,1
10.9,0.91,0.86,13.4,0.056,54.8,75.8,1.0031,3.13,13.4,1
15.4,1.49,0.86,13.8,0.033,2.9,280.6,0.9948,3.96,13.1,0
7.6,1.38,0.84,13.7,0.145,31.0,112.1,1.001,3.44,11.1,0
15.5,0.22,0.87,8.6,0.162,54.7,89.4,0.9944,3.43,8.1,0
6.9,0.18,0.27,8.6,0.118,4.1,221.5,0.9945,3.41,10.7,0
10.6,0.26,0.15,6.1,0.093,61.7,48.1,0.9926,3.72,12.0,0
8.0,1.48,0.27,9.2,0.028,56.3,288.4,0.9941,3.08,14.5,1
13.1,0.92,0.02,6.4,0.163,21.2,271.6,0.9983,3.03,10.4,0
5.9,0.24,0.54,7.2,0.117,15.1,289.3,0.9993,3.09,10.6,0
7.7,1.09,0.79,1.0,0.106,30.9,75.7,1.0,3.34,12.5,1
15.0,0.26,0.55,5.1,0.169,27.2,259.4,0.9941,3.57,10.7,1
5.3,0.51,0.15,3.5,0.061,43.5,92.3,0.9993,3.8,12.2,1
5.1,1.06,0.65,9.7,0.093,64.9,224.8,1.0005,3.15,9.2,1
7.7,0.69,,12.6,0.124,13.1,104.0,0.9933,3.66,8.6,0
12.3,,0.72,2.8,0.192,8.6,69.1,0.991,3.39,8.8,1
13.0,1.08,0.35,5.0,0.195,18.0,145.4,1.0018,3.82,8.5,0
5.1,1.39,0.23,14.2,0.133,30.2,165.8,0.9909,3.03,14.6,1
8.9,0.5,0.08,1.6,0.051,21.2,114.0,0.9936,3.84,9.8,1
14.3,1.54,0.83,12.5,0.013,45.9,238.9,0.9989,2.92,9.6,1
13.3_err,0.16,0.4,12.9,0.057,55.9,119.1,0.9964,3.14,9.6,0
15.6,0.2,0.14,5.6,0.012,29.7,13.5,1.002,3.63,12.0,0
7.0,1.51,0.77,10.2,0.049,31.1,47.7,1.001,3.36,12.7,0
15.0,0.29,0.16,2.6,0.071,61.9,30.0,0.9915,3.84,13.9,1
6.6,0.73,0.08,9.6,0.089,61.1,248.8,1.0,3.67,13.4,0
11.8,0.69,0.08,4.2,0.053,44.4,183.7,0.9985,3.1,8.7,0
12.1,,0.61,14.5,0.012,22.0,238.5,0.9923,,12.4,0
14.6,1.58,0.36,2.5,0.11,55.0,36.2,1.0018,2.9,8.6,0
8.0,0.72,0.86,7.7,0.083,48.4,172.4,0.996,3.01,9.3,0
4.8,0.73,0.01,11.3,0.136,10.9,145.8,1.0004,3.8,12.7,1
12.9,0.59,0.43,9.2,0.088,17.5,45.7,0.9993,2.96,9.2,0
11.8,0.69,0.23,1.7,0.118,19.4,284.5,1.0038,,13.8,1
7.0,1.32,0.38,13.0,0.035,30.9,182.1,0.9988,3.46,11.4,0
8.2,0.6,0.67,12.6,0.064,22.8,262.2,0.9921,3.48,14.2,1
10.1,0.65,0.65,6.7,0.079,41.3,231.0,,3.83,,1
6.2,0.12,0.81,11.7,0.083,71.1,217.7,0.9917,3.68,10.3,0
6.2,0.41,0.61,5.1,0.023,32.7,93.4,1.001,3.37,14.7,1
7.4,,0.42,5.3,0.164,69.3,30.2,0.9998,3.91,11.3,1
10.0,0.36,0.31,14.3,0.039,5.8,264.0,0.9927,3.62,12.7,1
15.2,1.1,0.52,4.6,0.081,60.9,203.1,1.0031,3.49,13.2,1
9.8,1.53,0.52,9.4,0.121,67.4,6.7,1.0026,3.92,10.7,0
13.1,0.41,0.08,5.1,0.087,41.7,231.0,0.9981,3.73,13.7,1
7.2,1.37,0.77,1.2,0.196,53.2,284.4,0.9993,3.14,11.2,0
5.8,0.48,0.69,6.1,0.094,5.4,185.5,1.0025,3.21,14.7,0
14.6,0.54,0.39,2.1,0.193,33.5,167.4,0.994,3.45,11.4,1
7.8,0.37,0.49,7.6,0.09,37.2,35.0,0.9924,2.91,11.8,1
8.4,0.88,0.97,2.2,0.036,60.2,6.1,1.002,3.97,,0
6.4,1.38,0.34,7.0,0.065,67.6,54.5,0.9968,3.57,8.9,0
7.2,,0.8,9.7,0.13,16.1,,1.0008,3.93,14.0,0
7.6,,0.21,12.4,0.06,46.3,109.9,0.9936,3.77,13.9,1
12.1,0.27,0.94,11.8,0.045,31.1,68.2,0.9984,3.18,11.0,1
7.3,1.02,,7.7,0.156,38.7,286.3,0.9925,3.17,14.6,1
6.2,0.46,0.53,14.4,0.043,13.4,178.9,1.0018,,11.9,0
4.5,1.32,0.86,4.5,0.012,32.5,99.5,0.9935,3.04,13.6,1
6.5,0.86,0.36,5.3,0.065,36.9,18.8,1.0036,2.99,10.7,1
6.3,1.37,0.35,11.8,0.183,14.8,83.1,0.9914,3.87,14.2,1
9.6,0.42,1.0,2.1,0.025,46.4,143.1,1.0023,3.89,12.6,1
,0.74,0.61,6.6,0.064,64.6,248.3,0.9902,3.59,12.9,0
7.2,0.16,0.62,8.9,0.111,17.0,41.5,0.9909,3.46,14.0,1
7.7,0.21,0.15,13.9,0.121,58.2,35.7,0.9959,2.99,12.7,1
14.0,,0.59,10.6,0.082,45.1,105.9,1.0006,3.39,11.8,1
9.6,0.33,0.84,2.0,0.033,43.6,115.8,0.9943,3.35,13.7,1
12.7,1.46,0.03,10.1,0.03,64.3,228.7,0.9944,2.9,8.7,0
6.1,1.27,0.25,12.7,0.095,37.3,98.3,0.9996,3.97,13.7,1
14.6,0.67,0.99,3.3,0.17,5.5,165.6,0.9902,3.75,9.1,0
15.9,0.45,0.3,10.2,0.139,51.2,125.0,0.9906,3.2,10.5,0
15.2,1.06,0.53,10.7,0.15,51.4,191.8,1.0036,3.87,11.6,0
13.2,1.28,0.09,6.3,0.143,46.7,256.1,0.9938,3.67,9.0,0
13.5,1.36,0.04,13.0,0.075,25.8,212.0,0.9981,3.18,9.9,0
15.6,0.33,0.47,4.8,0.11,10.2,67.2,0.9969,3.39,9.1,0
10.9,0.31,0.19,1.1,0.177,61.4,8.4,1.0025,3.91,9.2,0
10.1,0.28,0.4,14.4,0.129,,116.0,1.0022,3.12,8.7,0
8.4,0.4,0.59,9.4,0.199,61.9,23.1,0.9947,3.57,12.0,1
5.6,0.81,0.4,10.4,0.159,6.1,109.6,1.0012,3.4,11.9,0
6.7,1.1,0.51,12.6,0.162,35.1,223.7,0.9939,3.41,13.7,1
8.1,0.78,0.19,,0.112,10.3,40.3,0.9954,3.46,13.0,1
15.7,0.82,0.05,8.5,0.169,29.7,234.8,0.9936,3.97,11.4,1
13.3,0.57,,13.0,0.134,35.8,196.3,0.9975,3.49,9.2,1
11.8,1.45,0.25,13.4,0.116,29.1,80.4,1.002,3.31,14.8,1
9.3,0.95,0.44,11.6,0.153,56.5,14.1,0.9973,3.84,12.0,0
14.7,0.15,0.83,6.7,0.127,33.7,106.5,0.9994,3.61,8.7,0
9.2,0.53,0.87,10.8,0.105,6.8,235.9,1.0016,3.81,10.9,0
,1.2,0.76,8.9,0.167,62.4,142.3,1.0034,3.25,11.0,0
11.9,0.79,0.75,9.5,0.194,15.4,112.5,0.9975,3.83,11.1,1
15.3,1.48,0.41,11.3,0.049,44.6,249.5,0.9956,2.92,14.9,1
13.6,0.81,0.6,10.3,0.088,10.2,232.0,0.9961,3.7,9.4,0
10.6,1.15,0.19,4.6,0.043,39.1,181.1,1.002,3.39,9.4,0
12.4,1.05,0.01,7.0,0.194,9.5,89.3,1.0001,3.08,10.4,0
4.5,0.17,0.58,14.0,0.191,46.5,103.2,0.9998,3.89,12.8,1
12.5,0.63,0.94,,0.105,60.2,166.7,0.9974,3.92,10.6,0
13.4,0.85,0.97,13.3,0.117,71.2,241.1,1.0033,3.35,9.5,0
7.4,1.01,0.71,3.0,0.196,,47.6,0.9987,2.94,14.6,1
14.4,0.76,0.19,3.7,0.064,32.4,63.5,0.9946,2.97,14.5,1
6.8,0.35,0.58,6.2,0.017,36.9,257.2,0.998,3.32,10.5,0
15.1,1.44,0.96,5.9,0.054,62.7,113.9,1.0003,3.61,12.0,0
5.2,0.9,0.22,13.9,0.184,65.3,274.4,1.0037,3.02,10.9,0
16.0,0.27,0.46,13.8,0.017,14.9,259.1,1.0008,3.51,11.1,0
6.1,0.12,0.46,9.1,0.11,6.2,59.4,0.9929,3.72,13.7,1
5.7,1.08,0.73,3.8,0.102,51.0,283.7,0.9993,3.47,12.6,1
8.5,0.79,0.88,14.3,0.182,70.4,129.5,1.0011,3.95,9.8,0
11.4,0.19,0.59,11.7,0.148,20.1,150.3,0.9955,3.98,13.9,1
7.1,0.2,0.36,12.8,,23.2,117.6,0.9934,3.31,11.1,0
9.4,0.15,0.78,1.6,0.054,60.5,231.2,1.003,3.19,8.4,0
10.5,0.31,0.3,5.0,0.181,68.4,29.3,0.991,3.67,12.7,0
11.7,1.14,0.67,2.4,0.086,12.8,46.1,1.0036,3.07,14.5,1
6.6,0.66,0.76,1.7,0.023,46.9,230.1,0.9997,3.71,14.9,1
5.7,1.34,0.47,1.4,0.089,29.2,180.3,0.9992,3.41,10.6,0
8.6,1.53,0.39,13.0,0.128,52.8,203.6,0.9963,3.68,14.7,1
15.3,0.23,0.35,11.0,0.065,9.1,92.6,0.9914,3.4,9.0,0
15.9,1.02,0.06,12.6,0.177,37.7,168.4,0.9983,3.05,9.2,1
8.7,0.14,0.88,12.7,0.184,22.9,214.0,0.9929,3.25,11.0,1
7.4,0.58,0.88,2.0,0.145,6.7,160.8,0.9985,3.44,13.4,1
14.6,0.51,0.27,7.7,0.031,1.9,216.9,1.0039,3.73,11.2,0
5.8,1.58,0.54,5.1,0.086,3.7,281.1,0.9903,3.66,10.1,0
6.1,0.52,0.53,,0.119,42.6,267.0,0.9918,3.32,11.3,1
9.8,1.2,0.51,14.1,0.127,37.8,9.0,0.9946,3.03,9.5,1
13.9,0.14,0.15,9.7,0.084,60.5,10.9,0.9959,3.04,13.8,1
12.5,1.5,0.53,14.9,0.117,42.1,164.7,0.9987,3.36,9.6,0
10.3,0.31,0.14,7.7,0.08,12.7,62.5,0.9984,3.0,9.3,0
15.3,0.24,0.26,3.8,0.043,6.6,52.8,0.9973,3.16,10.5,1
12.7,1.51,0.11,13.2,0.166,5.0,91.1,1.0018,3.67,10.5,0
14.4,0.22,1.0,13.2,0.154,13.8,13.6,0.9998,3.01,13.8,1
7.3,0.91,0.19,10.4,0.078,48.2,236.2,,3.35,8.4,0
13.1,1.12,0.33,1.5,0.105,13.6,213.3,0.9924,3.76,11.7,0
7.3,0.88,0.85,6.5,0.114,69.3,277.8,0.9965,2.94,8.9,0
13.5,1.06,0.4,13.9,0.046,1.6,288.7,1.0039,3.52,9.3,0
10.3,0.85,0.03,5.1,0.181,67.0,121.7,0.9918,,11.3,0
15.7,0.83,0.61,13.6,0.055,67.6,65.3,1.0001,3.17,13.1,1
4.8,0.71,0.0,1.1,0.147,64.9,75.0,1.0018,3.33,13.1,1
9.8,0.91,0.72,,0.097,23.4,182.3,0.9959,3.54,14.6,1
15.7,0.22,0.34,4.5,0.076,28.9,224.2,0.9973,3.79,11.3,1
14.8,0.66,0.29,7.3,0.171,13.4,,1.0007,3.08,10.8,0
7.3,0.77,0.32,2.2,0.016,57.0,84.1,0.9981,3.81,10.4,0
12.6,0.8,0.91,4.8,0.029,33.4,170.6,0.9972,3.43,10.3,1
14.9,0.78,0.22,7.1,0.102,29.6,274.6,0.9939,3.5,14.8,1
14.1,1.04,1.0,1.6,0.148,50.5,230.9,0.9959,3.65,12.5,0
13.7,0.75,0.76,11.4,0.193,29.6,,0.9918,3.95,8.7,0
14.3,1.17,,5.9,0.16,16.4,261.6,0.9946,3.02,11.9,1
14.4,1.57,0.67,9.9,0.024,43.3,90.7,0.9991,3.65,8.2,0
7.4,0.98,0.66,4.3,0.152,52.7,147.6,0.9976,3.58,8.2,0
14.7,1.39,0.36,1.1,0.06,58.1,104.2,,3.79,9.9,0
15.2,1.11,0.34,4.5,0.1,70.7,206.5,0.9973,3.48,13.4,1
6.4,0.38,0.24,14.7,0.17,2.6,97.8,0.9901,2.98,10.0,0
8.4,0.35,0.85,1.5,0.152,9.6,251.9,1.0038,3.78,9.1,0
5.3,0.99,0.32,12.9,0.044,31.5,101.0,0.9915,3.15,10.3,1
12.1,0.37,0.8,4.4,0.03,24.2,229.6,0.9977,3.19,11.4,0
6.8,0.22,0.43,4.4,0.167,27.5,125.8,0.9934,3.21,12.2,0
6.2,1.58,0.47,12.5,0.192,23.8,23.8,1.0023,3.04,9.1,0
10.4,0.89,0.86,9.3,0.032,68.2,278.5,0.9901,3.3,9.8,0
13.3,0.87,0.94,2.6,0.09,56.1,252.0,0.9979,4.0,13.8,1
10.2,1.26,0.42,1.1,0.169,44.2,213.4,1.0005,3.98,12.3,0
14.1,0.96,0.76,1.2,0.032,28.6,197.7,0.9938,3.84,14.1,1
7.1,0.8,0.06,7.6,0.085,70.3,59.4,0.9988,2.98,11.6,0
9.4,0.79,0.3,8.6,0.051,33.9,96.9,1.0031,3.58,13.0,1
15.3,1.54,0.74,13.7,0.047,60.6,42.3,1.001,3.96,10.1,0
5.0,0.15,0.1,8.1,0.199,67.6,86.0,0.9917,3.98,12.5,1
8.2,0.5,,9.2,0.1,60.4,238.6,1.0,3.81,9.4,0
12.3,,0.32,14.6,0.034,56.1,211.1,1.0031,3.18,12.8,1
6.4,0.12,0.25,2.8,0.197,48.4,50.9,0.9919,3.2,10.0,1
16.0,1.11,0.83,5.5,,35.2,143.2,1.0002,3.3,8.2,0
15.3,0.85,0.69,1.4,0.079,17.6,189.8,0.9988,3.71,11.2,1
9.6,0.93,0.93,7.9,0.12,51.6,227.9,1.0029,2.95,13.4,1
9.1,1.06,0.62,14.4,0.197,57.7,124.1,0.9945,3.26,9.6,0
12.0,0.77,0.23,1.9,0.167,20.1,277.5,1.0033,3.8,13.2,0
10.2,0.58,0.79,12.1,0.026,56.6,173.3,0.9914,3.98,12.4,0
15.0,1.23,0.2,5.9,0.012,4.5,235.5,0.994,3.38,14.9,0
10.0,1.18,0.46,12.6,0.041,3.8,270.8,0.9908,3.72,13.3,1
,0.51,0.74,5.1,0.022,12.8,154.5,0.9931,3.44,11.8,1
9.9,1.0,0.19,13.6,0.061,51.0,232.1,0.9911,3.05,11.4,0
10.6,1.22,0.41,12.6,0.15,17.7,184.0,1.0024,3.5,10.7,0
7.3,1.01,0.57,,0.182,46.2,63.9,1.0038,3.5,11.4,0
7.8,0.48,0.37,3.6,0.18,30.8,245.8,1.0004,3.63,10.2,0
11.3,0.55,0.54,6.9,0.183,15.6,278.7,1.0014,3.7,8.3,0
8.7,0.16,0.45,5.3,0.171,46.5,66.7,0.9954,3.46,13.6,1
5.1,0.41,0.54,3.6,0.02,36.5,,0.9951,3.56,13.6,1
10.0,0.57,0.04,14.6,0.047,29.0,127.3,0.9975,3.83,,0
14.2,1.29,0.58,10.3,0.011,66.7,242.9,0.9997,3.15,9.5,0
9.3,0.68,0.82,7.8,0.025,55.5,272.2,0.9933,3.7,8.7,0
10.8,1.54,0.48,8.8,0.123,6.5,267.9,1.002,3.94,12.8,0
14.4,1.58,0.05,9.0,0.18,70.1,19.0,1.004,3.93,8.3,0
6.3,0.77,0.54,2.2,0.183,51.2,20.1,0.9913,3.36,12.8,1
10.8,0.92,0.34,14.5,0.058,10.3,150.5,0.9913,3.7,9.1,0
14.2,0.41,0.22,14.5,0.038,28.1,26.6,1.0034,3.07,13.5,1
5.0,0.92,0.25,10.9,0.153,67.5,,0.9914,3.52,14.7,1
8.8,,0.78,14.2,0.184,21.5,69.6,0.9947,3.19,12.2,1
11.4,1.22,0.39,9.9,0.148,29.7,53.8,1.0035,3.15,12.5,0
6.0,0.96,0.14,9.8,0.167,69.7,30.7,0.9928,3.06,10.2,0
7.2,1.31,0.43,6.8,0.109,43.5,268.2,1.0013,3.94,9.7,0
8.7,1.57,0.52,11.4,0.181,21.7,160.8,1.0005,3.65,8.2,0
7.6,0.36,0.77,12.5,0.029,71.2,126.0,0.9972,3.05,11.7,0
9.5,0.79,0.94,11.6,0.018,27.3,186.6,0.9989,3.7,8.1,0
11.1,0.11,0.83,4.7,0.124,34.7,61.8,0.9952,3.59,10.0,1
14.5,0.2,0.53,14.0,0.14,24.7,289.9,0.9916,3.98,10.9,0
14.0,1.52,0.88,3.5,0.187,35.2,191.8,0.9926,2.96,8.4,1
15.7,0.34,0.56,1.1,0.078,44.8,146.9,1.0012,3.42,12.9,1
14.1,0.85,0.54,6.4,0.166,63.7,36.1,0.9914,3.8,10.4,1
15.6,1.15,0.88,12.8,0.168,58.1,126.0,0.9957,3.09,13.4,0
14.0,0.47,0.25,14.4,0.151,34.6,239.2,0.9936,3.76,12.9,0
15.9,0.47,0.31,2.1,0.123,35.4,107.4,0.993,3.17,14.5,1
8.6,1.2,0.85,3.7,0.042,44.2,277.4,0.9918,3.06,9.4,0
15.4,0.15,0.88,4.5,0.1,66.8,125.2,0.9998,3.23,9.5,1
7.0,1.15,0.56,5.8,0.087,67.1,129.5,0.9933,3.37,13.0,1
11.3,0.88,0.23,10.1,0.103,61.8,110.7,0.9951,3.79,13.8,1
14.1,1.3,0.81,2.7,0.06,14.4,31.6,0.9998,3.73,10.3,0
13.4,1.53,0.02,,0.155,53.9,146.8,0.9906,3.14,9.9,1
13.3,1.02,0.04,6.3,0.101,52.9,34.9,0.9932,3.74,12.9,1
8.4,0.59,,1.0,0.072,5.5,150.1,,3.23,13.7,1
14.7,1.29,0.12,8.5,0.126,70.8,239.4,0.9966,3.57,13.9,1
9.4,0.28,0.82,2.7,0.163,59.1,203.2,1.0015,2.93,13.0,1
11.0,,0.61,10.6,0.186,66.3,45.7,0.9955,2.96,13.8,1
7.5,0.87,0.64,14.2,0.118,14.4,120.3,1.0026,3.56,13.4,1
6.5,0.59,0.55,10.3,0.084,63.1,97.3,1.0028,3.01,8.5,0
14.5,1.22,0.62,12.1,0.036,16.0,208.4,1.0003,3.88,10.9,1
14.4,0.85,0.73,10.4,0.03,6.3,13.3,0.9917,3.83,13.0,1
7.2,1.37,0.09,13.0,0.093,28.8,39.4,0.9964,3.34,,0
5.2,0.94,,1.9,0.196,53.8,134.1,1.0022,3.7,13.7,1
6.6,,0.8,2.1,0.074,44.0,274.3,0.9982,3.83,10.5,0
11.6,,0.17,1.9,0.081,39.7,221.3,0.996,3.75,10.7,0
7.8,0.67,0.36,1.2,0.18,16.3,163.1,1.0,3.92,14.9,1
8.5,0.14,0.35,2.7,0.109,33.8,222.9,,3.45,12.5,1
6.6,0.94,0.46,5.7,0.14,56.2,194.2,0.9926,3.4,13.4,0
12.3,0.7,0.86,9.6,0.062,27.4,241.5,0.9902,3.4,13.0,1
14.8,0.14,0.56,4.0,0.026,42.1,104.0,1.0039,3.48,9.7,0
13.4,0.81,0.57,11.8,,27.4,250.0,1.0017,3.59,11.6,0
6.8,0.71,0.86,6.8,0.149,36.1,240.2,0.9954,3.94,11.4,0
11.5,1.59,0.85,3.2,0.143,25.3,198.0,0.9918,3.54,8.6,0
12.4,1.38,0.13,5.5,0.176,63.1,246.8,0.9983,3.32,8.5,0
14.3,1.34,0.67,13.5,0.101,15.3,122.2,1.0032,3.34,13.5,1
14.3,1.14,0.13,7.7,0.137,30.7,187.5,0.9967,3.42,11.3,1
11.9,1.35,0.64,3.2,0.133,41.0,267.1,0.9937,,13.1,1
14.9,0.44,0.48,8.5,0.175,8.9,108.9,0.9961,3.85,13.6,0
15.1,1.13,0.08,9.1,0.086,36.4,127.8,0.9911,3.09,8.9,0
6.4,1.52,0.57,2.7,0.116,24.8,228.8,1.0018,3.1,14.1,1
12.3,0.78,0.88,13.2,0.117,23.0,150.5,0.9915,3.23,10.6,0
7.8,1.35,0.15,8.1,0.02,51.6,168.4,0.9939,3.51,11.5,1
7.6,0.79,0.83,10.3,0.2,68.0,289.8,0.9977,3.15,,0
11.8,0.28,0.12,14.4,0.191,18.2,49.1,0.9953,3.6,12.7,1
10.1,0.18,0.33,9.2,0.047,61.6,193.2,0.9959,3.36,12.4,1
14.6,1.25,0.06,11.7,0.12,51.2,76.5,1.0015,3.82,11.8,0
11.3,0.71,0.92,2.8,0.158,19.0,103.6,0.998,3.39,14.8,1
6.0,1.04,0.62,2.5,0.014,5.2,231.5,0.9931,3.47,12.6,0
10.3,0.85,1.0,2.5,0.049,23.9,284.4,0.992,2.94,10.6,0
9.9,1.38,0.06,5.0,0.183,,,1.0011,3.38,14.4,1
12.7,0.84,0.89,15.0,0.092,52.3,244.7,0.9946,3.44,9.5,0
10.0,1.01,0.43,6.3,0.191,1.1,242.7,0.9976,2.93,10.3,0
15.0,0.47,0.35,10.2,0.101,7.8,112.5,0.9966,2.97,11.8,1
13.9,0.37,0.65,3.8,0.108,59.1,97.0,0.9928,3.23,9.6,1
6.0,0.48,0.03,7.0,0.114,48.8,105.6,0.9932,3.33,13.3,1
9.3,0.35,0.84,3.6,0.167,17.9,62.1,1.0008,3.52,9.2,0
7.5,0.95,0.36,3.3,0.151,70.9,7.1,0.9968,3.82,12.0,1
13.0,0.86,0.96,7.6,,67.7,259.9,1.0035,2.96,14.1,1
11.8,0.99,0.42,7.7,0.115,27.9,134.4,0.9933,2.91,11.2,0
6.1,0.71,0.4,12.4,0.187,,108.7,0.9957,3.03,13.3,1
7.4,0.24,0.74,5.5,0.181,41.6,285.9,1.0035,3.58,10.8,0
13.2,0.18,0.19,14.7,0.166,23.0,183.4,0.9957,3.7,14.5,1
12.4,1.23,0.81,11.0,0.051,,141.9,,3.88,11.7,1
14.2,1.35,0.42,4.5,0.178,37.0,152.0,0.9907,3.54,14.0,1
9.0,1.34,0.61,3.2,0.065,5.9,9.5,1.0032,3.77,13.1,1
13.6,0.52,0.75,8.6,0.175,19.3,64.5,1.0035,3.94,11.3,0
11.0,0.52,0.25,9.2,0.081,71.1,128.4,0.9957,3.62,10.8,1
8.8,0.92,0.39,7.2,0.192,1.1,118.9,1.0036,3.48,9.2,0
9.2,1.19,0.2,5.6,0.13,2.0,202.1,0.9956,3.43,14.9,1
8.9,0.47,1.0,13.2,0.105,32.1,43.5,0.9973,3.12,10.0,1
13.4,1.13,0.85,9.3,,12.4,111.2,1.0024,2.99,12.7,0
11.5,0.93,0.18,11.5,0.154,58.8,159.9,0.9923,3.05,10.3,0
14.4,0.34,,4.6,0.187,50.1,47.2,0.9977,3.65,,1
11.9,0.41,0.65,11.5,0.192,40.7,48.3,0.9991,3.4,13.8,1
14.4,0.58,0.25,3.0,0.02,7.1,77.1,1.0023,3.15,12.2,1
13.7,1.48,0.18,6.4,0.105,3.8,132.0,1.0021,2.94,14.6,1
15.0,1.42,0.55,12.7,0.115,43.9,52.1,0.9989,3.94,8.7,1
12.5,0.42,0.7,13.0,0.145,2.0,65.1,0.9953,3.52,11.9,1
13.9,1.35,0.93,3.8,0.061,21.2,276.9,,3.48,13.6,1
10.7,0.71,0.37,11.6,0.118,19.9,129.8,1.0037,3.66,12.6,1
15.7,0.6,0.51,2.4,0.057,7.3,13.1,0.991,3.7,12.9,1
4.8,0.48,0.11,11.2,0.011,11.4,147.4,0.9948,3.87,10.8,0
8.5,1.17,0.83,9.2,0.085,35.1,80.4,0.9984,3.84,14.1,1
11.7,0.81,0.18,11.3,0.04,17.8,172.7,0.9966,3.21,9.4,0
14.9,1.58,0.21,5.5,0.076,40.9,65.9,0.9965,3.54,14.0,0
9.2,0.94,0.12,1.9,0.014,51.3,276.8,0.994,3.66,9.1,0
10.3,0.69,0.3,12.3,0.085,69.3,180.5,0.9965,3.94,13.6,1
11.8,0.63,0.65,12.2,0.197,,31.0,1.0034,3.29,11.4,1
14.3,1.03,0.58,4.0,0.137,21.2,46.0,0.9986,3.66,8.8,1
7.6,0.38,0.99,14.9,0.093,4.3,259.2,0.9975,3.98,10.3,0
15.0,0.93,0.08,10.4,0.024,50.8,265.4,0.9936,3.9,11.6,1
5.7,1.42,0.35,3.8,0.103,28.9,31.3,0.9923,3.44,12.4,0
7.7,1.25,0.45,12.0,,33.5,210.6,0.9901,3.02,8.3,0
5.4,0.52,0.42,1.4,0.11,38.9,65.8,1.0029,3.77,13.8,1
9.5,1.08,0.92,13.3,0.013,60.0,286.6,0.9966,3.4,13.7,0
5.1,0.89,0.48,7.4,0.068,11.6,30.0,1.0014,3.78,9.2,0
11.6,0.36,0.43,4.0,0.174,48.6,67.5,1.003,3.72,12.2,1
4.9,0.22,0.08,13.2,0.16,58.5,13.7,1.0016,3.18,13.6,1
14.0,0.63,0.43,11.3,0.113,12.2,214.6,0.9932,3.63,8.7,0
12.7,0.64,0.6,7.9,0.15,47.2,209.6,0.9968,3.82,14.2,1
6.4,1.31,,12.9,0.163,55.2,121.1,0.9922,3.23,10.7,0
6.9,1.12,0.04,10.2,0.183,22.7,207.0,1.0011,3.78,12.8,0
7.5,0.8,0.67,7.8,0.187,17.1,283.9,0.99,4.0,9.3,0
14.5,0.38,0.28,2.9,0.044,64.7,49.9,1.0039,2.98,9.1,1
9.3,1.03,0.79,8.4,0.108,37.6,151.3,0.9922,3.29,11.9,1
6.0,1.03,0.28,1.9,0.175,24.6,32.5,0.995,3.45,9.4,0
12.6,0.56,0.26,6.1,0.193,16.8,21.4,1.0026,3.53,13.2,1
12.2,1.53,0.02,14.6,0.034,67.2,60.6,0.9953,3.7,11.9,1
5.4,1.41,0.96,10.3,0.047,37.3,50.6,0.9929,2.9,10.2,0
6.8,1.43,0.68,9.7,0.029,62.7,123.2,0.9933,3.94,11.9,0
6.4,0.39,0.07,1.7,0.155,60.3,94.8,1.0003,,10.6,0
6.0,0.78,0.87,1.3,0.197,29.7,143.3,0.9991,3.41,9.8,0
4.8,1.29,0.78,2.0,0.101,68.2,112.2,0.995,3.71,10.0,1
8.2,0.5,0.65,11.9,0.132,61.1,79.8,1.0016,3.08,15.0,1
10.9,0.22,0.53,6.1,0.054,68.8,188.2,0.9981,3.99,13.7,1
5.4,1.02,0.93,13.7,0.188,9.3,64.4,1.0033,3.28,11.9,1
11.2,0.56,0.52,7.5,0.051,57.0,141.0,0.9913,3.27,9.2,0
12.5,0.5,0.04,9.1,0.082,38.8,118.8,0.9928,3.62,13.2,1
5.6,0.7,0.79,12.5,0.036,38.9,235.5,0.9919,3.63,11.3,0
13.6,0.92,0.25,2.2,0.037,56.8,234.0,1.0001,3.92,10.9,1
10.0,1.46,0.19,9.2,0.174,21.0,19.2,1.0039,3.54,12.4,1
7.0,0.6,0.68,8.4,0.08,43.8,15.1,0.998,3.94,14.5,1
9.5,1.06,0.9,2.9,0.066,55.7,130.6,1.0012,3.2,11.3,1
6.6,0.25,0.88,11.3,0.135,39.1,131.6,1.0024,3.9,10.1,0
5.3,1.58,0.06,7.2,0.052,25.0,200.4,1.0018,3.74,12.6,0
14.6,1.1,0.03,14.9,0.19,66.8,275.0,1.0031,3.06,14.9,1
11.8,1.2,0.31,2.8,0.195,16.2,133.2,0.9962,2.9,12.5,1
15.9,0.88,0.27,10.8,0.067,7.3,69.0,1.0015,3.19,10.3,0
11.2,0.13,0.81,9.5,0.192,52.7,144.5,0.991,3.21,14.3,1
8.3,1.45,0.52,12.9,0.106,34.1,179.9,0.9989,3.45,14.8,1
15.8,0.88,0.04,11.3,0.111,29.9,167.6,1.0017,3.96,13.7,1
11.9,0.29,0.91,7.2,0.063,20.1,224.5,0.9929,3.26,14.6,1
8.8,1.17,,11.3,0.068,13.1,250.7,0.9951,3.43,9.0,0
5.1,1.4,0.25,3.1,0.134,9.9,220.5,0.9962,3.83,11.2,0
5.1,1.32,0.67,14.6,0.052,26.1,159.4,0.9951,,12.5,1
9.3,0.86,0.75,5.5,0.035,68.0,125.8,0.9928,3.0,11.1,1
15.6,0.38,0.56,10.2,0.046,44.6,272.7,0.999,3.96,10.9,0
14.1,0.98,0.86,8.2,0.19,35.8,262.4,1.0033,3.65,11.6,0
5.2,1.59,,9.9,0.064,16.9,185.8,0.9974,3.13,13.6,0
11.4,0.11,0.53,8.5,0.13,52.1,119.0,1.0012,3.18,12.2,1
15.3,0.11,0.46,12.2,0.158,9.6,274.3,0.9962,3.17,14.0,1
13.9,1.07,0.88,4.9,0.12,38.0,40.2,0.9942,3.42,8.6,0
9.5,1.24,0.98,8.0,0.176,15.7,268.4,0.991,3.42,13.6,1
12.4,0.86,0.97,10.7,0.054,6.9,78.4,0.9948,3.44,12.3,1
7.0,1.12,0.48,14.5,0.164,31.9,181.7,1.0006,3.18,8.5,0
6.4,0.37,0.52,5.8,,17.1,55.5,1.0037,3.82,8.8,0
11.8,0.44,0.77,,0.08,23.5,169.7,0.9996,3.5,14.5,1
7.4,0.68,0.5,8.4,0.179,16.4,50.4,0.9991,3.88,13.7,1
,0.32,0.83,3.6,0.145,41.5,250.1,1.0015,3.99,12.4,1
14.7,1.39,0.58,6.6,0.068,51.6,121.7,0.995,3.27,8.6,0
5.1,0.73,0.85,12.2,0.069,9.1,142.9,1.0034,3.45,12.6,1
7.0,0.17,0.52,7.4,0.021,39.3,94.0,1.0005,3.0,8.3,0
,1.55,0.49,4.4,0.151,45.5,58.4,0.9997,3.29,13.2,1
12.9,0.83,0.97,13.0,0.011,52.9,162.7,0.9935,3.14,13.3,0
9.0,0.8,0.03,3.1,0.18,47.4,202.1,0.9943,3.56,10.3,0
10.2,1.24,0.27,11.7,0.041,33.6,103.5,0.9993,3.04,10.5,0
13.7,1.2,0.76,5.6,0.175,18.3,221.6,1.0027,3.16,11.4,0
8.1,1.55,0.34,14.7,0.043,41.4,261.7,1.0,3.28,13.1,1
10.0,1.02,0.59,8.3,0.128,52.4,127.2,1.0017,2.91,,1
11.0,1.21,0.83,10.5,0.087,27.7,280.4,0.9986,3.01,11.7,1
6.9,1.42,0.3,2.1,0.124,6.2,38.0,0.9996,3.05,,1
6.3,1.18,0.46,13.1,0.17,8.8,143.2,0.9932,3.21,8.5,0
14.5,0.71,0.02,3.3,0.042,43.6,276.6,0.9904,2.94,13.6,1
12.0,1.31,0.07,7.0,0.03,48.5,246.7,0.9952,3.38,13.7,1
12.7,0.76,0.54,13.0,0.078,19.9,,0.9908,3.13,10.7,0
6.3,1.6,0.47,5.9,0.038,25.4,72.6,,3.53,12.0,1
9.8,0.53,0.4,14.3,0.186,6.4,287.2,1.003,3.45,11.6,0
6.2,0.18,0.91,13.6,0.046,8.4,277.5,1.0023,3.66,12.8,1
,0.34,0.25,12.2,0.063,43.3,71.6,1.0036,3.37,10.8,1
15.1,1.56,0.1,2.7,0.126,34.1,117.4,0.9912,3.19,10.4,0
5.8,0.9,0.02,13.5,0.189,12.8,,0.9971,2.95,,1
15.0,0.68,0.63,9.8,0.177,44.7,,1.0037,3.87,14.7,1
6.2,1.4,0.66,9.4,0.067,38.6,115.3,0.9918,3.01,13.1,1
11.2,0.43,0.11,6.6,0.074,55.0,94.4,0.9968,3.39,13.9,1
11.5,0.17,0.45,6.5,0.163,18.8,213.2,1.0017,3.38,14.2,1
8.9,0.51,0.84,1.2,0.085,1.8,67.4,0.9929,3.87,10.2,0
12.5,0.14,0.45,8.3,0.078,67.3,222.1,0.9998,3.41,14.8,1
8.5,0.21,0.46,5.0,0.148,1.7,222.6,1.0012,3.22,,0
,1.19,0.34,9.5,0.095,25.6,136.7,0.9924,2.94,12.8,1
11.7,,0.76,10.6,0.14,65.4,213.2,0.997,3.3,9.1,1
11.7,0.51,0.9,8.1,0.196,24.2,,0.9969,3.46,12.1,1
13.5,1.1,0.03,10.7,0.09,23.4,145.6,0.9927,3.04,10.8,0
11.1,0.73,0.63,6.5,0.02,56.8,152.5,0.9947,3.51,14.5,1
7.3,0.37,0.94,2.4,0.194,11.6,91.4,1.0021,3.0,9.5,0
6.6,0.35,0.29,12.9,0.079,60.1,48.2,0.9952,3.72,11.3,1
13.6,0.18,0.41,11.2,0.123,56.3,60.2,0.9903,3.04,13.8,1
8.2,0.12,0.43,13.1,0.05,65.3,210.4,0.9928,2.95,13.8,1
9.9,1.0,0.63,5.6,0.153,31.8,109.2,0.9945,3.94,11.3,0
11.0,1.48,0.46,10.7,0.132,,266.2,0.9994,3.66,11.5,0
14.5,1.49,0.97,9.5,0.097,,75.0,1.0017,3.36,12.2,1
14.0,0.24,0.05,8.0,0.186,9.9,234.3,0.9908,2.93,13.4,1
8.3,0.99,0.69,6.8,0.093,14.6,135.8,0.9964,3.7,9.1,0
5.3,1.43,0.71,13.8,0.08,4.7,21.8,0.9935,3.05,8.6,0
5.8,1.12,0.4,12.6,0.188,67.0,28.0,0.9928,3.34,11.4,0
15.0,0.77,0.63,10.1,0.065,31.0,60.2,1.0014,3.98,14.8,1
15.0,0.22,0.92,3.6,0.136,49.5,229.3,1.0006,3.64,11.1,0
8.0,0.75,0.68,9.7,0.019,19.8,279.0,0.992,2.92,9.9,0
9.8,0.72,0.53,5.9,0.139,17.7,96.9,0.9925,3.27,15.0,1
14.3,1.04,0.79,,0.127,58.4,157.8,0.9945,3.65,10.6,1
4.6,0.76,0.55,4.7,0.055,31.1,239.3,0.9988,3.45,9.1,0
8.2,0.22,0.21,5.6,0.025,1.9,257.0,1.0007,3.31,9.3,0
6.5,1.4,0.24,7.9,0.093,29.7,131.7,0.9929,2.91,12.6,1
14.6,1.41,0.81,9.5,0.154,56.8,224.2,0.9956,3.21,10.8,0
11.5,1.07,0.37,8.5,0.018,23.2,79.8,1.0028,3.51,13.1,0
8.8,1.31,0.18,10.2,0.159,15.8,187.4,0.9959,3.37,12.4,0
,1.57,0.61,3.5,0.051,54.7,,0.9988,3.57,11.8,0
14.0,0.48,0.2,4.8,0.059,58.7,208.9,0.9956,3.26,14.3,1
13.1,1.19,0.72,14.5,0.2,26.4,27.2,1.0039,3.92,10.4,1
4.6,0.12,0.8,2.2,0.023,39.2,68.9,0.9946,3.31,12.6,1
8.2,0.85,0.28,3.4,0.127,41.2,208.5,1.0006,3.22,9.7,0
7.5,0.32,0.99,7.9,0.111,50.9,111.9,1.0029,3.27,12.7,0
10.3,1.12,0.18,10.1,0.2,57.0,226.1,1.0014,2.91,9.0,0
10.8,0.78,0.29,11.6,0.086,38.7,65.2,0.9998,3.21,10.6,1
9.8,0.68,0.29,,0.114,63.6,11.5,1.0004,3.72,11.2,1
15.2,1.13,0.25,5.6,0.045,23.2,217.7,1.0034,3.9,12.7,1
12.3,1.51,0.42,7.2,0.162,63.3,45.1,0.9963,3.43,10.5,0
11.9,0.45,0.33,2.1,0.077,,120.8,1.0028,3.4,11.9,1
10.2,1.58,0.61,9.1,0.023,4.1,197.0,0.9949,3.91,11.4,0
5.2,0.86,0.91,13.8,0.063,51.7,225.9,1.0028,3.33,8.1,0
,1.44,0.22,13.1,0.18,59.2,76.1,1.0025,3.89,9.5,0
9.4,1.24,0.41,2.9,0.125,20.1,248.8,0.9935,2.93,13.2,1
14.3,0.45,0.89,7.5,0.186,64.3,139.9,0.993,2.96,11.5,1
5.1,1.4,0.37,,0.019,23.0,70.2,0.9978,3.37,13.6,1
5.4,1.2,0.61,11.6,0.07,32.9,172.8,1.0029,3.16,9.6,0
14.3,0.26,0.5,10.6,0.131,56.4,79.8,0.9914,3.27,8.7,1
13.0,1.35,0.07,3.1,0.121,57.5,,1.0018,3.47,11.8,0
14.4,0.35,0.89,12.4,0.056,27.7,59.1,1.0004,3.75,12.6,1
12.0,0.88,0.96,11.1,0.026,8.9,89.4,0.9995,2.97,12.8,1
13.5,0.99,0.38,12.3,,59.6,175.2,1.0,3.86,13.6,0
7.5,1.02,0.42,12.7,0.167,54.1,149.3,1.0024,3.11,14.0,1
7.5,0.98,0.37,6.6,0.173,66.9,284.3,0.9903,3.4,10.6,0
8.9,1.36,0.92,11.2,,1.3,81.7,0.9965,3.57,11.7,1
15.2,0.58,0.72,13.4,,39.2,71.2,1.0039,3.53,13.5,1
9.2,0.27,0.88,3.1,0.086,69.3,167.5,1.0007,3.69,,1
14.9,1.46,0.67,8.5,0.191,37.6,262.5,0.9963,3.07,12.7,1
5.1,0.9,0.41,13.8,0.128,70.2,34.6,0.9958,3.33,10.7,0
10.8,1.13,0.24,8.9,0.111,31.0,144.7,1.0027,3.98,8.7,0
12.9,1.37,0.37,4.4,0.09,23.7,266.6,0.9957,3.12,14.7,0
10.5,1.03,0.81,10.5,0.021,51.3,267.6,0.998,3.88,14.4,0
8.0,0.66,0.62,9.2,0.124,22.6,51.0,0.9907,3.26,10.0,1
13.8,0.49,0.32,12.6,0.074,20.5,31.5,0.9931,3.44,12.0,1
13.3,0.36,0.69,4.6,0.162,55.0,41.1,1.0004,3.28,14.5,1
12.6,1.45,0.38,8.8,0.113,58.3,100.4,0.9901,3.13,9.6,0
10.1,1.41,0.52,13.6,0.166,1.9,187.9,0.9908,3.08,15.0,1
7.3,1.03,0.31,8.7,0.026,8.9,124.8,1.0032,3.59,11.1,0
14.6,0.37,0.01,7.6,0.139,37.0,260.6,0.9949,3.85,14.3,1
15.9,1.46,0.28,2.2,0.144,8.9,93.6,0.9989,3.79,13.3,1
,,0.85,4.4,0.185,8.7,215.5,0.9958,3.33,8.7,0
9.9,0.35,0.11,6.9,0.178,69.1,183.3,0.9961,3.73,8.9,0
8.2,0.76,0.39,13.4,,17.7,51.0,0.9955,3.81,14.7,1
7.5,0.94,0.75,7.7,0.074,21.9,281.6,0.9996,3.53,13.1,0
11.1,1.3,0.77,14.3,0.107,31.3,242.3,0.9936,3.75,11.8,1
14.1,1.22,0.55,7.4,0.133,52.7,212.3,1.0013,2.93,12.2,1
13.1,0.26,0.74,6.9,0.167,6.2,153.3,0.9976,3.88,8.9,1
6.7,0.38,0.16,7.6,0.192,38.4,109.4,1.0017,3.77,13.7,1
10.7,1.11,0.85,5.4,0.09,69.0,,0.9945,3.27,12.9,1
7.8,0.37,0.44,6.4,0.12,41.4,76.6,0.9978,3.6,13.2,1
12.1,1.37,0.27,11.8,0.101,51.1,105.2,0.9949,3.33,8.3,0
14.2,1.05,0.32,7.9,0.183,18.8,27.8,,2.96,11.8,1
4.7,0.73,0.35,13.6,0.158,59.3,37.7,0.9914,3.14,9.6,0
7.9,0.85,0.08,4.6,0.168,69.6,45.8,1.0009,3.22,8.8,0
12.8,0.26,0.3,3.1,0.049,32.3,85.4,0.9991,3.25,12.1,1
6.0,1.48,0.07,4.4,0.015,40.6,240.2,0.9929,3.05,13.8,1
9.9,0.51,0.15,10.8,0.083,71.6,60.9,1.0003,3.81,12.4,1
8.3,0.12,0.11,1.3,0.108,13.8,,1.0012,3.45,11.9,1
6.1,0.38,0.69,3.4,0.096,38.6,37.4,0.9912,3.05,14.7,1
6.3,1.28,0.65,10.7,0.156,49.4,156.6,0.9995,2.97,10.7,0
12.6,0.26,0.17,7.8,0.043,14.8,91.1,1.0011,3.41,13.9,1
12.8,1.35,0.08,8.9,0.146,64.8,197.0,0.9921,3.84,,1
11.7,0.97,0.37,8.7,0.165,8.0,37.1,0.9951,3.84,8.0,1
12.0,1.46,0.19,11.4,0.044,66.6,125.7,0.9902,3.27,13.7,1
10.1,0.21,0.5,1.5,0.065,41.0,85.8,1.0024,3.57,9.2,0
6.7,1.46,0.16,6.4,0.154,36.7,81.5,0.998,2.94,13.4,0
7.1,0.72,0.83,6.0,0.109,8.3,17.9,0.9953,3.15,11.2,1
8.5,1.32,0.24,3.4,0.091,53.9,44.8,0.9995,3.39,12.2,0
13.5,0.68,0.84,4.8,0.174,30.5,32.8,0.9935,3.25,8.9,1
15.8,0.25,0.77,13.5,0.137,62.3,146.1,1.0039,3.92,14.9,1
11.5,1.43,0.72,10.9,0.092,7.3,206.8,1.0029,3.32,13.9,1
10.2,0.13,0.57,10.7,0.129,66.1,116.1,0.9942,3.36,9.7,0
5.8,0.76,0.86,7.9,0.15,40.9,34.5,0.999,3.14,12.1,1
8.2,0.66,0.34,5.6,0.135,49.7,30.1,1.0002,3.58,14.6,0
6.7,0.63,0.87,4.8,0.146,54.7,157.6,1.0003,3.15,14.2,0
8.2,0.78,0.25,2.2,0.124,56.8,229.3,0.992,3.27,10.9,1
4.7,0.17,0.38,2.5,0.13,70.2,189.7,1.0023,3.31,13.4,1
5.2,1.17,0.03,5.2,0.061,56.9,241.5,,3.7,13.1,0
5.0,0.3,0.77,8.6,0.016,53.8,194.8,0.9945,3.68,12.7,0
9.0,0.54,0.24,8.3,0.025,61.6,160.4,0.9922,3.43,8.1,0
12.8,1.54,,2.3,0.063,10.2,285.5,0.9962,3.17,8.3,0
15.3,1.37,0.61,14.6,0.164,64.6,249.7,1.0039,3.65,9.6,0
10.8,0.86,0.27,3.2,0.178,24.4,92.9,0.9979,3.87,13.0,1
6.3,0.7,0.99,9.2,0.061,55.1,27.0,0.9995,3.16,10.0,0
11.6,1.48,0.38,14.5,0.153,52.4,255.9,0.9903,3.76,14.8,1
8.3,1.45,0.88,14.3,0.081,,39.7,0.9959,3.57,10.6,0
15.7,1.08,0.5,3.8,0.082,42.3,204.8,1.0025,3.71,11.0,0
4.8,0.57,0.65,7.9,0.028,68.6,44.5,1.0019,3.52,8.3,0
10.2,1.27,0.4,1.8,0.114,64.5,183.9,0.9945,3.71,10.4,1
10.9,0.98,0.66,14.8,0.098,42.4,274.3,0.9952,3.78,9.3,0
15.8,0.28,0.41,12.3,0.182,7.4,213.5,0.9987,3.74,12.1,0
13.5,0.3,0.87,1.6,0.108,58.0,134.4,1.0018,3.98,13.5,1
15.1,0.5,0.48,14.1,0.1,37.2,12.9,0.9942,3.31,10.6,0
4.6,0.95,0.57,5.2,0.041,64.1,262.7,0.9934,3.78,14.2,1
8.3,0.15,0.78,14.4,0.192,3.0,179.6,0.9915,3.69,10.9,0
5.0,1.39,0.45,10.7,0.071,48.8,284.1,1.0033,3.8,13.4,0
4.7,0.38,0.1,12.7,0.077,59.9,110.4,1.0027,3.15,9.7,0
6.3,1.28,0.02,9.1,0.161,8.8,59.8,1.0039,3.1,12.2,0
5.7,1.37,0.04,5.9,0.18,10.8,21.4,0.9948,3.15,14.3,0
6.8,0.63,0.3,3.0,0.195,23.7,209.4,0.9925,4.0,9.8,0
6.5,0.61,0.29,13.8,0.195,26.5,116.7,1.0006,3.93,9.4,0
10.0,0.31,0.88,3.4,0.066,48.6,18.3,1.0024,3.93,13.3,1
15.4,1.01,0.18,11.0,0.181,28.8,192.4,0.9941,3.7,8.8,1
9.5,0.57,0.76,13.0,0.08,66.1,67.7,0.999,3.26,11.3,1
8.6,1.05,0.13,12.5,0.088,43.9,50.2,0.9904,3.64,9.4,0
8.1,0.63,0.7,9.4,0.196,25.4,,0.9903,3.22,13.9,1
10.5,0.19,0.03,1.6,0.048,40.1,192.5,0.9933,2.98,12.5,0
10.3,0.83,0.63,10.3,0.013,30.7,127.1,1.0023,3.21,13.6,1
8.8,0.56,0.01,13.3,0.023,60.7,21.8,0.9907,3.54,9.8,0
14.5,1.4,,10.1,0.014,18.0,197.9,1.0,3.88,13.5,1
12.4,0.5,0.98,11.5,0.02,33.8,30.5,0.9952,3.5,8.7,0
13.7,1.59,0.94,3.3,0.032,47.9,122.9,0.9904,3.27,10.3,0
8.1,1.58,0.1,14.3,0.039,38.8,236.6,0.9957,3.1,9.9,0
11.6,0.18,0.83,6.7,0.061,35.5,174.3,1.0012,3.55,13.6,1
15.4,0.88,0.88,7.9,0.094,54.1,289.6,0.9993,3.61,10.5,0
10.2,0.96,0.95,10.4,0.188,18.2,139.4,0.9965,3.22,11.4,1
15.3,0.98,0.7,2.5,0.077,27.1,31.6,0.9931,3.38,10.3,1
7.3,1.14,0.79,5.8,0.056,56.3,152.6,1.0035,2.93,8.8,0
5.1,0.46,0.57,4.8,0.143,44.5,288.2,1.0002,3.22,14.0,0
14.3,0.94,0.01,6.4,0.176,60.8,228.6,0.9933,3.09,11.3,0
10.5,0.18,0.1,14.4,0.041,23.3,197.3,1.0009,3.84,14.2,1
7.1,1.5,0.72,6.5,0.16,18.2,124.2,0.9982,2.95,,1
9.3,1.31,0.49,,0.19,57.5,284.6,0.9966,3.74,10.3,0
4.5,0.8,0.8,11.7,0.123,51.6,139.4,0.991,3.37,14.7,1
8.7,0.84,0.41,11.3,0.164,19.8,173.9,,2.96,13.1,0
14.7,0.99,0.54,4.3,0.019,47.6,208.0,0.9924,3.18,8.7,0
11.1,0.36,0.53,14.7,0.142,56.7,86.8,1.0018,3.2,8.7,0
6.2,0.97,0.46,1.3,0.109,48.5,232.8,0.9991,3.55,11.4,1
8.3,0.36,0.91,3.4,0.111,6.5,243.8,1.0008,3.68,8.5,0
9.8,0.35,0.68,2.1,0.132,20.2,217.7,1.0026,3.52,12.8,0
8.0,0.98,0.98,10.2,0.136,47.1,123.6,0.998,3.21,10.9,1
7.3,0.61,0.08,5.1,0.049,17.5,250.4,0.9987,3.65,14.2,1
5.2,1.02,0.62,1.8,0.029,21.5,130.7,0.9925,3.76,10.4,1
13.0,1.45,0.83,5.9,0.17,28.2,119.1,0.9984,3.49,14.9,1
9.1,0.15,0.76,11.8,0.081,29.8,35.4,0.9973,3.73,13.9,1
12.7,1.21,0.57,4.1,0.196,53.3,281.7,0.9997,3.62,11.0,0
15.1,0.92,,12.5,0.069,44.2,213.6,0.9984,3.31,14.2,1
13.6,1.5,0.5,3.0,0.108,16.1,124.2,0.9981,3.17,8.6,0
13.8,0.66,,12.1,0.1,8.3,118.7,1.0035,3.2,13.4,1
13.8,1.15,0.43,7.4,0.045,69.4,118.3,0.9914,3.22,13.7,1
13.2,1.16,0.03,13.6,0.186,15.1,194.9,0.9979,3.56,9.7,0
5.6,0.3,,10.1,0.143,38.1,162.8,0.9988,3.66,10.8,1
6.1,1.15,0.63,12.9,0.114,55.5,187.3,0.9904,3.77,12.1,1
15.6,0.64,0.52,8.3,0.039,15.9,70.8,1.0038,,9.3,0
6.2_err,1.44,0.1,9.6,0.023,9.5,262.7,1.0031,2.91,10.7,0
4.7,1.56,0.39,13.2,0.061,4.0,62.5,1.0033,3.83,12.9,0
10.7,1.17,0.52,13.1,0.136,24.8,211.1,0.9966,3.21,11.6,1
14.5,1.45,0.63,11.5,0.162,57.9,183.2,0.9947,3.62,12.5,1
10.8,0.32,0.38,6.7,0.071,,19.2,0.9931,3.83,9.9,1
15.9,1.33,0.0,12.8,0.129,31.2,146.3,0.991,3.05,12.4,1
7.8,0.54,0.18,8.3,0.047,64.4,112.4,1.0028,2.95,12.3,1
15.0,0.36,0.69,14.1,0.042,48.7,221.8,1.0024,3.82,13.7,1
9.3,1.31,0.95,6.2,0.091,58.2,61.0,0.9998,3.54,10.9,0
13.0,0.22,0.4,9.4,0.199,27.3,94.3,0.9964,3.38,11.7,1
4.7,0.92,0.09,6.6,0.095,18.1,224.3,,3.16,13.2,0
9.1,1.28,0.42,13.6,0.094,44.5,258.7,0.9995,3.2,13.1,1
13.5,,0.84,11.3,0.176,15.8,153.2,0.9994,3.75,10.0,0
12.7,0.18,0.79,6.2,0.09,58.8,264.3,0.9969,3.05,9.3,0
7.9,0.53,0.37,12.4,0.023,65.6,230.9,0.9981,3.88,14.6,1
6.1,1.3,0.0,11.9,0.12,67.1,19.1,0.9903,3.38,10.8,0
13.7,0.28,0.33,13.1,0.104,39.1,148.9,1.0007,3.09,,0
7.7,0.55,0.76,4.9,0.144,10.7,256.3,0.9953,3.52,13.4,1
13.1,1.15,0.87,12.2,0.016,67.0,174.0,1.0004,3.07,14.8,1
9.7,1.41,0.44,12.5,0.038,48.8,88.9,1.0002,3.35,,1
12.2,0.68,0.03,13.9,0.095,19.1,243.5,0.9966,3.59,12.0,0
14.8,0.41,0.55,4.9,0.173,50.7,163.5,0.9938,3.01,13.6,1
5.2,1.53,0.1,4.5,0.194,40.7,160.0,1.0038,3.6,13.8,1
10.8,0.69,0.72,10.7,0.147,69.9,237.3,0.9974,3.33,12.0,1
15.4,1.38,0.63,7.4,0.02,60.1,74.3,0.9976,3.9,14.6,1
5.5,0.11,0.15,11.0,0.039,12.5,81.1,0.9909,,14.5,1
13.1,0.65,0.8,12.5,0.02,59.4,249.4,0.9905,3.91,10.8,1
5.9,0.6,0.32,8.5,0.156,59.9,95.9,0.9902,3.19,14.3,1
14.5,1.46,0.8,10.0,0.072,5.8,18.7,0.991,3.6,10.0,1
6.3,1.22,0.94,3.4,0.158,54.6,205.4,0.9945,2.99,9.4,1
13.3,0.46,0.51,10.8,0.039,20.5,25.6,0.9938,3.52,8.1,0
15.3,1.35,0.03,8.6,0.037,2.3,286.7,1.0037,3.68,13.8,1
15.6,0.5,0.44,5.7,0.132,44.6,208.7,0.9907,3.35,11.5,1
12.1,0.43,0.51,14.7,0.141,27.6,22.3,1.0012,3.16,9.1,1
7.9,0.43,0.26,6.0,0.018,63.2,240.9,0.997,3.1,,0
10.9,1.57,0.33,13.7,0.116,57.9,106.4,0.9966,3.16,13.7,1
6.9,0.71,0.27,10.8,0.085,39.9,140.5,0.9984,3.12,11.4,1
10.4,0.23,0.49,5.0,0.035,48.6,89.5,0.9909,4.0,9.1,0
15.8,0.85,0.14,5.2,0.114,3.3,137.1,0.9946,3.34,8.0,0
11.8,0.65,0.22,14.5,0.081,24.8,190.6,0.998,2.94,8.7,0
12.1,1.27,0.55,14.4,0.179,22.8,34.7,0.993,3.27,11.6,0
7.3,1.27,1.0,1.9,0.171,44.2,,1.0023,3.4,11.1,0
11.8,1.13,0.89,9.4,0.163,49.9,171.4,0.9928,3.13,14.5,1
14.2,0.16,,4.0,0.107,2.5,212.8,0.9916,3.44,12.8,1
11.6,1.43,0.02,7.8,0.158,47.9,190.2,0.9986,3.08,9.4,0
7.2,1.37,0.63,9.9,0.153,63.4,110.4,1.0017,3.09,9.8,1
13.8,1.1,0.53,3.4,0.105,9.2,71.5,0.9976,3.14,,1
6.1,0.45,0.45,13.6,0.099,12.3,64.9,0.9993,3.12,10.8,1
15.6,1.27,0.52,10.2,0.138,25.3,8.6,0.9975,2.99,10.9,1
13.2,0.78,0.54,10.3,0.025,63.8,45.5,0.9959,4.0,11.5,1
5.1,1.43,0.58,1.1,0.139,4.6,242.6,0.9955,3.16,10.5,0
9.4,0.39,0.04,5.7,0.175,35.4,260.7,1.0039,3.72,10.2,0
10.3,0.81,0.42,14.7,0.043,60.7,54.6,0.9939,2.99,9.3,0
14.7,0.37,0.57,14.9,0.098,24.6,235.3,0.9925,3.43,14.5,1
15.3,1.16,0.5,5.1,0.109,66.4,74.9,0.9921,3.06,13.4,1
15.9,1.45,0.73,5.2,0.024,40.2,237.5,1.003,3.02,11.3,0
12.7,0.99,0.99,3.3,0.037,28.5,289.7,1.0021,3.28,13.4,0
12.0,1.53,0.25,5.8,0.188,60.8,67.1,0.9973,3.71,12.7,1
11.4,1.33,0.57,5.9,0.07,60.7,168.2,0.9911,3.06,14.5,1
6.8,0.76,0.88,3.4,0.094,6.7,85.3,0.9929,3.18,11.1,0
10.0,1.6,0.64,4.2,0.045,58.1,96.9,1.0006,3.35,11.6,1
11.3,1.17,0.71,13.3,0.049,27.8,192.2,0.9977,3.79,8.4,0
14.8,0.4,0.01,9.8,0.01,31.2,289.5,1.0032,3.41,11.9,0
6.9,1.6,0.72,13.2,0.073,55.0,92.6,1.002,3.97,13.0,0
7.7,0.74,0.77,10.5,0.076,,149.9,0.9917,3.44,8.5,1
10.1,0.9,0.12,1.5,0.197,14.3,187.2,0.995,3.63,8.5,0
9.4,1.05,0.02,1.1,0.048,21.5,9.2,0.9902,3.65,10.5,0
10.3,0.56,0.47,14.9,0.137,,217.8,0.9907,3.14,10.0,1
11.2,0.46,0.22,7.8,0.011,34.8,265.0,0.9949,,12.2,1
8.7,0.54,0.84,12.4,0.104,65.1,129.2,1.0034,3.61,10.7,1
6.3,0.27,0.4,9.3,0.11,54.2,64.3,1.0005,3.2,8.4,0
12.3,1.35,0.82,13.1,0.184,28.3,257.7,0.9979,3.0,8.9,0
13.1,0.23,0.49,3.0,0.123,10.4,104.9,0.9927,2.93,14.4,1
12.6,1.16,0.13,6.2,0.198,44.8,73.2,0.9934,3.96,12.0,0
13.6,0.82,0.72,8.8,0.11,68.9,204.2,0.9987,3.75,13.2,1
9.1,0.41,0.89,11.1,0.181,58.0,274.2,0.9989,3.71,9.2,0
9.5,0.63,0.22,12.9,0.103,6.3,282.7,0.9941,3.04,13.4,1
10.7,0.68,0.86,5.1,0.159,19.0,196.3,0.995,3.75,11.6,0
10.2,1.22,0.95,5.7,0.197,,248.0,0.9938,2.92,11.7,0
10.1,0.6,0.38,5.1,0.12,40.3,192.6,0.9957,2.97,13.2,1
9.7,0.23,0.98,10.6,0.1,35.3,288.0,0.9938,2.96,10.4,0
12.6,0.55,0.83,12.0,,65.5,220.9,0.9908,3.17,8.3,0
10.2,0.35,0.22,10.3,0.034,6.8,256.6,0.999,2.93,8.2,0
4.9,1.19,0.91,14.0,,24.9,226.8,0.9928,3.81,13.5,1
15.3,0.74,1.0,8.1,0.045,67.5,23.7,0.9904,3.54,11.0,1
9.1,0.42,0.1,3.7,0.153,55.3,71.6,0.9981,3.17,9.5,0
12.2,1.29,0.79,12.8,0.04,54.0,45.6,0.9943,3.27,12.2,1
12.9,1.21,0.91,14.3,0.159,5.0,246.4,1.0017,3.91,10.2,0
13.3,1.38,0.62,4.0,0.147,2.3,150.6,0.9959,3.72,13.3,0
10.1,0.41,0.42,12.3,0.048,59.2,158.3,0.9975,3.08,9.4,0
13.5,0.81,0.26,6.0,0.077,35.1,265.4,0.9982,3.5,9.5,0
7.8,0.35,0.75,1.1,,53.8,262.3,0.9962,2.91,12.9,1
8.6,0.38,0.01,10.6,0.035,60.4,103.7,0.9949,3.49,9.1,0
11.9,1.22,0.96,2.3,0.149,39.1,72.8,0.9965,3.01,14.5,1
11.3,0.83,0.86,13.5,0.16,53.8,160.0,0.9975,3.1,11.0,1
12.3,0.71,1.0,6.3,0.121,23.2,282.9,0.9978,3.95,13.3,1
10.1,1.26,0.68,11.7,0.087,13.4,59.2,0.9989,3.38,8.0,0
14.2,0.31,0.84,6.7,0.048,38.1,261.6,0.9982,3.16,11.0,1
5.1,1.43,0.39,6.4,0.135,22.5,283.0,0.9928,2.93,8.2,0
7.5,0.89,0.26,7.2,0.076,34.5,129.9,0.9904,3.58,8.7,0
5.0,0.3,0.17,13.4,0.08,20.1,110.2,0.9976,3.07,9.0,0
5.2,0.53,0.92,4.8,0.145,22.3,238.1,0.9948,3.12,14.2,1
7.7,1.52,0.49,11.9,0.061,65.3,287.9,0.9952,3.25,14.4,1
6.2,1.46,0.42,9.9,0.087,14.5,194.4,1.0028,3.98,12.8,0
6.5,0.67,0.05,3.6,0.031,34.1,275.5,1.0037,3.51,13.8,1
7.6,0.48,0.69,10.9,0.192,54.2,50.6,0.9904,3.57,12.6,1
8.6,1.12,0.49,4.7,0.143,55.8,202.9,1.0001,3.87,11.4,0
11.5,0.36,0.45,3.0,0.137,43.0,233.6,0.9953,3.58,14.4,1
9.3,0.68,0.07,6.8,0.088,1.1,255.1,0.9996,3.16,8.2,0
14.3,1.3,0.06,3.6,0.019,35.1,246.7,0.998,3.67,12.7,0
7.4,0.3,0.24,6.9,0.074,34.8,91.6,0.9902,3.74,11.4,1
12.5,0.26,0.41,2.2,0.114,64.7,152.9,1.0036,3.34,12.1,1
11.6,0.8,0.03,12.6,0.196,67.0,238.8,0.9983,3.19,14.3,1
7.0,1.37,0.44,3.7,0.07,56.6,160.9,,2.97,11.2,0
11.8,1.0,0.48,13.4,0.143,52.2,186.6,0.9904,3.1,9.7,0
13.5,0.77,0.74,10.0,0.122,41.0,140.7,0.9951,3.64,9.7,0
,1.15,0.84,4.3,0.033,,55.7,1.0011,3.04,9.6,1
11.6,1.03,0.23,8.1,0.045,53.9,274.2,0.9972,3.59,11.6,1
8.3,0.9,0.3,3.8,0.184,6.6,138.0,1.0022,3.79,11.4,1
8.9,0.33,0.9,11.0,0.029,65.4,286.1,0.9948,3.21,9.3,0
4.5,0.24,0.75,14.0,0.085,,284.4,0.9977,3.91,12.7,1
14.7,0.37,0.35,3.6,0.2,37.4,252.0,0.9981,3.38,10.7,0
9.1,1.22,0.77,1.4,0.021,54.5,135.1,0.9911,3.95,9.4,0
9.7,1.49,0.32,2.5,0.108,7.9,214.2,0.9965,3.0,8.9,0
5.6,1.5,0.2,8.5,0.081,12.9,88.4,0.9931,3.19,13.3,1
12.4,1.33,0.79,4.5,0.141,3.3,162.6,1.002,3.64,8.4,0
12.2,0.63,0.87,7.7,0.199,26.9,184.8,1.0023,3.55,10.4,1
9.9,,0.62,1.5,0.159,11.1,48.5,1.0023,3.77,10.8,0
5.7,0.18,0.05,13.1,0.095,56.9,166.1,0.997,2.91,10.8,0
7.2,1.07,0.76,11.6,0.131,28.5,19.5,0.9948,3.64,10.1,0
9.6,1.03,0.1,12.8,0.189,39.2,219.8,0.9915,3.63,9.7,0
13.9,1.53,1.0,11.7,0.024,71.5,180.3,1.0034,3.28,8.2,0
6.5,1.26,0.41,10.1,0.137,33.4,204.8,0.9918,3.12,8.3,0
15.0,1.46,0.5,2.9,0.191,26.7,91.7,0.9941,3.85,8.9,0
7.0,1.44,,3.9,0.108,69.8,192.7,0.9915,3.51,11.1,0
14.0,1.41,0.56,13.4,0.043,18.4,228.3,,3.43,8.5,0
6.0,0.91,0.45,14.5,0.167,18.0,103.6,1.0029,3.41,13.2,1
6.7,0.87,0.23,7.3,5.0,41.0,257.9,0.9978,3.34,14.0,1
5.5,1.2,0.67,2.5,0.132,68.7,236.0,0.9977,3.28,12.5,1
15.6,0.88,0.69,4.0,0.102,65.0,45.7,0.9901,3.33,8.4,0
,1.35,0.42,12.3,0.16,30.6,200.8,1.0002,3.71,14.3,1
6.5,0.43,0.28,14.0,0.132,65.0,24.4,1.0029,3.53,12.4,1
15.6,1.23,0.98,13.7,0.12,59.3,105.3,1.0007,3.5,8.9,0
7.8,0.81,0.86,9.1,0.082,21.0,190.1,0.9921,3.22,8.0,0
11.8,0.86,0.31,3.6,0.076,,162.5,1.0025,3.06,9.5,0
7.3,1.3,0.05,4.1,0.062,23.7,193.1,1.0011,2.95,8.7,0
10.8,0.12,0.4,1.1,0.176,60.2,130.6,1.003,3.06,11.7,1
6.6,,0.95,12.9,0.144,32.8,197.3,0.9946,3.17,9.8,1
,0.29,,6.2,0.061,6.4,289.4,1.0019,3.01,13.9,1
11.1,0.47,0.31,9.8,0.167,4.1,274.6,0.9964,3.15,9.9,1
14.8,0.65,0.33,8.7,0.07,32.4,261.6,0.9907,3.54,8.9,0
13.9,0.77,0.43,2.6,0.195,9.3,220.4,0.9934,3.13,12.3,1
10.0,0.89,0.81,3.4,0.093,53.0,40.9,0.9988,3.9,12.2,1
9.3,0.58,0.4,2.8,0.126,14.7,271.7,1.0021,3.99,11.4,0
6.1,1.15,0.72,4.4,0.145,58.7,101.0,0.996,3.98,8.7,0
12.0,0.57,0.08,13.3,0.057,13.6,,0.992,3.15,14.4,1
15.8,0.78,0.79,14.0,0.173,4.8,87.9,0.9914,3.49,14.0,1
14.3,1.13,0.17,12.6,0.069,67.1,124.7,0.9916,3.43,14.9,1
8.1,1.07,0.11,11.4,0.11,6.8,207.7,0.9999,3.31,10.8,0
12.8,0.74,0.37,11.9,0.041,37.8,253.3,0.9958,3.32,14.9,1
7.2,1.21,0.71,5.3,0.079,2.8,38.6,0.9997,3.46,9.5,0
10.2,1.48,0.61,6.5,0.174,29.5,182.7,0.9945,3.07,14.4,0
10.1,1.52,0.52,14.4,0.118,51.8,251.2,1.0007,3.41,11.3,1
,1.58,0.73,1.4,0.107,22.2,77.7,0.997,3.84,10.2,0
10.5,1.23,0.48,11.9,0.137,38.0,137.8,0.998,3.62,12.8,0
5.5,0.6,0.09,5.8,0.074,44.0,168.2,0.9981,3.66,10.8,0
6.3,0.72,0.84,9.4,0.06,53.9,22.3,0.9943,3.04,14.4,1
13.1,1.07,0.48,13.8,0.129,32.1,234.0,1.004,3.16,14.7,1
6.7,1.39,0.86,9.5,0.02,62.0,107.7,0.9997,2.99,12.8,1
6.0,0.37,0.18,4.9,0.128,41.1,99.1,1.0038,3.37,11.6,1
15.4,0.18,0.08,8.7,0.171,29.3,144.0,,3.52,10.0,1
12.3,0.33,0.77,5.8,0.184,12.6,213.7,0.9937,3.64,10.4,0
5.8,0.52,0.92,14.6,0.156,70.1,68.9,0.9908,3.21,,1
6.5,1.18,0.31,9.6,0.041,43.3,270.7,0.9964,2.95,14.2,0
13.8,1.22,0.92,5.8,0.101,57.4,264.7,0.9911,3.77,10.7,0
6.4,0.14,0.94,4.4,0.014,37.8,22.6,0.9906,3.49,8.1,1
12.5,1.49,0.53,5.4,0.172,68.2,225.0,0.9991,2.96,11.0,0
4.9,0.69,0.92,3.1,0.079,,223.7,0.9957,2.95,9.2,1
11.8,1.22,0.92,12.3,0.181,10.7,165.6,0.9967,3.27,9.9,0
5.9,1.32,0.61,8.9,0.195,16.4,16.8,0.9931,3.08,12.8,0
8.8,1.3,0.93,14.9,0.033,30.4,104.5,1.0003,3.78,10.9,1
12.1,0.72,0.07,1.8,0.094,43.0,109.9,0.9906,3.39,14.8,1
13.1,0.74,0.62,6.9,0.129,66.9,216.9,0.9975,3.64,10.5,0
8.8,0.34,0.12,5.5,0.195,49.3,90.9,0.9913,3.74,10.5,1
10.9,1.11,0.42,1.6,0.143,35.8,101.0,0.9935,3.55,8.4,0
13.9,0.89,0.99,1.4,0.15,5.2,268.4,0.9944,3.94,8.6,0
5.5,1.36,0.97,14.6,0.085,35.1,229.4,0.9973,2.92,11.5,1
10.7,1.48,0.32,13.5,0.072,45.8,119.1,0.9999,3.25,,1
5.7,1.19,0.76,4.9,0.181,2.0,180.6,0.9959,3.07,15.0,1
12.0,1.35,0.2,10.8,,33.2,47.4,0.9906,3.09,14.1,1
11.9,1.18,0.02,14.6,0.146,7.1,74.7,0.9993,3.87,11.7,0
4.8,0.22,0.74,9.3,0.142,41.0,38.8,0.9991,3.88,14.8,1
10.0,1.39,0.38,9.8,0.194,22.9,101.8,0.996,3.5,11.6,1
7.6,0.43,0.37,8.5,0.154,65.8,15.7,0.9971,3.41,10.0,0
15.6,0.37,0.7,4.9,0.084,26.6,58.8,1.0001,3.4,14.5,1
10.5,0.89,0.16,4.9,0.151,51.5,23.1,0.9907,3.64,14.8,1
8.2,0.8,0.84,7.9,0.02,51.9,232.8,0.9913,3.61,12.3,0
14.7,0.88,0.6,8.3,0.098,7.4,196.6,1.0026,3.71,8.5,0
,1.38,0.39,6.6,0.012,3.7,265.8,0.9985,3.86,14.1,1
9.9,0.59,0.37,6.1,0.141,9.2,73.4,1.0005,2.92,10.6,1
6.7,0.55,0.18,14.2,0.091,3.9,227.6,1.0002,3.21,14.2,1
4.9,1.25,0.7,5.6,0.168,29.3,242.3,0.9981,3.43,13.6,0
4.9,0.5,0.96,11.5,0.073,3.5,254.8,0.9925,3.32,12.2,1
7.8,0.31,0.2,,0.098,65.0,216.6,0.9926,3.99,,0
11.1,1.26,0.3,7.5,0.159,29.7,184.5,0.9974,3.38,13.0,0
10.3,1.03,0.32,6.1,0.044,29.7,145.1,1.0027,3.96,13.6,1
7.2,1.55,0.29,12.3,0.071,47.4,123.2,0.9923,3.0,13.1,1
5.8,1.55,0.48,14.1,0.1,69.7,60.9,1.0022,3.32,8.1,0
9.3,0.35,,13.8,0.123,43.0,198.1,0.9971,3.41,11.5,0
12.7,0.23,0.45,13.8,0.081,46.4,13.4,0.9946,3.23,12.4,1
7.3,0.63,0.57,6.4,0.137,26.9,23.5,0.9959,3.83,9.6,0
7.5,0.98,0.71,8.7,,40.2,126.7,0.9975,3.22,10.1,1
14.5,1.28,,12.3,0.068,30.7,7.8,1.0021,3.49,8.1,0
15.9,1.07,0.46,2.0,0.162,40.9,240.8,0.9975,3.48,12.0,1
8.1,0.3,0.71,14.2,0.135,70.2,49.5,0.9987,3.06,10.9,0
13.1,1.23,0.71,9.1,0.091,26.6,50.4,0.9914,3.22,8.9,1
5.3,0.68,0.34,,0.17,35.1,209.1,1.0004,3.54,14.2,1
11.4,0.21,0.6,12.5,0.016,55.6,101.3,0.9931,3.53,13.5,1
7.4,1.12,0.38,7.2,0.125,60.0,20.7,1.0019,2.93,8.9,0
11.9,0.4,0.98,4.8,0.194,69.9,59.4,1.0011,3.33,11.7,1
12.1,0.6,0.34,13.5,0.072,10.8,246.5,1.0025,3.91,10.5,0
12.8,1.51,0.01,2.4,0.042,48.3,29.5,1.0,3.76,11.0,1
5.6,0.32,0.44,13.2,0.18,65.7,101.5,0.9943,3.55,11.7,0
11.3,0.31,0.33,10.9,0.167,10.4,43.0,1.003,3.93,14.0,1
12.7,0.77,0.72,11.8,0.037,39.6,23.5,1.0023,2.94,9.2,0
13.3,0.51,0.4,10.3,0.183,7.0,23.4,0.9909,3.33,11.2,1
9.7,1.11,0.43,8.0,0.125,46.5,146.3,0.9911,3.3,9.5,1
9.0,0.89,0.78,6.7,0.023,35.0,177.0,1.0024,3.03,14.6,1
11.9,1.54,0.99,4.8,0.123,40.6,16.4,1.0036,3.21,12.3,0
9.8,1.07,0.34,5.6,0.15,43.9,203.4,0.9943,2.9,12.7,1
15.3_err,1.21,0.03,1.5,0.063,4.8,251.1,0.9916,3.8,12.9,1
4.8,0.37,0.81,5.4,0.188,8.1,135.5,0.9911,3.11,14.0,1
8.5,0.6,0.28,6.2,0.088,30.3,79.9,0.9964,3.88,,0
6.4,0.24,0.28,13.3,0.094,7.2,,0.9914,3.5,14.6,1
7.1,0.3,0.64,13.1,0.086,18.1,107.6,0.9971,3.47,8.6,0
11.2,0.11,0.48,10.6,0.025,70.3,8.0,1.0005,2.93,14.6,1
12.7,0.16,0.79,14.2,0.191,16.7,262.8,1.0015,3.64,10.3,0
11.0,0.72,0.09,1.3,0.085,47.8,229.6,1.004,3.85,13.9,1
7.2,0.57,1.0,12.0,0.131,38.2,53.7,0.9926,3.69,8.6,0
13.9,0.32,0.24,6.1,0.184,7.3,140.2,0.9985,3.72,12.2,1
15.8,0.89,0.73,11.8,0.175,45.9,124.8,0.9986,3.99,8.2,0
15.8,1.03,0.78,4.0,0.141,65.3,270.4,0.9993,3.91,10.7,1
10.8,1.2,0.11,6.5,0.028,28.7,249.8,0.9991,3.41,12.1,0
12.7,1.22,0.18,4.7,0.093,28.1,124.9,0.9986,3.26,10.5,0
8.2,0.76,0.75,6.4,0.119,27.9,185.0,,3.81,13.4,1
14.1,0.61,0.92,11.4,0.1,12.0,216.1,0.9946,3.98,8.2,0
6.4,1.15,0.67,6.0,0.168,71.9,51.3,0.9911,3.64,9.0,0
8.7,1.44,0.33,10.7,,39.7,24.7,0.9923,3.21,10.8,0
9.4,1.17,0.63,8.4,0.15,46.2,286.6,0.993,3.59,9.3,0
7.9,,0.11,7.9,0.057,25.9,127.4,1.0033,2.98,11.6,0
11.3,0.55,0.64,9.8,0.196,63.9,256.2,0.9941,3.51,8.9,0
12.7,1.1,0.55,11.9,0.057,55.1,79.8,0.9937,3.4,9.4,0
9.8,1.25,0.02,12.8,0.173,1.5,165.6,1.0,3.75,10.1,0
12.2,0.53,0.86,4.8,0.017,58.9,168.4,1.0027,3.44,10.9,1
4.7,0.21,0.65,8.6,0.026,7.0,261.4,1.0006,3.49,11.6,0
10.1,1.32,0.02,14.5,0.174,50.6,148.8,0.9927,3.98,13.8,1
10.9,1.02,0.48,13.3,0.134,69.4,273.4,0.9974,3.26,12.2,0
7.1,1.06,0.83,1.8,0.022,48.9,284.1,1.004,3.39,13.3,1
8.0,0.75,0.72,12.5,0.154,49.3,98.5,0.9929,3.83,14.7,1
13.9,0.95,0.25,6.3,0.064,9.0,72.4,1.0015,3.71,13.6,1
4.5,0.71,0.27,5.7,0.071,45.1,23.2,1.0038,3.42,12.7,1
11.3,0.16,0.38,5.5,0.184,6.2,65.7,0.9918,2.92,8.1,0
14.6,1.54,0.22,11.9,0.017,58.5,65.1,0.9922,3.75,9.8,1
6.6,0.68,0.68,9.4,0.12,,185.0,1.0013,2.97,11.4,1
5.4,0.71,0.86,7.1,0.163,18.7,250.3,0.9948,3.9,11.1,0
13.8,0.18,0.71,12.7,0.011,17.5,6.9,0.9945,3.2,12.8,1
12.9,0.94,0.25,8.1,0.177,30.1,155.6,1.0031,3.05,14.0,1
14.0,0.86,0.63,10.2,0.143,9.5,106.5,0.9954,2.97,11.1,0
13.3,1.16,0.83,11.9,0.139,9.6,191.2,0.9944,3.93,11.3,1
15.1,0.43,0.66,2.4,0.084,12.2,58.2,0.9997,2.96,9.2,0
7.9,0.52,0.34,8.5,0.049,3.8,65.0,1.0017,3.51,11.4,0
7.8,0.35,,2.8,0.144,9.0,164.5,1.0017,3.12,11.5,0
12.5,0.86,0.51,9.4,0.193,29.7,256.1,1.0035,3.8,11.3,0
10.6,0.44,0.86,14.8,0.057,68.8,217.0,0.9941,3.07,11.5,1
15.4,1.04,0.06,11.6,0.026,46.1,90.1,1.002,3.35,8.4,0
10.0,0.63,0.47,5.3,0.015,20.0,116.3,0.9987,3.2,8.6,0
10.3,0.4,0.36,13.0,0.179,45.6,238.0,1.0038,3.62,8.3,0
8.1,0.59,0.79,2.2,0.141,19.8,234.7,0.9994,3.39,11.4,0
15.0,0.72,0.79,10.2,0.086,41.9,179.5,1.0024,3.31,,1
10.9,1.32,0.81,14.4,0.048,36.0,147.7,0.9985,2.97,9.1,0
10.2,0.84,0.69,4.8,0.093,7.0,246.4,0.9969,2.93,8.6,0
12.8,0.68,,2.1,0.016,66.1,190.0,1.0022,3.82,12.8,1
8.0,1.16,0.57,13.5,0.146,31.7,91.7,0.9988,3.24,9.6,1
6.7,1.12,0.56,11.8,0.162,57.6,259.3,1.0019,3.93,12.1,0
13.3,1.0,0.05,5.4,0.194,15.8,41.2,1.0034,3.84,12.0,0
14.3,1.0,0.39,10.6,0.11,34.5,159.6,1.0001,3.21,9.4,0
6.1,1.02,0.72,10.9,0.186,12.1,142.9,1.0005,3.45,13.6,1
7.0,0.97,0.21,11.5,0.054,3.7,252.1,1.0023,3.65,8.4,0
15.6,0.15,0.92,1.5,0.101,24.4,80.2,1.003,2.98,9.3,1
8.9,0.53,0.03,14.7,0.067,47.1,112.6,0.9904,3.43,14.1,1
14.6,0.9,0.51,5.8,0.168,3.0,273.3,0.998,3.63,12.9,1
14.6,1.42,0.01,11.8,0.186,44.2,15.7,0.9955,3.16,,0
4.8,0.14,0.28,10.6,0.043,46.6,25.4,1.0007,3.17,10.1,0
6.6,1.4,0.07,2.2,0.14,17.3,258.1,0.9972,2.94,,0
5.9,0.89,0.13,6.3,0.14,52.5,101.9,1.0015,2.91,11.7,1
8.0,1.15,0.41,5.4,0.199,9.5,72.6,1.0002,3.0,10.0,0
8.7,1.01,0.68,14.0,0.142,44.8,27.1,0.9935,3.53,11.4,0
12.3,0.86,0.12,,0.122,19.8,11.6,0.9942,,10.1,0
5.9,0.2,0.22,11.1,0.081,63.0,39.2,0.9939,3.89,10.2,0
8.2,0.54,0.05,7.0,0.05,71.1,141.3,0.99,3.3,11.1,0
13.0,1.1,0.45,4.3,0.095,31.7,224.5,0.9904,3.18,8.0,0
12.7,0.95,0.86,13.4,0.039,4.1,242.3,0.9937,3.55,10.4,0
7.2,0.88,,6.8,0.171,9.6,170.3,0.9984,2.91,11.4,0
13.2,0.39,0.77,6.2,0.114,24.8,147.2,0.9919,3.59,10.0,0
5.3,0.84,0.05,9.7,0.049,43.3,76.2,0.9982,3.82,10.1,0
11.6,0.11,0.54,9.5,0.095,56.5,275.8,0.9977,3.92,10.5,0
10.0,0.1,0.36,2.7,0.176,38.1,153.9,1.0027,3.98,13.9,1
6.3,0.38,0.38,1.7,0.034,64.9,211.3,0.9997,2.92,8.3,0
15.1,1.12,0.55,11.8,0.094,48.7,249.6,1.0035,3.66,11.5,0
13.7,1.33,0.51,3.7,0.173,55.3,234.1,0.998,3.55,10.5,0
14.4,1.5,,5.5,0.141,11.6,110.4,1.0011,3.29,8.5,0
13.6,0.28,0.58,12.9,0.03,4.9,141.3,0.998,2.96,14.0,1
10.6,0.38,0.56,11.4,0.047,39.6,158.1,1.0031,3.95,9.0,0
14.6,1.13,0.16,2.5,0.165,15.9,211.6,0.9997,3.08,12.0,0
13.8,1.38,0.84,11.6,0.154,33.5,42.2,0.994,3.49,,1
8.3,0.68,0.88,9.2,0.077,21.5,143.4,1.0022,3.22,13.2,1
9.9,0.73,0.47,7.9,0.153,61.8,151.4,1.002,3.29,9.3,0
,1.36,0.8,5.1,0.107,17.2,257.3,0.9994,2.92,9.5,0
14.9,0.56,0.91,12.2,0.147,18.0,133.0,0.9972,3.32,9.8,1
14.9,1.5,0.68,5.2,0.089,51.0,212.3,0.9958,3.03,13.5,1
16.0,1.36,0.58,9.3,0.032,54.0,196.9,0.9948,3.17,14.4,1
14.5,1.08,0.95,7.0,0.144,17.5,145.9,0.9973,2.95,11.1,0
9.7,0.91,0.95,7.5,0.193,46.0,96.9,1.0035,3.2,11.6,0
14.5,0.7,0.37,9.4,0.116,68.2,221.3,0.9919,3.0,13.7,0
9.3,0.35,0.13,6.3,0.122,63.8,279.6,1.004,3.38,9.7,1
13.4,1.08,0.51,13.5,0.148,16.7,114.6,0.9903,3.01,13.1,1
6.6,1.15,0.77,5.9,0.054,40.0,60.6,0.9946,3.95,11.8,0
12.8,1.1,0.08,11.8,0.155,20.0,156.0,0.9932,3.35,8.8,0
13.2,0.7,0.02,6.7,0.049,17.7,180.6,1.0031,3.38,8.2,0
13.1,1.51,0.34,4.3,0.153,2.6,202.7,0.9904,3.97,11.5,0
,0.2,0.11,6.5,0.028,2.5,280.0,0.9977,,9.8,0
15.4,1.52,0.06,4.5,0.164,69.7,37.2,0.9907,2.91,9.7,1
11.7,0.81,0.12,9.7,0.185,37.2,146.9,0.9936,3.41,12.1,1
15.9,1.46,0.21,5.4,0.188,38.4,90.5,1.0027,3.75,10.7,1
7.6,1.49,0.47,2.7,0.089,2.4,111.9,0.9978,3.1,13.5,0
8.0,0.27,0.96,5.4,0.176,57.9,271.8,0.9916,3.58,14.4,1
14.6,1.14,0.16,8.8,0.101,47.2,136.4,0.9994,3.3,11.1,1
12.8,,0.32,7.5,0.105,40.9,245.5,0.9968,3.84,14.9,1
10.3,1.1,0.46,2.8,0.151,35.5,276.9,1.0001,3.57,8.7,0
13.5,0.37,0.47,12.4,0.085,22.9,222.8,0.9914,3.15,8.4,0
11.3,0.72,0.35,1.2,0.149,25.0,23.8,0.9983,3.12,13.7,1
14.1,0.23,0.7,12.6,0.133,71.2,29.1,0.9958,2.99,,1
6.1,0.14,0.63,14.7,0.016,25.0,199.4,0.9968,3.85,14.6,1
10.4,0.95,0.41,1.9,0.094,44.0,122.8,0.9972,3.97,13.1,1
15.1,1.15,0.73,10.5,0.072,62.3,69.4,0.9969,3.2,9.4,0
11.0,0.92,0.17,13.0,0.029,66.6,47.7,0.9981,3.74,12.1,1
6.4,1.14,0.9,9.6,0.173,34.3,285.3,0.996,3.05,13.5,0
12.6,0.52,0.65,12.3,0.2,43.8,88.3,0.9941,3.48,9.3,1
6.7,0.67,0.33,10.7,0.161,55.9,170.8,0.9992,3.33,11.1,0
11.7,1.27,0.97,6.6,0.143,27.9,42.6,0.9901,3.65,9.1,0
12.9,1.27,0.85,1.2,0.058,58.0,45.7,0.9941,3.12,9.5,1
9.9_err,1.22,0.05,9.0,0.067,54.9,183.1,0.9928,3.47,11.4,1
6.7,0.95,0.06,1.9,0.071,15.7,12.3,0.9957,3.08,11.9,1
13.7,0.18,0.38,8.5,0.123,16.8,135.0,0.9947,3.19,10.4,0
7.9,0.77,0.65,14.6,0.108,62.8,7.3,1.0015,3.79,13.6,1
9.1,0.29,0.53,6.6,0.2,42.0,42.2,0.9918,3.24,9.9,1
7.8,0.25,0.63,1.5,0.099,10.7,79.9,0.9999,3.01,10.5,1
10.0,0.38,0.54,13.2,0.045,41.4,106.8,0.9987,3.59,10.7,1
6.8,0.27,0.08,13.3,0.11,45.1,145.2,0.9912,3.86,10.4,0
6.9,0.35,0.83,1.8,0.167,47.8,207.9,0.9953,3.66,8.9,0
13.7,0.25,1.0,14.9,0.151,42.9,130.6,0.9938,3.15,13.3,1
6.0,1.47,0.75,3.7,0.17,27.2,124.0,1.0018,3.44,8.8,0
13.8,0.75,0.73,1.2,0.113,32.7,56.8,0.9984,3.06,11.8,1
9.8,1.58,0.88,1.8,0.137,41.7,34.0,1.0004,3.15,9.6,0
11.6,1.21,0.6,6.5,0.036,44.5,253.1,0.9965,3.13,12.1,0
5.0,1.08,0.78,6.2,0.129,69.4,20.6,0.9916,3.33,11.2,1
15.9,1.4,0.69,8.1,0.09,14.2,286.7,0.9978,3.93,10.0,0
12.0,1.4,0.6,14.1,0.138,33.2,12.8,0.9943,3.18,11.4,1
9.9,0.32,0.57,14.4,0.077,53.4,183.0,0.9933,3.62,11.9,0
6.4,0.71,0.65,6.6,0.126,59.4,82.5,0.9977,3.33,11.7,0
14.7,0.68,0.66,3.0,0.048,5.8,36.6,0.9911,3.06,11.7,1
5.0,1.04,0.06,6.9,0.091,35.9,39.0,1.0029,3.35,8.6,0
11.7,1.54,0.89,2.3,0.029,56.9,133.5,0.996,3.72,13.7,0
14.3,0.44,0.31,12.0,0.187,14.2,19.9,0.9942,3.89,14.9,1
13.0,0.81,0.23,1.5,0.089,46.8,114.0,0.9968,3.51,8.7,0
6.7,1.35,0.7,3.4,0.13,56.8,6.9,0.9949,3.5,,0
15.0,0.35,0.56,10.4,0.018,13.6,103.5,0.9975,3.46,8.1,0
15.7,0.42,0.05,7.8,0.11,68.9,155.4,0.999,3.9,8.4,0
12.0,1.04,0.35,5.0,0.163,41.5,79.1,1.0036,3.32,9.8,1
5.4,0.75,0.85,13.8,0.051,17.2,257.6,0.9967,3.46,10.5,1
7.7,0.44,0.14,13.1,0.068,59.5,7.2,1.0016,3.94,14.1,1
5.9,0.51,0.99,1.7,0.014,61.9,50.4,0.9991,3.13,14.5,0
6.8,0.81,0.96,10.2,0.127,21.0,57.6,0.9989,3.19,13.0,0
13.6,0.64,0.09,6.9,0.027,10.1,90.4,0.9964,2.94,12.3,1
7.0,0.6,1.0,7.2,0.095,15.4,102.4,0.9943,3.85,9.6,0
11.5,0.36,0.04,4.3,0.07,55.4,125.2,0.9903,3.9,9.0,0
11.8,0.53,0.67,,0.171,48.4,,0.9945,3.89,12.2,1
7.2_err,1.06,0.71,4.0,0.04,22.5,33.5,1.0018,3.19,13.8,1
13.4,0.54,0.8,1.2,0.171,46.2,36.8,0.9921,3.48,10.0,1
7.9,0.37,0.03,5.2,0.172,8.0,176.7,0.9953,3.47,14.8,1
15.4,0.45,0.85,,0.093,1.6,248.2,0.996,2.96,13.1,0
5.2,1.54,0.28,6.2,0.183,67.4,261.0,0.9976,3.19,10.0,0
11.1,0.31,0.58,6.2,0.197,63.2,145.4,0.9923,3.37,14.8,1
11.6,0.97,0.48,10.9,0.058,13.4,46.2,1.0027,3.4,12.5,0
13.2,0.31,0.9,3.8,0.011,35.8,250.1,1.0003,3.25,12.3,1
13.0,0.89,0.2,15.0,0.063,14.6,274.6,0.9957,3.27,12.7,1
7.0,0.24,0.64,14.8,0.062,27.2,185.6,1.0024,3.5,8.1,0
6.6,1.38,0.54,4.8,0.172,34.2,29.4,0.9975,3.0,10.6,1
12.8,1.59,0.32,5.4,0.041,23.8,201.4,1.0027,3.38,,1
9.0,1.23,0.28,5.1,0.054,67.4,154.9,0.9954,,14.8,0
5.7,0.39,0.95,9.9,0.019,34.6,180.6,0.9947,3.64,13.2,1
11.0,0.54,0.66,4.7,0.099,51.1,37.3,0.9902,3.19,13.5,1
13.4,1.58,0.0,6.2,0.179,65.1,13.2,0.9951,3.74,10.1,0
10.3,1.59,0.27,14.0,0.061,16.6,53.9,0.9966,,11.2,1
11.6,0.3,0.65,3.0,0.054,71.5,264.8,0.9962,3.5,14.6,1
16.0,0.6,0.94,4.1,0.029,25.8,183.5,1.0001,3.77,10.4,1
14.2,0.18,0.11,1.9,0.133,25.7,145.2,0.9981,3.36,12.2,1
15.5,0.39,0.8,1.6,0.033,62.5,140.4,0.9999,3.28,8.7,1
5.8,0.72,0.99,1.2,0.067,65.1,38.8,0.9914,3.35,12.0,1
14.8,0.79,0.88,5.2,0.095,34.0,150.5,0.9914,3.48,12.3,1
10.0,1.22,0.52,6.3,0.018,13.0,146.3,0.9949,4.0,8.3,0
9.9,0.26,0.87,5.0,0.05,71.6,279.8,0.9994,3.74,10.4,0
8.6,0.46,0.77,,0.17,70.7,271.3,1.0015,3.14,9.0,0
7.3,1.51,0.06,12.5,0.185,8.0,15.3,0.9927,3.52,14.3,1
11.0,0.12,0.48,12.0,0.058,28.2,163.2,0.9905,2.93,10.2,0
5.5,0.85,0.8,4.4,0.092,58.9,66.4,1.001,3.19,14.4,1
14.4,0.31,0.78,6.0,0.139,8.6,74.5,0.9949,3.56,8.9,0
12.8,0.39,0.82,2.3,0.063,53.4,33.6,0.9938,3.64,10.1,1
14.2,1.07,0.64,4.6,0.052,20.9,140.3,0.9905,3.39,11.0,0
13.6,1.34,0.39,4.6,0.076,7.6,11.8,0.9982,2.94,11.7,1
4.8,0.11,0.4,10.7,0.105,70.5,289.4,0.998,3.89,10.7,0
10.0,1.56,0.39,8.3,0.074,69.6,128.6,0.9998,3.16,9.7,0
10.1,1.59,0.66,11.7,0.124,,222.0,0.9975,3.65,12.0,0
11.9,1.59,0.86,7.7,0.073,39.3,253.1,0.9902,3.51,9.2,0
15.4,0.33,0.82,10.2,0.086,69.3,204.2,1.0011,3.62,10.1,1
15.7,1.15,0.22,2.2,0.126,47.5,179.2,0.9967,3.15,9.9,0
5.0,,0.79,9.9,0.073,14.4,30.3,1.0024,3.44,,0
8.7,0.62,0.4,13.7,0.106,30.8,115.0,1.0012,3.45,11.4,1
10.0,,0.38,1.2,0.155,23.2,202.1,0.9911,2.93,10.5,1
12.0,1.45,0.54,6.6,0.012,60.6,153.7,0.9928,3.08,13.4,0
5.9,1.53,0.47,11.6,0.184,63.8,76.6,0.9951,3.82,12.9,1
8.1,0.46,0.9,3.8,0.189,39.6,65.7,0.9965,3.76,13.4,1
11.6,1.1,,5.8,0.075,13.3,166.8,0.993,3.65,11.0,0
8.7,0.6,0.81,6.4,0.157,63.2,8.6,0.9981,3.22,9.9,0
7.2_err,1.17,0.52,1.5,0.134,63.0,281.6,1.0038,3.28,10.9,0
11.5,1.42,0.47,12.0,0.066,43.9,274.1,0.9934,3.05,11.8,0
9.9,0.57,0.32,1.2,0.196,13.9,255.7,0.9937,3.39,8.9,0
13.8,0.4,0.22,9.8,0.15,49.4,73.9,0.992,3.09,14.9,1
6.2,1.33,0.69,6.2,0.017,41.0,123.7,1.0013,4.0,10.5,1
13.9,0.56,0.55,9.9,0.029,1.3,163.4,0.9911,3.52,10.3,0
6.6,,0.29,1.6,0.033,68.9,172.9,0.9951,3.75,9.2,0
14.3,0.28,0.93,13.3,0.115,66.7,170.4,0.9993,3.59,9.3,0
5.1,1.53,0.72,4.6,0.051,49.9,125.5,0.9909,3.93,11.8,1
14.5,0.83,0.24,8.6,0.057,69.3,83.1,0.9965,,13.4,1
9.3,0.37,0.67,,0.019,22.0,269.8,0.9978,3.0,9.4,0
7.2,1.59,0.86,2.8,0.143,38.1,195.8,0.9999,3.48,9.0,0
8.4,,0.42,5.5,0.084,67.3,204.5,0.9973,3.97,11.4,0
14.9,1.31,0.27,8.2,0.052,59.1,36.4,1.0029,3.52,14.7,1
8.1,1.49,0.65,11.2,0.126,71.0,104.4,1.0006,3.52,14.3,1
9.1,0.12,0.76,11.5,0.037,36.3,284.7,0.996,3.19,14.6,1
5.9,0.73,0.36,14.0,0.133,52.3,119.2,0.9928,,10.4,0
5.2,0.75,0.03,4.4,0.04,50.4,,0.9959,3.59,8.8,0
11.9,1.16,0.9,7.9,0.105,71.7,272.2,0.9932,2.96,13.5,0
12.4,0.43,0.73,4.0,0.155,52.0,73.6,0.9977,3.3,13.3,1
12.3,0.26,0.48,14.1,0.134,10.7,,0.9983,3.57,9.4,0
11.7,1.22,0.94,10.4,0.081,34.6,133.3,1.0035,3.38,8.8,0
11.3,0.59,0.47,11.2,0.102,35.7,148.6,1.0012,3.42,9.8,0
7.2,,0.27,8.6,0.055,49.5,118.9,1.0004,3.76,10.0,0
15.9,1.04,0.01,13.7,0.031,65.1,266.0,1.0036,3.24,11.7,0
11.7,0.19,0.89,6.5,0.06,37.3,246.2,0.9951,3.36,8.6,0
12.8,0.79,0.13,13.7,0.104,57.4,169.2,0.9996,3.16,10.9,1
10.0,0.64,0.85,3.9,0.162,17.4,126.8,0.995,3.07,10.7,0
10.3,1.31,0.34,5.2,0.116,32.8,146.6,0.9994,3.55,12.1,0
13.9,0.9,0.98,5.6,0.128,53.2,62.3,1.0033,2.99,12.4,1
5.4,1.19,0.52,10.0,0.088,27.4,239.9,0.9942,3.8,13.4,0
15.0,1.35,0.27,4.6,0.124,28.8,132.0,0.99,3.68,14.6,0
9.0,0.87,0.49,9.8,0.061,4.2,250.9,1.0012,,12.5,1
4.8,0.53,0.27,10.6,0.175,71.4,41.1,0.9912,3.97,10.5,0
6.7,0.95,0.47,4.0,0.055,3.3,174.1,0.993,2.93,13.5,1
5.1,,0.41,7.3,0.103,23.1,59.8,1.0034,3.34,12.8,1
13.7,1.16,0.94,2.1,0.19,36.7,113.7,0.9943,3.22,8.6,1
4.9,1.27,0.07,7.6,0.085,18.4,272.5,0.9946,3.53,12.2,0
11.3,0.65,0.86,6.8,0.144,53.2,131.3,0.9921,3.76,12.0,1
5.4,1.19,0.41,1.3,0.132,59.5,261.3,0.9963,3.33,9.1,0
13.2,0.29,0.48,5.1,0.132,41.3,182.6,1.0001,3.12,9.2,0
13.8,0.77,0.18,3.1,0.105,33.7,186.5,1.0002,3.83,11.7,0
7.9,1.56,0.12,1.8,0.054,63.0,10.5,1.0039,3.75,13.0,1
6.0,1.32,0.92,10.6,0.049,58.0,87.8,0.9948,3.85,8.2,0
8.4,1.27,0.83,13.5,0.076,55.2,112.6,0.9915,3.52,9.4,0
7.4,1.41,0.08,6.8,0.172,39.7,129.9,0.9965,3.52,12.1,0
15.6,0.9,0.52,12.2,0.155,55.9,63.2,0.9903,3.94,14.5,1
15.0,0.84,0.79,3.9,0.19,37.8,221.8,0.9929,3.56,9.3,0
9.0,1.52,0.23,7.4,0.142,50.5,237.7,0.9981,2.97,10.3,1
11.2,0.43,0.03,11.2,0.092,48.3,98.4,0.9924,3.44,12.1,1
9.0,0.68,0.34,3.7,0.046,12.3,227.4,0.9968,2.91,10.4,0
11.2,1.17,0.55,9.8,0.049,25.2,201.0,0.9994,3.44,10.6,1
5.6,0.76,0.04,7.6,0.056,22.7,84.7,0.9904,3.13,13.1,1
15.9,0.44,0.14,4.9,0.051,56.7,58.0,0.9995,3.68,9.2,0
15.1,1.24,0.82,9.0,0.103,60.0,244.7,0.9975,3.53,10.5,1
8.0,,0.96,11.1,0.079,31.1,281.8,0.9901,2.96,11.2,0
5.1,1.35,0.8,4.5,0.061,13.0,272.4,0.9921,2.92,10.3,0
12.4,1.0,0.99,9.7,0.059,11.0,234.2,0.9993,3.17,13.4,1
15.6,1.54,0.06,9.8,0.069,63.0,119.0,0.9947,3.08,,1
12.8,1.13,0.73,10.2,0.089,3.9,189.9,0.9971,3.3,13.4,1
,1.03,0.36,8.3,0.141,34.0,235.1,1.0026,3.55,10.4,0
11.6,,0.86,2.3,0.154,43.5,129.0,0.9951,3.55,12.9,1
6.8,0.15,0.38,14.2,0.182,15.4,66.5,0.993,3.14,14.2,1
8.2,0.43,0.41,5.7,0.12,54.1,106.2,0.9939,3.62,13.4,1
12.9,1.03,0.58,8.5,0.026,28.5,85.0,0.9923,3.91,8.1,0
5.3,1.12,0.04,10.7,0.142,3.2,112.4,1.0032,3.76,9.9,0
4.8,1.22,0.22,10.0,0.027,53.5,253.6,1.0032,3.5,10.2,0
8.4,1.42,0.83,7.1,0.013,38.8,258.5,1.0024,3.69,11.3,1
14.6,1.0,0.54,7.7,0.091,14.2,275.8,0.9934,3.68,12.5,1
14.9,0.79,0.6,6.4,0.056,6.6,30.3,0.9941,3.11,12.3,0
7.7,0.3,0.83,1.7,0.167,16.5,9.0,0.9974,3.52,13.0,1
6.7,1.55,0.6,4.6,0.188,41.5,15.6,0.9913,3.77,12.6,0
12.8,0.54,0.72,5.7,0.055,57.8,239.9,0.995,3.66,9.8,0
6.6,1.45,0.2,3.7,0.158,65.1,157.1,,3.28,9.2,0
8.0,0.3,,7.5,0.038,1.1,249.0,0.9902,3.11,9.8,0
8.5,0.5,0.5,12.0,0.174,17.2,239.5,0.9939,,13.9,0
15.3,0.31,0.65,5.6,0.098,13.6,189.2,1.003,2.95,8.4,0
6.6,0.86,0.76,15.0,0.05,44.8,154.7,1.0004,3.07,10.8,0
14.2,0.8,0.72,14.5,0.029,34.2,229.0,1.0008,3.56,10.0,1
4.6,1.5,0.86,4.6,0.117,6.8,224.2,1.002,3.48,12.4,0
7.2,1.29,0.3,3.3,0.02,29.9,244.5,1.0009,3.66,11.5,1
11.0,0.73,0.24,8.5,,71.6,287.6,0.9965,3.4,14.4,1
12.6,0.77,,11.4,0.145,52.9,91.3,1.0021,3.12,8.8,0
10.6,0.24,0.58,9.2,0.139,14.0,119.7,0.9978,3.82,9.0,0
14.7,0.56,0.38,3.7,0.121,2.6,225.8,1.0027,3.94,14.2,1
12.6,0.73,0.84,12.4,0.08,60.8,120.0,1.0021,3.3,8.4,0
12.0,0.85,0.76,5.2,0.031,31.5,284.6,0.997,3.7,15.0,1
7.0,0.25,0.3,12.6,0.032,19.7,37.5,1.001,3.67,13.0,1
12.1,0.62,0.12,3.7,0.036,46.3,152.4,,,12.0,1
6.5,1.35,0.66,13.4,0.122,46.8,45.8,0.9968,3.98,,0
6.5,1.25,0.56,5.5,0.17,10.3,102.5,0.9901,3.84,14.1,1
10.7,1.53,0.43,5.8,0.043,27.5,46.9,0.9946,3.24,11.6,1
11.2,0.46,0.21,12.9,0.082,54.8,216.3,0.9956,3.2,13.6,1
11.5,0.26,0.77,1.5,0.146,4.3,145.0,0.9919,2.91,9.5,0
12.3,1.18,0.32,2.2,0.127,25.4,13.7,1.0007,3.66,13.6,1
15.2,0.37,0.41,1.5,0.115,25.7,193.1,,3.99,12.3,1
12.3,0.91,0.63,3.2,0.104,8.9,168.4,0.9904,3.77,10.4,0
7.4,0.76,0.41,6.4,0.033,9.4,168.3,0.998,3.53,11.0,0
12.2,0.3,0.98,8.6,0.076,22.7,136.4,0.9931,3.41,11.2,1
6.5,0.38,0.34,4.0,0.024,39.9,54.9,0.9918,3.4,8.6,0
15.0,1.0,0.9,6.5,0.106,37.9,282.6,0.996,2.95,12.7,1
11.4,1.42,0.86,10.7,0.161,34.0,167.3,1.0012,3.13,11.4,0
4.6,0.56,0.93,8.9,0.18,54.3,76.0,0.9998,3.58,12.9,1
15.2,1.29,0.12,9.3,0.096,28.9,9.5,0.9914,2.99,14.7,1
13.3,0.19,0.18,10.7,0.067,66.2,223.5,0.9963,3.28,12.5,1
4.5,0.62,0.08,13.3,0.032,42.2,246.1,0.9903,3.64,14.2,1
5.7,0.44,0.31,4.5,0.168,62.1,239.7,,3.33,8.6,0
11.6,1.17,0.03,2.1,0.185,53.1,68.3,0.9901,3.4,8.8,0
5.9,0.39,0.87,1.8,0.12,,252.9,0.9995,3.22,9.6,0
5.8,0.34,0.19,12.4,0.013,,115.2,0.9946,3.65,14.1,1
11.6,1.01,0.7,,0.148,33.1,204.9,0.9968,3.76,14.2,1
12.3,1.04,0.85,12.7,0.182,2.6,101.2,0.9971,3.66,13.9,1
5.9,0.6,0.23,14.7,0.044,61.5,281.6,1.0008,3.99,10.0,0
12.6,0.46,0.78,12.2,0.077,33.0,150.0,0.9975,3.19,12.5,1
11.6,1.0,,8.9,0.057,29.9,230.3,0.9981,3.98,12.2,0
8.1,1.6,0.49,12.1,0.055,58.8,238.0,0.9914,3.51,14.4,0
10.1,0.27,0.87,10.2,0.025,12.5,134.1,0.9976,3.36,14.0,1
10.6,1.45,0.45,2.0,0.126,51.1,199.6,0.9909,3.52,9.5,0
12.7,0.12,0.91,1.7,0.054,20.6,28.5,1.0033,3.99,12.7,1
12.9,1.16,0.02,14.7,0.062,1.8,242.0,0.9943,3.23,11.0,1
10.7,0.27,0.88,12.1,0.178,28.8,188.3,0.9997,3.74,10.4,1
11.8,1.12,0.16,12.3,0.039,34.2,174.5,0.9966,3.08,12.9,1
7.7,1.03,0.35,11.3,0.023,41.1,,0.9919,3.69,10.3,0
7.2,0.67,0.54,6.9,0.108,25.2,138.7,,3.71,9.7,0
7.7,1.18,0.11,12.7,0.164,34.5,186.6,0.996,3.05,13.3,1
8.7,1.28,0.27,12.8,0.085,29.0,237.5,0.9912,3.45,10.4,1
13.7,1.29,0.14,3.3,0.012,42.5,195.2,0.9976,3.01,14.6,1
5.8,0.51,0.64,6.2,0.027,52.3,153.8,0.9954,3.67,14.2,1
7.8,1.04,0.22,2.1,0.138,68.7,229.0,0.9969,3.16,10.9,0
11.6,0.67,0.14,2.6,0.164,19.1,154.0,1.0016,3.35,8.4,0
5.8,0.69,,4.3,0.09,27.6,173.2,0.9951,3.04,13.0,1
7.1,1.5,0.72,9.6,0.047,45.0,154.3,0.9994,3.31,9.1,0
12.9,1.37,0.11,7.7,0.066,47.9,186.4,0.9962,3.01,14.1,1
6.5,1.27,0.68,4.6,0.075,11.1,131.7,0.995,3.25,14.6,1
7.4,0.75,0.43,6.2,0.125,43.2,79.3,0.9923,3.83,9.1,0
4.8,0.99,0.97,9.5,0.091,,122.2,0.9958,3.48,9.2,0
,1.31,0.18,6.4,0.015,,235.2,0.9915,3.16,8.3,0
6.6,1.48,0.36,2.1,0.093,44.9,41.6,1.0,3.92,8.8,0
10.2,1.22,0.12,2.2,0.081,50.8,190.7,1.003,3.86,8.4,0
15.4,0.71,0.56,2.4,0.084,34.6,12.4,0.9915,3.19,14.6,1
15.2,0.78,0.08,6.9,0.06,71.0,193.1,0.996,3.0,10.7,1
4.8,0.97,0.23,7.2,0.023,67.2,186.6,0.9902,3.75,10.5,0
9.2,0.57,0.37,1.1,0.081,61.7,275.6,1.0031,3.95,11.6,0
14.5,0.83,0.91,4.6,0.137,61.1,230.7,0.9944,3.93,9.9,0
10.4,0.88,0.56,7.0,0.015,3.5,37.1,0.995,3.69,11.1,1
7.9,1.26,0.01,3.1,0.138,37.2,76.7,0.9992,3.73,10.0,0
13.9,0.93,0.06,3.0,0.078,53.8,91.4,,3.58,13.6,1
11.7,1.04,0.37,8.2,0.164,23.0,36.5,0.991,3.12,10.9,1
15.8,1.22,0.19,3.5,0.041,36.1,148.7,0.9974,3.75,12.6,1
14.0,0.28,0.95,1.4,0.055,47.2,208.7,0.9981,3.87,8.8,0
8.0,0.11,0.69,12.6,0.153,67.7,123.7,1.0024,3.68,11.4,1
,0.11,0.75,8.0,0.173,46.2,,1.004,3.99,13.5,0
11.9,1.4,0.17,7.0,0.141,55.0,165.3,0.9937,2.91,10.2,0
15.4,1.4,0.27,7.9,0.106,55.6,138.3,1.0022,3.5,13.4,1
11.2,1.18,0.58,13.0,0.157,16.9,277.1,0.9951,3.38,14.3,0
6.8,1.35,0.59,4.9,0.093,1.7,282.6,0.9946,3.17,14.7,1
11.6,0.51,0.29,6.9,0.199,42.9,274.3,1.0008,,14.2,1
12.3,1.13,0.4,13.1,0.012,53.1,170.5,1.0036,3.84,12.1,0
9.6,0.31,0.45,6.8,0.025,31.8,158.9,0.9983,3.01,14.6,1
,0.64,0.25,4.8,0.15,70.8,94.6,1.0007,3.53,13.6,1
12.4,0.57,0.42,1.5,0.146,18.4,216.1,0.991,3.49,13.2,0
8.9,1.12,0.55,14.3,0.082,9.9,60.6,1.0026,3.5,9.4,0
14.0,1.25,0.05,8.1,0.17,69.9,217.1,0.9976,3.17,10.5,0
10.9,0.9,0.57,13.2,0.173,26.3,217.0,1.0034,3.18,14.9,1
,1.55,0.28,3.4,0.059,66.6,251.5,1.0027,3.49,11.7,1
8.9,0.98,0.74,9.7,0.18,23.1,24.2,0.9974,3.95,13.1,1
8.3,0.77,0.92,2.5,0.193,24.0,197.9,0.9985,3.69,11.1,1
9.2,0.68,0.66,12.7,0.074,67.0,106.8,0.9931,2.98,14.7,1
9.2,1.45,0.54,1.7,0.027,30.1,229.9,1.0034,3.97,14.3,1
4.7,1.01,0.51,9.8,0.166,24.7,18.6,0.99,3.09,12.0,1
5.4,1.29,0.87,14.2,0.114,11.7,84.6,0.9923,3.08,10.7,0
,1.21,0.35,1.7,0.118,50.2,255.5,0.9977,2.96,8.2,0
6.2,1.2,0.03,11.0,0.157,4.0,210.8,1.0022,3.69,13.2,0
5.8,1.12,0.84,,0.11,16.2,268.8,0.9956,3.64,11.0,0
8.2,0.33,0.9,7.4,0.04,35.5,146.1,0.9999,3.29,13.7,1
11.9,0.4,0.47,4.9,0.067,30.3,270.7,0.9941,3.98,10.3,0
9.3,1.13,0.59,2.8,0.124,45.0,89.1,0.9997,3.82,14.7,1
15.0,,0.3,11.0,0.082,53.2,268.4,0.9955,3.32,13.7,1
5.7,0.52,0.34,9.4,0.095,27.3,147.0,0.9961,3.56,11.8,0
5.9,0.99,0.45,2.5,0.07,9.6,269.8,0.997,3.51,13.1,0
8.7,1.36,0.34,11.1,0.166,43.8,269.7,0.9957,3.25,8.0,0
14.1,0.43,0.98,10.4,0.044,6.0,171.5,1.0024,3.94,14.3,1
9.8,0.18,0.81,8.0,0.126,32.6,104.6,0.9934,3.71,13.8,1
11.1,1.04,0.29,7.0,0.192,40.7,166.7,0.9913,3.73,12.2,1
13.8,1.5,0.53,4.3,0.105,50.3,154.9,0.999,3.93,12.2,1
11.0,0.86,0.45,7.9,0.065,60.1,89.7,1.0034,3.18,9.8,1
16.0,0.65,0.99,4.1,,1.6,202.8,1.0012,3.31,12.7,1
15.9,1.21,0.19,3.0,0.179,47.5,29.3,0.9931,3.57,13.2,0
11.1,0.33,0.36,8.5,0.196,31.7,16.7,0.9917,3.23,13.9,1
11.1,0.37,0.37,10.0,0.058,48.4,130.7,0.9903,3.7,12.6,1
6.5,1.12,0.68,13.1,0.058,10.9,93.5,1.0027,3.32,9.0,0
14.4,1.0,0.71,2.1,0.11,68.2,167.3,1.0,2.93,9.9,0
4.7,1.35,0.23,9.5,0.087,27.1,55.1,1.0013,3.86,13.4,1
7.2,0.13,0.35,11.4,0.055,29.3,141.7,1.0001,3.52,14.6,1
8.3,0.42,0.31,7.0,0.156,30.4,208.4,1.0017,3.6,9.3,1
5.1,0.75,0.44,13.8,0.095,19.2,242.0,0.9932,3.78,11.6,0
,1.53,0.05,6.6,0.122,23.2,6.4,0.9997,3.57,13.2,1
15.5,1.4,0.34,3.2,0.09,28.9,75.7,1.003,3.13,13.6,1
15.4,0.97,0.44,9.0,0.068,29.8,126.3,1.0029,2.93,11.4,1
10.6,0.31,0.85,7.7,0.031,5.6,72.2,1.0001,3.29,8.3,0
15.4,0.4,0.52,7.4,0.109,58.1,188.7,0.9936,3.48,10.9,1
12.2,1.47,0.94,7.9,0.071,68.1,68.8,1.0024,3.05,12.5,1
4.7,0.23,0.56,2.2,0.041,17.2,25.9,1.0034,3.37,14.7,1
6.7,1.22,0.66,4.6,0.022,61.9,107.8,1.0033,3.35,12.7,0
12.7,1.45,0.9,9.4,0.144,18.4,79.1,0.9913,3.75,9.9,0
12.2,0.35,0.12,8.8,0.165,40.5,88.9,0.9979,3.24,11.6,0
5.8,0.4,0.8,3.0,0.139,69.6,261.2,0.996,3.74,9.1,0
6.6,,0.1,11.0,0.059,57.5,30.9,0.9985,2.91,10.0,1
15.7,1.54,0.49,14.9,0.079,50.8,272.9,0.995,3.18,11.3,0
11.4,1.16,0.96,11.4,0.178,18.8,6.2,0.9948,3.9,11.8,0
5.8,0.31,0.92,8.6,0.192,44.0,49.0,1.0022,3.34,11.6,0
9.4,1.1,0.57,5.5,0.017,9.5,43.2,0.9971,3.98,13.2,0
14.0,1.04,0.66,12.7,0.163,69.2,18.0,0.9951,3.06,13.5,1
11.9,0.47,0.74,10.2,0.053,14.9,122.8,0.9988,3.69,8.9,0
9.6,1.1,0.16,9.2,0.022,59.9,113.1,1.0006,3.2,14.0,1
5.2,1.29,0.29,11.7,0.153,62.3,71.0,0.9919,3.71,10.0,0
9.2,1.09,0.33,5.7,0.117,22.9,9.3,1.004,3.23,8.1,0
12.2,0.6,0.26,11.9,0.191,27.8,44.4,0.9953,3.92,13.0,1
13.3,0.45,0.56,4.0,0.1,57.2,100.2,0.9938,3.18,9.9,1
14.3,1.24,0.83,7.8,0.011,68.3,164.2,1.0012,3.23,8.3,0
10.2,0.72,0.16,1.1,0.134,34.6,157.5,0.9927,3.13,9.0,0
10.3,,0.34,,0.121,13.0,242.7,0.999,3.86,8.4,0
4.8,0.91,0.49,8.7,0.129,27.1,197.4,0.9942,3.12,12.3,1
8.0,1.5,0.19,1.4,0.057,6.8,148.4,0.9993,3.8,13.2,0
13.7,1.42,,14.1,0.111,20.3,139.3,0.9936,3.88,11.4,0
7.0,0.16,0.57,9.2,0.034,37.5,45.1,0.9901,2.97,13.3,1
9.3,0.5,0.61,4.1,0.138,29.6,269.2,1.0012,3.92,12.9,0
10.6,0.98,0.1,3.8,0.075,,243.6,0.9935,3.73,9.6,0
13.7,0.65,0.19,7.8,0.172,68.6,59.7,0.9911,3.09,10.9,1
8.5,0.93,0.17,8.1,0.107,10.3,124.8,0.9939,3.7,13.4,1
14.6,1.16,0.75,3.8,0.038,1.4,8.4,0.9996,3.96,8.3,0
13.6,0.52,0.66,11.2,0.187,8.1,254.5,0.9972,3.86,13.5,1
9.9,0.51,0.75,6.0,0.106,11.2,169.0,1.0039,3.5,10.3,0
14.8,0.23,0.18,4.1,0.042,29.0,173.9,1.0023,,11.5,0
12.7,0.96,0.45,10.1,0.018,49.1,250.7,0.9907,3.18,10.5,0
8.3,0.64,0.06,9.5,0.176,34.8,135.6,0.9916,3.89,11.6,1
7.2,1.26,0.17,9.2,0.063,3.8,250.3,0.997,3.71,10.6,1
15.8,0.32,0.05,7.6,,48.3,24.7,0.9976,3.13,9.9,0
8.1,1.12,0.38,13.7,0.076,52.6,89.2,0.9936,3.45,9.1,0
13.0,0.67,0.83,14.9,0.014,45.1,243.6,0.9961,3.34,11.7,0
10.3,1.49,0.23,7.3,0.03,12.9,64.2,1.0008,3.49,10.4,1
6.6,0.72,0.5,9.9,0.185,56.0,259.8,0.9987,3.09,8.2,0
10.3,0.17,0.58,12.3,0.166,41.1,220.2,0.9915,3.33,14.9,1
9.3,0.3,0.6,9.0,0.084,36.8,242.7,1.0012,3.23,9.4,0
15.4,0.54,0.3,9.8,0.127,24.9,161.8,1.0004,3.15,14.5,0
6.8,0.3,0.25,6.0,0.11,28.5,255.0,0.9915,3.86,13.9,0
7.2,0.11,0.46,1.1,0.154,46.9,162.7,0.9938,3.15,9.0,0
11.1,1.46,0.77,5.9,0.187,62.8,94.7,0.9909,3.55,8.9,0
15.8,0.55,0.81,7.8,,4.9,189.4,1.002,3.91,14.8,1
14.8,0.21,0.12,6.5,0.159,64.8,216.9,0.9907,3.62,12.2,1
8.8,0.48,0.04,1.1,0.197,27.2,195.7,1.0008,3.73,8.1,0
7.3,1.56,0.29,4.1,0.185,22.7,148.9,0.9915,3.31,13.9,1
9.2,1.23,0.8,10.1,0.118,65.3,250.6,0.9999,3.82,13.2,1
11.9,1.3,0.91,2.1,0.051,61.0,246.6,0.9972,3.9,12.1,1
7.9,1.44,0.8,4.9,0.166,20.8,174.1,0.9968,3.2,10.4,0
13.3,1.07,0.11,14.1,0.083,47.2,106.9,0.9923,3.28,11.4,1
10.4,1.1,0.95,4.3,0.159,60.3,50.7,0.9931,3.51,13.4,1
9.1,1.47,0.42,14.3,0.065,28.9,22.6,0.9992,3.27,13.7,1
11.9,1.08,0.53,10.6,0.141,47.2,25.1,0.9966,3.58,8.9,0
5.1,0.37,0.46,2.3,0.185,46.2,132.2,0.9965,3.6,8.6,0
13.7,1.51,0.91,9.3,0.141,57.2,8.5,0.9915,3.53,8.7,0
4.9,0.18,0.76,1.3,0.135,30.8,72.2,0.9921,3.12,12.4,0
12.5,1.35,0.76,6.5,0.046,61.8,198.2,1.004,3.61,14.8,1
13.3,0.56,0.84,4.4,0.032,44.3,196.0,0.9949,2.94,11.7,1
5.1,0.57,0.05,3.9,0.026,2.4,160.1,1.0012,3.21,12.1,1
5.0,0.16,0.54,3.9,0.046,25.6,149.9,0.9965,3.59,13.4,1
13.4,0.34,0.51,12.8,0.116,54.2,245.3,0.9923,,9.7,0
8.5,1.32,0.35,7.2,0.109,54.6,20.6,0.9909,3.88,11.3,0
13.2,1.49,0.57,3.1,0.044,25.6,149.0,0.9967,3.95,14.8,1
11.2,0.5,0.47,2.5,0.022,70.4,230.8,0.9998,3.4,10.9,0
6.3,0.32,0.55,5.2,0.111,50.0,155.0,0.9914,3.52,8.9,0
13.9,0.39,0.72,6.3,0.169,3.6,139.8,1.0026,3.76,14.5,1
7.4,1.49,0.68,8.1,0.193,3.2,176.6,0.9986,3.72,10.7,1
8.5,1.21,0.58,7.9,0.146,,75.1,0.9907,3.02,8.3,0
7.2,0.72,0.4,6.0,0.085,9.1,209.4,1.001,3.55,8.7,0
4.8,0.86,0.22,2.2,0.108,52.2,81.6,0.9927,2.99,12.5,1
,1.06,0.93,9.1,0.139,59.7,146.3,0.9979,3.65,10.0,0
10.6,0.92,0.13,7.9,0.125,15.1,194.3,1.0002,3.74,13.5,1
9.4,0.82,0.88,11.9,0.069,69.7,114.1,0.9967,3.71,11.3,0
4.6,1.38,0.08,13.6,0.16,31.8,20.6,1.0007,3.13,8.6,1
10.0,1.11,0.45,12.3,0.135,62.2,252.3,0.996,3.9,11.9,1
7.2,1.55,0.89,11.5,0.097,41.9,154.4,0.9956,3.58,14.8,1
11.2,0.8,0.19,10.1,0.143,64.1,88.5,1.0032,3.01,14.8,1
15.7,1.54,0.74,11.0,0.037,38.8,287.5,0.9928,3.94,8.8,0
12.9,0.93,0.07,3.6,0.145,34.8,61.1,0.9976,3.76,10.7,0
7.1,0.77,0.86,8.0,0.077,60.0,70.5,0.9991,3.82,,1
10.7,1.31,0.01,1.2,0.143,37.3,229.6,0.9986,2.96,12.2,1
6.1,0.63,0.63,12.3,0.125,8.8,81.9,0.9972,3.66,12.3,1
9.2,1.51,0.54,4.8,0.149,39.5,180.6,1.0002,3.02,9.8,0
6.4,1.02,0.85,9.2,0.196,2.0,123.6,1.0006,3.25,14.1,1
7.2,0.23,0.57,12.6,0.155,50.7,160.3,0.9925,,14.8,1
13.6,0.19,0.37,12.8,0.186,54.3,126.8,0.9965,3.55,8.2,0
9.8,,0.23,9.9,0.027,21.4,117.0,0.9905,3.1,11.4,1
9.9,0.64,0.35,2.7,0.092,22.4,63.0,0.9989,3.79,11.1,0
8.7,1.35,0.35,13.7,0.081,59.1,192.9,0.9972,3.98,12.6,0
8.8,0.61,0.12,5.3,0.131,61.5,189.8,0.9968,3.81,12.0,1
7.8,1.12,0.96,12.8,0.108,54.9,15.8,0.9937,3.75,12.8,1
7.6,0.49,0.43,11.3,0.127,19.7,62.3,0.9992,3.85,13.6,1
15.1,0.43,,13.2,0.166,63.5,77.1,1.0039,3.83,12.0,1
15.8,0.51,0.03,4.0,0.087,,127.5,0.9941,3.72,10.2,0
9.8,1.44,0.85,5.1,0.014,35.7,64.9,0.9977,3.9,10.4,0
9.7,1.41,0.61,9.6,0.062,24.5,17.8,0.9926,3.2,9.3,0
7.6,0.7,0.71,10.0,0.124,54.2,43.4,0.9918,3.23,12.7,1
12.3,0.96,0.97,12.5,0.019,45.6,114.0,0.9969,,10.1,1
14.6,1.4,0.2,7.8,0.139,14.8,227.7,0.9913,3.39,14.6,1
12.8,0.2,0.76,10.3,0.116,48.7,93.3,0.996,3.18,10.2,1
8.6,0.17,0.33,6.4,0.18,62.7,27.1,0.9946,3.42,10.8,1
5.8,1.12,0.16,12.2,0.134,45.2,184.1,0.9919,3.34,8.5,0
6.9,1.08,0.1,1.0,0.149,56.8,170.6,0.9941,3.98,13.7,1
5.5,0.99,0.78,8.8,0.055,51.6,21.3,1.0005,3.56,13.4,1
10.9,0.3,0.88,8.5,0.199,32.1,153.4,1.003,3.55,9.1,0
15.5,0.86,0.39,14.8,0.111,9.2,220.2,1.0037,3.6,10.2,0
8.6,1.51,0.39,7.7,0.179,31.2,49.5,,3.77,8.3,0
,0.6,0.5,10.0,0.189,57.7,49.1,0.9989,3.29,8.1,0
11.2,0.84,0.54,10.2,0.126,59.8,251.6,1.0011,3.72,8.9,0
5.8,1.29,0.51,13.4,0.093,35.7,249.0,0.9996,3.18,8.8,0
9.4,1.09,0.68,5.0,0.137,61.3,288.6,1.0035,3.98,8.1,0
8.2,1.18,0.06,4.0,0.093,,15.9,0.9953,3.23,12.8,0
12.9,0.82,0.62,6.4,0.091,11.2,155.6,1.0025,3.76,8.1,0
13.1,0.24,0.98,3.3,0.074,39.7,122.7,0.9902,3.25,9.6,1
12.7,0.17,0.57,9.7,0.11,58.6,275.9,0.9976,2.96,12.9,1
10.0,0.77,0.07,13.4,0.187,61.2,45.5,0.9931,3.43,11.4,1
14.3,1.25,0.91,8.7,0.177,65.5,265.6,0.9948,3.61,12.6,0
14.5,1.48,0.97,11.2,0.184,46.9,58.7,0.9917,2.93,10.0,0
5.5,1.21,0.11,8.1,0.031,36.3,205.5,0.9996,,9.0,0
14.7,0.18,0.74,6.5,0.028,16.8,41.5,0.9932,3.86,10.3,1
9.3,0.78,0.22,14.5,0.133,40.4,264.7,0.9993,3.57,8.1,0
10.6,0.79,0.31,2.0,0.109,45.0,143.5,1.0004,3.3,14.5,1
5.3,0.46,0.1,6.7,0.059,54.0,157.1,1.0009,2.92,15.0,1
13.9,0.38,0.46,7.6,0.061,68.6,29.7,0.991,3.62,15.0,1
5.9,1.11,0.45,7.0,0.156,44.1,79.3,1.0016,3.7,12.9,1
6.9,1.56,0.27,9.9,0.156,59.7,283.5,0.9921,3.16,12.8,0
10.0,0.54,0.45,5.2,0.112,,156.1,1.0015,3.78,10.7,0
14.7,1.58,0.27,8.4,0.071,56.2,178.9,1.0014,3.1,11.9,1
9.2,0.47,0.66,12.0,0.081,21.8,70.4,0.9992,3.21,11.6,1
11.7,0.32,0.73,7.6,0.124,17.3,247.7,0.9931,,13.8,1
,1.37,0.02,13.7,0.194,29.4,144.1,0.9971,3.25,9.3,0
6.4,1.26,0.28,10.9,0.031,29.2,257.4,1.0018,3.74,14.0,0
7.6,1.31,0.48,4.7,0.159,35.3,207.6,0.998,3.73,10.4,0
,1.6,0.32,,0.055,9.3,176.8,0.9931,3.84,14.9,1
15.5,,0.6,4.3,0.11,19.1,191.7,0.9921,3.98,13.7,1
10.1,0.53,0.88,7.1,0.112,3.5,209.2,0.9989,3.48,12.1,1
4.9,1.2,0.57,5.8,0.142,10.8,245.1,1.0002,3.37,8.5,0
8.8,1.58,0.7,11.3,0.128,31.0,247.2,0.9988,,11.7,1
9.2,1.4,0.25,10.2,0.188,41.1,261.8,0.9941,3.4,13.7,1
12.3,0.37,0.95,3.9,0.076,67.2,161.7,0.9991,2.94,14.3,1
15.0,0.38,0.24,1.9,0.064,28.0,99.8,0.9985,2.96,13.8,1
10.0,0.86,0.06,11.3,0.13,1.4,9.7,,3.3,12.0,1
8.1,0.95,0.66,14.5,0.182,9.8,32.9,0.998,3.18,12.1,1
12.8,1.5,0.91,10.9,0.068,12.5,257.7,1.0002,3.57,13.9,1
10.6,0.81,0.57,11.0,0.174,12.3,211.5,0.9905,3.65,9.9,0
15.1,0.89,0.33,6.3,0.041,26.1,60.3,0.9936,3.67,13.1,1
7.0,1.21,0.91,10.8,0.132,23.5,19.4,0.9915,3.47,11.6,1
8.2,0.93,0.64,8.9,0.016,58.0,230.5,0.9924,3.92,12.9,1
8.8,0.76,0.63,14.2,0.126,69.0,133.4,1.0004,3.46,9.6,1
10.3,1.11,0.05,4.2,0.137,40.7,184.6,1.0004,3.85,8.2,0
12.7,1.31,0.02,13.3,0.162,15.1,199.0,0.995,3.69,11.2,1
9.4,0.36,0.72,9.5,,58.9,91.1,0.9944,2.94,12.6,1
6.9,0.95,0.08,14.5,0.085,34.1,217.2,0.9991,3.81,9.9,0
11.9,0.5,0.35,6.7,0.113,42.4,236.5,0.993,3.58,8.3,0
13.6,0.16,0.55,13.0,0.173,53.3,93.3,0.9984,3.78,8.0,1
15.8,1.24,0.66,7.7,0.075,18.2,240.9,1.0035,3.47,11.2,1
14.9,1.34,0.24,3.6,0.131,45.0,27.9,0.9911,3.68,10.5,1
6.6,1.14,0.87,8.2,,37.6,60.2,1.0018,3.83,14.0,1
13.3,1.06,0.19,11.1,0.058,63.3,198.0,0.9934,3.84,12.9,1
13.0,,0.72,7.0,,33.3,201.6,1.0025,3.13,9.9,0
6.7,1.07,0.01,5.9,0.119,26.4,103.2,0.9905,3.88,9.1,0
8.6,0.6,0.02,5.9,0.042,13.9,46.1,0.9948,3.46,14.5,1
6.3,0.97,0.59,13.5,0.161,71.8,13.5,1.0003,3.93,8.1,0
15.8,1.22,0.38,4.0,0.161,6.9,114.5,1.0012,3.17,13.7,1
15.9,1.52,0.56,,0.125,5.1,20.0,0.9931,3.78,12.4,1
5.7,0.67,0.14,3.1,0.044,29.9,232.4,0.996,3.3,12.0,0
13.1,0.48,0.17,7.1,0.054,15.9,258.4,0.9989,3.78,13.9,1
15.5,1.53,0.97,14.1,0.07,58.9,146.3,0.9905,3.66,14.8,1
9.6,1.39,0.53,14.7,0.167,7.7,153.8,0.9905,2.95,13.2,1
11.7,0.64,0.09,1.4,0.117,45.7,80.7,0.9972,3.02,11.0,0
11.4,0.26,0.51,11.7,0.032,51.6,205.5,0.9943,3.16,10.1,0
4.8,1.21,0.06,13.4,0.066,53.7,22.1,0.9904,3.14,12.1,0
5.5,0.88,0.3,7.5,0.18,52.4,125.9,0.9945,3.64,10.7,0
7.7,0.4,0.89,7.5,0.172,,12.5,0.9923,3.33,10.4,1
11.8,0.56,0.62,4.8,0.169,32.9,131.4,0.994,3.85,14.6,1
10.8,0.84,0.36,10.8,0.17,13.8,130.4,1.0037,3.52,11.1,0
6.5,1.55,0.61,5.1,0.096,10.7,286.7,1.0001,3.59,8.6,0
15.8,0.72,0.96,14.1,0.088,26.4,92.7,1.0023,3.09,13.8,1
5.4,0.85,0.57,4.4,0.16,13.9,72.1,0.9989,2.99,13.3,1
12.6,0.58,0.85,8.4,0.102,35.2,248.4,0.9972,3.1,14.8,1
14.9,0.21,0.21,13.4,0.055,20.2,173.7,0.9973,3.24,14.5,1
5.9,1.48,0.83,4.1,0.074,63.1,171.1,1.0022,3.06,9.9,0
14.3,1.52,0.96,7.0,0.172,69.1,,0.9943,2.96,15.0,1
13.7,1.53,0.11,12.2,0.138,45.1,85.3,0.9994,3.22,12.1,1
4.9,0.58,,12.5,0.125,68.6,227.6,,3.19,10.2,0
12.6,0.88,0.53,1.3,0.014,51.6,189.9,0.9984,3.85,14.6,1
9.5,1.21,0.26,12.8,0.026,12.1,16.4,0.9984,3.82,13.8,1
7.6,1.26,0.9,3.6,0.09,62.3,185.4,0.9982,3.78,10.3,0
11.1,0.9,0.06,12.1,0.196,7.7,,1.0015,3.78,8.2,0
10.6,1.01,0.98,14.9,0.177,69.9,87.2,1.0012,3.41,10.1,0
13.7,0.23,0.18,10.4,0.196,50.5,58.2,0.9957,3.64,13.0,1
11.8,0.23,0.97,9.3,0.068,54.2,183.8,0.992,3.33,10.4,1
10.7,1.03,0.29,2.5,0.045,38.8,82.9,0.9941,3.2,12.9,1
15.1,0.29,0.66,6.3,0.047,1.2,170.1,0.9914,3.14,13.3,0
13.0,1.12,0.96,10.7,0.032,27.3,261.6,0.9912,3.88,13.8,1
9.7,1.44,0.98,6.7,0.2,2.6,186.2,0.9943,3.6,11.7,0
9.3,1.39,0.56,4.1,0.126,49.0,139.3,0.9932,3.82,9.3,0
5.7,0.92,0.85,,0.056,27.5,84.5,0.9948,3.08,10.2,1
10.4,0.44,0.68,4.8,0.113,3.2,175.7,0.9982,3.64,13.1,1
8.4,0.23,0.02,11.9,0.012,51.2,77.5,0.9978,3.18,15.0,1
11.2,1.57,0.08,2.2,0.132,42.9,42.6,1.0021,2.94,14.6,1
10.6,1.19,0.74,9.8,0.075,70.3,260.1,0.9928,3.73,14.1,1
15.6,1.12,0.02,10.5,0.03,66.1,260.4,0.9943,3.91,13.5,1
9.7,1.55,0.0,2.2,0.188,65.5,169.2,0.9988,3.89,9.0,0
13.6,1.01,0.59,8.0,0.195,33.5,259.0,1.0017,3.44,13.4,1
12.2,1.3,0.2,12.8,0.08,16.7,190.7,1.0,3.5,8.5,0
10.3,0.79,0.77,4.7,0.024,9.5,127.8,0.9968,3.09,11.7,0
9.3,1.02,0.25,3.0,0.02,20.3,215.9,0.992,3.05,14.9,1
8.6,0.93,0.07,3.4,0.036,43.3,190.3,1.0035,3.43,11.2,0
10.9,0.46,0.06,5.8,0.192,9.5,74.3,0.9914,3.46,8.7,1
,0.5,0.09,1.6,0.047,33.8,65.7,0.9901,3.32,12.9,1
4.6,0.5,0.77,1.4,0.141,65.3,219.3,0.9931,3.86,,0
12.7,0.13,0.01,12.8,0.077,59.4,194.4,1.0007,3.64,8.1,0
8.4,1.48,0.8,14.3,0.133,67.4,286.4,0.9913,3.7,8.9,0
15.6,0.78,0.08,2.6,0.04,51.5,233.6,0.9939,3.76,11.7,1
11.9,0.65,0.21,8.0,0.106,41.1,133.4,0.9914,,14.9,1
6.0,0.26,0.23,13.1,,27.3,201.5,1.0032,3.08,12.0,1
9.7,0.31,0.03,13.2,0.183,16.0,170.5,0.9983,3.73,13.9,1
13.5,0.68,0.24,3.3,0.043,13.7,152.6,1.003,3.12,8.3,0
11.0,1.07,0.22,4.1,0.1,12.1,92.9,0.9971,3.47,10.4,0
7.3,1.58,0.9,6.7,0.147,22.2,171.5,0.997,3.85,12.0,1
6.5,0.13,0.31,9.4,0.141,19.7,133.4,0.9925,2.98,12.8,1
15.4,0.31,0.23,9.1,0.073,4.3,140.4,0.9929,3.97,12.4,1
6.7,0.84,0.81,14.5,0.091,5.7,164.4,1.0006,3.4,12.3,0
8.8,1.03,0.83,6.1,0.132,39.3,278.0,1.0028,3.01,,1
8.4,1.39,0.62,13.7,0.174,39.3,183.7,0.9921,3.97,8.5,0
14.6,1.48,0.48,2.3,0.15,63.6,218.5,0.9987,3.45,8.3,0
15.4,1.32,0.07,8.3,0.067,38.4,100.9,1.0009,3.57,11.1,0
13.5,0.75,0.04,13.5,0.071,27.2,144.4,0.9933,3.03,9.6,1
12.2,0.31,0.88,1.3,0.011,21.3,32.7,1.0011,3.25,11.8,1
14.9,0.16,0.19,4.2,,,28.2,1.0008,3.97,11.6,1
11.1,1.06,0.34,7.2,0.187,30.0,172.3,0.9908,3.29,13.7,1
9.2,1.6,0.66,11.3,0.105,45.9,103.4,0.9977,3.3,9.3,0
12.9,0.99,0.21,4.7,0.064,19.5,133.2,0.9914,3.5,14.0,1
6.9,0.38,0.2,9.0,0.151,21.9,57.1,1.0017,3.45,12.5,1
15.0,1.11,0.9,3.0,0.017,50.9,79.8,0.9997,3.11,13.6,1
7.1,0.56,0.51,9.6,,3.6,69.3,0.9903,3.12,14.0,1
7.4,,0.22,8.4,0.161,23.8,72.6,1.0034,3.39,8.3,0
13.1,1.45,0.74,14.7,0.061,62.0,252.6,0.9907,3.06,11.8,1
13.0,1.56,0.17,1.6,0.159,52.3,24.0,0.9934,3.62,9.3,0
8.6,1.49,0.11,12.5,0.064,67.0,50.7,0.9989,3.33,8.1,0
13.0,0.11,0.09,8.2,0.143,38.7,100.7,0.9963,3.73,8.6,0
15.3,0.89,0.39,12.5,0.098,8.1,106.5,1.0011,3.52,9.7,0
6.4,1.44,0.55,1.0,0.082,60.1,252.3,1.0033,2.96,10.3,0
13.1,0.18,0.56,10.8,0.133,45.4,191.6,0.9904,3.25,12.4,1
12.3,1.02,0.99,3.0,0.048,48.5,206.6,0.9989,3.69,9.8,0
15.8,0.71,0.51,2.1,0.031,8.6,158.3,0.9951,3.98,13.4,1
10.9,0.25,0.12,13.2,0.081,13.3,202.4,0.9957,3.85,8.6,0
10.7,0.13,0.59,12.2,0.033,67.0,17.6,,3.18,14.2,1
6.7,1.25,0.7,3.3,0.061,68.9,217.3,0.9996,2.99,10.3,0
7.9,1.05,0.13,2.9,0.119,24.3,34.6,0.9953,2.91,8.9,0
9.4,0.56,0.05,11.5,0.039,7.2,138.6,0.9982,3.16,10.1,0
8.4,0.69,0.67,10.1,0.072,50.6,31.7,0.9908,3.53,14.7,1
5.6,0.47,0.96,4.1,0.109,17.2,160.6,1.0001,3.68,9.7,0
14.6,0.42,0.22,12.1,0.052,,162.2,0.9998,2.99,13.3,1
4.9,1.23,0.71,12.2,0.14,15.7,101.0,0.9945,3.07,,0
9.2,1.17,0.74,9.1,0.057,59.8,236.0,0.9909,3.22,8.2,0
9.6,1.15,0.79,2.3,0.156,59.9,206.3,0.9941,3.3,11.8,1
7.3,1.31,0.03,1.9,0.082,48.3,174.7,0.9998,3.07,12.0,0
5.7,0.13,0.09,6.7,0.186,28.4,115.9,0.9905,4.0,14.8,1
11.6,0.14,0.67,7.4,0.09,32.2,172.4,1.0026,3.6,13.2,1
,0.25,0.93,3.7,0.116,63.8,11.9,0.9952,3.32,12.9,1
8.0,0.88,0.49,6.2,0.061,44.5,279.2,0.9986,3.7,9.3,0
15.9,1.13,0.32,2.4,0.024,42.9,248.2,0.9944,3.11,10.0,0
13.2,1.44,0.57,8.9,0.095,71.1,62.9,0.999,2.97,12.5,1
15.6,0.49,0.12,9.9,0.111,14.0,65.2,,3.49,12.6,1
11.5,0.84,0.35,4.9,0.125,46.2,28.8,0.9908,2.99,12.5,1
11.9,1.48,0.39,2.3,0.196,63.4,83.8,1.001,2.95,8.1,0
10.6,0.8,0.71,9.7,0.073,1.5,202.5,0.993,3.57,13.9,1
15.0,1.37,0.19,1.6,0.167,59.5,131.5,0.9982,3.87,11.7,0
7.6,1.18,0.86,11.7,0.174,34.0,26.5,0.9914,3.69,14.4,1
14.2,0.76,0.83,14.1,0.126,61.3,142.1,0.9963,3.91,12.1,1
8.6,0.92,0.35,7.9,0.136,48.6,269.6,0.9964,3.16,13.5,1
15.5,0.84,0.92,11.8,0.18,46.6,236.3,0.9907,2.99,11.4,1
6.6,0.82,0.14,12.5,0.132,42.7,82.0,0.9944,3.22,9.4,0
10.5,1.25,0.09,6.6,0.058,38.8,103.5,0.9918,3.8,9.0,0
11.4,1.4,0.99,3.7,0.143,31.6,94.8,0.993,2.96,15.0,1
12.1,0.57,0.51,8.5,0.116,18.7,158.2,1.0015,3.96,13.4,1
8.9,0.87,0.79,5.3,0.047,62.7,288.1,1.0012,3.3,12.4,1
8.5,1.28,0.49,1.1,0.084,18.4,103.7,0.9963,3.55,13.0,1
12.4,0.69,0.1,9.8,0.021,69.8,105.7,0.9974,3.64,12.0,0
13.6,0.17,0.28,5.7,0.071,40.7,187.9,0.9966,3.74,13.2,1
8.8,1.6,0.1,6.1,0.062,50.5,153.1,0.9976,3.3,11.8,0
8.6,1.28,0.63,9.3,0.071,43.0,86.6,0.9968,3.44,8.3,0
12.4,0.84,0.42,13.1,0.082,19.9,41.7,0.9957,2.93,10.9,0
6.5,0.62,0.18,9.0,0.196,39.5,233.3,0.9982,3.5,13.1,0
4.6,1.59,0.14,11.2,0.126,43.0,143.4,0.9962,3.31,12.0,0
7.7,0.69,0.39,10.8,0.127,41.1,133.0,1.0038,3.71,14.0,1
9.2,1.47,0.71,14.5,0.177,10.2,196.5,0.9933,3.84,8.2,0
11.0,1.24,0.13,8.0,0.039,61.2,196.2,0.992,,9.4,0
,0.97,0.86,2.9,0.078,70.2,152.4,1.0031,3.78,14.3,0
8.4,1.26,0.87,2.9,0.137,11.9,43.4,1.0024,3.63,8.1,0
15.0,0.17,0.48,6.4,0.112,40.9,49.3,1.0017,3.66,12.0,1
10.8,1.33,0.79,1.1,0.177,46.1,79.6,0.9953,3.19,14.4,1
4.8,0.27,0.91,13.6,0.02,26.5,287.7,1.002,3.14,14.4,1
14.5,1.17,0.78,8.1,0.018,46.5,57.9,1.0,3.99,10.7,1
12.8,0.18,0.01,6.6,0.12,44.0,22.0,1.0035,3.77,13.0,1
11.7,1.05,0.77,13.2,0.107,7.9,138.2,1.0037,3.17,10.5,1
12.8,0.63,0.02,12.6,0.135,68.7,200.1,0.9963,3.48,13.0,1
9.9,1.12,0.27,4.2,0.021,45.4,156.8,0.9973,3.78,10.6,0
14.0,0.48,0.99,8.0,0.119,15.5,242.5,1.0019,3.93,8.6,0
7.6,1.17,0.02,6.1,0.064,36.9,20.6,0.9992,3.46,11.7,1
13.4,0.41,0.55,14.7,0.073,57.7,25.8,1.0015,3.82,9.6,1
15.0,0.73,0.28,8.7,0.013,35.0,217.5,0.9949,3.69,12.5,0
9.7,1.37,0.66,12.0,0.079,30.8,175.3,0.9903,3.39,8.0,0
11.9,0.74,0.45,11.7,0.15,36.1,135.2,0.9929,3.45,11.9,1
11.5,0.93,0.18,10.5,0.184,47.0,172.2,0.9905,3.8,9.9,0
4.7,0.49,0.9,14.2,0.077,33.7,200.2,0.9948,3.58,9.5,0
14.3,1.4,0.71,13.4,0.054,27.8,50.3,1.0005,3.81,,1
8.0,0.84,0.67,11.7,0.114,18.9,276.4,1.0013,3.51,9.5,0
,0.31,0.5,8.6,0.056,66.9,277.4,0.9961,3.79,11.8,1
15.8,1.45,0.91,10.6,0.069,11.8,34.2,1.0012,3.97,11.5,0
11.2,1.58,0.55,7.2,0.118,41.5,154.1,1.0025,3.81,10.3,0
8.6,1.38,0.92,7.7,0.123,44.9,82.8,0.9902,3.63,9.4,0
12.8,1.2,0.49,5.4,0.113,47.4,98.7,0.996,3.76,13.1,1
14.7,0.78,0.1,14.3,0.095,11.3,,0.9987,3.46,13.8,1
12.2,1.02,0.36,15.0,0.025,40.3,189.3,1.0028,3.75,11.2,0
12.8,0.18,0.1,2.3,,42.0,75.1,0.9915,3.08,12.0,1
12.4,1.19,0.7,5.5,0.087,70.3,279.5,0.9997,3.98,12.5,1
9.5,1.43,0.61,5.6,0.027,14.3,219.2,0.9916,3.31,14.5,1
10.9,0.36,0.84,1.1,0.187,50.4,55.2,0.9932,3.88,8.4,0
6.6,0.98,0.28,8.6,0.081,11.4,237.3,1.0008,3.18,10.9,0
11.5,1.04,0.12,9.3,0.063,47.7,194.9,1.0009,2.96,9.8,1
15.0,1.44,0.18,12.9,0.019,55.0,269.3,1.0008,3.47,8.6,0
14.4,1.03,0.27,4.0,0.078,33.0,261.8,0.9939,2.99,14.3,1
9.1,0.66,0.41,4.8,0.167,63.0,276.9,0.9981,3.4,8.8,0
14.4,0.92,0.39,10.3,0.038,33.2,90.4,0.9912,3.13,9.7,1
7.8,0.95,0.55,13.1,0.13,30.6,129.0,0.9908,3.73,12.4,0
14.2,1.53,0.34,8.6,0.158,21.7,255.2,0.9978,3.48,8.7,0
14.8,1.32,0.81,5.9,0.114,70.5,112.2,0.9974,3.13,14.3,1
15.9,0.39,0.38,2.6,0.093,4.5,34.2,0.9942,3.52,14.1,1
4.6,0.94,0.74,10.0,0.051,2.3,206.6,0.9963,3.42,10.8,1
9.7,0.66,0.53,10.9,0.086,,171.3,0.9942,3.12,8.0,0
5.5,0.5,0.72,11.8,0.141,28.8,198.3,1.0017,3.16,9.9,0
15.0,1.04,0.97,14.4,0.049,58.6,37.1,0.9981,3.22,14.1,1
5.9,0.91,0.65,3.2,0.11,55.3,194.6,0.9936,3.5,10.0,0
12.1,1.17,0.97,8.8,0.138,36.4,136.5,0.9917,3.81,12.8,1
9.7,0.55,0.78,9.8,0.104,64.2,225.6,0.9952,3.58,14.3,1
8.0,1.46,0.65,9.3,0.072,62.5,71.6,0.9964,3.68,10.6,1
10.3,0.28,0.54,1.2,0.023,5.5,17.4,1.003,3.45,11.9,1
9.7,0.79,0.28,1.4,0.153,14.4,221.2,0.9996,3.02,14.9,1
11.7,0.71,0.72,10.9,0.184,23.8,216.2,1.001,3.16,9.5,0
15.5,,0.49,4.8,0.151,59.1,231.1,0.9985,3.54,11.3,1
15.7,0.92,0.05,6.3,0.04,30.6,135.5,0.9908,3.15,11.3,1
10.0,0.98,0.75,7.0,0.101,32.4,131.6,0.9979,3.92,10.0,1
5.1,1.29,0.63,11.7,0.104,13.7,218.4,1.0027,3.5,10.6,0
12.7,1.06,0.23,2.8,0.116,17.7,66.8,0.9975,3.08,8.3,0
6.0,1.1,0.18,,0.14,10.7,175.5,0.9918,2.92,13.3,0
12.9,0.92,0.37,11.7,0.111,19.7,162.4,0.9917,3.85,12.9,1
12.5,0.11,0.12,9.3,0.117,23.1,152.9,0.9968,3.14,14.1,1
11.8,0.64,0.39,5.3,0.016,51.7,102.6,0.9917,3.89,12.9,1
11.4,0.25,0.28,12.4,0.119,3.3,258.7,0.9921,3.24,13.3,0
5.3,0.75,0.99,8.4,0.024,65.2,288.1,0.9903,3.36,14.1,1
7.2,0.76,0.55,3.0,0.119,29.9,243.6,0.996,2.98,11.2,1
14.2,0.65,0.47,14.6,0.183,42.1,126.0,0.9914,3.83,11.5,0
10.2,1.08,0.89,6.5,0.166,32.3,146.7,1.003,3.28,14.9,1
13.4,1.59,0.91,13.5,0.055,41.3,188.8,1.0,3.21,11.7,1
5.4,0.22,0.2,3.1,0.019,26.9,229.1,1.0028,3.99,11.2,1
13.1,1.37,0.13,3.1,0.19,18.2,165.9,0.9997,2.91,14.5,1
11.5,1.29,0.8,6.6,0.081,40.3,274.6,0.9951,3.32,14.1,1
11.5,0.77,0.19,14.2,0.14,60.6,154.2,0.9943,3.49,14.9,1
10.5,1.48,0.44,8.7,0.139,27.9,73.0,0.9967,3.29,12.6,0
5.1,0.35,0.2,11.4,0.129,22.7,33.4,0.9917,3.94,10.6,0
7.0,1.28,0.88,6.9,0.117,16.6,228.9,0.9935,3.36,10.6,0
10.8,1.13,,10.6,0.143,17.7,267.6,0.9927,3.17,14.0,1
9.2,0.19,0.91,14.4,0.014,57.6,241.7,0.9924,3.52,11.7,1
8.8,0.68,0.17,3.6,0.171,63.9,214.6,1.0018,3.25,8.7,0
15.3,1.03,0.98,5.6,0.194,38.0,80.7,0.9984,3.3,11.2,1
9.1,0.74,0.99,10.6,0.093,11.6,217.1,0.9961,3.81,10.9,0
13.2,1.49,0.95,12.4,0.17,8.5,270.4,0.9911,3.96,8.5,0
7.4,0.64,0.09,9.3,0.024,62.7,119.9,0.9916,3.26,12.1,0
5.3,0.11,0.77,12.2,0.177,5.0,210.2,0.995,3.88,11.6,0
11.3,1.17,0.02,3.2,0.099,56.6,37.7,0.992,3.22,14.7,1
8.7,1.27,0.66,14.5,0.159,67.4,249.1,1.0026,3.5,10.8,1
,0.53,0.6,10.4,0.125,,173.8,1.0026,3.41,10.9,1
15.7,0.43,0.58,9.4,0.045,16.0,66.2,0.9926,3.92,11.3,1
12.6,0.87,0.08,,0.12,,176.2,0.9989,,12.3,1
7.7,0.71,0.79,11.3,0.055,27.4,79.3,0.9966,3.52,9.5,1
14.2,1.38,0.27,12.8,0.028,22.0,261.2,1.0006,3.4,8.6,0
15.3,0.67,0.81,2.2,0.044,13.1,218.7,0.9949,3.84,14.9,1
12.1,1.59,0.22,1.4,0.184,16.3,105.4,0.9962,3.24,11.8,1
5.4,0.77,0.87,10.5,0.061,54.8,177.0,0.9948,3.89,14.3,1
15.0,1.53,0.89,5.1,0.147,,,,3.11,12.5,1
11.8,0.1,0.19,7.2,0.133,16.1,28.3,1.0033,3.87,10.0,0
8.2,1.27,0.44,1.2,0.137,50.5,258.4,0.9981,3.33,10.5,0
13.7,0.28,0.74,3.1,0.14,50.9,239.8,1.0018,3.69,9.1,1
15.1,1.39,0.4,6.8,0.178,23.7,268.8,0.9939,3.16,14.0,1
9.2,1.25,0.09,5.8,0.109,19.3,279.3,0.9938,3.62,12.8,1
10.5,0.18,0.72,12.8,0.086,12.1,144.3,0.9951,3.62,10.5,1
11.6,1.6,1.0,5.2,0.195,51.1,49.3,1.0033,2.93,13.3,1
6.4,0.92,0.87,9.0,0.158,52.9,224.7,1.0009,3.24,9.7,0
5.3,1.53,0.1,3.3,0.018,32.3,287.2,0.9952,3.18,15.0,1
15.9,0.31,0.12,4.1,0.097,19.1,,0.9939,3.45,12.5,1
5.3,1.0,0.07,1.2,0.199,69.3,252.7,0.9933,3.09,8.6,0
11.9,1.16,0.98,10.5,0.048,41.5,127.1,0.9917,3.14,13.8,1
11.6,1.39,0.44,6.8,0.015,59.8,173.5,0.9949,3.28,12.5,0
9.3,0.2,,7.9,0.018,23.4,52.9,1.0003,2.98,14.8,1
5.5,1.03,0.69,10.8,0.031,,100.4,0.9952,2.92,9.5,0
14.8,0.75,,1.1,0.171,,236.6,0.9964,3.6,14.9,1
9.2,1.44,0.12,5.1,0.097,50.6,218.7,0.9964,3.75,9.6,0
9.0,1.41,0.2,3.7,0.165,21.4,163.4,0.9924,3.49,,0
11.9,1.21,0.86,4.8,0.122,23.9,53.8,0.9955,3.6,9.9,0
13.3,0.94,0.81,1.7,0.013,71.7,121.6,0.9968,3.99,14.7,1
15.7,0.45,0.01,7.6,0.088,71.0,10.8,0.9917,3.67,11.9,0
10.3,0.36,0.69,8.1,0.02,11.5,237.3,0.9903,3.04,11.9,1
9.4,1.45,0.6,7.4,0.086,24.8,64.6,0.9911,3.54,12.6,1
8.7,1.44,0.26,3.7,0.101,19.1,99.9,0.9914,3.2,14.8,1
15.6,0.63,0.8,10.5,0.026,58.3,117.0,0.9916,3.95,14.9,1
5.1,0.52,0.81,7.6,0.044,8.4,90.2,0.9918,2.98,10.0,0
10.2,0.26,0.96,13.5,0.147,24.3,186.1,0.9911,2.9,13.9,1
5.6,0.5,0.92,8.6,0.144,32.1,159.9,0.9959,3.6,9.1,0
13.0,0.54,0.92,2.2,0.05,39.8,183.3,0.9941,3.91,9.9,0
10.7,1.04,0.49,4.5,0.19,51.3,91.5,0.9962,3.7,,0
6.5,1.1,0.7,6.4,0.186,50.5,143.4,0.9936,3.84,12.7,0
5.7,0.93,0.8,10.8,0.101,8.6,278.3,0.9978,3.22,10.0,0
13.8,0.5,0.94,1.6,0.027,71.3,110.6,0.991,3.57,8.3,1
8.9,1.48,0.58,13.3,0.084,49.1,41.7,0.9965,3.14,10.6,0
13.0,0.34,0.25,6.1,0.145,34.2,66.7,1.0032,3.15,12.9,1
12.1,0.2,0.99,13.9,0.094,3.4,74.2,0.9999,3.03,10.4,0
14.7,1.59,0.93,6.2,0.011,60.0,46.5,0.9951,3.3,13.6,1
7.0,0.13,0.11,11.8,0.097,1.9,284.3,0.9937,3.03,14.9,1
14.9,1.1,0.13,8.0,0.183,45.2,204.8,0.9944,3.0,11.0,0
8.4,0.57,0.97,10.6,0.114,16.4,15.4,0.991,3.9,9.0,1
10.1,1.58,0.66,3.1,0.112,63.5,27.2,0.9983,3.68,14.4,1
,,0.41,13.7,0.111,5.6,91.6,1.002,2.98,10.6,1
12.0,1.35,0.93,11.0,0.105,62.6,41.2,0.9959,3.59,9.1,0
9.4,0.58,0.04,12.0,0.165,19.9,132.1,1.0028,3.97,9.7,0
9.3,0.74,0.5,7.2,0.144,30.2,40.2,0.9916,3.82,9.8,1
8.3,1.1,0.65,13.3,0.023,66.0,118.6,0.9978,3.33,12.0,1
7.5,1.36,,3.3,0.198,64.0,253.5,1.0035,3.6,10.0,0
10.3,1.26,0.27,5.0,0.132,62.2,257.1,1.0018,3.79,12.0,0
8.1,0.77,0.62,4.1,0.181,49.4,72.5,1.0039,3.65,14.4,1
15.4,0.25,0.01,9.3,0.015,12.8,31.5,1.002,3.95,10.9,0
8.7,0.45,0.91,5.1,0.011,11.0,228.5,0.9988,3.72,9.9,1
10.7,0.22,,14.2,0.063,60.0,212.1,1.0028,3.55,8.9,0
12.8,1.34,0.87,2.8,0.121,29.9,245.5,0.9901,3.75,12.1,1
9.5,,0.0,12.3,0.039,27.3,261.2,1.0039,3.22,14.5,1
7.6,1.02,0.51,11.1,0.037,50.2,75.3,0.9927,3.26,11.7,1
11.3,1.3,0.86,15.0,0.122,42.7,202.7,0.9991,3.05,8.4,0
13.5,1.15,0.65,1.9,0.033,60.6,234.4,0.9957,3.64,12.1,1
7.2,0.12,0.1,11.1,0.117,9.8,185.5,1.0038,3.93,12.9,0
6.7,0.5,0.61,5.0,0.04,61.3,284.0,0.9942,3.97,14.0,1
11.1,0.33,0.64,2.3,0.172,25.4,140.8,,3.88,13.8,1
13.8,1.15,0.54,12.5,0.121,45.4,7.4,0.9989,3.0,13.2,1
7.1,1.21,,4.6,0.038,23.1,53.0,,3.42,9.6,0
11.2,0.86,0.23,5.4,0.185,42.0,97.2,0.9969,3.87,13.3,1
14.4,,0.6,5.9,0.158,67.4,120.6,0.9989,3.02,10.3,0
8.8,1.52,0.4,6.2,0.061,21.9,,0.9983,3.18,14.7,1
12.7,1.11,0.42,9.1,0.138,63.4,8.6,0.9964,,10.9,1
12.4,1.12,0.08,5.4,0.018,51.7,285.3,1.0003,3.51,12.9,1
14.4,0.67,0.4,3.2,0.068,49.9,42.4,0.9974,3.36,9.0,1
9.7,0.84,0.86,8.2,0.141,43.0,218.6,0.991,3.97,9.3,0
6.2,1.35,0.02,4.9,0.011,65.9,146.1,0.9973,3.18,9.2,0
10.5,0.58,0.32,10.0,0.091,33.7,,1.0038,3.43,11.3,1
11.9,0.1,0.94,12.2,0.054,61.4,162.0,0.9977,3.15,14.7,1
9.6,,0.44,4.5,0.072,31.5,149.4,1.0024,3.07,13.2,0
5.6,0.94,0.46,11.2,0.18,45.2,160.5,0.9909,3.95,8.6,0
12.4,0.43,0.02,13.3,0.025,25.1,270.1,0.9966,3.22,8.1,0
5.2,1.17,0.56,8.9,0.115,2.0,,0.9926,2.93,8.7,0
14.9,0.32,0.76,8.2,0.144,44.5,113.9,0.9929,3.79,11.9,1
8.7,0.99,0.34,1.0,0.096,42.4,177.3,1.0008,3.16,10.9,0
15.7,0.29,0.41,2.3,0.106,40.6,176.2,0.9952,3.01,14.6,1
8.0,1.18,0.34,11.2,0.161,8.7,220.6,0.9957,3.06,11.3,1
11.8,0.28,0.77,2.0,,30.6,211.5,1.0,3.12,10.9,0
14.0,1.59,0.5,6.2,0.016,34.8,11.5,0.9933,3.14,9.5,0
11.7,0.95,0.31,14.0,0.09,60.9,187.1,0.993,3.8,11.8,1
9.1,0.63,0.18,6.8,0.177,60.9,236.1,0.99,3.45,13.6,1
12.6,0.47,0.85,10.4,0.106,42.0,26.4,1.0022,2.98,12.9,1
14.0,1.26,0.27,4.1,0.101,9.8,170.9,0.995,3.79,14.2,1
6.1,0.64,0.59,5.8,0.04,10.5,248.2,0.9988,3.52,11.7,1
14.5,0.22,0.33,14.0,0.161,19.0,12.0,1.0005,3.87,13.2,1
6.6,1.1,0.99,9.8,0.13,53.2,109.0,0.994,3.81,12.0,1
10.7,0.8,0.36,13.3,0.139,34.1,130.4,0.997,3.63,8.6,0
11.5,1.51,0.42,8.1,0.072,38.4,181.5,0.9975,3.38,12.2,1
5.1,1.08,0.25,14.8,0.186,41.9,181.6,0.9978,3.87,10.0,0
12.5,0.37,0.72,8.8,0.178,48.2,77.7,0.9937,3.21,10.6,1
8.1,0.88,0.28,14.5,0.152,,256.4,0.9991,3.53,10.7,0
11.2,1.04,0.94,7.5,0.039,2.7,179.4,1.002,3.29,13.4,1
7.3,0.5,0.37,10.7,0.183,14.7,72.5,0.9976,3.71,10.3,0
15.1,1.13,0.06,12.4,0.067,28.0,22.5,0.9946,3.56,11.9,1
13.2,1.27,0.08,3.9,0.062,47.7,225.0,1.0009,4.0,14.3,1
15.5,0.12,0.85,5.7,0.076,11.1,12.4,0.9905,3.16,10.9,1
11.7,0.44,0.94,,0.133,31.9,240.6,0.992,3.64,12.1,0
10.1,0.77,0.82,11.6,0.113,65.0,283.3,0.9936,3.92,9.1,1
11.8,1.03,0.03,2.3,0.047,47.9,252.0,0.9936,3.0,11.8,0
,0.44,0.95,12.1,0.035,42.7,143.4,0.9927,3.79,11.0,0
14.9,1.4,0.76,13.1,0.106,52.0,116.4,0.9922,3.01,10.6,1
6.8,0.41,0.16,11.4,0.185,3.3,,0.9931,3.65,14.6,1
6.6,1.36,0.03,5.0,0.199,9.0,177.0,1.0011,3.83,9.3,0
11.0,0.78,0.73,10.0,0.074,47.9,195.6,0.9934,3.41,9.8,0
12.1,0.24,0.1,5.8,0.198,66.0,65.2,0.993,2.94,14.9,1
12.7,1.13,0.5,1.2,0.063,48.5,272.9,1.0005,3.21,11.1,0
9.2,1.11,0.74,2.4,0.076,41.4,67.2,0.9954,2.97,11.2,1
14.6,0.76,0.71,6.4,0.038,17.6,248.8,1.0031,2.99,12.3,1
8.2,,0.1,12.6,0.14,56.3,76.7,1.0016,3.05,14.3,1
14.2,0.25,0.57,1.8,0.14,52.9,48.1,0.9965,3.03,11.7,1
8.0,,0.87,11.5,0.076,7.9,67.7,0.9951,3.95,14.0,1
13.6,0.52,0.61,14.2,0.199,52.5,123.6,1.002,4.0,13.2,0
,1.35,0.31,12.5,0.182,11.7,185.6,1.0004,3.42,14.4,0
7.5,1.28,0.96,5.5,0.111,54.7,154.9,1.0027,3.84,8.6,0
15.5,0.57,0.14,4.4,0.047,51.1,94.5,1.0004,3.75,13.4,1
10.2,1.32,0.05,8.3,0.019,65.0,38.7,,3.79,9.6,0
12.0,0.29,0.09,14.3,0.091,57.7,71.9,0.9931,4.0,10.7,1
9.3,0.39,0.78,1.3,0.141,31.6,169.6,0.9999,3.68,14.6,1
13.4,1.37,0.62,4.9,0.133,41.5,105.9,0.9986,3.89,11.8,0
16.0,0.11,0.03,2.6,0.137,63.1,286.8,0.9977,3.96,9.8,0
8.7,0.45,0.72,,0.148,33.3,277.8,0.9924,3.75,10.6,1
13.9,0.95,0.41,14.7,0.093,24.7,71.4,0.9974,3.08,12.8,1
5.3,1.33,0.58,2.8,0.125,24.8,199.1,0.9925,3.01,10.5,0
14.2,0.99,0.15,11.1,0.17,65.6,170.9,0.9926,3.52,13.8,1
14.0,1.08,0.28,13.0,0.168,31.4,85.6,0.9956,3.39,8.8,0
15.8,0.56,0.95,10.2,0.112,12.9,274.2,0.9924,3.92,13.0,1
,1.47,0.12,14.6,0.047,38.1,279.3,0.9909,3.21,13.7,1
10.9,0.41,0.72,7.6,0.16,69.9,46.0,1.0031,3.76,12.1,1
5.6,0.91,0.36,12.6,0.179,33.0,287.0,0.995,2.96,11.3,1
14.4,1.23,0.33,2.8,0.064,6.7,198.8,0.9918,2.92,14.3,1
8.0,1.18,0.5,2.9,0.101,45.1,105.7,1.0003,3.67,13.0,0
7.6,0.23,0.85,6.2,0.019,49.8,179.9,0.9997,3.04,8.6,0
8.7,0.58,0.42,7.2,0.05,12.3,159.9,0.9952,3.06,12.3,1
8.9,0.46,0.23,3.6,0.022,21.7,282.1,0.9981,3.78,9.8,0
7.5,0.19,0.69,3.7,0.03,60.7,115.9,0.9957,3.16,9.6,0
11.1,1.15,0.3,13.7,0.143,1.4,113.9,0.9901,,10.4,0
13.0,1.08,0.29,7.2,0.171,44.6,37.8,0.993,2.94,10.5,0
11.0,0.39,0.85,11.8,0.197,51.7,218.1,0.9922,3.09,11.8,0
11.5,1.2,0.51,14.8,0.068,67.4,176.0,1.002,3.01,9.1,0
,0.24,0.71,1.3,0.017,4.1,285.9,1.0019,3.94,10.8,1
14.8,1.59,0.25,,0.051,6.6,232.1,1.0033,3.2,9.4,0
15.3,0.91,0.41,13.5,0.034,29.7,37.9,0.9991,3.57,12.2,1
14.1,0.45,0.09,7.5,0.171,56.8,78.4,1.0024,3.5,9.7,0
9.0,0.69,0.66,14.6,0.043,19.9,263.6,0.9906,3.93,13.6,1
6.4,1.09,,6.8,0.014,40.9,174.3,1.0012,2.98,12.2,0
12.7,0.18,0.34,2.1,0.07,29.9,195.4,0.997,3.29,12.8,1
15.2,1.57,0.47,11.6,0.096,20.5,46.1,1.0015,3.65,14.1,1
6.0,0.78,0.17,5.3,0.122,66.3,157.5,1.0027,3.29,9.2,0
9.1,0.37,0.28,4.9,0.116,28.3,59.0,1.0014,3.55,13.5,1
7.0,1.23,0.78,1.0,0.132,4.7,153.9,0.9919,3.79,13.5,1
14.3,0.33,0.59,11.4,0.065,21.7,269.4,0.9992,3.6,14.8,1
7.9,1.44,0.11,3.8,0.047,6.2,249.3,,3.34,12.5,0
12.8,0.16,0.03,7.1,0.129,1.3,103.4,0.9994,3.62,11.1,1
5.6,1.58,0.76,6.5,0.177,57.6,57.4,0.9975,3.55,10.0,0
15.4,0.75,0.67,13.8,0.168,30.3,216.1,1.0003,3.46,13.8,1
14.6,0.19,0.56,2.1,0.164,,11.3,1.0003,3.8,12.4,0
12.6,1.48,0.37,4.0,0.184,39.3,52.4,0.9934,3.34,10.6,0
9.1,0.75,0.6,13.9,0.058,22.5,38.0,1.0005,3.45,11.8,1
7.3,0.56,0.88,14.0,0.085,11.6,285.8,0.9943,3.27,13.9,1
6.0,1.26,0.09,3.4,0.142,33.2,15.3,0.9985,3.75,9.2,0
11.2,0.95,0.58,7.5,0.049,,153.3,0.9925,3.96,10.5,0
6.3,1.08,0.83,3.0,0.033,37.2,104.8,0.9901,3.07,8.3,0
7.5,0.38,0.96,11.4,0.049,47.9,273.2,0.9952,3.82,8.0,0
8.2,1.5,0.76,6.0,0.172,16.5,49.1,0.9943,3.24,12.2,0
9.9,1.33,0.93,2.1,0.107,50.4,87.9,0.9937,3.57,12.7,1
13.4,1.12,0.48,6.3,0.106,3.2,190.3,0.9968,3.5,13.4,1
12.1,1.2,0.59,12.6,0.172,5.6,37.9,0.9931,3.47,11.3,0
6.4,1.49,0.37,8.1,0.027,28.5,172.1,0.9923,2.93,8.9,0
9.8,,0.68,9.6,0.129,66.5,259.5,,3.52,12.8,1
15.5,1.1,0.88,5.5,0.023,43.2,138.6,0.9995,3.46,14.8,1
12.1,1.38,0.54,8.0,0.191,13.1,200.0,,3.15,13.1,1
15.0,1.48,0.34,11.3,0.08,39.8,281.2,0.9969,3.25,11.2,0
10.7,1.53,0.29,3.8,0.126,65.1,61.5,1.0,3.24,9.2,0
7.4,1.08,0.43,3.4,0.047,69.4,177.6,0.9966,3.94,14.2,1
9.3,0.96,0.3,10.2,0.132,44.3,275.9,0.9905,3.54,14.0,1
15.6,1.42,0.78,,0.032,55.1,262.1,0.9966,3.78,9.9,0
14.6,0.58,0.69,10.0,0.164,54.2,121.6,0.9915,2.92,10.4,0
10.1,1.49,0.95,13.0,0.15,20.9,149.6,1.0033,3.36,12.6,1
12.0,,0.14,14.1,0.155,35.3,106.9,1.0014,3.27,11.0,1
4.6,0.53,0.68,13.5,0.198,9.0,123.1,1.0019,3.94,14.6,1
7.6,1.47,0.64,5.1,0.156,20.4,266.4,0.9935,3.05,11.7,1
7.7,1.44,0.78,6.1,0.022,24.6,212.4,0.9947,3.41,14.8,1
,0.37,0.17,6.4,0.135,65.1,130.1,0.9974,3.95,13.1,1
11.4,1.2,0.89,1.2,0.196,27.3,154.2,0.9982,3.37,13.9,0
12.0,0.79,0.8,14.4,0.079,37.4,187.5,1.0021,3.55,11.5,1
5.2,1.0,0.95,2.3,0.08,23.3,190.6,1.0029,3.1,12.1,1
13.5,1.51,0.08,1.5,,22.3,273.3,1.0001,3.06,8.8,0
14.7,1.26,0.06,6.6,0.165,67.0,158.8,0.9936,3.48,11.9,0
11.9,0.69,0.04,10.3,0.062,13.9,121.7,0.994,3.35,8.3,0
10.9,0.38,0.93,9.1,0.104,71.7,115.1,1.0012,3.49,10.8,1
9.8,1.53,0.69,11.0,0.148,13.7,278.6,0.9906,3.11,11.8,0
15.6,0.88,0.06,13.3,0.138,19.7,231.1,0.9945,3.13,12.2,1
10.1,0.54,0.75,4.1,0.075,29.3,165.4,0.9938,3.93,10.5,0
12.8,0.67,0.93,7.1,0.134,70.2,85.3,0.9979,3.98,13.7,1
6.3,0.2,0.23,1.4,0.118,49.5,72.9,1.0003,2.95,11.8,1
5.1,0.97,0.94,6.3,0.199,33.1,188.7,1.0023,3.5,8.7,0
9.6,0.61,0.02,8.6,0.194,12.8,262.8,0.9989,3.83,11.4,0
13.6,0.75,0.18,6.5,0.048,70.1,232.5,0.9978,3.78,11.1,0
14.0,1.36,0.69,1.1,0.148,13.5,70.6,1.0014,3.38,12.9,1
15.5,1.55,0.56,12.1,0.165,2.2,194.6,0.9919,3.65,8.3,0
10.9,0.17,0.84,14.5,0.067,35.9,264.3,1.0039,2.99,8.5,1
8.4,1.44,0.79,14.6,0.191,26.0,166.7,0.9962,3.25,8.0,0
15.3,0.15,0.73,5.4,0.048,45.1,,0.994,3.45,11.5,1
9.7,0.71,0.01,2.4,0.072,4.2,17.3,0.9991,2.91,13.5,1
12.1,0.81,0.73,1.1,0.107,13.7,161.5,0.9962,3.08,8.5,0
11.8,1.25,0.1,4.3,0.186,41.0,55.4,0.9951,3.41,8.7,1
9.4,1.5,0.02,1.2,0.131,40.3,216.3,0.9971,3.99,8.9,0
7.4,1.55,0.09,14.5,0.066,15.3,146.6,,3.66,12.7,0
15.0,0.28,0.04,14.3,0.136,42.7,215.4,0.9977,3.29,9.3,0
10.9,1.46,0.03,12.1,0.118,57.9,,1.001,3.42,11.2,0
9.3,0.62,0.05,14.8,0.174,31.2,10.0,1.0035,3.89,9.7,1
7.3,1.4,0.92,9.9,0.021,9.4,48.1,1.0025,,13.5,1
14.6,1.14,0.76,2.9,0.125,17.4,165.0,0.9907,3.87,12.2,1
8.7,0.66,0.12,12.4,0.113,8.1,133.3,0.9943,3.67,12.3,1
10.9,1.28,,10.4,0.083,65.8,59.3,0.9982,3.97,14.0,1
14.6,0.38,0.66,,0.115,60.5,251.6,0.9916,3.39,14.6,1
7.3,0.78,0.82,3.3,0.044,5.5,204.2,0.992,3.84,11.2,0
11.6,0.62,0.8,8.0,0.02,70.3,159.8,1.0024,3.66,12.0,1
,1.47,0.62,2.3,0.076,46.3,254.1,0.9975,3.95,9.1,0
5.4,1.13,0.83,3.3,0.187,27.7,30.9,0.9989,3.18,9.5,0
10.8,1.57,0.05,3.9,0.17,38.1,131.3,0.9933,3.49,12.6,0
10.2,0.92,0.37,4.6,0.197,48.2,116.1,0.9952,3.19,10.5,0
8.0,1.25,0.39,11.4,0.113,55.9,111.1,0.9974,3.06,11.8,0
5.3,0.76,0.97,3.2,0.05,17.7,75.6,0.9972,3.03,9.1,1
5.8_err,1.08,0.83,6.7,0.124,29.7,64.0,0.9973,3.62,8.8,0
10.5,1.23,0.36,3.3,0.183,68.1,16.2,1.0027,3.9,8.6,0
4.6,1.34,0.26,11.2,0.056,10.8,179.8,0.9983,3.53,8.1,0
7.2,0.6,0.57,12.1,0.12,65.8,194.5,0.9987,3.09,9.1,0
6.2,1.58,0.27,7.6,0.043,9.1,190.4,1.0,3.17,12.3,0
6.9,0.19,0.97,13.3,0.115,12.8,64.5,1.0024,3.42,14.8,1
14.6,0.27,0.69,12.4,0.121,31.8,265.9,0.9948,3.21,10.8,0
9.3,0.36,0.58,8.5,0.036,35.1,125.2,0.9989,3.44,11.1,1
11.0,0.84,0.1,3.8,0.098,9.6,19.7,0.9974,3.6,9.1,0
15.1,0.33,0.1,1.4,0.032,32.7,,,3.9,13.3,1
11.6,0.56,0.64,12.0,0.022,19.0,80.8,0.9928,3.51,9.6,1
8.7,0.94,0.16,7.1,0.088,40.8,45.8,1.0002,3.11,14.8,1
7.6,0.58,0.46,7.1,0.159,68.7,55.2,1.0013,3.26,13.1,1
8.9,1.33,0.24,9.6,0.091,42.2,202.8,0.9932,3.58,13.7,0
5.2,0.45,0.46,12.2,0.032,16.6,128.0,,3.07,8.8,0
8.1,,0.16,4.9,0.123,6.6,204.3,1.0032,3.24,8.7,0
10.5,0.84,0.34,6.2,0.119,65.6,230.6,0.9969,3.94,12.8,1
9.4,1.02,0.45,13.3,0.152,37.2,268.6,1.002,2.91,14.6,1
12.5,0.18,0.11,1.7,0.066,52.8,232.1,0.9936,3.36,14.2,1
7.7,0.59,0.35,13.0,0.149,33.2,176.7,0.9991,3.51,12.1,1
5.5,0.39,0.88,8.3,0.021,19.9,27.3,0.9945,3.54,12.7,0
7.3,1.08,0.6,11.2,0.103,60.5,248.0,0.9915,3.05,11.6,0
7.2,1.27,0.63,13.8,0.186,64.3,97.3,0.9916,3.87,8.1,0
9.7,0.35,0.02,,0.081,35.7,178.3,0.9937,3.11,12.7,1
,1.02,0.17,11.8,0.186,56.5,158.7,0.9934,3.65,10.2,0
9.9,0.29,0.84,5.5,0.089,33.2,65.2,0.9975,3.34,10.1,0
10.8,1.07,0.73,12.7,0.01,19.6,275.0,1.0029,3.6,11.5,0
12.0,0.3,0.82,8.4,0.038,6.4,23.4,0.9932,3.5,,0
6.3,1.35,0.4,7.1,0.097,49.9,194.6,1.0016,3.78,9.4,0
11.6,1.12,0.59,1.6,0.018,40.8,76.5,1.0022,3.47,8.5,0
9.1,1.26,0.58,9.1,0.099,8.0,117.5,0.9906,3.81,12.4,1
9.3,0.5,0.78,8.3,0.104,70.0,244.0,0.9974,3.37,9.9,0
10.3,1.29,0.53,4.7,0.05,67.0,215.5,1.0005,3.61,11.3,0
12.8,1.36,0.17,2.6,0.086,51.3,287.8,1.0013,3.69,9.4,0
12.1,0.18,0.83,6.4,0.095,17.0,175.7,0.9923,3.31,14.5,1
11.6,0.7,0.01,6.9,0.138,68.0,244.8,1.0003,3.65,14.1,1
11.2,1.4,0.25,14.3,0.167,59.1,145.2,0.9911,3.4,14.9,1
12.2,0.67,0.53,11.3,0.157,37.8,95.6,1.001,3.38,11.1,0
10.8,1.48,0.57,14.6,0.02,,179.2,1.0031,3.39,9.2,0
13.2,0.25,0.8,5.7,0.119,50.8,19.6,1.0007,3.31,11.1,1
5.9,0.98,0.19,14.1,,16.0,130.9,0.996,3.04,9.8,0
7.3,0.53,0.1,14.8,0.014,11.7,124.3,0.998,3.39,10.2,1
12.9,0.66,0.97,14.6,0.105,36.1,126.3,0.9941,3.56,13.1,1
8.4,0.94,0.38,3.8,0.047,19.5,39.3,1.0035,3.37,11.6,1
7.1,0.23,0.31,4.9,0.15,55.1,157.9,0.9903,3.71,10.2,1
10.8,0.66,0.65,12.8,0.169,16.9,252.7,1.003,3.44,12.1,1
6.3,0.23,0.92,10.5,0.085,34.3,73.1,0.9947,3.28,10.7,0
6.3,0.47,0.8,14.8,0.146,66.1,164.6,0.9918,3.51,9.3,0
5.3,1.09,0.68,15.0,0.188,55.3,35.8,1.0025,3.73,14.7,1
14.6,0.28,0.27,11.3,0.141,47.1,134.0,1.0028,3.68,9.5,1
11.4,0.89,0.78,4.9,0.193,2.7,67.6,1.0018,3.83,9.6,0
9.7,1.21,0.23,4.9,0.161,2.2,208.9,1.0027,3.24,10.4,0
5.0,1.17,0.86,3.2,0.028,13.0,285.9,0.9978,3.12,10.2,0
15.6,0.21,0.55,2.0,0.194,25.5,181.5,,3.74,9.2,1
13.7,0.82,0.69,11.6,0.068,27.4,155.9,,3.08,9.9,0
8.0,0.71,0.43,7.5,0.032,65.3,70.3,0.9968,3.51,,1
,0.27,0.64,11.7,0.168,50.4,156.2,0.9961,3.78,8.7,1
13.2,1.39,0.23,14.6,0.102,28.8,9.5,0.9935,3.56,10.8,0
12.2,1.37,0.8,6.2,0.104,28.3,263.3,1.0006,3.38,11.7,1
10.9,1.39,0.37,5.4,0.058,44.0,111.7,1.0024,3.07,13.7,1
8.7,0.11,0.6,11.2,0.187,42.4,46.1,0.9956,3.29,12.7,1
10.5,0.46,0.38,13.4,0.149,33.4,67.8,0.993,3.86,11.0,1
10.4,0.58,0.45,6.8,0.017,37.1,204.7,0.9963,3.58,8.3,0
6.6,0.13,0.99,13.3,0.159,2.3,191.4,0.9995,3.7,15.0,1
7.9,1.55,0.09,,0.117,42.4,98.0,0.9902,3.45,13.2,0
5.1,0.14,0.67,7.6,0.043,27.8,212.0,1.0036,3.22,13.8,1
15.9,0.17,0.71,8.8,0.04,43.3,221.7,0.9976,2.93,13.9,1
13.2,0.62,0.63,7.7,0.066,18.3,189.0,1.0022,2.9,12.7,0
5.4,0.65,0.8,14.1,0.147,3.9,119.4,0.9972,3.1,9.4,0
14.8,1.48,0.18,14.2,0.049,43.5,258.9,1.0016,3.14,8.4,0
9.2,0.73,0.29,13.6,0.169,20.2,128.4,0.9974,2.9,12.4,1
9.9,0.68,0.88,8.8,0.122,54.2,227.1,0.9957,3.89,14.9,1
8.0,0.15,0.99,7.6,0.037,3.4,155.9,0.9938,3.18,11.3,1
7.2,0.2,0.04,8.5,0.158,13.0,23.6,0.9924,3.22,11.6,1
12.5,0.65,0.1,1.2,0.022,41.0,154.2,0.9912,3.54,10.7,1
,1.54,0.95,8.3,0.17,29.2,19.2,1.0011,3.84,12.6,1
9.8,0.41,,5.9,0.04,4.0,177.4,0.9946,2.93,9.4,0
6.0,1.33,0.41,9.8,0.026,42.2,147.9,0.995,3.74,14.9,1
7.2,0.56,0.36,12.9,0.152,12.8,60.7,0.9978,3.35,15.0,0
7.3,1.02,0.12,10.1,0.145,64.7,225.0,0.9914,3.23,13.7,0
6.4,1.16,0.87,6.0,0.123,42.9,268.4,0.9902,3.27,10.3,0
12.0,0.2,0.06,10.9,0.096,37.7,20.6,1.0033,3.22,8.7,0
13.5,1.16,0.54,1.4,0.014,46.3,173.0,1.0015,3.16,11.6,0
15.7,1.06,0.35,6.4,0.139,7.8,179.1,0.998,3.85,10.7,0
16.0,1.04,0.23,10.2,0.053,11.0,200.2,0.9992,3.71,10.5,0
12.4,0.81,0.59,3.5,0.156,19.1,286.5,1.0025,3.99,13.9,1
14.9,0.66,0.42,4.0,0.098,47.2,205.4,0.9954,3.59,13.4,1
6.7,0.75,0.34,14.8,0.036,70.3,200.6,1.0011,3.62,12.2,1
6.3,0.39,0.31,3.3,0.189,2.1,78.3,1.0013,3.91,8.7,0
15.5,1.15,0.66,4.6,0.041,41.8,42.8,0.998,3.9,11.8,0
5.2,0.5,0.57,10.3,0.092,44.6,171.3,0.9912,3.66,12.1,0
9.3,1.11,0.58,9.3,0.152,61.8,287.7,0.9969,3.62,10.8,0
7.8,1.4,0.22,10.5,0.1,22.5,67.1,0.9946,3.57,9.7,0
8.9,1.51,0.55,5.9,0.098,65.2,12.9,0.9972,3.89,11.0,0
12.7,0.97,0.52,13.0,0.16,22.1,37.7,0.998,3.89,11.1,0
11.4,1.52,0.75,8.4,0.069,67.8,130.7,0.9977,3.18,10.0,1
6.7,0.23,0.59,13.8,0.067,71.0,232.9,0.9957,3.08,10.3,0
10.4,1.4,0.43,8.1,0.145,69.6,10.6,1.003,3.48,14.4,1
10.0,0.49,0.74,10.3,,68.9,181.4,0.9939,3.82,14.0,1
6.6,0.22,0.25,12.8,0.045,70.4,257.5,0.9914,3.26,14.7,1
14.4,1.04,0.03,9.0,0.19,53.2,39.6,0.9998,3.35,13.2,0
8.3,0.83,0.68,10.3,0.074,39.9,232.1,0.9958,3.62,14.5,1
7.9,0.51,0.51,8.7,0.174,22.1,188.2,0.997,3.47,12.8,1
14.8,1.27,0.22,5.2,0.125,67.7,209.7,0.9962,3.47,9.7,0
12.6,1.54,0.42,3.0,0.159,68.0,16.4,0.9929,3.48,14.5,1
10.3,0.39,0.85,4.4,0.076,14.3,156.0,1.002,3.0,12.6,1
9.9,0.39,0.69,8.7,0.144,41.2,209.6,0.9998,3.28,8.3,0
12.9,0.28,0.25,7.2,0.153,2.2,51.4,0.9914,3.73,13.9,1
4.8,1.58,0.56,14.1,0.159,8.7,126.2,1.0015,4.0,11.4,0
13.4,0.75,0.16,6.8,0.094,3.3,186.4,0.9948,3.8,12.4,1
,0.6,0.18,11.0,0.062,4.0,90.5,0.9936,3.71,9.0,0
15.6,0.95,0.11,12.3,0.189,71.0,62.6,0.9914,3.35,12.2,0
13.4,1.28,0.21,10.5,0.049,56.9,253.1,1.0036,3.92,10.0,0
7.5,1.04,0.36,2.5,0.015,31.6,161.6,0.9939,3.24,14.9,1
8.4,0.89,0.99,9.6,0.059,66.0,232.0,1.002,3.38,9.1,0
9.2,1.24,0.2,6.9,0.042,36.3,87.8,0.996,3.29,11.0,0
13.1,1.45,0.96,5.7,0.076,18.3,202.6,0.9936,3.07,10.7,0
5.8,1.04,0.24,8.6,0.181,17.6,84.7,0.9928,3.06,14.7,1
10.1,0.76,0.31,3.7,0.123,38.5,135.1,0.9979,2.95,11.8,1
12.1,0.78,0.1,2.3,0.17,15.1,126.6,0.9976,3.23,9.9,1
9.5,0.21,0.98,1.6,,23.2,261.2,1.001,3.85,8.1,0
10.9,0.63,0.63,1.7,0.104,22.8,266.5,0.9938,3.61,14.0,1
13.4,0.61,0.24,14.7,0.038,28.4,93.1,0.9978,3.34,9.2,0
7.0,1.34,0.41,8.6,0.087,57.7,99.8,0.9964,3.74,11.5,0
6.6,1.39,0.55,15.0,0.16,8.0,169.3,0.9991,3.4,10.8,0
12.2,0.76,0.66,1.9,0.092,60.6,182.9,1.0023,3.51,12.9,1
11.0,1.06,0.24,12.2,0.168,67.8,39.9,0.9993,3.66,12.4,1
5.5,0.3,0.35,10.5,0.096,58.0,288.6,0.9922,3.26,9.8,0
8.6,0.78,0.5,14.6,0.189,3.4,31.0,0.9953,3.1,12.5,1
13.2,1.37,0.63,8.8,0.048,46.8,10.9,0.9905,3.18,13.4,0
12.8,0.27,0.66,11.6,0.141,22.0,95.6,1.0007,3.06,12.8,1
15.7,0.82,0.98,9.3,0.029,54.3,96.5,0.9918,3.09,11.2,1
4.6,0.3,0.67,3.2,0.043,5.4,32.0,0.9957,3.26,10.3,0
15.4,0.77,0.65,,0.075,27.4,252.6,1.003,3.01,,0
7.1,0.2,0.09,12.9,0.044,43.2,237.1,0.9957,3.13,11.1,0
15.6,0.65,0.52,3.6,0.067,14.6,117.8,0.9976,3.16,12.6,1
8.7,1.56,0.61,10.3,0.048,68.5,27.5,0.9948,3.51,11.6,1
7.3,1.17,0.48,8.9,0.067,47.2,38.1,0.9989,3.86,8.0,0
,1.43,0.4,7.1,0.183,13.9,281.2,1.0038,3.26,9.3,0
7.1,1.42,0.06,14.6,0.055,17.4,129.3,1.0035,3.97,8.9,0
14.1,1.44,0.73,12.2,0.08,33.2,263.4,0.9966,2.94,8.9,0
13.5,0.55,0.33,13.1,0.038,54.6,155.9,,3.01,12.5,1
7.2,0.51,0.58,7.9,0.119,27.2,74.3,1.0003,,12.4,1
8.9,0.67,0.41,11.3,,69.2,271.5,0.9905,3.63,11.1,1
9.3,0.42,0.17,14.7,0.114,54.9,19.1,1.0018,3.95,12.2,0
9.7,0.71,0.62,7.2,0.073,27.9,157.4,0.9968,3.4,11.0,0
9.5,0.87,0.29,7.7,0.034,57.6,81.9,0.9988,2.94,10.8,0
5.5,0.69,0.57,6.7,0.149,26.7,,0.9935,2.99,14.1,1
8.6,0.77,0.41,11.0,0.156,50.3,156.4,0.9982,3.77,12.4,1
6.7,1.45,0.35,2.7,0.165,37.0,185.3,0.9987,3.34,12.4,1
9.6,0.19,0.29,7.5,0.186,10.1,199.3,1.0023,3.36,11.6,0
14.8,1.32,0.72,8.4,0.115,21.7,289.1,0.9939,3.87,12.9,1
8.1,1.43,0.64,10.2,0.197,33.8,178.4,0.9953,,8.0,0
9.0,0.18,,1.4,0.039,20.0,115.2,1.001,3.0,8.3,0
8.4,0.44,0.96,7.7,0.177,12.5,193.4,1.0037,3.0,10.8,0
8.0,1.16,0.33,14.0,0.058,66.6,242.2,1.0017,3.89,11.9,0
9.1,1.44,0.74,3.6,0.027,71.1,25.4,1.0027,3.6,10.5,0
6.2,0.6,0.47,4.4,0.158,54.1,273.2,1.0,3.33,10.3,0
13.9,0.63,0.73,10.8,0.135,3.3,92.2,0.9902,3.86,11.0,1
5.2,1.46,0.13,2.5,0.196,49.4,28.2,0.9936,3.41,13.5,1
14.5,0.45,0.57,9.7,0.017,64.8,209.8,0.9928,3.04,12.7,0
13.3,0.38,0.17,10.3,0.19,68.4,279.4,0.9997,3.32,9.9,0
7.9,1.11,0.64,6.9,0.106,29.5,109.2,1.0039,3.94,9.3,0
9.1,0.37,0.63,7.0,0.126,24.5,257.8,0.9901,3.68,11.8,1
10.9,0.52,0.87,13.1,0.15,37.9,149.6,0.9977,3.14,14.4,1
7.0,0.71,0.24,9.3,0.142,39.2,51.5,0.9907,3.85,9.7,0
9.2,0.24,0.57,4.2,0.191,43.3,162.3,1.0017,3.39,11.1,0
14.5,1.07,0.06,5.3,0.199,71.1,62.3,1.0024,2.93,11.8,0
7.0,1.33,0.32,11.7,0.123,55.2,143.1,0.9977,3.47,9.4,0
14.4,1.34,0.71,14.9,0.092,20.9,102.4,0.9979,3.54,9.9,1
14.5,1.06,0.15,12.2,0.129,52.1,241.2,1.0037,3.09,12.3,1
15.7,0.82,1.0,13.5,0.167,37.9,207.9,0.9987,3.26,10.8,1
5.6,0.62,0.0,12.8,0.1,6.6,168.6,0.9979,3.95,11.1,0
9.7,0.11,0.14,4.5,0.181,71.8,56.9,0.9942,3.35,14.1,1
11.5,1.43,0.72,8.1,0.124,5.4,179.5,0.9922,3.74,12.6,1
10.7,0.13,0.1,13.4,,44.3,43.1,1.003,3.79,9.2,1
9.1,0.91,0.22,1.4,0.038,35.6,50.2,0.9994,2.97,10.9,0
9.1,0.36,0.94,13.5,0.097,48.7,88.9,0.9922,3.67,14.8,1
5.4,1.03,0.04,3.5,0.073,23.2,110.3,0.9989,3.89,10.7,0
11.5,0.24,0.05,1.7,0.141,1.5,97.7,1.0038,3.73,,1
6.6,0.93,0.79,11.7,0.17,58.0,279.5,0.9978,3.19,13.2,1
10.2,1.28,0.23,15.0,0.166,61.4,59.4,1.0012,3.15,12.0,1
7.3,0.89,0.78,6.6,0.116,41.1,274.9,0.9989,3.25,8.5,0
12.9,0.36,0.61,8.7,0.173,68.1,26.6,0.9958,3.66,13.0,1
6.0,1.02,0.92,4.5,0.042,24.7,10.4,0.9993,3.45,10.2,0
11.4,0.96,0.26,10.9,0.037,,9.7,0.9981,3.89,9.4,0
10.3,1.43,0.73,8.1,0.024,19.4,133.1,0.9905,3.82,11.8,0
11.2,0.15,0.06,12.5,0.061,36.6,116.4,0.9926,3.87,13.8,1
6.0,1.2,0.38,12.1,,7.7,107.6,1.0031,3.38,14.3,0
10.8,0.75,0.1,7.4,0.129,59.2,265.2,0.996,3.01,14.2,1
11.1,0.78,0.74,9.5,0.119,25.1,104.9,1.0032,3.67,12.4,1
9.4,1.55,0.6,12.8,0.125,61.2,180.3,0.998,3.73,10.8,0
15.9,0.64,0.73,3.6,0.037,54.3,80.4,0.9948,3.96,14.5,1
8.1,0.99,0.78,7.9,0.159,53.9,9.7,0.9924,3.47,13.0,1
6.2,0.49,0.12,4.8,0.026,55.4,170.9,0.9908,3.57,14.7,1
15.0,0.66,0.58,12.1,0.086,4.3,149.6,0.9968,3.45,13.7,1
5.6,0.95,0.18,14.7,0.126,6.7,280.0,1.0031,3.95,14.5,1
6.9,1.59,0.81,9.6,,29.3,17.3,0.9958,2.94,13.6,1
15.9,0.97,0.03,11.0,0.192,21.6,95.8,0.9933,3.14,8.9,0
9.3,0.44,0.98,9.2,0.046,12.6,172.9,0.9994,3.95,13.4,1
5.7,1.55,0.1,3.7,0.076,5.6,211.8,0.9991,3.49,12.1,1
5.6,0.5,0.42,8.9,0.158,68.1,128.8,0.9956,3.29,13.0,1
12.5,0.97,0.74,10.9,0.13,4.7,259.6,0.9906,3.29,10.8,0
13.6,0.16,0.91,7.8,0.147,19.5,123.9,0.9954,3.7,12.8,1
6.2,0.78,0.19,9.5,0.073,46.0,36.7,0.9978,3.48,11.3,0
4.9,1.51,0.91,9.8,0.173,37.7,123.8,0.9998,3.48,11.9,0
,0.14,0.72,4.3,0.052,31.3,174.1,1.0023,3.02,14.1,1
,0.53,0.91,8.8,0.07,42.2,243.6,,3.45,10.0,0
10.5,1.07,0.77,9.3,0.119,32.5,,1.0031,3.93,14.8,1
9.9,1.16,0.79,10.9,0.175,32.6,195.3,0.9903,3.0,11.6,1
10.9,0.87,0.58,13.7,0.079,17.5,228.1,1.0031,3.44,8.1,0
13.4,1.26,0.79,10.2,0.124,9.5,230.0,0.998,3.06,12.7,1
15.2,0.57,0.78,4.6,0.186,67.5,31.3,0.9905,3.29,11.1,1
6.6,0.6,0.87,7.0,0.025,64.4,45.0,1.0032,3.5,14.9,1
6.5,0.93,,,0.163,70.1,50.8,0.9948,3.16,13.4,1
9.2,0.78,0.44,3.0,0.032,12.1,256.3,0.9908,2.94,13.6,1
6.5,0.58,0.85,12.1,0.072,66.1,33.9,1.0032,3.54,14.4,1
6.7,0.2,0.9,1.3,0.021,71.0,27.3,1.0026,2.98,12.1,1
9.6,0.15,0.65,9.5,0.152,,144.2,1.0022,3.23,12.5,1
11.2,1.19,0.7,15.0,0.084,4.6,264.5,0.9914,3.92,12.6,1
9.0,0.33,0.57,8.3,0.194,18.3,111.3,0.9909,3.76,14.8,1
7.4,0.26,0.44,3.7,0.181,36.6,271.0,1.0022,3.17,11.4,0
5.4,0.91,0.89,2.4,0.151,23.7,223.3,0.9969,3.51,11.6,0
12.9,1.19,,5.5,0.164,44.1,112.4,1.0032,3.33,9.7,0
11.9,1.5,0.51,3.1,0.046,6.9,67.7,0.9912,3.1,13.8,1
12.2,1.04,0.77,14.9,0.021,16.6,20.3,1.0,3.97,14.3,1
9.0_err,1.5,0.08,8.8,0.076,4.1,142.2,1.0034,3.32,9.4,0
,,0.14,10.4,0.047,6.0,85.9,0.9905,3.85,11.5,1
6.1,1.0,0.09,9.8,0.093,61.7,103.2,0.9967,3.03,11.3,0
13.5,1.3,0.91,8.5,0.1,49.9,97.7,1.0001,3.41,13.8,1
5.9,1.1,0.63,10.5,0.119,70.3,171.4,0.9906,3.27,9.7,0
6.7,0.88,0.0,8.7,0.193,50.7,219.3,0.9907,3.9,13.8,0
14.9,0.9,0.27,7.0,0.118,50.0,194.3,0.9902,3.1,13.3,0
9.4,0.9,0.33,5.5,0.115,53.3,77.5,0.9911,2.94,13.1,0
12.5,0.63,0.2,8.1,0.062,32.7,86.7,0.9903,3.67,12.9,1
12.1,0.72,0.41,1.3,0.18,49.2,212.3,1.0007,3.82,13.1,0
8.9,1.11,0.47,14.0,0.199,34.6,224.3,0.9913,3.12,10.5,0
15.8,0.38,0.92,5.7,0.105,17.9,99.8,0.992,3.48,13.2,1
13.2_err,1.5,0.65,10.2,0.111,68.4,39.3,0.9983,3.16,9.7,0
11.0,1.38,0.68,6.6,0.17,2.6,252.0,0.9962,3.58,12.1,0
10.1,0.99,0.05,14.0,0.076,44.3,239.4,0.996,3.26,14.3,1
5.5,0.73,0.74,4.9,0.177,37.3,206.5,1.0018,3.66,10.3,0
7.5,1.4,0.79,12.9,0.148,48.4,189.0,1.0015,3.02,9.8,0
8.3,1.11,0.7,3.7,0.111,64.0,76.8,0.9956,3.33,9.6,0
11.4,1.37,0.15,14.2,0.043,60.2,65.1,1.0002,3.65,10.5,0
6.8,0.69,0.03,12.6,0.038,5.2,137.2,0.9987,3.24,11.7,1
10.4,1.37,0.17,8.2,0.029,37.5,168.0,0.9959,3.44,14.3,1
14.7,0.16,0.02,9.5,0.16,42.3,17.7,0.9919,,14.0,1
5.1,0.22,0.95,8.7,0.145,2.4,259.2,1.001,,10.8,0
14.0,1.49,0.98,,0.062,45.1,52.4,0.9904,3.86,9.0,0
11.8,0.71,0.18,2.5,0.056,55.7,108.9,0.9938,3.69,8.4,0
5.6,1.54,0.88,7.3,0.151,17.6,25.5,0.9905,3.54,13.4,1
11.5,1.16,0.77,6.9,,8.0,61.9,1.0023,3.84,10.8,0
11.3,0.99,0.07,6.7,0.139,14.4,120.3,0.9908,3.87,13.2,1
8.5,0.74,0.94,12.4,,14.9,120.2,1.0024,3.74,14.7,0
7.4,1.49,0.78,6.9,,69.0,196.7,0.9929,3.68,14.2,1
8.2,1.25,0.36,7.8,0.142,40.4,222.7,0.997,3.57,8.8,0
8.1,0.79,0.39,14.0,0.157,31.8,233.8,0.9902,3.08,8.8,0
11.5,0.57,0.96,14.1,0.046,53.9,38.1,1.0021,3.21,8.7,1
6.7,0.91,1.0,6.2,0.053,41.4,138.9,0.9944,2.99,12.8,1
11.2,1.05,0.96,5.1,0.011,36.7,245.2,1.0039,3.79,13.1,1
11.5,1.02,0.37,8.9,0.122,28.2,272.3,0.9973,3.5,13.6,0
9.0,0.97,0.46,7.8,0.161,58.6,,0.9931,3.91,13.4,1
14.5,0.61,0.09,1.9,0.166,40.1,271.0,1.001,3.3,9.4,0
6.0,1.4,0.16,5.8,,70.9,20.9,0.9905,3.57,10.7,0
14.7,1.22,0.96,13.0,0.036,29.2,178.3,0.9939,3.94,11.7,0
15.4,0.49,0.47,1.5,0.141,57.8,278.6,1.0009,3.04,9.0,0
14.1,1.07,0.57,3.8,0.031,6.1,111.6,1.0031,3.73,9.6,0
7.6,1.48,0.52,6.2,0.049,4.0,174.9,1.0019,3.05,,1
11.3,1.22,0.42,6.8,0.019,6.1,271.8,1.0008,3.03,12.8,1
6.9,1.38,0.01,14.5,0.011,68.2,230.3,0.9925,3.5,14.0,1
4.7,0.72,0.12,8.7,0.057,44.5,202.7,0.9935,3.55,12.1,0
7.5,0.94,0.07,,0.12,26.4,205.2,1.0032,3.21,12.9,1
15.7,0.51,0.39,13.6,0.036,7.9,237.6,0.9997,3.8,14.0,1
9.4,0.42,0.64,13.5,0.11,5.2,52.7,0.9908,2.94,11.2,1
15.6,1.14,0.25,1.6,0.192,38.6,28.0,0.9902,2.99,,1
14.2,0.87,0.46,1.2,0.015,49.4,239.3,1.0032,2.92,13.9,1
6.0,0.87,0.71,,0.138,58.0,265.6,0.9927,3.48,8.7,0
4.8,0.56,0.18,11.7,0.137,49.4,33.1,0.9908,3.06,12.1,1
15.6,0.26,0.51,8.6,0.118,15.0,96.2,0.9919,3.49,11.0,1
11.1,0.95,0.77,4.5,0.084,8.8,109.5,1.0026,3.93,13.0,0
11.7,0.86,0.95,8.4,0.018,57.5,234.4,1.003,3.06,12.3,1
12.0,0.89,0.67,11.3,0.127,31.5,53.9,0.9915,3.25,11.4,1
11.4,0.3,0.04,11.1,0.085,32.5,274.9,0.9988,3.64,14.5,1
10.6,1.39,0.48,10.8,0.192,1.8,266.6,,3.3,14.3,0
11.8,0.21,0.67,7.3,0.057,50.7,178.6,0.9964,2.96,10.5,1
6.5,1.27,0.4,3.8,0.096,40.1,89.4,0.9988,3.6,8.2,0
15.0,0.61,0.59,12.4,0.186,1.4,264.4,0.9955,3.12,8.4,0
14.5,1.47,0.05,1.1,0.131,,166.0,,3.94,9.8,0
4.7,0.78,0.57,14.5,0.042,62.4,67.7,0.9921,3.65,8.1,0
7.3,1.41,0.07,9.7,0.109,61.3,47.3,0.9908,3.19,12.9,0
12.5,0.21,0.91,4.5,0.089,28.1,88.8,1.0009,3.65,11.7,0
13.9,1.16,0.43,3.5,,62.0,79.4,1.0003,3.95,9.6,1
7.4,0.8,0.62,1.3,0.11,36.5,169.4,0.992,3.44,13.1,1
13.4,0.8,0.1,1.1,0.149,38.2,202.2,0.9951,3.12,12.7,0
12.0,1.56,0.55,13.0,0.121,7.3,71.6,0.9981,3.66,12.4,1
4.5,0.47,0.34,8.9,0.183,13.6,89.4,0.9918,3.13,8.4,0
14.9,1.28,0.51,13.9,0.049,28.0,108.3,0.9961,3.85,11.4,0
5.2,0.91,0.35,9.2,0.07,69.0,216.4,0.9957,3.05,13.2,1
,0.7,0.18,5.9,0.107,41.3,283.7,0.993,3.48,9.3,0
9.5,0.62,0.14,14.0,0.119,32.5,168.4,0.9972,2.96,13.6,1
15.7,0.29,0.01,5.3,0.08,48.9,289.3,0.9948,3.83,8.0,0
6.4,1.53,0.3,7.6,0.021,57.0,111.0,0.999,3.3,9.2,0
4.9,0.24,0.42,1.6,0.134,37.2,249.3,0.9941,3.03,14.5,1
11.2,0.36,0.9,4.4,0.015,45.2,37.0,0.9972,3.46,13.9,1
13.7,1.18,0.68,13.5,0.147,51.1,252.9,0.9954,2.96,8.9,0
12.8,1.59,0.38,12.1,0.12,39.0,192.7,0.9973,3.74,8.3,0
13.3,0.84,0.87,3.8,0.054,41.4,155.0,0.9963,3.47,10.2,0
8.9,0.14,0.3,10.5,0.096,71.5,136.4,0.9932,3.5,11.6,1
10.1,0.42,0.11,5.8,0.198,34.1,243.9,1.0007,3.89,14.1,0
12.8,0.72,0.56,11.9,0.119,20.0,193.1,0.9986,3.37,8.5,0
15.5,1.54,,1.2,0.079,50.4,8.2,0.9923,3.25,13.7,1
9.8,0.3,0.67,11.1,0.036,51.4,232.8,0.9961,3.0,14.2,1
12.4,1.45,0.14,3.8,0.19,1.0,178.4,0.9925,3.67,8.9,0
13.2,0.48,0.2,13.1,0.128,,210.6,1.0019,3.86,9.4,0
13.1,0.12,0.7,,0.106,49.6,113.6,0.9975,3.13,13.0,1
6.7,0.22,0.32,11.0,0.083,13.8,226.3,0.9945,3.81,14.9,1
7.4,0.93,0.43,14.1,0.169,54.3,277.1,0.9919,3.49,8.2,0
5.7,1.55,0.15,3.8,0.029,29.2,84.8,0.9973,3.25,14.8,1
15.8,0.63,0.05,10.7,0.172,53.3,51.3,0.9913,3.94,10.7,1
14.2,0.75,0.72,2.8,0.191,6.5,182.5,1.004,3.43,12.5,1
11.4,1.23,,7.4,0.045,70.6,50.6,1.002,3.72,9.1,0
6.1,0.75,0.44,3.4,0.147,2.0,151.8,0.9988,3.87,8.2,0
15.3,1.46,0.42,13.3,0.178,55.4,117.7,0.998,3.51,12.5,1
7.5,1.57,0.53,5.2,0.064,68.6,90.0,0.9965,3.68,13.3,1
13.1,1.0,0.15,7.4,0.143,8.0,109.1,0.9989,3.64,8.8,0
7.2,0.15,0.13,11.4,0.184,56.6,15.1,0.9931,3.57,12.7,1
15.6,0.28,0.95,7.3,0.08,1.9,256.3,0.9959,3.55,8.7,0
8.2,0.18,0.42,5.6,0.187,61.4,82.0,0.9946,3.89,8.9,1
4.6,1.13,0.64,6.5,0.196,19.8,198.8,0.9925,3.48,11.9,0
4.8,0.37,0.68,9.7,0.076,69.0,58.3,0.9941,3.09,15.0,1
11.9,0.85,0.7,13.7,0.191,4.7,171.9,0.9909,3.48,11.1,0
11.9,0.39,0.51,8.5,0.03,,185.5,0.9964,3.47,12.0,1
15.8,1.33,0.7,2.9,0.149,8.7,162.4,0.9976,3.5,12.8,1
15.5,0.77,0.78,5.1,0.014,63.5,63.7,1.001,3.55,12.3,1
12.4,1.59,0.48,13.7,0.019,9.2,49.4,0.9982,3.67,13.9,1
,0.72,0.21,3.9,0.025,67.5,134.6,0.9996,3.13,14.0,1
12.6,1.44,0.35,4.4,0.183,70.3,245.6,0.9918,2.98,8.2,0
11.7,0.92,0.26,13.6,0.057,36.0,87.9,1.0036,3.61,14.9,1
14.0,1.02,0.73,2.6,0.1,14.2,21.7,0.9965,2.96,14.3,1
5.5,0.15,0.53,5.8,,52.6,237.8,1.0003,3.09,11.3,0
10.2,0.87,0.5,11.4,0.07,46.5,74.8,0.995,3.0,11.6,0
14.3,1.27,0.08,12.8,0.164,41.4,213.1,1.0007,2.97,12.8,0
6.1,0.83,0.54,14.4,0.061,26.7,192.4,1.0014,3.8,14.2,1
,0.4,0.94,7.1,0.172,35.3,116.0,1.0023,3.65,9.9,0
15.9,1.22,0.84,9.2,0.199,66.5,81.8,0.9975,3.24,12.6,1
8.9,1.45,0.85,5.3,,26.8,287.4,0.9957,3.59,12.3,0
5.0,1.57,0.44,13.1,0.146,37.8,128.0,1.0011,3.8,8.2,0
8.1,1.45,0.04,3.8,0.098,65.6,21.1,0.9927,3.51,10.7,0
6.4,0.95,0.58,9.2,0.161,46.4,239.3,0.9953,3.55,9.8,0
6.2,0.67,0.41,3.1,0.06,48.2,39.1,0.9993,3.57,8.6,0
14.3,1.04,0.52,4.7,0.02,50.2,98.0,0.9917,3.48,14.2,1
10.3,0.85,0.2,3.2,0.015,46.8,224.5,0.9911,3.94,14.8,1
13.3,1.35,0.86,3.1,0.043,35.1,130.8,1.0003,3.2,14.6,1
13.5,0.92,0.91,9.3,0.199,24.1,25.4,1.0027,3.76,9.1,0
4.5,0.52,0.96,4.1,0.032,57.1,212.8,1.0028,3.76,12.0,0
13.9_err,1.46,0.76,2.2,0.126,27.8,133.7,0.9961,3.35,14.0,1
7.1,1.0,0.8,5.9,0.183,54.1,26.9,0.9948,3.49,13.2,1
14.5,1.08,0.68,7.0,0.11,33.8,276.5,0.9975,3.51,9.1,1
6.2,0.63,0.79,1.8,0.2,13.0,108.3,1.0037,3.19,12.6,0
5.8,1.15,0.15,9.2,0.118,47.7,130.4,0.9918,3.78,11.9,1
10.7,0.26,0.96,6.0,0.109,52.6,40.0,0.9902,3.32,11.6,1
12.2,0.74,0.56,7.6,0.139,71.5,180.0,0.9957,3.91,11.7,1
12.9,0.64,0.34,12.0,0.04,9.5,83.1,0.9926,3.0,12.0,0
10.6,0.79,0.34,12.5,0.087,71.2,32.7,1.0038,2.99,14.6,1
13.2,0.84,0.78,9.5,0.137,55.5,283.8,1.0016,3.04,8.4,0
11.8,0.21,0.1,8.2,0.091,41.9,194.8,0.9995,3.32,10.9,1
13.8,1.45,0.72,9.0,0.099,54.9,141.1,0.9943,3.18,11.7,1
6.7,0.91,0.37,11.6,0.052,13.3,70.0,0.9999,3.33,12.8,1
5.1,0.74,0.02,11.5,0.074,29.7,265.7,0.9985,,11.3,0
14.3,0.71,0.47,12.6,0.125,53.7,255.1,0.9999,3.06,10.3,0
9.3,0.65,0.81,8.8,0.058,4.4,243.6,1.0033,3.12,12.0,1
6.9,0.24,0.78,11.5,0.076,,144.5,1.0024,3.77,8.7,0
9.5,0.92,0.29,9.9,0.179,29.5,80.8,1.0011,3.31,8.7,0
11.9,0.32,0.76,3.8,0.091,3.8,247.5,0.9978,3.84,8.0,0
7.9,1.24,0.23,8.5,0.124,71.5,76.7,0.9997,3.25,10.3,0
5.4,0.36,0.15,1.2,0.019,23.5,283.5,0.9955,3.24,14.3,1
6.6,0.62,0.09,5.4,0.153,5.8,94.7,0.9984,3.23,10.0,1
9.1,1.6,0.5,9.4,0.012,33.9,68.5,0.9985,3.96,9.7,0
14.2,0.28,0.69,2.9,0.145,63.9,155.6,0.9956,3.98,14.1,1
14.1,1.15,0.53,3.5,0.054,53.5,230.2,1.0022,3.46,11.8,0
7.0,1.06,0.21,2.7,0.136,10.4,110.1,0.9993,3.61,,1
12.9,0.92,0.4,9.0,0.171,66.9,179.8,0.9982,2.91,8.8,0
5.2,0.69,0.09,14.3,0.056,7.2,28.0,0.9978,3.08,8.3,0
10.4,0.15,0.16,10.9,0.193,7.7,251.3,0.9926,3.81,14.1,1
12.5,1.09,0.38,5.5,0.129,14.0,109.5,1.0002,,12.0,0
8.6,0.23,0.87,3.7,0.191,41.9,234.4,0.9906,3.27,14.4,1
10.1,1.58,0.86,9.6,0.172,50.0,100.1,0.9926,3.86,10.4,0
12.0,0.45,0.28,14.0,0.185,33.1,90.5,1.0031,3.52,11.3,1
6.1,0.4,0.69,13.6,0.079,70.3,167.3,0.9937,2.96,14.5,1
13.6,0.83,0.19,2.6,0.044,66.2,239.1,0.9904,3.85,12.4,1
10.1,1.46,0.17,7.7,0.068,39.2,109.9,1.0035,3.07,14.4,1
11.0,0.71,0.85,11.6,0.159,1.5,16.7,0.9942,3.29,14.6,1
6.2,1.31,0.88,9.1,0.027,3.8,168.7,1.0009,3.02,8.5,0
6.7,0.97,0.36,10.3,0.048,55.1,59.6,0.9974,3.3,11.3,1
11.4,0.42,0.36,4.9,0.029,19.6,62.6,1.0038,3.52,12.4,1
15.8,1.47,0.52,10.8,0.025,24.1,101.6,0.9947,3.35,14.2,1
11.9,1.45,0.59,8.7,0.085,9.2,236.7,0.9962,3.95,10.4,0
13.6,0.52,0.86,6.6,0.183,46.7,282.1,1.0004,3.72,12.1,0
13.4,0.38,0.17,3.3,0.188,19.6,181.1,0.9988,3.82,10.7,0
14.7,0.83,0.11,3.6,0.174,68.7,34.7,0.9916,3.38,10.5,0
10.4,0.94,0.82,4.6,0.132,45.5,31.4,0.9907,3.11,11.8,1
13.8,1.3,0.59,12.7,0.064,16.8,259.2,0.994,3.73,10.1,0
4.9,0.12,0.07,6.6,0.199,7.2,136.8,0.9971,3.63,8.5,0
11.6,1.08,0.84,3.1,0.134,14.7,139.1,0.9941,3.38,8.7,0
11.4,0.1,0.1,6.3,0.091,14.7,103.6,0.9991,3.27,9.2,0
14.6,0.43,0.52,8.7,0.02,47.8,121.0,0.996,3.34,10.9,1
13.2,1.28,0.98,7.5,0.121,63.9,63.1,1.003,3.08,8.9,1
9.2,1.41,0.33,5.6,0.053,22.0,257.6,0.9979,2.95,12.1,1
10.9,0.57,0.74,3.4,0.173,,232.4,0.9988,2.93,12.5,1
10.5,0.4,0.0,5.9,0.102,51.0,74.5,1.003,3.71,13.9,1
4.8,0.21,0.99,12.3,0.146,40.5,112.8,0.9994,3.76,10.7,0
6.0,0.81,0.68,6.3,0.13,17.8,99.8,0.9937,2.91,9.4,0
5.9,0.48,0.87,4.3,0.125,41.3,178.9,0.9961,3.81,14.2,1
13.2,0.51,0.61,6.1,0.017,67.3,112.4,0.9968,3.22,9.6,0
15.4,1.33,0.75,8.2,0.076,34.9,63.4,0.9943,3.74,14.7,1
9.3,0.98,0.54,3.8,0.095,22.0,184.7,,3.67,14.0,1
16.0,0.3,0.27,13.6,0.059,20.7,35.3,1.0028,3.2,11.5,1
13.7,0.3,0.19,13.2,0.193,5.3,249.0,0.9976,3.04,10.2,1
9.1,0.11,0.23,7.5,0.041,3.7,282.2,0.9937,3.65,11.8,0
9.4,1.36,0.39,5.6,0.115,29.0,56.7,0.9904,3.22,13.2,0
11.7,1.31,0.44,1.3,0.15,67.5,93.6,1.0002,3.92,14.1,1
8.3,1.25,0.39,8.9,0.081,32.3,61.2,0.9933,3.39,8.9,0
14.9,0.65,0.12,12.4,0.013,59.0,161.0,0.9966,3.11,10.5,0
15.5,1.45,0.89,11.7,0.129,30.9,78.9,1.0008,3.84,9.8,0
5.7,0.67,0.81,13.5,0.025,66.4,32.9,0.9943,3.15,10.7,1
4.8,0.63,0.38,13.2,0.081,18.7,37.7,0.9996,3.0,10.7,0
10.7,0.63,0.39,2.9,,37.7,238.5,1.0009,3.59,12.2,0
7.0,0.99,0.74,13.9,0.164,,265.3,1.004,,10.2,0
13.7,0.67,0.93,1.6,0.094,53.3,117.8,1.0014,3.47,8.4,0
15.7,0.53,0.86,4.1,0.033,50.8,78.5,0.9932,3.63,13.3,1
15.6,0.96,0.74,9.0,0.116,27.7,148.3,0.9929,3.2,10.7,1
12.6,1.21,0.24,14.6,0.141,55.7,151.5,0.9994,3.71,14.2,1
13.1,0.34,0.2,12.2,0.153,19.7,283.3,1.0037,3.23,8.1,0
8.4,1.45,0.6,10.4,0.041,50.6,36.7,0.9934,3.4,12.9,1
5.8,0.38,0.79,13.2,0.109,6.8,49.2,0.9967,3.99,8.1,0
5.0,0.83,0.66,14.0,0.191,26.5,238.0,1.002,3.67,10.5,0
6.9,0.97,0.17,14.5,0.149,11.7,248.8,1.0036,2.96,14.6,1
5.1,0.24,0.68,8.9,0.127,16.8,274.0,0.9986,3.39,8.5,0
6.4,1.32,0.22,,0.167,33.1,275.6,0.9933,3.45,13.6,1
11.7,0.69,0.92,9.9,0.157,61.2,201.8,1.0036,3.17,8.6,0
12.9,1.19,0.94,9.5,0.126,42.0,57.6,1.0028,3.63,14.0,1
14.5,0.4,0.09,4.9,0.107,20.3,36.1,0.9961,3.19,9.7,1
15.4,1.37,0.55,3.4,0.147,30.0,196.8,1.0003,3.75,11.9,0
4.7,0.29,0.59,10.3,0.054,31.2,92.5,1.0008,3.28,9.7,0
12.3,1.56,0.39,,0.082,25.8,268.6,0.9941,3.7,13.9,1
6.6,0.25,0.7,8.3,0.171,57.4,251.4,0.999,3.26,8.4,0
5.0,0.52,0.47,1.2,0.126,8.4,,1.0032,3.45,8.3,0
14.3,0.85,0.78,1.0,0.063,26.9,208.5,0.9969,3.56,15.0,1
13.6,0.78,0.53,14.7,0.117,54.1,206.0,1.001,3.33,9.0,0
14.5,0.96,0.46,10.9,0.036,64.8,178.1,1.0038,3.0,8.1,0
11.9,1.52,0.79,9.8,0.177,9.4,175.2,0.9989,3.41,12.6,0
15.8,0.73,0.26,5.3,,27.3,36.0,1.0012,2.96,11.5,1
9.8,0.49,0.41,7.6,0.124,50.2,221.4,0.9962,3.36,10.5,0
8.2,0.77,0.22,4.9,0.162,,112.5,0.9952,3.86,9.9,0
13.8,1.3,0.85,13.8,,65.7,284.8,0.9969,3.0,10.9,1
10.5,1.59,0.28,13.8,0.15,7.0,160.0,1.0004,3.11,10.0,0
14.1,1.24,0.36,2.0,0.095,5.3,183.8,0.9915,3.04,10.2,1
7.7,1.58,0.17,14.4,0.169,41.8,226.3,0.9903,3.29,8.2,0
5.6,1.13,0.42,8.3,0.137,49.4,186.9,,3.9,13.3,1
10.4,0.85,0.94,8.8,0.15,24.5,64.4,0.9996,3.8,12.1,1
11.6,1.5,0.79,12.9,0.178,50.7,177.9,0.9982,3.65,9.4,0
9.7,0.29,0.44,4.5,0.196,15.9,135.3,0.9984,3.86,11.6,1
6.7,1.57,0.13,11.9,0.033,10.1,124.9,1.0022,3.15,9.0,0
14.1,0.39,0.05,8.2,0.152,35.6,126.0,0.9933,3.88,13.8,1
6.2,1.08,0.84,3.7,0.023,33.0,24.1,1.0001,3.07,13.9,1
10.2,0.68,0.92,3.5,0.076,31.5,161.3,1.0039,3.61,14.8,1
9.0,1.45,0.38,14.6,0.013,23.1,144.4,0.9962,3.72,12.3,0
15.4,1.22,0.85,1.1,0.189,41.3,168.3,1.0022,3.8,12.7,0
5.2,0.93,0.6,9.7,0.047,71.0,219.4,0.9975,3.96,12.3,0
6.1,1.45,0.02,6.0,0.1,25.1,238.7,0.9918,3.31,12.5,0
7.1,1.48,0.28,12.8,0.069,57.1,98.9,0.9966,3.41,8.4,0
6.0,0.94,0.88,5.0,0.197,6.4,173.8,0.9956,,8.5,0
14.9,0.8,0.94,2.8,0.161,11.5,159.0,0.9958,3.39,12.4,1
11.0,0.61,0.1,14.6,0.156,11.2,280.7,1.0019,3.89,10.2,0
15.7,1.05,0.13,2.0,0.122,5.3,252.7,1.002,3.05,8.6,0
10.7,0.17,0.43,8.0,,32.4,72.8,0.999,,8.0,0
13.9,1.33,0.3,11.1,,14.8,45.6,1.0037,2.92,8.6,0
10.9,0.94,0.58,13.8,0.116,23.7,155.2,1.0019,3.19,10.0,0
7.9,0.64,0.96,5.9,0.185,20.5,100.7,0.9938,3.59,8.4,0
11.5,0.84,0.38,12.7,0.07,25.7,255.8,1.0033,3.27,9.5,0
6.7,0.81,0.08,3.4,0.061,42.8,22.3,1.002,3.46,8.1,0
13.1,1.32,0.89,14.6,0.102,41.1,284.7,,3.69,14.8,1
12.0_err,1.22,0.85,6.5,0.045,31.6,257.5,0.9947,3.78,13.3,1
13.6,0.89,0.95,7.7,0.086,41.4,188.0,1.0023,3.1,12.8,1
15.9,1.12,0.97,3.6,0.177,53.0,185.2,0.9948,3.69,13.2,1
6.3,1.11,0.34,13.9,0.12,47.2,116.3,0.994,2.96,14.3,1
14.1,0.51,0.82,11.2,0.097,2.2,53.9,1.0029,3.99,14.3,1
12.4,1.43,0.54,9.7,0.173,,10.9,0.9963,3.36,11.8,1
8.0,1.05,0.18,12.8,0.196,8.6,56.4,0.9991,3.54,14.3,1
13.2_err,1.27,0.05,2.6,0.151,45.8,120.5,0.9958,3.33,8.3,0
11.7,0.35,0.0,10.4,0.115,43.6,96.3,,3.41,14.8,1
,1.1,0.87,1.5,0.102,68.6,141.2,0.9956,3.01,9.1,0
12.7,1.47,0.7,14.8,0.057,49.6,172.1,0.9983,3.9,11.2,0
15.7,1.2,0.97,12.3,0.141,57.4,179.2,1.0015,3.92,14.0,1
11.9,0.87,0.32,12.9,0.125,52.5,125.7,1.0033,2.98,8.5,0
9.5,0.89,0.86,2.7,0.117,20.5,261.1,1.0034,2.99,8.1,0
15.6,0.21,0.87,12.6,0.014,69.4,119.9,0.9995,3.32,14.0,1
8.4,0.66,0.12,10.7,0.119,35.8,113.2,1.002,3.16,9.1,0
15.2,,0.74,2.6,0.033,,45.7,1.0033,3.99,12.7,0
12.4,0.21,0.58,4.2,0.085,47.9,69.5,0.9932,3.83,13.0,1
9.7,1.51,0.18,14.6,0.157,33.9,17.1,0.9915,3.13,13.8,1
13.4,0.7,0.44,13.6,0.041,14.7,229.6,0.9957,2.94,8.8,1
8.8,1.12,0.54,12.6,0.04,32.6,160.4,1.0016,3.31,11.2,0
12.4,,0.91,3.5,0.13,6.7,142.7,1.0012,2.93,8.6,0
7.8,1.45,0.01,1.3,0.185,29.6,231.5,0.992,3.1,8.4,0
9.1,1.25,0.85,11.1,0.071,2.0,62.7,0.994,2.97,13.3,1
5.2,1.14,0.23,9.1,0.147,50.3,92.2,0.9955,3.89,11.6,0
8.4,1.2,0.51,2.9,0.029,55.0,163.8,1.0013,3.64,10.1,0
6.2,0.17,0.81,9.1,0.178,11.6,183.2,0.997,3.72,11.2,0
14.5,1.38,0.8,11.1,0.094,41.7,203.2,1.0023,3.7,11.7,0
11.4,0.19,0.66,7.2,0.164,41.6,228.5,1.0015,3.93,9.4,1
5.7,1.29,0.43,5.8,0.055,1.2,155.0,1.0027,3.9,9.1,0
8.1,0.45,0.84,3.2,0.147,50.9,128.6,1.0016,2.98,9.2,0
12.6,,0.81,8.6,0.106,12.7,85.9,0.9927,3.69,12.5,1
11.2,0.32,0.43,12.1,0.183,4.0,224.8,0.9973,3.06,14.7,1
13.3,1.17,0.17,14.4,0.144,4.7,190.4,0.9998,3.42,13.4,1
12.3,0.74,0.7,13.3,0.043,52.3,81.3,1.0002,3.3,13.9,1
5.4,1.3,0.27,3.9,0.086,59.7,62.3,0.9913,3.58,10.9,0
,1.58,0.2,13.0,,55.7,203.6,0.9969,2.93,10.2,0
6.1,0.98,0.41,14.5,0.068,44.2,240.2,,3.06,10.1,0
7.4,1.1,0.71,11.7,0.126,43.9,253.0,0.9967,3.09,14.0,1
13.8,1.15,0.11,2.9,0.123,44.4,180.3,1.0038,2.97,11.1,0
11.8,1.01,0.57,3.5,0.033,35.8,119.2,0.9951,3.36,8.8,0
6.9,0.8,0.52,13.0,0.183,43.9,9.2,0.9953,2.99,8.0,0
13.2,1.4,0.42,12.9,0.081,4.5,32.5,0.9967,3.31,14.6,1
12.1,0.43,0.66,13.8,0.183,42.2,145.3,1.004,3.97,13.1,1
5.5,0.19,0.68,12.1,0.159,42.7,108.8,0.9934,3.36,12.7,1
12.3,0.61,0.31,14.2,0.157,,6.3,1.0028,3.36,11.6,1
10.0,0.85,0.06,5.2,0.08,37.0,107.5,0.9996,3.63,14.7,1
5.8,1.46,0.75,5.2,0.074,30.3,64.9,0.993,3.59,14.6,1
9.7,1.51,0.86,13.2,0.15,42.4,102.1,0.9905,3.58,8.9,0
7.0,0.93,0.62,2.7,0.161,63.0,257.8,1.0031,3.93,10.8,0
12.8,1.43,0.52,1.2,0.04,46.9,132.4,0.9996,3.74,8.4,0
5.0,0.68,0.49,2.9,0.027,7.0,191.0,0.9912,3.63,9.5,0
4.8,0.67,0.14,10.6,0.073,23.8,33.5,1.0001,3.21,13.5,1
14.5,0.94,0.47,2.0,0.032,17.3,37.0,0.9951,3.89,10.1,1
7.6,0.2,0.06,6.8,0.19,30.2,226.4,1.0031,3.55,13.1,0
4.6,0.65,0.18,5.6,0.066,59.3,100.4,1.0029,2.92,11.9,0
10.0,0.9,0.45,10.1,0.099,44.5,116.9,0.9914,2.95,14.0,1
15.0,1.13,0.39,13.6,0.039,43.1,139.0,0.9967,3.4,10.3,1
5.9,1.34,0.83,13.9,0.053,65.6,288.4,0.9933,3.43,12.5,0
8.8,0.34,0.84,2.0,0.133,51.0,,0.9986,3.88,11.6,1
9.0,0.52,0.97,11.0,0.195,64.6,289.7,0.9948,3.98,12.3,1
10.7,1.16,0.64,,0.049,41.8,78.4,0.9967,3.95,11.0,0
11.3_err,0.21,0.54,4.7,0.022,16.7,183.4,1.0036,3.72,12.0,1
10.8,1.13,0.03,10.9,0.075,44.8,10.1,0.9952,3.46,8.7,0
14.0,0.82,0.48,1.1,0.073,58.6,197.4,1.0011,3.74,12.9,0
14.2,1.22,0.33,5.4,0.151,32.3,75.2,0.9956,3.09,14.8,1
6.4,0.88,,2.8,0.175,1.7,145.2,0.9964,3.77,9.9,0
5.2,0.36,0.74,1.8,0.091,48.0,10.3,1.0002,3.33,13.7,1
9.6,1.39,0.9,4.6,0.015,36.8,46.2,0.9969,2.99,13.2,1
9.3,0.29,0.37,5.4,0.015,31.8,176.4,0.9984,3.75,10.6,0
8.4,0.34,0.08,2.5,0.072,36.9,206.5,0.9923,3.29,11.3,0
14.3,0.29,0.32,11.2,0.01,43.8,236.1,0.9984,3.56,11.1,0
12.3,0.58,0.46,14.0,,44.6,38.3,0.9925,3.94,14.8,1
13.5,1.06,0.64,14.1,0.16,22.2,153.8,0.9991,3.21,8.9,0
11.6,0.3,0.06,12.0,0.056,11.2,162.9,0.9997,2.95,15.0,1
4.6,0.8,0.72,8.4,0.126,51.2,75.5,0.9927,3.17,11.9,0
7.4,0.96,0.18,8.5,0.018,40.1,172.5,0.9936,3.71,12.7,0
9.6,1.04,0.08,11.5,0.036,12.9,284.9,1.0008,3.9,10.8,0
5.4,1.03,0.61,10.1,0.025,68.2,38.5,0.9993,3.71,9.5,1
12.5,1.3,0.18,7.9,0.069,26.1,123.7,0.9964,3.42,11.8,1
6.1,1.02,0.76,6.6,0.135,11.4,16.9,1.0034,3.16,10.1,1
,0.84,0.79,6.1,0.011,30.1,,1.0026,3.87,13.3,1
14.8,1.54,,9.9,0.172,38.8,258.6,0.9948,3.01,14.8,1
4.7,0.49,0.86,9.2,0.07,59.1,181.9,0.9989,3.36,12.6,1
9.2,0.73,0.65,7.0,0.15,41.4,76.9,1.0022,3.25,13.6,1
15.1,1.58,0.8,14.9,0.05,67.3,127.8,0.9947,3.14,10.5,0
14.5,0.51,0.41,7.6,0.105,66.7,170.0,0.99,2.9,9.8,1
6.2,0.98,0.7,10.0,0.082,23.6,214.8,0.9915,3.25,14.9,1
5.9,1.19,0.14,6.7,0.063,57.7,283.8,0.9997,3.24,9.6,0
15.3,1.57,0.35,4.3,0.07,66.4,241.0,0.999,3.18,13.5,1
9.6,1.09,0.56,12.6,0.121,29.9,158.5,0.9959,3.96,8.1,0
7.1,0.59,0.12,5.5,0.019,46.6,179.4,0.9962,3.96,13.7,0
12.6,0.47,0.3,5.9,0.185,6.4,112.0,1.003,3.89,14.3,0
10.8,0.34,0.82,14.0,0.047,45.9,70.2,0.9966,3.57,10.2,0
16.0,0.26,0.86,10.5,0.171,66.8,168.1,0.9926,3.25,9.9,0
12.8,1.18,0.75,,0.165,42.1,,0.998,3.98,14.3,0
7.1,0.3,0.71,11.0,0.2,41.7,275.3,0.9911,3.72,12.8,1
6.5,1.19,0.38,2.0,0.097,69.8,249.9,0.9949,3.31,10.5,0
14.6,1.35,0.91,6.7,0.123,49.8,270.1,0.9969,3.43,12.4,1
13.6,1.25,0.05,8.2,0.108,67.4,25.0,1.0036,3.58,11.7,0
14.6,1.37,0.56,2.7,0.016,63.6,259.8,0.9963,3.57,11.9,1
10.5,0.1,,3.3,0.056,67.9,24.3,0.9937,3.07,10.2,1
10.7,1.49,0.62,13.4,0.078,62.9,261.9,0.9952,4.0,,0
5.5,0.85,0.64,3.7,0.056,13.3,254.3,0.9993,4.0,14.0,1
5.3,0.64,0.43,3.8,0.105,68.9,153.5,1.0029,3.23,,0
10.5,,0.22,9.9,0.066,22.3,215.2,,3.3,10.5,1
9.0,0.7,0.81,7.1,0.026,8.1,213.4,0.9904,3.42,,1
14.1,0.8,0.33,6.2,0.199,64.3,166.0,0.9965,3.21,10.5,0
7.7,0.24,0.31,9.4,0.035,28.3,217.9,0.9906,3.33,9.7,0
4.6,1.37,0.55,1.8,0.106,26.4,177.7,1.0028,3.11,12.9,1
13.1,1.44,0.5,9.5,0.041,52.8,51.3,0.9912,3.48,14.3,1
11.7,1.02,0.05,8.4,0.151,12.1,68.2,0.9921,2.91,13.6,1
14.6,1.14,0.42,6.2,0.056,27.4,38.3,1.0001,3.38,9.6,0
10.0,0.31,0.9,14.2,0.136,39.2,,0.9961,3.39,14.1,1
12.5,1.34,0.54,5.5,0.093,65.5,192.1,0.9929,3.64,8.7,0
15.2,0.33,0.71,1.9,0.148,71.1,76.8,0.9925,3.97,,1
11.6,1.49,0.74,1.5,0.194,13.6,240.4,1.0037,3.33,12.8,0
11.7,0.19,0.36,12.9,0.062,14.7,71.8,0.9908,3.55,11.4,1
5.5,0.34,0.82,14.5,0.164,15.1,264.1,0.991,3.93,9.1,0
15.0,0.23,0.94,9.0,0.064,70.9,92.4,1.0032,3.9,9.6,1
4.8,1.37,0.86,9.5,0.198,66.2,53.8,0.9931,3.29,11.0,0
12.8,1.37,0.85,8.4,0.148,28.9,248.5,0.9925,3.35,14.4,1
12.2,0.89,0.74,13.0,0.164,15.6,90.5,0.9921,2.95,8.8,0
5.8,0.15,0.81,12.0,0.028,7.4,113.6,0.9997,2.99,10.9,1
9.6,0.29,0.23,6.3,0.017,51.9,29.7,0.9914,3.21,8.8,0
12.6,1.08,0.05,13.3,0.112,50.5,142.0,0.9929,3.77,14.2,0
5.4,0.97,0.09,3.5,0.103,69.7,100.7,1.0019,,8.2,0
10.1,1.05,0.68,13.9,0.092,18.1,141.4,0.9941,3.04,8.8,0
5.5,0.72,0.34,14.8,0.019,,76.0,0.9922,3.55,10.2,0
8.9,1.17,0.88,12.8,,14.9,168.3,0.9912,3.21,9.3,0
13.4,1.25,0.71,14.7,0.011,68.5,235.0,1.0015,2.98,11.9,0
6.9,0.9,0.27,2.3,0.141,26.9,196.4,0.9953,3.14,12.1,0
5.3,1.47,0.12,5.2,0.169,24.8,11.3,1.0003,3.25,13.2,0
8.5,0.26,0.66,2.9,0.191,29.2,184.0,0.9953,3.98,8.9,0
12.7,1.34,0.51,6.9,0.016,26.5,85.7,1.0031,3.39,11.2,1
12.1,1.03,0.04,5.7,0.141,50.4,48.5,0.9981,3.85,10.9,0
9.3,1.48,0.24,3.6,0.06,46.6,239.0,1.0033,3.56,10.9,0
10.0,0.69,0.82,13.1,0.126,70.0,93.0,0.998,3.5,12.1,1
5.9,1.05,0.78,10.1,0.197,7.3,200.9,0.9969,3.62,14.5,1
6.3,0.91,0.59,15.0,0.133,53.1,255.3,0.9978,3.82,14.5,1
9.5,1.22,0.38,8.4,0.119,27.3,227.1,1.0038,3.98,9.0,0
9.4,0.9,0.33,4.3,0.119,56.6,202.3,1.0021,3.0,10.5,0
14.9,0.63,0.74,7.9,0.152,26.8,250.1,1.0007,2.96,14.1,1
,1.09,0.93,5.2,0.065,10.0,213.6,1.0018,3.39,13.4,1
9.2,0.66,0.34,5.2,0.101,13.9,62.7,1.003,3.1,10.2,0
4.9,1.09,0.53,1.7,0.049,59.0,21.4,0.9952,3.43,9.8,0
13.0,0.81,0.2,7.3,0.119,,42.0,1.0002,3.19,11.0,0
6.7,0.43,0.5,7.9,0.069,35.6,138.3,0.9989,3.74,9.7,0
14.7,0.36,0.76,3.9,0.038,61.4,58.6,0.9945,2.94,14.2,1
5.9,0.29,0.06,3.6,0.09,46.7,43.9,0.9965,3.52,10.1,0
5.2,1.14,0.67,4.8,0.032,13.7,238.1,0.9927,3.31,8.1,0
13.6,1.57,0.03,1.1,0.037,47.9,131.6,0.9978,3.53,8.3,0
13.7,1.55,0.14,9.2,0.195,64.0,57.5,0.9929,2.99,14.7,1
12.8,1.47,0.9,7.2,0.107,47.0,77.9,1.0004,3.38,9.6,1
8.9,0.19,0.36,7.5,0.124,20.4,108.8,0.9969,3.33,13.5,1
5.7,,0.75,14.9,0.108,18.7,124.4,,3.22,9.2,0
12.4,0.24,0.46,10.0,0.183,11.3,68.9,1.003,3.01,11.5,1
14.6,0.51,0.47,14.1,0.117,65.3,182.9,1.0008,3.16,14.3,1
11.4,0.17,0.16,14.8,0.14,59.3,74.6,1.0026,3.4,10.8,1
15.9,1.19,0.76,11.7,0.147,36.7,135.4,0.9996,3.44,10.8,0
,0.35,0.4,10.5,0.032,32.8,215.0,0.9964,3.9,9.1,0
4.8,0.8,,11.8,0.03,48.8,119.4,0.9904,3.79,14.1,1
9.4,1.56,0.28,6.2,0.12,21.5,218.1,0.9963,3.16,8.6,0
4.7,0.85,0.75,8.9,0.011,21.3,22.9,1.0,3.08,13.6,1
7.5,0.87,0.18,14.0,0.185,15.4,30.9,0.9992,3.48,13.1,1
14.3,1.25,0.45,14.9,0.158,9.0,114.7,0.9947,3.61,14.9,1
9.7,0.63,0.15,7.5,0.068,4.7,143.2,0.9975,3.67,9.0,0
12.5,1.57,0.3,11.0,0.146,69.5,283.2,0.9923,3.5,12.8,0
10.8_err,0.56,0.09,14.4,0.081,14.7,78.0,,3.43,11.2,0
13.2,0.22,0.07,6.5,0.039,,137.4,0.9921,3.38,10.3,1
12.2,0.83,0.5,3.6,0.163,64.5,104.5,0.9903,3.7,13.0,1
11.5,0.93,0.78,5.1,0.161,63.4,49.7,,3.32,9.1,1
,1.58,0.65,1.9,0.183,18.0,198.1,0.9957,3.3,11.6,1
8.3,1.47,0.2,6.9,0.089,31.2,7.5,0.9994,3.78,14.4,0
14.1,0.76,0.54,11.4,0.15,57.7,57.5,1.0006,3.77,10.9,1
8.3,0.7,0.73,13.0,0.037,6.8,143.1,0.9978,2.96,11.8,1
15.7,0.23,0.18,4.3,0.12,28.6,186.5,0.9977,,14.5,0
8.0,,0.91,7.8,0.031,34.7,52.2,0.999,3.98,8.6,0
6.3,1.02,0.45,1.6,0.043,48.8,208.6,0.996,2.99,10.9,0
12.1,1.54,0.71,12.1,0.189,45.5,109.4,0.9925,3.3,10.0,0
15.8,1.29,0.84,9.3,0.112,67.1,232.3,0.9937,3.05,9.7,0
9.7,0.44,0.69,11.9,0.099,4.9,8.0,0.9936,3.87,13.4,1
4.8,0.57,0.14,2.8,0.176,22.3,224.1,1.0004,3.79,15.0,1
8.1,0.55,0.62,11.8,0.126,35.4,165.7,1.0024,3.02,10.5,0
6.8,0.3,0.71,10.9,0.188,69.4,233.8,0.9916,3.82,10.4,1
7.9,0.56,0.34,8.4,0.063,24.8,14.3,0.9991,3.97,10.0,0
11.7,1.06,0.3,4.4,0.185,60.0,230.6,0.9919,3.08,11.7,0
10.6,0.8,,8.9,0.104,19.9,98.3,1.0017,3.41,12.5,1
11.8,1.01,0.57,2.4,0.147,13.8,81.7,1.0003,3.0,10.7,1
12.1,0.74,0.8,14.3,0.083,61.4,281.1,1.0038,3.75,12.2,1
12.5,0.75,0.73,12.8,0.183,45.0,243.6,0.9951,3.84,14.1,1
11.0,0.16,0.44,3.5,0.055,60.7,126.8,0.991,3.75,8.3,0
14.5,1.41,0.04,14.3,0.064,57.7,249.0,1.0036,3.69,9.8,0
12.0,1.42,0.34,9.0,0.164,6.3,240.4,0.9986,3.14,9.3,0
11.0,0.45,0.91,1.3,0.189,26.3,106.5,0.9922,3.32,9.8,0
5.9,1.5,0.65,3.6,0.134,31.4,208.4,0.9953,3.84,9.1,0
8.7,1.07,0.42,13.8,0.027,26.9,102.6,,2.93,10.3,0
6.9,0.84,0.27,2.1,0.2,50.9,270.3,0.9987,3.03,13.7,1
8.7,0.64,0.77,11.3,0.187,62.6,76.6,0.9952,3.24,13.7,1
12.2_err,0.73,0.02,8.0,0.024,1.8,43.0,1.0017,3.96,9.6,0
13.6,0.44,0.88,9.0,0.054,27.4,153.5,0.9982,,13.7,1
9.8,0.61,0.04,10.4,0.163,47.8,134.8,0.9996,3.31,9.1,0
9.1,1.11,0.47,10.3,0.097,41.9,159.2,1.0034,3.85,9.6,0
12.4,1.27,0.58,3.5,0.012,70.6,189.4,1.0039,3.87,14.8,1
11.6,1.04,0.54,1.2,0.066,10.9,56.7,0.9981,3.04,11.9,0
11.3,0.52,0.88,10.6,0.073,45.4,212.7,0.999,3.93,9.5,0
13.0,0.45,0.02,13.5,0.056,69.0,275.6,0.9945,2.94,9.6,0
11.1,1.06,0.69,11.4,0.187,6.2,128.3,1.0025,3.08,12.9,1
7.9,0.74,0.05,8.0,0.024,67.8,147.5,0.9901,3.79,13.6,1
15.0,0.98,0.4,6.5,0.173,66.0,140.2,1.0022,3.36,14.9,1
8.8,0.67,0.04,14.8,0.102,33.3,215.9,0.9918,3.75,8.0,0
12.4,0.93,0.28,7.3,0.094,38.6,34.9,1.0031,3.66,10.1,1
8.2,0.39,0.39,4.1,0.024,61.8,163.0,0.9937,3.83,9.1,1
,1.03,0.05,11.0,0.05,31.0,64.1,1.0005,3.1,13.8,1
14.6,1.1,0.18,1.3,0.05,37.2,73.2,0.992,3.65,11.2,0
12.8,1.03,0.57,9.3,0.088,10.6,73.7,0.9995,3.14,9.1,0
15.8,0.17,0.8,1.6,0.056,69.2,228.0,0.9963,3.74,11.2,0
13.2,0.86,0.65,12.9,0.2,60.3,,1.0004,3.39,14.1,1
7.6,1.23,0.1,2.6,0.052,44.3,132.0,0.999,3.48,9.0,0
11.5,1.14,0.81,6.2,0.077,5.4,208.6,1.002,3.61,10.1,0
7.4,0.18,0.42,6.4,0.142,19.9,254.9,1.0029,3.17,8.5,0
15.5,1.46,0.03,8.1,0.067,52.0,88.1,0.9964,2.99,8.6,0
11.4,1.24,0.89,2.4,0.018,38.9,171.8,0.9971,2.95,13.6,0
14.6,1.37,0.46,,0.174,2.4,270.7,1.0019,3.07,14.3,1
6.1,0.6,0.46,11.7,0.083,71.3,133.3,1.0005,3.24,14.1,1
9.6,0.74,0.63,3.9,0.097,,131.1,0.991,3.24,11.4,0
7.7,0.37,0.49,8.6,0.159,41.4,265.6,1.0006,3.08,11.9,1
14.5,0.95,0.09,14.5,0.157,1.8,282.0,0.9983,3.83,14.8,1
4.5,0.98,0.16,6.1,0.177,14.4,177.0,1.0017,3.51,11.7,1
9.3,1.01,0.08,5.4,0.158,21.7,84.2,1.0033,3.09,13.8,1
14.6,0.5,0.55,13.0,0.139,45.6,105.7,1.0024,3.68,12.2,1
6.3,1.4,0.79,8.7,0.124,66.7,50.7,0.9979,3.51,12.6,0
11.4,0.88,0.73,8.7,0.142,35.6,261.5,1.0025,4.0,14.4,1
5.1,1.01,0.25,9.3,0.15,38.6,192.7,1.0029,2.96,9.3,0
7.5,0.65,0.54,11.1,0.011,52.6,75.1,,3.91,13.0,1
14.7,0.8,0.04,,0.023,17.5,90.5,0.9971,3.78,14.0,1
12.8,0.62,0.37,11.1,0.142,8.2,24.7,0.9982,3.58,14.9,1
7.0,1.48,0.0,3.6,,64.0,76.8,0.992,2.96,11.6,1
7.4,1.29,0.74,7.4,0.154,55.5,,0.9978,3.49,10.0,0
14.2,1.45,0.14,14.8,0.128,40.2,184.9,0.9997,3.55,10.0,0
6.6,0.76,0.18,14.4,,20.3,253.3,0.9976,3.1,11.7,0
9.6,1.0,0.33,14.7,0.012,65.0,279.7,0.9939,4.0,14.5,0
6.9,0.14,0.76,5.5,0.047,1.7,54.2,1.0003,3.93,11.8,0
,1.07,0.24,10.9,0.049,,203.1,0.996,3.85,14.3,1
5.0,0.78,0.05,3.0,0.197,39.4,80.4,0.9944,3.34,12.6,1
4.5,1.23,0.78,5.5,0.059,67.6,69.6,1.0025,3.19,13.8,1
11.4,0.79,0.99,1.9,0.128,43.6,60.0,,3.09,10.5,1
7.1,1.05,0.12,12.6,0.098,1.3,172.5,0.9971,3.63,11.5,0
12.7,0.2,0.09,13.3,0.175,15.2,66.7,1.0034,3.08,8.6,1
10.8,1.52,0.08,9.6,0.019,14.8,109.4,0.9916,3.96,11.1,0
11.2,0.14,0.7,7.8,0.012,26.3,138.5,0.9935,3.26,12.5,1
6.9,0.33,0.83,4.1,0.036,6.6,59.3,1.0035,3.49,11.8,1
8.6,1.57,0.7,4.2,0.142,25.2,183.5,0.9923,3.51,11.8,0
12.7,1.21,0.31,9.8,0.135,23.7,249.6,0.9951,3.69,14.2,1
15.8,0.6,0.41,14.4,0.011,47.2,198.0,0.9925,3.94,14.4,1
12.4,1.25,0.69,11.0,0.038,17.4,169.0,,3.15,10.2,1
13.3,0.66,0.76,9.6,0.124,40.4,210.8,0.9998,3.38,14.9,1
11.4,0.81,0.98,7.4,0.05,53.5,104.4,0.9983,3.48,8.6,0
14.9,0.57,0.56,10.9,0.134,5.9,17.1,0.9984,3.01,14.8,1
5.5,0.4,0.6,2.0,0.124,19.9,32.6,0.9939,3.32,15.0,1
5.5,1.01,0.59,10.4,0.178,33.3,67.2,0.9987,3.35,15.0,1
7.1,0.43,0.06,11.6,0.077,32.0,41.8,1.0023,3.55,12.3,1
5.0,0.97,0.45,12.2,0.137,18.5,89.6,0.9955,3.66,9.9,0
4.8,0.5,0.88,7.7,0.092,6.4,93.9,1.0037,4.0,8.2,0
14.9,0.89,0.31,7.2,0.177,5.3,24.8,0.9941,3.73,12.2,1
4.8,0.28,0.36,9.8,,27.1,143.4,0.9906,3.19,12.2,1
8.4,1.55,0.51,11.4,0.151,2.8,39.7,0.9901,3.22,9.5,0
6.8,0.49,0.57,9.6,0.075,69.0,152.0,0.9919,3.42,11.5,1
13.9,1.2,0.43,1.4,0.17,69.9,95.7,0.9993,3.32,8.5,0
5.3,0.9,0.81,2.6,0.17,54.3,25.3,1.0017,3.48,12.5,1
4.9,1.53,0.12,6.1,0.028,4.7,174.5,1.0,3.43,14.1,0
10.1,1.59,0.65,13.6,0.049,32.5,126.0,1.0031,3.96,14.7,0
8.2,0.48,0.29,11.1,0.113,46.2,266.2,1.0039,3.03,13.4,0
12.9,,0.03,10.1,0.132,34.5,155.0,0.9957,3.91,14.7,1
8.2,0.97,0.14,8.6,0.111,66.0,25.1,0.9944,3.66,9.3,0
11.2,1.48,0.77,11.3,0.016,50.7,206.5,0.9956,3.58,9.4,0
15.4,0.1,0.49,10.0,,36.8,272.5,0.9979,3.26,11.7,0
4.6,1.24,0.69,9.3,0.126,36.9,7.7,1.0005,3.87,9.4,0
12.9,0.68,0.77,12.1,0.096,29.8,20.1,0.9941,2.97,12.7,1
10.3,0.76,0.56,2.4,0.086,39.7,245.7,1.0036,2.9,9.7,0
10.3,0.9,0.56,14.7,0.037,66.2,110.1,0.9945,3.28,14.8,1
10.8,1.17,0.05,14.4,0.019,29.3,76.5,0.9939,3.76,13.8,0
7.5,,0.33,2.4,0.024,13.1,64.6,0.9999,3.44,9.9,0
15.6,0.34,0.93,12.2,0.054,2.1,259.1,0.9999,3.25,13.1,1
12.8,0.3,0.06,14.6,0.059,44.8,,0.9987,3.13,11.4,0
13.0,0.71,0.83,11.5,0.045,67.8,96.6,,3.98,14.0,1
5.7,0.43,0.01,5.1,0.053,29.8,285.9,0.9909,3.2,9.6,0
15.1,0.65,0.08,1.3,0.116,54.5,91.6,0.994,2.92,9.9,0
6.2,0.61,0.75,4.3,0.107,40.2,111.6,0.9943,3.48,12.5,0
11.2,0.21,0.13,2.2,0.124,4.5,170.8,1.0001,3.7,9.9,0
13.0,1.33,0.89,13.0,0.196,5.0,72.1,1.0031,3.94,14.0,1
13.6,1.38,0.31,7.5,0.1,52.8,141.0,0.9967,3.32,8.3,0
15.9,0.26,0.46,5.2,0.16,33.8,118.9,1.0014,3.08,12.4,1
6.0,0.97,0.98,12.0,0.071,59.2,81.5,0.9915,3.1,11.8,0
4.8,0.25,0.54,,0.173,16.0,52.4,0.9992,3.61,13.9,1
14.7,1.29,0.56,13.8,0.188,63.2,183.8,0.9977,3.1,13.3,1
13.4,0.34,0.62,8.0,0.054,5.7,123.0,0.9903,3.73,12.1,1
7.9,0.52,0.26,11.7,0.176,55.9,76.2,0.9985,3.48,11.5,1
7.8,1.1,0.98,13.1,0.164,41.1,81.5,0.9953,3.54,8.4,0
12.2,0.14,0.06,1.1,0.064,25.5,17.1,0.999,3.26,13.4,1
12.0,0.44,0.98,13.4,0.151,41.0,136.0,1.0024,3.82,13.3,1
8.8,0.22,0.13,5.7,0.123,62.9,,0.9972,3.3,8.9,0
7.8,0.77,0.05,5.2,0.107,23.5,112.6,1.0029,3.46,12.6,0
6.1,0.51,0.11,8.0,0.112,45.2,161.4,0.9961,3.14,8.3,0
13.7,0.87,0.92,12.4,0.152,59.0,46.9,0.9946,3.96,11.0,0
10.6,0.97,0.3,9.9,0.079,56.5,226.4,1.0014,3.71,10.9,0
15.9,0.74,0.2,4.6,0.108,63.5,16.7,0.993,3.96,13.3,1
15.6,1.22,0.05,13.9,,31.1,113.6,0.9957,3.91,8.9,0
10.6,0.69,0.62,4.9,0.157,60.4,124.3,0.9917,3.13,10.5,1
12.8,0.82,0.56,7.4,0.144,40.2,245.8,1.0009,3.51,11.4,0
5.6,0.18,0.78,9.4,0.093,54.0,48.5,0.9993,3.67,11.3,0
8.7,0.77,0.0,4.0,0.105,67.9,20.9,1.0005,3.15,13.0,1
6.9,0.34,0.06,5.3,0.165,29.0,82.9,1.002,3.34,15.0,1
12.2,1.53,0.67,2.0,0.114,68.7,16.1,0.9941,3.25,11.7,1
12.7,0.65,0.33,13.0,0.121,32.8,35.7,1.0,3.2,12.1,1
16.0,0.14,0.42,4.2,0.191,56.8,105.2,0.993,3.53,9.6,1
9.8,1.0,0.05,14.0,0.038,55.5,56.3,0.9994,2.97,12.6,1
10.1,0.62,0.81,8.5,0.112,9.9,62.9,0.9974,3.56,12.0,0
12.5,1.42,0.11,6.4,0.082,45.7,233.2,0.9942,3.53,12.0,1
15.1,1.32,0.92,3.7,0.038,67.4,219.5,1.0014,3.53,14.4,1
10.8,1.48,0.47,10.7,0.124,3.3,49.4,0.9925,3.77,9.3,0
16.0,1.0,0.15,10.3,0.016,8.4,202.9,0.9973,3.71,11.9,1
9.4,1.37,0.83,4.4,0.137,37.8,76.3,1.0032,3.98,11.3,0
9.0,1.38,0.67,8.7,0.063,41.5,10.2,0.9915,3.13,12.7,1
4.8,0.33,0.88,6.6,0.041,66.6,22.9,0.9972,3.64,8.6,0
6.5,0.1,0.05,11.2,0.129,44.1,75.4,1.0002,3.84,14.4,1
16.0,0.26,0.42,2.1,0.071,4.3,78.3,0.9931,3.86,13.6,1
12.4,0.63,0.13,2.1,,23.0,108.5,1.004,3.63,14.4,1
10.3,1.01,0.53,8.4,0.146,,202.7,1.0038,3.14,10.4,1
12.4,,0.01,10.0,0.032,22.4,258.6,0.9908,3.92,12.5,0
5.6,0.78,0.73,12.3,0.121,56.3,142.9,0.9906,3.27,9.8,1
13.3,0.92,0.36,14.4,0.193,36.0,108.1,1.0011,3.14,10.1,0
14.5,0.93,0.89,8.3,0.018,41.7,103.0,0.9915,3.94,10.5,0
,0.56,0.71,12.0,0.052,38.5,241.6,0.996,3.68,10.8,0
6.7,1.17,0.93,12.3,0.162,26.1,237.8,0.9951,3.9,10.3,1
14.3,0.31,0.77,6.2,0.173,1.2,170.3,0.9986,3.31,13.6,1
6.9,0.33,0.73,7.1,0.091,15.7,49.4,0.9918,3.46,9.7,0
5.1,0.38,0.76,6.7,0.042,37.5,116.7,1.003,2.96,9.3,1
13.4,0.18,0.06,3.5,0.1,34.0,198.7,0.9991,3.67,13.8,1
5.4,0.91,0.91,13.1,0.13,48.3,219.2,1.0022,3.23,14.6,1
5.0,0.36,0.79,11.8,0.057,46.8,51.0,1.0022,3.44,9.1,0
5.0,0.59,0.66,7.2,0.025,47.5,182.4,0.9938,3.24,12.3,1
9.2,0.97,0.58,9.1,0.054,12.8,172.0,0.9985,2.92,9.4,0
6.6,1.55,0.81,5.8,0.088,41.0,284.4,0.9902,3.23,9.5,0
10.4,1.35,0.33,2.6,0.087,65.5,185.8,1.0003,3.26,8.9,0
13.1,1.21,0.43,6.5,0.114,23.8,201.6,0.9965,3.51,9.1,0
12.3,1.12,0.17,11.3,0.088,23.1,139.3,0.9987,3.64,11.3,1
8.1,0.83,0.98,11.8,0.084,39.1,31.4,0.9993,3.74,10.4,0
15.2,0.56,0.93,9.3,0.129,5.1,273.8,1.0013,3.79,12.2,1
7.6,1.6,0.62,9.1,0.079,28.7,186.1,1.0013,3.62,11.5,0
7.0,1.16,0.05,8.7,0.048,51.3,51.1,0.9962,3.71,10.7,0
13.3,,0.67,2.3,0.19,58.4,79.2,0.9915,3.5,13.9,1
5.5,1.39,0.72,10.5,0.136,8.0,69.9,1.0013,3.1,12.5,1
13.9,1.03,0.08,10.9,0.041,65.4,41.1,1.0034,3.18,9.3,0
10.0,1.3,0.86,12.7,0.142,47.1,170.7,1.0028,3.54,11.9,1
7.3,1.35,0.03,6.8,0.024,9.0,271.5,0.9978,3.99,13.9,0
10.8,1.43,0.61,3.1,0.075,60.9,14.2,0.9915,3.29,10.6,1
11.2,0.78,0.27,9.2,,68.3,58.7,0.9937,2.93,10.8,0
11.5,0.48,0.61,3.4,0.183,15.2,206.2,1.0024,3.82,9.8,0
7.0,1.33,0.8,3.4,0.036,64.3,42.3,0.9941,3.4,14.5,1
6.7,0.37,0.2,3.1,0.097,16.7,91.5,1.0027,3.49,12.2,0
9.5,1.11,0.91,3.3,0.163,30.7,41.6,0.9961,3.27,9.7,0
10.6,0.37,0.84,11.6,,37.6,222.1,0.9957,3.86,12.4,1
13.2,1.31,0.15,8.7,0.191,6.8,35.0,1.0029,3.03,12.8,0
13.1,1.55,0.09,6.1,0.096,46.4,250.2,,3.44,9.1,0
8.4,1.6,0.12,14.3,0.017,63.5,114.8,1.0009,3.86,14.9,1
12.4,1.09,0.73,14.9,0.034,29.6,210.9,0.994,3.61,12.5,1
12.9,0.5,0.72,5.5,0.178,16.7,162.9,1.0018,3.32,8.7,0
9.4,0.26,0.77,11.5,0.121,31.9,134.5,0.9959,3.06,8.5,1
4.9,1.28,0.33,3.2,0.022,60.8,245.2,0.992,3.72,11.2,0
12.3,0.18,0.46,12.4,0.161,56.2,200.8,0.9919,2.98,11.8,1
11.8,0.61,0.9,9.0,0.181,47.5,231.1,1.0034,3.23,8.9,1
15.1,0.57,0.23,5.4,0.11,10.3,118.9,1.0017,3.13,8.3,0
8.2,1.09,0.51,2.3,0.046,14.4,183.7,0.9921,3.27,14.0,1
12.7,1.09,0.21,2.2,0.135,12.2,137.7,0.9974,3.46,8.8,0
8.8,0.61,0.39,13.7,0.074,20.8,197.2,0.9911,3.15,9.2,0
14.3,0.21,0.69,1.7,0.048,66.3,137.9,0.9932,3.36,13.0,1
8.7,1.17,0.54,8.1,0.045,40.3,43.3,0.9924,3.35,10.8,1
14.5,0.67,0.18,3.6,0.161,62.1,204.6,1.0032,3.3,11.0,1
13.3,0.52,0.56,5.1,0.019,59.4,17.7,0.9912,3.47,,1
8.1,0.63,0.79,10.2,0.168,26.9,256.5,0.9963,3.76,11.5,0
8.6,0.7,0.57,5.4,0.173,34.7,89.4,0.9967,3.7,11.2,1
7.3,1.09,1.0,13.4,0.054,,68.0,0.9925,3.14,9.4,1
9.0,0.52,0.38,12.9,,21.6,223.6,0.9963,3.16,9.3,0
8.1,0.14,0.02,2.3,0.184,20.7,187.3,0.9924,2.95,9.4,1
14.9,0.94,0.78,4.9,0.12,55.5,160.0,0.9958,3.96,9.3,0
7.1,0.24,0.85,1.8,0.092,11.4,53.4,0.9937,3.19,9.9,1
13.8,0.28,0.8,9.5,0.044,31.7,251.6,0.9905,3.11,11.4,0
14.1,0.55,0.92,1.5,0.07,10.6,189.7,0.9961,3.33,10.5,0
6.5,1.54,0.49,13.8,0.161,58.1,116.0,0.9932,3.27,11.8,0
5.7,0.46,0.61,12.7,0.032,10.1,104.4,0.9902,3.63,11.7,0
11.2,0.82,0.37,13.7,0.024,4.1,287.4,1.0024,3.23,9.1,0
9.8,1.31,0.1,14.9,0.146,57.4,212.5,1.003,3.88,11.7,0
11.2,1.47,,11.4,0.114,13.1,68.3,0.9952,3.54,12.6,1
11.2,0.68,0.25,8.6,0.192,23.7,215.1,1.0039,3.27,8.9,0
6.3,,0.52,14.1,0.053,33.1,112.2,0.9924,3.12,13.9,1
6.6,1.08,0.41,5.1,0.064,17.0,171.2,0.998,3.62,,0
5.9,,0.36,9.0,0.04,39.0,218.5,0.9917,3.16,13.5,0
5.7,1.2,0.3,4.1,0.131,61.2,65.0,0.9969,3.85,11.3,0
10.2,1.58,0.29,9.1,0.042,17.7,32.0,1.0028,3.42,13.6,0
6.6,1.57,0.54,5.4,0.093,27.8,112.1,,3.67,14.9,1
13.9,0.45,0.87,9.8,0.142,46.9,173.7,0.9948,3.3,11.4,0
15.3,0.87,0.26,4.7,0.127,60.2,22.3,0.9941,3.98,9.5,0
6.5,1.26,0.87,10.8,0.152,43.4,168.5,0.9936,3.95,10.9,0
13.3,1.01,0.31,10.3,0.075,1.4,63.9,1.0003,3.0,14.8,1
11.9,0.2,0.83,5.3,0.178,40.9,203.8,1.0039,3.98,11.5,0
6.0,0.97,0.84,3.3,0.187,43.5,236.3,0.999,3.58,10.7,0
9.8,0.9,0.76,10.3,,53.8,288.2,1.0019,3.82,12.8,1
11.3,0.27,0.4,4.9,0.126,49.9,127.5,0.9966,3.62,11.4,0
11.2,0.92,0.85,7.5,0.115,32.0,150.2,0.9925,3.17,12.6,0
12.3,0.44,0.36,7.0,0.169,34.5,62.7,0.9924,3.9,13.7,1
12.3,0.78,0.62,3.1,0.114,32.9,73.6,1.0012,3.16,13.6,1
6.4,1.33,,7.4,0.084,,11.2,1.0018,3.3,9.8,1
15.9,0.61,0.33,8.0,0.017,55.0,261.6,0.9982,3.35,9.1,0
11.5,,0.87,3.7,0.196,50.0,183.8,0.9955,3.42,11.7,1
10.6,0.81,0.33,14.4,0.105,20.7,83.4,0.991,3.8,14.2,1
9.9,1.33,0.86,14.2,0.065,59.0,253.2,0.9971,3.91,10.5,0
6.8,1.12,0.17,2.9,0.183,56.1,285.0,0.9908,3.44,11.9,0
8.5,1.29,0.82,7.9,0.197,65.8,27.4,1.0,3.48,12.2,1
12.3,0.28,0.31,1.6,0.159,34.0,259.3,0.9944,3.69,9.3,0
5.0,0.13,0.31,1.7,0.116,31.1,174.9,0.9907,3.49,8.9,0
11.4,1.42,0.56,5.8,0.165,2.9,24.2,,3.72,14.8,1
12.3,1.11,0.5,7.5,0.045,54.3,259.7,0.9907,3.16,12.5,1
6.9,1.18,0.95,10.7,0.07,6.1,233.2,0.9966,3.14,15.0,1
7.2,1.57,0.22,3.3,0.067,37.7,67.4,0.9939,2.97,13.2,1
12.7,1.42,0.82,7.5,0.025,30.6,173.9,1.0,2.93,13.1,0
13.1,0.25,0.92,8.0,0.123,66.6,207.4,1.0033,3.58,11.0,1
9.9,0.11,0.75,8.2,0.172,23.5,234.4,0.9991,3.5,8.3,0
6.7,0.31,0.24,7.5,0.092,39.5,109.3,1.0002,3.76,8.3,0
15.5,0.81,0.95,4.7,0.071,53.0,186.2,1.0011,3.92,14.6,1
15.2,0.66,0.92,10.9,0.042,23.5,233.4,0.9914,3.38,9.5,0
6.2,1.1,0.8,14.6,0.1,34.4,217.4,0.9933,3.1,13.3,1
8.1,1.44,0.87,4.9,0.15,21.9,79.8,1.0035,3.8,14.9,0
10.4,0.63,0.65,15.0,0.036,8.5,48.1,0.9936,3.44,14.8,1
12.4,0.42,0.57,2.9,0.141,28.9,245.5,0.9992,3.37,12.8,1
14.8,0.89,0.43,5.8,0.068,,124.5,0.9951,3.08,12.1,1
5.5,1.47,0.45,2.9,,53.4,84.3,0.9939,3.96,14.8,0
9.0,0.36,0.09,5.1,0.087,63.1,8.4,0.9989,3.13,10.1,0
4.9,0.44,0.41,10.9,0.124,11.7,258.2,0.9913,3.21,12.0,0
13.6,1.01,0.99,14.1,0.082,9.6,196.5,1.0034,2.93,13.4,1
12.7,1.58,0.65,9.1,0.117,26.1,160.7,1.0006,3.1,12.3,1
6.5,1.22,0.27,2.3,0.168,57.0,89.5,1.0008,3.35,10.3,0
6.9,0.59,0.35,14.7,0.132,19.1,146.9,0.9909,3.39,9.0,0
8.6,1.39,0.71,12.3,0.054,37.9,159.7,0.9998,3.63,13.9,0
13.4,1.38,0.69,1.0,0.083,23.7,93.8,0.9947,3.07,12.7,1
7.9,0.8,0.3,8.7,0.085,5.4,115.6,1.0038,4.0,12.7,0
7.8,0.44,0.75,6.8,0.144,30.6,86.3,0.9901,3.01,14.8,1
13.9,0.51,0.51,11.1,0.05,14.8,177.1,0.9932,2.92,13.2,1
7.9,1.11,0.14,2.8,0.025,54.7,83.1,1.0004,2.97,8.5,0
7.7,0.52,0.78,5.3,0.042,66.9,41.1,1.0035,3.87,9.9,1
10.6,1.36,0.73,4.9,0.163,51.5,202.0,0.9977,3.24,11.9,1
6.3,1.27,0.79,5.0,0.065,31.2,103.1,0.9931,3.73,11.7,0
5.6,0.23,0.06,2.7,0.055,17.4,195.8,0.997,3.33,9.4,1
14.2,0.18,0.6,4.6,0.031,15.6,286.9,1.0002,3.2,10.3,0
6.5,0.53,0.85,2.4,0.147,66.5,223.4,0.9924,3.37,14.7,1
6.3,0.88,0.04,2.8,0.014,49.1,272.2,0.9906,,13.0,1
12.8,0.2,0.59,1.4,0.015,57.6,253.9,1.0016,3.84,10.8,1
5.5,0.5,,1.6,0.057,28.4,64.0,0.9924,3.48,10.8,0
5.1,0.76,0.55,9.1,0.188,67.7,195.3,0.9971,3.72,12.9,1
15.8,1.35,0.09,15.0,0.13,18.9,40.2,1.0003,3.29,11.4,0
11.1,1.5,0.59,4.0,0.052,12.7,280.0,1.0016,3.94,9.5,0
9.3,1.02,0.07,9.6,0.147,1.6,69.4,1.0025,3.12,9.0,0
10.1,1.19,0.33,9.9,0.077,15.9,114.4,0.9954,3.21,11.8,1
5.7,1.32,0.68,2.4,0.098,62.6,280.3,0.9927,3.39,13.2,0
9.8,1.17,0.68,1.8,0.081,56.6,117.2,1.0034,2.98,14.8,1
7.0,,0.01,3.3,0.096,41.5,228.1,0.9941,3.16,9.0,0
5.2,1.54,0.32,1.4,0.013,67.2,265.1,0.9916,3.78,13.0,1
5.7,0.67,0.66,13.8,0.079,56.6,12.0,0.9916,3.43,8.9,0
5.0,0.23,0.49,5.8,0.011,16.8,180.3,0.9998,3.11,12.2,1
8.9,1.3,0.24,1.7,0.069,46.5,134.0,0.9913,3.19,9.8,0
15.4,1.03,0.02,5.8,0.055,37.2,178.7,1.0007,3.01,12.1,1
10.6,1.3,0.99,1.5,0.161,50.5,267.1,0.9944,2.98,8.1,0
6.9,1.33,0.29,8.3,0.158,71.3,237.6,1.0015,3.34,12.6,1
5.5,0.18,0.79,3.4,0.158,60.8,67.7,0.9955,3.98,12.4,0
11.4,1.26,0.24,4.5,0.063,5.7,92.1,,3.61,,0
6.8,0.88,0.45,2.8,0.139,62.4,94.2,0.9928,3.2,14.4,1
14.4,1.25,0.5,13.7,0.03,22.6,79.0,0.9998,3.25,13.2,0
11.6,1.51,0.42,9.8,0.063,57.3,,0.9935,3.37,13.9,1
12.7,1.49,0.61,6.4,0.175,29.3,125.9,0.9984,3.09,11.3,0
11.2,1.12,0.54,10.6,0.136,45.7,288.6,1.0026,3.38,8.6,0
5.8,,0.27,8.6,0.081,65.0,226.5,0.9908,3.68,15.0,0
12.1,0.31,0.92,5.3,0.151,64.5,115.7,1.0023,3.04,10.2,0
16.0,0.72,0.81,2.1,0.03,51.5,208.4,1.0019,3.9,13.2,1
7.2,0.86,0.62,13.6,0.074,27.6,227.3,1.0024,3.89,10.5,0
9.5,1.26,0.8,10.7,0.122,13.3,222.3,0.9957,3.48,10.0,0
12.4,1.33,0.87,5.8,0.151,59.5,,1.0002,3.59,14.3,1
10.9,1.26,0.33,4.7,0.047,11.7,196.6,0.9902,3.57,12.5,0
5.1,1.46,0.94,11.6,0.069,64.4,278.9,0.9925,2.92,,0
15.7,0.17,0.5,4.9,0.106,58.8,274.9,0.9912,2.94,13.8,1
12.7,0.84,0.19,6.3,0.089,2.3,101.6,1.0026,3.97,12.4,1
8.3,1.4,0.31,5.0,0.196,69.8,245.1,1.0031,3.42,10.8,0
9.2,0.26,0.79,11.1,0.024,66.4,132.6,0.9982,3.25,11.3,1
12.0,1.15,0.28,5.2,0.198,23.7,235.0,0.9903,3.65,12.0,1
9.2,0.56,0.25,12.0,0.018,50.2,11.2,0.9918,3.2,11.3,1
14.2,1.13,0.55,13.7,0.169,4.7,276.6,0.9998,3.15,9.2,0
13.8,0.83,0.67,2.8,0.022,40.8,106.5,0.9937,3.46,12.0,1
7.4,0.17,0.57,12.3,0.16,17.3,266.4,0.9998,3.23,10.6,0
9.7,1.32,0.52,7.6,0.169,54.0,8.8,0.9922,3.18,12.1,1
4.5,0.82,0.07,8.1,0.163,42.2,181.4,0.9981,2.9,11.2,0
13.4,0.24,0.49,2.3,0.031,19.2,108.9,1.0038,3.96,14.5,1
9.2,0.87,0.79,8.1,0.15,67.8,51.8,0.9959,3.13,9.6,0
13.9,0.88,0.75,2.0,0.035,43.9,30.5,0.9972,3.28,11.0,0
14.1,0.11,0.41,12.0,0.071,54.1,209.5,0.9976,3.08,9.3,0
15.3,1.17,0.62,4.5,0.119,67.3,22.7,0.9956,3.78,8.9,1
12.8,0.16,0.23,,0.093,34.2,88.9,0.9959,3.14,10.6,1
10.7,1.13,0.11,3.8,0.167,3.3,282.3,0.9907,3.73,12.3,0
15.7,0.81,0.51,4.2,0.1,10.0,175.9,1.0003,3.16,12.8,1
9.5,1.24,0.73,14.6,0.085,4.4,196.1,1.0023,3.03,10.0,1
10.0,1.07,0.86,11.3,0.054,51.8,262.0,0.9927,3.62,12.7,1
13.6,0.36,0.78,13.5,0.159,71.1,35.2,1.0032,3.85,8.7,0
5.6,0.86,0.88,8.2,0.199,8.0,26.2,0.9982,3.01,10.1,1
15.7,1.42,0.64,9.7,0.157,22.6,80.7,0.9905,3.74,9.4,0
6.7,0.13,0.48,7.6,0.198,10.0,168.6,0.9983,3.71,12.8,1
9.7,1.04,0.27,5.5,0.02,54.6,133.8,0.997,3.07,14.9,1
5.6,0.64,0.8,2.4,0.136,4.4,140.5,1.0036,3.78,10.6,0
12.1,1.6,0.59,2.0,0.136,41.7,54.1,0.999,3.26,12.4,1
5.4,0.65,0.93,4.6,0.057,15.7,213.6,0.9957,3.2,9.8,1
4.9,0.9,0.03,8.4,0.166,30.0,214.1,1.0011,3.71,12.0,0
5.0,0.57,0.18,12.4,0.069,49.0,48.1,0.9942,3.55,14.2,1
9.1,1.51,0.42,6.4,0.058,35.3,223.2,1.0018,3.6,8.2,0
9.2,1.0,0.6,1.2,0.077,12.3,170.0,1.0034,3.04,8.7,0
10.5,0.71,0.9,3.6,0.022,6.5,85.6,0.9926,3.17,9.7,0
4.7,1.59,0.25,8.1,0.093,55.4,245.0,0.9935,3.62,8.6,0
9.5,1.47,0.03,14.9,0.052,8.0,267.4,,3.98,8.5,0
12.0,1.0,0.13,6.5,0.135,46.3,220.7,0.9948,3.22,13.5,1
8.7,0.23,0.55,13.2,0.085,20.5,,0.9985,3.0,10.9,1
9.3,0.74,0.58,,0.14,2.7,36.6,0.995,3.24,12.3,1
4.8,0.55,0.62,,0.131,4.0,57.4,0.997,3.66,9.3,0
5.4,1.2,0.4,2.0,0.2,61.7,126.4,0.9956,3.53,8.1,0
11.1,0.63,0.63,7.5,0.119,62.2,281.5,0.995,3.93,10.5,0
4.9,0.22,0.39,12.9,0.126,56.0,213.2,1.0018,3.48,13.2,1
5.5,0.44,0.58,13.7,0.186,64.8,169.9,0.9962,3.27,8.1,0
12.7,1.33,0.05,5.5,0.168,43.1,240.1,0.9948,3.15,10.2,0
13.7,1.53,0.74,11.2,0.057,31.4,233.2,1.0036,3.51,8.8,0
13.9,1.0,0.81,4.0,0.165,49.7,193.6,1.0019,3.54,9.0,0
6.4,0.29,0.99,10.2,0.037,45.3,71.6,0.9925,3.56,14.0,1
6.3,0.45,0.17,11.5,0.183,70.3,137.4,0.9959,3.26,13.4,1
7.6,0.57,0.65,6.0,0.106,5.1,65.3,1.0007,3.04,12.0,1
9.4,0.79,0.13,4.7,0.055,10.3,58.5,0.9915,3.52,14.5,1
14.1,1.17,0.86,4.7,0.062,7.6,275.8,0.9923,3.32,8.2,0
,0.34,0.36,2.6,0.043,38.0,65.8,0.9942,3.6,11.4,1
9.6,0.8,0.87,7.4,0.103,5.3,220.8,1.0001,3.44,8.0,0
8.2,1.09,0.95,12.3,0.044,71.2,205.9,1.0023,3.67,14.0,1
4.7,1.05,0.36,2.0,0.015,36.7,208.6,1.0006,3.59,10.2,0
6.1,1.12,0.43,3.3,0.11,24.5,145.0,,3.01,8.6,0
9.0,,0.19,13.1,0.029,27.4,256.8,0.9965,3.22,12.1,1
9.8,,0.16,7.1,0.073,62.5,283.0,0.9976,2.96,11.9,0
10.3,1.03,0.02,14.4,0.132,13.9,44.2,0.9919,3.99,9.6,0
7.9,0.84,0.9,12.1,0.053,5.9,159.4,1.0022,3.86,9.4,0
15.5,1.45,0.0,11.0,0.087,70.8,133.2,1.0009,3.51,10.5,1
10.0,1.25,0.6,1.2,0.025,63.2,73.1,0.9977,3.32,9.8,0
14.8,0.69,0.96,11.2,0.111,,60.3,0.993,,11.0,1
5.9,1.06,0.22,2.4,0.162,40.3,252.5,1.0015,3.42,9.3,1
11.5,0.34,0.25,8.0,0.175,52.1,109.6,0.9988,3.16,12.7,1
,0.3,0.8,10.5,0.054,5.5,147.1,0.9968,3.77,9.1,1
7.0,0.12,0.85,9.6,0.025,38.7,263.4,0.9999,3.92,13.3,1
13.2,1.37,0.45,13.5,0.071,58.7,162.0,0.9911,3.61,13.5,1
9.6,0.46,0.37,13.3,0.119,55.4,40.2,1.0034,3.2,9.9,0
11.9,1.42,0.42,2.9,0.193,34.9,39.6,0.9925,3.85,13.1,1
12.0,0.23,0.75,8.6,0.076,13.5,84.6,0.9992,3.84,13.8,1
5.6,0.19,0.35,,0.059,29.8,42.5,1.0029,3.44,10.0,1
5.0,0.42,0.92,5.5,0.091,68.8,214.5,1.0016,3.42,10.4,0
10.6,1.29,0.3,10.5,0.127,59.6,27.4,1.0019,3.59,8.9,0
12.0,0.72,0.35,14.5,0.185,34.2,35.9,0.9925,2.97,12.5,1
13.1,1.54,0.29,9.9,0.052,22.2,179.0,1.001,3.31,12.5,1
6.4,1.06,0.66,4.3,0.062,50.4,,0.9962,2.92,12.6,1
6.2,1.25,0.19,9.5,0.095,20.4,136.9,1.0014,3.82,14.9,1
10.3,0.8,0.3,1.0,0.181,31.6,55.6,1.0024,2.96,11.2,0
7.9,1.49,0.96,4.6,0.084,16.7,287.7,0.9926,3.0,12.5,0
14.2,0.11,0.98,14.5,0.084,,103.9,0.9916,3.55,13.4,1
8.2,1.37,0.89,5.5,0.172,42.0,224.1,0.9938,,8.9,0
9.2,0.53,0.34,8.5,0.058,16.7,207.5,0.9983,3.99,10.4,0
6.0,1.48,0.87,13.0,0.084,59.3,274.6,0.9958,3.78,11.6,0
6.8,1.56,0.64,10.7,0.016,40.9,212.7,0.9989,3.53,13.5,0
8.9,1.08,0.54,9.0,0.172,64.8,140.8,0.9949,2.98,9.3,0
6.7,0.64,0.42,7.1,0.049,28.9,139.9,1.001,3.99,12.1,1
13.1,0.16,0.06,10.4,0.195,47.6,239.6,1.0022,3.9,8.7,0
12.5,0.77,0.09,11.6,0.017,62.1,109.0,1.0014,2.97,10.8,1
12.3,1.19,0.7,8.1,,34.2,144.4,0.9953,3.79,8.7,0
11.9,1.02,0.55,7.2,0.146,46.7,289.8,0.9913,3.64,12.2,1
12.8,1.54,0.89,8.1,0.133,52.1,96.9,0.9911,2.93,11.7,0
7.8,1.34,0.41,6.3,0.035,43.9,275.3,0.9979,3.14,8.2,0
,0.26,0.53,6.1,0.156,26.7,259.3,1.0032,2.94,,1
15.5,0.47,0.52,6.7,0.113,68.3,189.8,0.9919,3.73,14.2,1
7.4,1.42,,1.7,0.125,47.7,172.0,0.9931,3.59,12.1,1
14.3,0.26,1.0,12.1,0.077,12.5,42.2,0.9956,3.54,13.1,1
9.9,1.21,0.21,6.7,0.09,18.4,289.1,0.9967,3.48,9.4,0
12.3,0.4,0.58,6.6,0.025,24.2,,0.992,3.59,11.5,0
14.3,0.55,0.72,13.8,0.198,67.3,174.2,0.9917,3.7,9.6,0
8.1,0.61,0.81,14.5,0.047,30.6,121.1,0.9961,3.64,9.7,0
8.4,1.25,0.11,7.4,0.032,32.1,140.2,1.0027,3.02,11.4,0
11.4,1.01,0.78,13.1,0.047,46.1,62.2,0.9933,3.52,12.6,0
14.6,0.98,0.74,7.7,0.195,26.0,160.8,0.9965,3.87,9.9,0
12.4,0.49,0.62,12.6,0.184,40.4,130.6,0.9976,3.34,9.5,0
4.6,0.28,0.1,6.6,0.011,13.5,32.8,0.9967,3.29,10.8,0
11.8,0.49,0.58,4.1,0.087,46.4,270.7,0.9958,3.6,11.9,0
15.3,1.5,0.6,12.8,0.166,39.1,235.6,1.003,3.2,13.9,0
11.0,0.85,0.97,5.7,0.199,33.1,132.9,0.9923,3.98,12.5,1
10.3,0.12,,14.2,0.16,37.8,198.5,1.0021,3.71,13.5,1
6.6,1.01,0.81,3.6,0.14,12.5,172.1,0.9907,3.38,,1
7.9,1.58,0.68,8.7,0.178,33.2,245.0,0.9947,3.84,12.9,0
10.1,1.51,0.55,3.7,0.152,46.7,58.2,0.9915,2.99,13.2,1
13.5,0.7,0.81,5.2,,8.8,276.5,0.9959,3.24,12.5,0
12.8,0.75,0.43,4.7,0.06,6.6,91.2,1.0038,3.21,9.6,0
11.4,1.56,0.19,4.4,0.135,16.7,95.7,,3.11,8.7,0
12.0,0.21,0.54,14.9,0.179,62.8,281.7,0.9934,3.81,8.0,1
13.8,0.61,0.84,2.4,0.108,12.1,121.6,0.9934,,14.4,1
15.8,1.09,0.11,14.7,0.181,67.8,125.9,0.9953,3.01,14.8,1
4.5,0.57,0.75,,0.185,10.0,197.3,0.9913,3.69,14.1,1
8.7,0.19,0.22,13.7,0.104,57.4,50.3,0.9947,3.14,8.1,0
5.1,0.24,0.76,14.0,0.068,16.9,273.6,0.9955,3.47,12.8,0
15.4,1.03,0.8,2.3,0.02,45.2,152.0,1.0029,3.11,10.6,0
5.5,1.06,0.07,7.2,0.161,5.1,207.7,1.0028,3.5,14.8,1
5.9,0.31,0.89,3.6,0.112,71.2,162.8,0.9902,2.96,12.3,1
11.7,1.14,0.31,11.1,0.153,27.2,250.7,0.9942,3.14,11.7,0
7.7,1.18,0.89,5.2,0.039,31.1,88.2,1.0027,3.7,10.1,0
10.9,1.17,0.46,1.0,0.164,23.2,155.7,0.9916,2.94,14.8,1
6.0,1.48,0.45,11.5,0.035,24.3,111.6,0.9996,3.5,14.0,1
14.1,0.91,0.43,,0.117,59.8,164.0,0.992,3.43,13.6,1
15.4,0.97,0.9,8.1,0.152,54.1,147.5,0.9974,3.8,13.4,1
4.7,0.55,0.36,3.0,0.038,11.7,189.1,0.9918,3.4,10.4,0
6.4,0.27,0.18,1.4,0.122,69.9,40.8,0.9941,,14.6,1
12.1,0.49,0.04,12.8,0.193,15.7,58.0,0.9912,3.0,11.2,1
10.9,0.66,0.2,1.5,0.02,50.0,205.1,0.9987,3.15,9.0,0
11.2,0.61,0.78,6.8,0.017,71.1,284.4,0.9962,2.99,9.3,0
10.8,0.89,0.49,13.5,0.051,67.4,97.4,0.9925,2.93,11.1,1
,1.2,0.82,11.0,0.14,69.7,164.7,0.994,3.45,14.0,1
14.3,,0.83,13.5,0.12,52.0,122.2,1.0021,3.46,11.9,1
12.9,1.57,,10.7,0.197,9.6,,0.9977,3.76,8.1,0
14.5,0.12,0.62,13.9,0.16,2.9,64.4,1.0003,3.25,8.6,0
13.7,1.2,0.35,8.7,,24.4,51.8,0.9975,3.56,11.5,0
8.3,0.11,0.12,7.7,0.169,17.6,154.9,0.9914,3.01,9.0,0
6.1,0.89,0.31,6.8,0.156,41.6,67.3,1.0028,3.66,9.7,0
14.9,1.59,0.24,6.4,0.101,51.0,219.8,0.9995,3.96,11.2,0
15.0,0.49,0.71,12.8,0.182,33.2,211.4,1.0026,3.33,8.5,1
9.8,1.43,0.25,5.7,0.043,33.2,101.0,0.9904,3.43,13.0,1
10.4,1.6,0.42,14.6,0.102,39.9,221.3,0.9902,3.18,10.7,1
9.5,1.54,0.66,3.4,0.185,42.6,90.1,1.0014,3.9,14.8,0
13.2,0.77,0.35,5.3,0.092,50.4,288.3,1.0014,3.12,12.6,1
11.8,1.47,0.36,3.7,0.119,21.2,120.7,0.9938,3.4,10.0,1
10.6,1.31,0.25,3.5,0.13,53.4,195.1,0.9912,3.85,12.9,0
,0.77,,2.4,0.188,63.7,105.5,1.0015,3.16,14.6,1
14.5,1.14,0.13,,0.035,31.6,140.5,0.9925,3.22,8.0,0
4.8,0.41,0.58,8.0,0.045,68.4,271.7,0.9944,3.15,11.2,0
14.2,0.63,0.34,8.1,0.114,43.5,142.1,0.992,3.34,12.4,1
13.2,0.95,0.12,12.0,0.05,67.7,144.9,1.0002,3.57,14.4,1
7.2,0.7,0.51,4.2,0.117,41.3,15.2,1.0006,3.3,8.1,0
7.3,0.51,0.12,9.1,0.1,59.5,139.1,1.0039,3.37,9.2,0
5.6,0.96,0.61,4.8,0.17,25.9,271.8,1.0025,3.48,12.2,0
12.5,1.49,0.62,8.4,0.137,13.4,224.5,0.9998,2.97,8.9,0
8.5,,0.37,7.1,,46.9,160.2,0.9903,,13.4,1
13.6,1.59,0.72,6.9,0.123,29.1,242.4,0.9994,3.17,11.8,0
8.0,1.51,0.68,1.8,0.093,29.1,258.2,1.0032,3.36,14.4,1
7.7,1.32,0.47,13.2,0.035,26.3,97.3,0.9907,3.54,11.2,1
14.0,1.12,0.52,9.4,0.018,33.7,258.5,0.9995,,13.2,1
13.2,0.34,0.69,9.8,0.124,1.8,266.5,0.998,3.27,9.6,0
9.8,0.95,0.97,14.1,0.06,28.9,107.6,0.9953,3.74,11.2,0
11.7,0.36,0.22,12.3,0.11,2.1,156.2,1.0035,3.95,11.6,0
5.7,1.35,0.38,14.8,0.173,28.7,27.2,1.002,3.14,8.7,0
8.2,1.38,0.14,3.9,0.169,21.6,234.1,0.9986,3.22,14.1,0
5.6,0.48,0.02,8.4,0.15,21.7,174.3,0.9919,3.21,14.8,1
8.8,0.22,0.37,7.0,0.075,24.4,254.6,0.9906,3.37,10.1,1
4.8,1.22,0.96,2.0,0.078,17.5,162.0,1.0001,3.66,12.6,0
10.3,0.91,0.48,11.0,0.171,63.4,214.2,1.0024,2.97,10.6,1
5.4,1.24,0.97,11.1,0.047,42.1,29.8,0.9988,2.97,12.9,1
15.4,0.63,0.54,3.3,0.084,69.1,146.6,1.0008,3.35,13.8,1
9.8,0.62,0.68,10.6,0.022,34.5,8.3,0.9978,3.88,11.9,0
15.5,1.43,0.74,1.7,0.032,70.9,255.3,0.9944,3.49,8.6,0
14.9,0.68,0.83,9.7,0.077,3.0,152.6,0.9976,3.65,10.6,1
9.4,0.27,0.89,6.3,0.05,43.3,98.0,0.9987,3.65,9.5,0
5.0,0.14,0.66,7.7,0.135,58.8,257.6,0.9916,3.24,13.1,1
6.1,0.33,0.93,4.9,0.026,40.8,166.1,0.996,3.6,13.5,0
9.6,0.93,0.88,6.2,0.138,5.9,122.3,1.0038,3.12,11.5,1
8.1,0.71,0.53,12.4,0.141,15.0,143.4,0.9947,3.79,11.4,1
8.6,1.33,0.7,,0.111,55.0,91.5,0.9988,3.99,14.6,1
14.9,0.54,0.99,5.9,0.072,69.8,255.9,1.0001,3.21,12.3,1
9.8,0.2,0.52,4.9,0.182,13.8,119.7,1.0006,3.03,10.9,0
5.8,0.1,0.56,11.0,0.185,66.6,84.3,0.9947,3.25,11.2,1
11.5,0.94,0.09,14.7,0.138,26.5,212.8,0.9935,3.9,11.1,0
13.6,0.7,0.5,11.5,0.166,69.4,249.4,0.9965,3.73,14.0,0
12.2,0.51,0.06,10.9,0.14,44.8,277.1,0.9907,3.42,9.0,0
5.5,1.4,0.5,6.9,0.166,18.4,20.2,0.9965,3.95,12.0,1
6.7,0.71,0.64,11.6,,68.8,197.4,0.9905,3.05,8.8,0
10.6,0.56,0.09,9.0,0.014,47.9,70.0,0.9937,3.65,14.5,1
14.8,1.34,0.92,3.0,0.159,50.5,80.2,0.9926,3.41,9.0,0
11.1,1.27,0.49,1.3,0.042,65.4,49.9,0.9972,3.77,8.6,0
10.9,0.33,0.66,13.8,0.112,30.4,60.2,0.9912,3.12,9.0,0
12.5,1.04,0.18,7.8,0.012,46.1,,0.998,3.91,,1
5.2,1.41,0.41,9.2,0.098,20.3,169.4,0.9961,3.6,14.0,0
9.1,0.49,,13.7,0.074,6.1,150.0,0.9913,3.64,13.9,1
6.6,0.75,0.35,2.2,0.15,2.4,51.0,0.997,3.13,12.1,1
8.9,1.41,0.9,5.6,0.187,5.9,44.7,1.0025,3.77,11.9,0
5.4,1.11,0.14,12.6,0.105,,71.7,0.9973,3.64,8.0,0
9.3,0.97,0.92,5.1,0.086,4.5,182.3,0.9923,3.63,14.8,1
10.6,0.11,0.25,6.7,0.131,29.2,207.7,0.9988,,13.8,1
12.3,0.83,0.12,7.0,0.101,,24.5,1.004,3.09,11.6,1
9.1,1.47,0.34,5.4,0.134,14.6,197.1,0.9902,3.31,12.6,0
15.6,0.5,0.38,13.2,0.112,52.0,242.5,1.0027,3.59,,1
10.5,0.6,0.36,9.3,0.113,40.2,269.6,0.9964,3.17,8.3,0
7.4,1.21,0.24,2.0,0.048,29.9,182.7,1.0015,3.73,14.0,1
6.1,1.42,0.98,10.3,0.134,11.4,237.3,0.9901,3.3,11.1,1
9.5,0.63,0.37,2.4,0.103,49.7,48.1,0.9987,3.56,11.2,0
7.9,1.58,0.89,12.3,0.097,56.9,41.4,0.9904,3.46,14.8,1
12.6,0.23,0.83,10.1,0.085,16.4,58.5,1.0032,3.27,8.6,0
12.7,0.67,0.32,13.3,0.099,,163.3,,3.44,12.9,1
6.9,0.85,0.39,13.8,0.09,10.6,35.8,1.0015,3.25,14.0,1
12.5,1.09,0.39,13.6,0.029,21.3,78.3,0.9923,3.38,10.7,0
9.0,1.05,0.11,4.3,0.183,34.6,173.6,0.9985,3.95,11.3,0
,1.53,0.8,11.4,0.033,54.9,137.2,0.9975,3.6,8.0,0
4.6,1.29,0.58,5.4,0.055,44.1,193.6,0.9974,3.48,8.5,0
11.8,1.24,0.27,2.8,0.05,58.6,112.5,0.99,3.42,10.4,1
10.4,0.75,0.36,12.6,0.106,37.1,57.9,1.0037,3.63,12.9,0
6.5,0.25,0.58,5.9,0.115,66.6,74.6,0.995,3.12,9.0,0
9.2,0.48,,6.2,0.145,13.6,264.1,0.9982,3.79,11.8,0
9.8,0.57,0.08,2.6,0.012,14.2,40.6,1.0009,3.43,13.9,1
15.9,0.25,0.35,1.3,0.059,42.5,46.7,1.0019,2.97,12.4,1
9.6,0.86,0.3,4.8,0.019,45.5,232.3,0.9927,3.58,14.0,0
9.7,1.3,0.12,6.0,0.016,58.0,135.3,0.9926,3.31,8.6,0
12.7,0.35,0.11,13.2,0.026,9.6,238.8,0.9984,3.38,10.1,0
6.9,1.07,0.71,11.8,0.052,41.5,131.8,1.0024,3.17,8.5,0
4.9,0.8,0.29,2.6,0.104,38.8,88.8,0.9977,3.66,14.1,1
13.0,1.57,,13.7,0.182,44.5,28.5,0.9987,3.55,8.6,0
8.1,1.57,0.59,9.2,0.09,5.7,276.5,0.9959,3.69,13.3,1
15.4,1.3,0.19,7.4,0.066,52.6,50.1,0.9958,3.7,13.3,1
7.6,0.12,0.4,1.4,0.074,15.2,203.7,0.9949,3.38,9.2,0
7.8,0.62,0.19,7.6,0.05,6.6,121.8,0.9938,3.13,11.7,0
15.1,0.88,0.81,7.4,0.096,15.5,249.5,0.9922,3.43,10.0,0
11.5,0.82,0.59,8.1,0.098,57.7,164.2,1.0013,3.31,11.2,0
9.6,0.49,0.72,8.3,0.109,5.4,119.2,1.0016,3.18,9.2,0
4.7,0.44,0.97,7.4,0.085,27.1,71.8,0.9977,3.61,12.7,0
10.2,0.94,0.86,11.7,0.016,53.4,,0.9997,3.96,14.7,1
5.3,1.46,0.54,9.1,0.15,7.3,159.7,1.0001,3.28,14.8,1
13.8,0.53,0.97,10.4,0.038,50.2,73.3,0.9984,3.19,14.2,1
15.3,0.82,0.16,2.9,0.034,65.2,83.6,0.997,3.43,14.7,1
5.8,1.57,0.21,7.4,0.02,33.5,197.3,0.9908,3.25,14.6,1
11.5,1.02,0.46,14.7,0.161,28.1,32.7,1.0013,3.31,12.6,1
15.4,0.21,0.22,10.9,0.177,57.0,130.3,0.9976,3.3,8.3,1
,0.31,0.72,7.9,0.032,60.2,85.6,1.0007,,8.2,1
9.0,0.84,0.03,5.9,0.165,37.7,224.6,0.9931,3.3,14.1,1
15.0,0.6,0.28,11.5,0.192,6.7,275.0,0.9919,3.89,11.5,0
10.4,0.69,0.09,2.0,0.185,11.3,198.2,1.0014,3.16,11.5,1
8.4,0.56,0.49,8.9,0.064,62.9,55.6,0.9925,2.91,14.3,1
6.4,0.95,0.84,7.1,0.098,3.4,100.3,0.9927,3.17,12.6,1
5.6,0.69,0.61,2.3,0.126,50.1,218.6,0.9982,3.77,13.2,1
11.7,1.24,0.33,9.3,0.195,70.9,45.8,0.9973,3.06,14.8,1
5.4,0.86,0.94,3.6,0.102,17.8,179.1,0.993,3.94,13.4,1
9.4,0.77,0.41,12.0,0.059,26.1,28.6,0.9902,3.49,14.9,1
12.0,1.23,0.18,14.4,0.021,51.0,252.9,,3.58,9.8,0
9.1,0.9,0.49,12.5,0.176,36.0,208.2,0.9989,3.21,13.4,1
14.6,0.87,0.07,5.2,0.175,8.5,20.5,0.9939,3.34,9.8,0
13.2,1.42,0.43,10.1,0.133,3.8,183.9,0.9921,3.58,9.8,0
12.8,0.79,0.88,12.7,0.177,61.9,256.5,1.0008,3.95,9.0,0
6.1,0.99,0.45,4.2,0.019,70.7,57.4,0.996,3.6,9.9,1
15.3,0.58,0.82,4.2,,29.4,174.5,0.9929,3.51,12.6,1
5.5,1.44,0.88,9.4,0.155,66.5,98.1,1.0037,2.96,8.7,0
10.4,1.49,0.75,1.8,0.02,53.4,263.5,0.9941,3.13,,0
7.5,0.99,0.45,13.2,0.078,39.9,159.5,1.0032,2.92,11.3,0
10.9,0.55,0.22,8.4,0.105,,49.7,1.0035,3.16,13.4,1
6.0,1.26,0.19,2.8,0.199,48.9,255.9,0.9955,3.99,11.1,0
13.5,1.43,0.21,9.7,0.114,31.5,170.9,0.9915,3.12,10.8,1
13.3,1.39,0.61,13.2,0.027,19.5,204.2,0.9962,3.01,10.0,0
6.7,1.31,0.65,10.4,0.09,28.0,213.1,0.9973,3.19,14.5,1
10.4,,0.96,2.4,0.124,71.2,14.4,1.0028,3.22,11.6,1
9.8,0.72,0.53,1.4,0.081,2.2,75.9,0.9964,3.65,11.5,0
6.6,0.9,0.95,11.9,0.017,70.0,27.3,0.9962,3.33,8.8,1
14.0,1.49,0.41,3.3,0.028,59.0,66.6,0.9901,3.42,10.3,0
13.8,0.86,0.2,10.4,0.129,51.7,217.8,0.9954,3.98,8.5,0
15.8,1.48,0.61,8.1,0.063,21.1,45.2,1.0038,3.91,14.3,1
4.7,0.19,0.26,1.4,0.092,28.7,173.0,1.0009,3.28,12.8,0
6.4,0.66,0.75,2.3,0.189,31.7,74.2,0.9933,3.65,11.7,1
9.7,0.58,0.57,11.3,0.016,14.4,,1.0033,,10.3,1
4.6,1.55,0.87,11.8,0.163,11.2,264.6,0.9955,3.86,13.0,0
7.6,0.88,0.77,12.9,0.15,50.5,152.2,,3.95,8.3,0
10.1,1.43,0.07,7.5,0.144,49.0,168.9,0.9941,3.5,9.1,0
10.1,0.4,0.59,12.6,0.143,70.4,49.0,0.9979,3.39,14.3,1
6.3,1.18,0.14,10.3,0.146,2.1,106.2,1.0034,3.44,10.6,0
12.5,0.88,0.81,13.6,0.135,10.2,70.1,0.9964,3.3,9.2,0
13.1,0.5,0.67,13.0,0.154,35.0,187.4,1.0036,3.08,13.2,1
5.3,0.45,0.75,12.2,0.046,32.4,116.9,0.9927,3.86,,0
7.2,0.37,0.4,12.8,0.015,55.6,35.4,0.9926,3.13,11.9,1
10.3,1.44,0.96,11.6,0.067,66.5,76.3,0.9972,3.85,9.2,0
9.6,1.0,0.11,13.0,0.047,59.2,42.9,1.001,3.92,13.5,1
8.4,1.13,0.36,6.5,0.115,23.0,212.6,1.0003,3.23,12.2,0
6.4,0.93,0.98,10.2,0.067,1.7,57.9,1.0035,3.17,8.2,1
8.8,1.29,0.61,13.8,0.04,54.7,164.0,0.9929,3.47,9.3,0
13.7,1.43,0.84,6.9,0.068,10.9,113.9,1.0013,3.97,11.0,0
,0.66,0.74,1.3,0.181,66.2,117.2,0.9996,3.33,9.7,1
5.9,1.44,0.79,3.5,0.089,15.1,202.5,0.9959,3.54,15.0,1
10.7,0.46,0.12,11.0,0.148,61.1,134.9,1.0013,3.85,11.5,1
,0.94,0.9,8.3,0.158,28.2,234.0,0.9976,3.05,8.5,0
7.8,1.59,0.63,7.3,0.198,11.3,34.2,1.0024,2.9,8.9,0
7.1,0.47,0.98,1.8,0.064,13.4,61.3,0.9976,3.14,11.5,0
9.9,0.12,0.84,,0.048,59.6,102.8,1.0033,3.82,12.8,1
10.9,0.62,0.46,3.9,0.04,62.0,122.2,0.9917,3.08,13.4,1
11.2,0.73,0.34,3.2,0.034,48.6,266.6,0.9924,3.73,9.5,1
6.9,1.18,1.0,,0.097,50.9,217.5,0.9996,3.85,8.7,0
11.6,1.35,0.86,14.5,0.12,37.0,260.5,0.9984,3.47,8.3,0
7.2,0.99,0.79,10.0,0.098,39.4,283.4,0.995,3.09,13.7,1
12.0,0.91,0.73,6.6,0.057,37.1,259.2,0.9935,3.33,14.8,1
12.3,0.45,0.83,6.7,0.057,49.9,247.9,0.9926,3.74,9.4,0
13.3,1.26,0.3,11.2,0.088,27.5,30.7,0.9951,3.01,10.0,0
13.0,0.62,0.92,2.4,0.137,62.7,276.1,0.9944,3.53,9.1,0
5.9,0.49,0.06,5.0,0.195,20.4,90.8,0.9908,3.55,11.8,0
12.7,1.21,0.3,1.9,0.123,69.6,231.6,0.9998,3.22,9.3,0
5.8,1.5,0.8,9.9,0.094,26.3,58.7,0.9923,3.91,13.4,1
9.2,1.26,0.84,10.9,0.024,28.2,177.3,0.99,3.02,10.6,0
10.8,1.06,0.01,3.6,0.13,13.9,244.8,0.9999,2.94,11.1,0
10.3,1.33,0.01,1.9,0.146,21.1,142.2,0.9969,3.38,11.5,0
,0.35,0.38,13.8,0.078,14.0,162.9,0.9946,2.91,11.6,0
12.5,0.11,0.32,3.2,0.1,43.4,77.9,1.0036,3.34,9.5,0
9.5,1.02,0.04,12.6,0.076,42.3,128.3,0.9946,3.99,12.3,1
9.8,0.32,0.75,6.4,0.117,31.8,202.0,0.994,,9.1,0
9.9,0.91,0.82,8.5,0.034,49.8,260.2,0.9928,3.65,9.2,0
14.7,0.48,0.01,7.3,0.094,65.7,242.1,0.9991,3.44,14.3,1
13.2,1.2,0.54,13.4,0.071,55.7,136.3,0.9924,3.15,8.9,0
14.9,0.88,0.5,7.3,0.137,52.6,244.1,0.9912,3.46,9.4,0
7.5,1.04,0.61,6.8,0.101,19.0,71.6,0.9927,3.06,14.4,1
9.3,1.16,0.29,10.6,0.06,,68.2,0.9912,3.56,13.5,1
14.9,1.43,,1.3,0.092,,119.9,0.9909,3.67,8.4,0
8.4,1.58,0.13,7.6,0.034,36.0,182.4,0.996,3.37,11.0,0
6.5,0.76,0.82,7.1,0.015,14.5,195.3,1.0005,3.05,11.9,0
15.2,1.33,0.53,3.9,0.011,4.2,177.2,0.9989,3.55,10.2,0
15.9,0.78,0.24,1.1,0.193,3.6,187.4,0.9938,3.8,14.7,1
14.3,0.87,0.68,3.4,0.087,28.5,7.6,0.9934,3.28,14.0,1
15.0,0.24,0.58,13.7,0.077,36.1,123.3,0.9944,3.07,8.3,0
7.3,1.16,0.54,2.5,0.034,3.2,178.0,0.9979,3.67,12.3,0
8.4,1.44,0.46,12.7,0.132,12.0,220.9,0.9908,3.77,9.1,0
5.1,1.24,0.49,13.8,0.165,35.5,152.6,0.9974,3.49,14.2,1
9.4,1.39,0.77,2.2,0.124,38.7,147.3,1.0001,3.18,9.9,0
10.5,1.13,0.15,,0.077,32.8,241.2,0.9952,4.0,9.8,0
15.8,,0.44,3.4,0.19,60.2,90.1,1.0013,2.93,13.7,1
12.2,0.76,0.4,3.7,0.138,20.9,78.8,0.9993,3.75,11.9,0
6.2,0.57,0.42,8.4,0.043,67.1,72.4,0.9971,3.58,14.3,1
10.7,1.58,0.39,10.3,0.055,38.9,8.4,0.9961,3.64,13.1,1
13.9,0.9,0.36,,0.097,26.5,186.0,1.0029,3.59,12.8,1
14.0,1.54,0.15,5.0,0.195,53.7,111.4,0.9925,3.58,9.3,0
12.9,0.39,0.98,9.0,0.106,50.5,150.7,0.9998,3.22,8.2,0
13.9,0.57,0.94,3.0,0.04,70.7,,0.9993,3.46,13.6,1
5.6,0.71,0.89,4.7,0.047,14.8,64.9,0.992,3.49,10.8,0
8.3,0.48,0.57,10.6,0.173,4.6,226.1,0.9901,2.95,13.0,0
7.7,0.34,0.65,13.3,0.105,53.7,174.1,0.9999,3.67,12.9,1
7.2,,,13.2,0.089,11.0,183.1,0.9999,3.11,14.7,1
13.3,0.75,0.19,1.1,0.086,57.5,178.0,0.9919,3.96,8.8,0
7.8,0.78,0.47,7.4,0.019,53.9,67.6,1.0016,3.61,10.3,1
5.8,1.06,0.39,12.9,0.144,54.4,20.3,0.9939,3.77,10.2,0
12.9,0.9,0.4,4.4,0.141,57.8,249.3,0.9992,3.54,8.8,0
11.8,0.43,0.88,12.8,0.022,67.6,11.8,1.0039,3.51,8.4,0
7.2,1.03,0.36,6.7,0.033,26.6,191.5,0.9959,2.97,11.8,1
12.3,0.66,0.71,11.5,0.044,52.1,217.8,0.9905,3.89,9.6,0
8.2,0.51,0.62,5.3,0.028,25.1,256.7,1.0024,3.92,14.4,1
5.5,0.61,0.5,9.2,0.119,36.8,160.8,0.9916,,13.2,1
11.7,0.88,0.77,1.9,0.105,26.0,36.4,1.0006,3.93,9.8,0
8.1,0.49,0.04,5.4,0.148,25.2,199.4,0.9976,3.29,14.5,1
14.2,0.88,0.57,13.5,0.059,39.1,226.8,,3.37,13.4,1
7.2,1.1,0.42,1.4,0.042,21.1,90.6,1.0013,3.85,9.8,0
9.9,1.12,0.88,9.4,0.098,5.5,287.7,0.9922,3.94,14.5,1
5.5,0.87,0.55,8.7,0.183,25.8,171.9,1.003,3.16,10.7,0
6.3,1.14,0.89,11.7,0.04,50.0,192.6,1.0033,3.27,9.8,1
15.8,0.51,0.5,3.6,0.198,45.1,208.4,0.9974,3.8,10.5,1
12.7,1.57,0.92,8.4,0.192,60.4,216.2,0.9994,2.91,9.3,0
12.7,0.11,0.61,13.9,0.07,11.8,68.6,1.001,3.19,12.6,1
6.5,0.9,0.04,5.3,0.105,58.8,212.9,0.9979,3.99,14.7,1
15.0,1.1,0.53,8.5,0.079,36.6,76.7,0.9991,3.55,12.8,1
6.9,1.5,0.73,8.7,0.163,23.6,250.4,0.9902,3.63,13.9,0
11.4,1.34,0.41,8.5,0.083,16.7,112.0,0.9964,3.9,11.2,0
8.8,0.76,0.25,4.7,0.083,58.8,221.5,0.9918,3.01,14.3,1
9.9,0.57,0.52,4.2,0.078,53.6,60.4,0.9942,3.29,8.6,0
5.3,1.05,0.55,1.9,0.162,45.4,172.9,0.9987,3.26,10.3,0
14.2,0.35,0.9,5.3,0.113,25.2,102.6,0.9982,3.1,14.6,1
4.9,0.29,0.56,7.3,0.158,14.2,24.3,0.9916,3.03,10.7,1
5.7,0.14,0.14,4.0,0.061,54.3,34.2,1.0003,3.78,8.4,0
9.3,0.47,1.0,5.4,0.064,19.1,170.1,,3.28,14.9,1
15.0,1.36,0.98,12.1,0.017,50.7,105.9,0.9951,3.14,14.0,1
11.6,1.07,0.12,2.5,0.053,49.3,224.5,1.0039,3.19,8.9,0
6.9,1.31,0.94,12.8,0.161,33.7,14.8,0.9963,3.45,9.6,0
6.4,0.16,0.77,12.0,0.189,51.9,215.3,0.9963,3.85,14.2,1
7.4,0.53,0.0,8.0,0.166,51.3,38.6,0.9957,2.92,11.1,1
11.0,0.25,0.02,9.6,0.104,34.9,8.3,1.0024,3.82,11.1,0
10.5,1.07,0.55,10.4,0.129,70.7,126.4,0.9972,3.21,13.7,1
15.2,1.51,0.65,2.5,0.038,35.7,207.4,,3.75,8.6,0
15.4,1.49,0.28,9.2,0.017,68.4,86.4,1.0022,3.4,12.5,1
9.8,1.06,0.96,7.9,0.103,46.5,87.9,0.9976,3.61,10.1,1
14.4,0.15,0.31,10.1,0.029,63.9,68.4,1.0032,3.2,13.1,1
8.6,1.04,0.62,8.5,0.05,26.4,285.6,0.9997,3.55,8.9,0
6.3,0.25,0.52,5.1,0.083,25.1,107.8,0.992,3.91,8.2,0
15.5,0.66,0.98,7.2,0.031,37.7,182.8,0.9969,3.38,9.3,0
5.9,0.45,0.15,6.0,0.071,15.5,231.5,0.9964,3.12,14.1,1
6.8,0.42,0.9,11.2,0.015,39.1,258.4,1.0035,3.11,14.0,1
12.6,0.88,,3.0,0.079,10.9,267.0,0.9921,,11.9,1
11.9,0.7,0.81,10.8,0.023,7.3,285.6,1.0025,3.66,8.7,0
8.8,0.79,0.15,9.6,0.036,8.1,99.0,0.995,3.08,11.7,1
14.7,1.11,0.05,3.5,0.09,49.9,25.0,0.9976,3.63,8.1,0
11.4,0.17,0.23,12.7,0.1,67.6,222.4,0.9971,2.93,13.4,1
13.3,0.72,0.67,11.9,0.031,48.2,243.5,1.0039,3.15,9.4,1
6.0,0.93,0.88,9.3,0.124,6.5,86.7,0.9982,3.79,14.2,1
8.9,0.92,0.52,4.5,0.113,14.4,54.5,1.0014,3.4,8.6,0
7.4,1.03,0.07,9.8,0.091,5.3,95.5,0.9964,2.94,11.1,1
15.2_err,0.1,0.97,5.8,0.042,18.2,188.7,0.9964,2.92,14.7,1
11.1,1.31,0.22,10.2,0.115,12.0,40.7,0.9924,3.29,10.1,0
14.2,0.7,0.37,7.2,0.027,44.0,141.7,1.0019,3.09,10.9,0
4.8,,0.91,11.6,,2.1,215.3,0.9986,3.86,13.2,1
13.3,0.73,0.4,3.9,0.166,26.3,272.8,0.993,3.28,11.6,0
8.1_err,0.6,0.56,5.6,0.064,11.5,202.0,0.9926,3.18,10.0,0
5.2,0.68,0.49,2.1,0.179,63.9,109.3,1.0001,3.98,12.2,1
6.0,1.39,0.6,8.5,0.052,27.4,108.1,0.9977,3.5,8.2,0
8.2,1.4,0.72,2.0,0.011,52.6,84.4,1.0037,3.99,14.1,1
5.9,1.32,0.74,11.9,0.142,28.6,159.7,0.9957,3.84,12.6,0
5.3,1.31,0.09,8.5,0.046,8.3,15.8,0.9946,3.95,10.8,0
5.8,0.83,0.69,9.2,0.076,62.7,254.8,0.9937,3.07,8.8,0
14.6,0.26,0.07,14.6,0.14,18.9,244.5,1.0014,3.31,12.6,1
8.9,0.52,0.88,13.6,0.136,50.9,39.6,1.003,3.98,14.5,1
9.5,1.05,0.4,11.2,0.111,66.0,19.2,0.9921,3.56,13.1,0
10.1,0.35,0.18,12.9,0.07,54.6,149.1,0.9928,3.14,14.4,1
13.5,0.87,0.06,12.1,0.134,44.8,194.2,0.9975,3.94,11.0,0
7.2,0.98,0.78,6.1,0.193,2.7,239.2,0.9948,2.94,13.5,1
12.3,1.12,0.68,10.8,0.025,36.6,85.6,0.9944,3.1,13.3,1
14.6,0.48,0.2,6.9,0.081,51.9,223.4,0.991,3.51,11.1,1
15.4,0.6,0.62,12.3,0.052,57.1,157.7,1.0003,3.13,8.7,0
12.5,0.97,0.42,3.1,0.101,2.1,52.8,0.9938,3.87,9.4,0
15.9,1.0,0.69,12.8,0.187,58.1,32.0,0.9992,3.06,10.4,1
14.8,0.27,0.01,4.7,0.044,22.7,68.1,0.9954,,14.5,1
12.2,0.17,0.94,1.2,0.167,15.8,272.3,0.9949,3.57,8.1,0
14.9,0.33,0.41,14.4,0.18,44.7,70.7,0.99,3.3,12.0,1
13.2,1.02,0.36,10.1,0.021,66.3,25.1,0.9934,3.18,10.1,0
10.5,1.05,0.62,14.4,0.026,48.9,263.6,0.9962,3.7,9.9,0
10.2,0.34,0.49,8.9,0.174,46.3,154.2,1.0012,3.71,11.5,1
15.8,0.8,0.29,4.8,0.102,57.9,99.6,0.9918,3.62,,1
12.7,1.09,0.12,5.2,0.172,18.8,39.7,0.998,3.0,11.1,1
7.3,0.81,0.96,13.9,0.185,10.2,56.8,1.0013,3.75,9.6,0
12.6,1.55,0.38,5.2,0.107,13.2,83.3,0.999,3.46,13.5,1
4.8,1.05,0.91,3.6,0.061,33.8,214.7,0.9953,3.49,12.7,0
7.4,,0.28,14.6,0.119,30.4,211.4,1.0024,3.99,8.0,0
14.9,1.57,0.38,10.5,0.077,29.8,,0.9937,3.41,9.0,0
12.6,0.56,0.46,6.5,0.1,53.1,285.3,0.9972,3.33,10.2,0
15.7,0.4,0.27,3.4,0.054,45.0,19.1,0.9923,,8.1,0
13.4,1.15,0.45,7.6,0.064,,287.4,0.993,3.05,9.5,0
10.2,0.44,0.06,12.3,0.193,11.0,122.1,0.9957,3.06,10.8,1
8.2,0.69,0.41,14.7,0.107,14.5,257.6,0.9985,3.63,14.6,1
7.4,1.27,0.17,10.5,0.084,20.3,119.2,1.0025,3.19,14.3,1
11.1,0.21,0.25,8.9,0.109,41.4,208.3,1.0036,3.9,11.1,1
7.0,1.49,0.7,9.6,0.03,14.0,119.4,0.9951,3.36,12.7,1
10.4,0.9,0.66,9.5,0.045,17.7,146.3,0.9999,3.0,8.6,0
12.3,0.21,0.18,10.5,,18.7,137.9,1.0011,3.32,14.4,1
14.6,1.42,0.4,7.2,0.058,10.9,40.2,0.9963,3.07,13.9,0
14.6,0.62,0.58,8.0,0.132,41.4,240.4,0.9954,3.03,12.9,1
5.5,0.3,0.38,11.9,0.068,21.3,135.1,0.9939,3.3,9.1,0
12.2,1.07,0.12,2.7,0.158,26.9,175.6,1.0037,3.49,11.8,0
9.2,1.41,0.7,7.9,0.03,34.5,38.9,0.9982,3.53,11.4,0
5.5,1.58,0.65,10.4,0.156,41.0,26.5,0.9975,3.08,14.0,1
11.9,0.54,0.84,9.0,0.037,52.1,120.3,0.9956,3.47,14.9,1
5.8,0.86,0.64,6.4,0.047,25.8,157.2,0.9989,3.4,14.2,1
8.0,1.49,0.98,7.3,0.128,30.7,29.1,0.9933,3.54,13.4,1
10.0,0.27,,11.5,0.079,14.6,129.6,1.0015,3.83,14.9,1
6.4,1.02,0.57,10.7,0.16,21.7,73.1,0.9902,3.94,11.4,0
8.3,0.56,0.15,1.9,0.18,2.4,213.7,0.9946,3.33,12.1,0
7.8,1.02,0.23,9.4,0.143,48.2,199.8,0.9961,3.23,8.1,0
11.7,1.55,0.23,4.5,0.152,12.9,232.0,1.0037,3.53,14.6,1
5.9,0.78,0.23,3.1,0.027,38.7,288.9,0.9922,3.12,14.7,1
15.8,0.37,0.82,3.9,0.156,62.3,203.5,0.9952,3.73,14.9,1
4.6,0.98,0.35,4.7,0.068,15.0,134.3,0.9978,3.91,9.8,0
13.0,1.19,0.46,4.6,0.068,22.4,184.2,1.0013,3.04,10.4,0
4.7,1.49,0.77,1.3,0.098,61.6,36.5,1.0004,3.1,11.7,1
7.3,1.54,0.88,14.0,0.017,32.6,9.8,0.9987,3.04,13.0,0
9.3,0.24,0.89,7.5,0.154,6.7,54.1,1.0008,3.41,11.8,1
9.0,0.94,0.05,12.1,0.113,13.9,99.5,0.9993,3.73,13.0,0
8.0,1.22,0.43,8.1,0.108,36.6,204.2,0.9943,3.95,13.2,1
13.1,0.85,0.57,8.5,0.038,15.9,113.6,0.994,2.99,10.1,1
14.6,1.04,0.85,4.9,0.057,66.7,170.6,0.992,3.02,9.4,0
10.5,1.16,0.78,3.7,0.088,14.1,27.8,0.995,3.46,12.1,1
11.5,0.88,0.36,8.1,0.063,11.7,84.8,0.9956,3.15,14.3,1
9.0,0.74,0.07,4.9,0.083,66.8,251.7,0.9937,,11.4,0
9.5,1.38,0.55,2.0,0.131,1.6,29.7,0.992,3.03,8.1,0
14.6,0.3,0.12,1.0,0.1,40.7,132.4,0.9974,3.95,10.6,1
7.7,0.41,0.61,3.1,0.188,66.0,173.3,0.9961,3.25,12.9,1
5.6,1.2,0.09,3.5,0.15,7.7,69.7,0.9928,3.35,10.9,0
9.2,0.52,0.13,9.3,0.162,51.4,269.1,0.9976,3.95,11.3,0
8.8,0.44,0.33,6.8,0.016,41.1,173.1,0.9996,3.93,14.3,1
14.3,1.06,0.46,5.0,0.068,49.7,111.6,0.9971,2.92,13.7,1
7.6,1.54,0.77,13.8,0.126,67.0,15.0,1.0011,3.65,12.3,0
8.1,0.38,0.07,9.7,0.105,44.9,193.8,0.9927,3.87,8.6,0
8.7,0.7,0.88,13.3,0.042,68.6,,0.9933,3.8,12.8,1
5.6,0.4,0.02,5.5,0.125,56.4,147.8,0.9905,3.39,13.9,1
5.7,0.93,0.49,3.0,0.031,51.5,244.2,0.992,3.49,14.5,1
13.6,1.53,0.31,8.8,0.01,59.2,186.6,1.0038,3.41,14.3,1
8.2,0.37,0.86,14.2,0.188,54.2,137.7,0.991,3.02,13.0,1
14.2,0.85,0.62,3.6,0.135,12.9,128.0,1.0036,3.25,13.6,0
5.9,1.42,0.79,8.3,0.134,67.6,45.4,0.9918,,11.2,0
13.7,0.53,0.86,9.7,0.139,35.3,51.0,0.9935,3.71,8.9,1
10.3,1.03,0.02,4.8,0.123,30.8,132.6,1.0008,3.83,14.6,1
9.7,1.39,0.75,9.3,0.138,19.5,47.4,1.0023,3.91,13.8,0
14.9,0.69,0.34,5.8,0.028,16.0,92.8,0.9988,2.9,,1
10.9,0.65,0.18,7.0,0.119,28.9,274.0,0.9994,3.7,10.0,0
12.7,1.2,0.15,8.9,0.167,44.3,43.2,0.9967,3.16,8.5,1
14.1,0.24,0.3,14.2,0.042,65.5,51.1,0.9995,3.77,12.8,1
11.6,0.76,0.46,7.0,0.098,2.9,197.5,0.9919,3.33,11.3,1
7.5,1.33,0.76,6.6,0.051,32.2,72.6,0.9917,3.84,14.4,0
,1.19,0.41,,0.077,28.1,247.9,0.99,3.26,9.3,0
11.7,0.21,0.24,6.7,0.149,42.6,142.0,0.9974,2.98,11.5,0
15.1,0.92,0.26,5.6,0.135,31.7,220.3,1.0016,3.95,11.0,0
13.8,0.92,0.02,4.9,0.191,67.0,70.2,0.9913,3.39,12.8,1
15.3,0.92,0.55,8.2,0.054,25.0,27.9,0.9915,3.55,10.2,1
5.6,1.09,0.65,14.1,,56.9,253.2,1.003,3.84,13.4,1
6.9,0.24,0.38,7.4,0.16,21.0,135.1,0.9922,3.81,9.8,0
12.0,0.44,0.81,12.5,0.161,26.0,160.6,1.0002,3.52,11.3,0
5.3,0.67,0.84,10.5,0.158,38.7,133.4,0.9922,3.98,,1
11.9,0.53,0.4,13.5,0.109,52.7,224.0,0.997,3.6,14.1,1
9.3,0.86,0.45,2.3,0.056,8.5,102.7,1.0,3.81,11.8,0
11.8,1.51,0.99,2.1,0.011,42.5,20.9,1.0035,3.07,10.5,1
8.4,0.28,0.03,5.5,0.019,15.9,8.4,1.0029,3.62,12.9,1
5.9,0.28,0.65,8.9,0.046,7.4,48.2,0.991,3.02,11.2,1
9.5,0.58,0.08,6.1,0.059,33.3,234.2,1.0005,3.1,9.6,0
12.8,1.17,0.65,6.3,0.029,,195.6,1.003,3.57,10.0,1
7.3,0.28,0.07,3.7,0.168,13.0,267.8,0.9974,3.78,12.0,0
15.0,0.56,0.27,8.7,0.056,23.5,10.7,1.0002,3.91,14.6,1
8.5,0.92,0.57,6.3,0.081,17.0,179.5,0.9992,3.31,15.0,1
8.8_err,0.5,0.19,4.7,0.111,4.0,210.1,0.999,3.55,,1
7.4,1.29,0.97,3.3,0.011,4.0,51.3,0.9955,3.67,8.7,0
14.5,0.4,0.4,9.9,0.09,10.8,263.8,0.9947,3.04,8.9,1
7.2,0.34,0.57,10.4,0.163,13.7,210.3,0.9909,3.34,8.6,0
7.3,0.43,0.54,9.0,0.092,25.9,134.0,0.9916,3.85,9.7,0
11.1,0.15,0.16,1.3,0.023,8.1,220.1,0.9936,3.16,8.3,1
12.5,1.11,0.73,4.7,0.039,33.6,73.5,0.9901,3.58,11.6,1
6.3,0.77,0.18,8.6,0.079,71.9,55.4,0.9913,3.04,8.3,0
6.2,1.22,0.46,5.1,0.026,51.7,288.6,1.0009,3.68,9.5,0
4.7,0.99,0.52,13.5,0.12,11.0,80.7,1.0011,3.82,11.2,1
6.6,0.61,0.12,3.7,0.012,55.7,18.0,0.9954,3.96,10.5,1
6.8,0.64,0.73,5.8,0.193,66.9,280.4,1.0001,3.67,13.9,0
11.0,0.39,0.96,4.2,0.061,56.7,269.2,0.9996,3.89,9.2,0
9.1,1.52,0.24,8.1,0.149,27.2,275.2,0.9935,3.36,10.5,0
12.6,0.2,0.0,9.9,0.047,49.6,191.2,0.9923,3.17,8.3,1
6.0,0.25,0.38,9.0,0.1,59.9,113.3,0.9924,3.9,14.1,0
10.1,0.27,0.73,14.9,0.092,11.7,101.1,0.998,3.6,15.0,1
13.8,0.25,0.69,2.9,,45.3,280.0,0.9918,3.11,11.5,1
5.8,0.45,,5.6,0.064,19.1,87.0,0.9906,3.77,13.6,1
11.5,1.04,0.02,2.7,0.177,58.2,284.6,0.9903,3.9,,1
7.8,1.4,0.34,6.0,0.149,35.6,135.5,0.9957,3.42,9.0,0
8.8,0.41,0.3,9.9,0.184,63.7,113.4,0.9933,,14.3,1
8.1,0.27,0.4,8.2,0.114,23.8,22.2,1.0007,3.19,12.0,1
15.9,1.05,,11.3,0.194,37.5,206.1,0.997,3.22,8.7,0
15.0,1.13,0.51,2.2,0.086,6.0,113.5,1.0015,3.68,10.1,1
6.7,1.57,0.89,6.4,0.15,9.3,233.7,1.0026,3.12,12.5,0
6.8,1.0,0.63,7.2,0.046,18.2,215.3,0.9952,3.17,9.7,0
9.1,0.38,0.09,12.6,0.168,66.3,106.8,0.9993,3.36,13.3,1
10.9,0.67,0.5,4.2,0.174,29.1,117.8,0.9942,3.35,9.6,0
5.2,0.1,0.02,10.8,0.18,15.4,89.6,0.9924,3.85,10.6,0
15.8,0.23,0.42,3.5,0.1,70.6,262.4,1.0029,3.98,13.2,0
8.6,1.36,0.42,14.9,0.028,16.2,126.5,1.0035,3.93,12.9,1
7.8,0.67,0.76,3.6,0.057,35.1,218.2,0.995,2.94,8.7,0
11.4_err,0.15,0.51,14.9,0.098,59.4,8.8,0.9997,2.98,13.9,1
11.6,0.96,0.8,5.8,0.078,13.7,17.4,0.9915,3.22,14.7,1
7.9,1.48,0.45,10.0,0.083,63.4,278.3,0.9934,3.15,11.5,1
12.3,0.56,0.47,4.9,0.075,57.3,221.5,1.0009,3.78,13.8,1
9.0,0.77,0.97,,0.056,66.4,201.6,0.9958,3.06,12.5,0
14.3,0.97,0.63,1.7,0.12,39.8,25.1,0.9998,3.58,14.0,1
5.8,1.28,0.23,13.3,0.075,36.3,37.5,0.9929,3.51,13.0,1
8.9,1.45,0.02,7.3,0.027,55.2,215.1,1.0035,,8.2,0
6.4,0.48,0.53,,0.158,53.2,69.4,0.9975,3.06,9.9,0
14.1,1.22,0.29,10.1,0.166,21.8,44.3,0.993,2.91,9.8,0
6.6,1.02,0.76,14.2,0.074,62.2,171.1,,3.82,12.2,1
8.9,0.67,0.52,7.5,0.061,28.4,170.2,0.9901,3.62,12.6,0
5.7,0.75,0.55,9.4,0.028,24.4,252.1,0.9983,3.27,,1
13.3,1.27,0.51,10.8,0.15,65.5,16.6,1.0033,3.62,14.3,1
6.3,0.9,0.94,14.2,0.135,22.4,239.9,1.0037,3.08,13.6,1
5.1,0.56,0.47,12.7,0.026,16.3,281.2,0.99,3.97,13.9,1
6.6,1.42,0.19,1.6,0.031,65.0,59.8,1.0027,3.65,8.9,0
10.3,1.52,0.77,11.6,,41.8,40.9,0.995,3.69,12.2,0
6.0,0.79,0.92,2.2,0.086,42.2,240.1,0.9998,3.16,9.7,1
13.9,1.59,0.95,4.5,0.082,59.2,64.0,1.0035,3.05,13.5,1
10.5,0.16,0.67,5.3,0.056,24.0,280.9,0.9998,2.97,12.7,1
9.8,0.79,0.15,12.5,0.11,65.6,28.1,0.9965,3.24,13.0,1
5.1,1.09,0.02,1.1,,5.8,198.9,0.9971,3.01,13.1,0
14.4,0.89,0.62,2.8,0.067,25.7,283.7,0.999,4.0,12.7,1
12.8,1.34,0.98,14.5,0.172,24.5,144.7,0.9969,3.99,11.7,0
10.1,1.58,0.26,1.4,0.074,64.2,119.7,1.0008,2.95,9.6,0
11.1,0.92,0.38,9.8,0.183,41.1,129.7,0.9904,3.33,8.6,1
14.9,0.32,0.08,3.1,0.096,27.2,231.4,0.9974,3.43,8.4,0
12.6,0.55,0.5,7.6,0.143,21.2,18.0,0.9947,3.06,11.4,0
9.0,0.2,0.55,14.8,0.098,38.9,37.3,0.9998,3.1,9.4,0
5.5,0.35,0.65,,0.11,49.2,123.2,1.0025,3.94,12.1,1
4.5,1.01,0.16,6.4,0.077,10.7,218.4,0.9931,3.79,12.5,1
6.0,1.48,0.79,7.9,0.121,23.0,239.2,0.9965,3.5,9.3,0
13.0_err,0.25,0.76,4.3,0.187,62.0,61.2,0.9903,3.76,11.2,0
13.7,0.63,0.73,9.4,0.083,23.0,265.0,1.0031,3.83,9.1,0
8.4,0.81,0.94,12.5,0.03,7.4,14.6,0.9915,3.53,14.1,1
13.4,0.44,0.74,14.8,0.186,48.8,112.2,0.996,3.66,10.2,0
15.5,0.97,0.61,6.1,0.012,68.7,288.2,0.9911,3.21,13.6,1
10.8,0.12,0.02,8.3,0.095,39.3,39.3,0.9983,3.23,14.5,1
13.1,0.7,0.28,10.0,0.064,39.8,59.8,0.9924,3.83,12.0,1
10.0,1.44,0.39,7.4,0.039,68.6,284.4,0.9953,3.75,8.7,0
5.8,0.75,0.38,14.1,0.063,1.7,42.0,0.9993,3.45,8.7,0
14.2,1.1,0.72,14.2,0.028,3.3,153.7,0.9952,3.65,10.4,1
5.3,1.14,0.5,2.1,0.1,40.0,137.6,1.0022,3.41,14.9,0
4.6,,0.28,10.2,,58.1,238.0,0.9917,3.51,9.6,0
10.5,0.83,0.33,8.3,0.174,7.4,72.2,0.9999,3.07,14.1,1
7.9,0.69,0.67,4.2,0.019,41.2,118.2,0.9982,2.95,9.5,0
6.4,1.6,0.92,14.9,0.064,47.1,238.4,0.9909,2.95,10.6,1
10.3,0.28,0.55,7.8,0.142,36.8,143.0,0.997,3.6,10.8,1
15.1,0.65,0.92,2.6,0.013,35.8,264.4,0.9913,3.48,9.4,1
6.6,1.05,0.28,4.5,0.141,9.4,111.7,0.9902,3.63,10.8,0
,0.98,0.61,5.6,0.135,56.2,108.4,0.9994,3.58,11.0,0
15.2,1.54,0.14,3.7,0.058,57.3,81.1,0.995,3.47,14.4,1
7.5,0.19,0.72,3.1,0.067,30.8,186.7,0.998,3.02,8.3,0
12.7,0.38,0.03,8.4,0.031,26.3,221.7,0.9904,3.86,8.1,0
12.1,1.26,0.77,7.8,0.017,22.8,16.7,0.9975,3.82,11.3,0
11.9,1.19,0.3,1.8,0.121,56.1,163.1,0.9947,3.55,15.0,1
12.9,1.26,0.67,9.9,0.02,59.8,156.2,1.0028,3.19,14.3,1
11.7,1.06,0.03,6.2,0.13,47.6,274.9,0.9966,3.51,11.0,0
11.7,1.41,0.64,13.6,0.043,3.6,115.9,1.0027,3.68,12.2,0
9.0,1.3,0.36,9.6,0.193,61.5,6.3,0.9977,3.72,12.9,1
12.4,0.6,0.39,7.6,0.188,29.4,183.3,,3.43,14.2,1
11.4,1.57,0.02,3.2,0.14,29.9,153.8,0.9958,3.43,9.1,0
9.9,1.58,0.02,4.4,0.04,62.6,108.8,0.9914,3.38,14.7,1
8.1,0.78,0.51,9.5,0.018,59.2,146.2,0.9974,3.88,12.7,0
8.6,0.76,0.82,2.6,0.063,1.7,15.7,1.0008,3.35,12.9,1
12.5,0.14,0.04,8.4,0.116,31.0,179.1,0.998,3.52,11.0,0
11.4,1.51,0.25,3.3,0.16,67.0,134.4,1.0004,3.54,13.6,0
8.4,0.11,0.05,6.4,0.096,54.0,120.1,1.0019,3.8,11.6,1
14.4,1.27,0.52,3.8,0.154,24.6,145.1,1.0011,3.7,11.0,0
6.8,0.43,0.04,9.4,0.016,15.3,155.4,0.9974,3.42,11.5,0
9.2,1.58,0.1,11.6,0.067,70.4,41.4,0.9945,3.27,14.1,0
10.3,0.51,0.96,4.1,0.149,59.7,273.1,1.002,3.53,13.0,1
10.8,0.62,0.46,9.5,0.062,61.9,164.8,0.9956,4.0,11.3,0
4.6,0.56,0.77,5.6,0.124,29.8,,0.9908,3.1,10.0,0
8.6,0.54,0.94,8.6,0.011,49.6,264.7,1.0015,3.98,12.1,0
14.7,0.9,0.79,2.7,0.152,25.9,141.3,0.9952,2.95,13.1,1
4.8,1.36,0.04,10.2,0.178,35.5,263.9,1.0035,3.41,10.3,0
5.7,0.61,0.92,1.1,0.066,,6.7,0.9926,3.99,9.7,0
10.0,0.11,0.75,2.8,0.019,52.9,83.8,1.0037,3.9,10.1,0
4.9,0.83,0.08,6.8,0.037,58.7,54.5,1.0019,3.9,9.4,0
10.4,1.15,0.23,6.1,0.049,56.0,222.5,0.9916,3.8,13.7,1
5.7,1.19,0.03,1.2,,34.7,68.2,1.0032,3.56,9.0,0
7.1,0.22,0.8,12.6,0.168,42.4,176.1,0.9986,3.26,12.1,1
11.0,1.07,0.08,7.6,0.091,6.6,114.7,0.9975,3.06,11.8,1
13.7,0.63,0.83,5.9,0.15,41.5,139.1,0.9935,3.7,,0
7.3,0.27,0.24,14.6,0.097,5.5,241.5,0.9912,3.0,10.5,0
7.5,0.92,0.66,7.0,0.061,27.5,93.1,0.9993,3.25,10.3,0
6.5,0.19,0.03,8.0,0.112,48.8,163.7,0.9924,3.17,9.5,0
14.3,1.59,0.97,7.7,0.131,70.8,157.8,1.0003,,12.7,1
11.3,0.86,0.73,7.0,0.137,70.9,149.2,1.003,3.76,14.9,1
7.4,0.52,0.93,5.2,0.179,53.4,203.2,0.9993,3.76,9.4,1
12.1,0.54,0.9,7.6,0.186,17.0,264.2,,3.73,9.2,0
6.5,1.53,0.83,6.3,0.108,12.8,229.3,1.0008,3.39,14.2,1
5.9,1.34,0.59,12.5,0.03,45.4,214.8,1.0033,3.34,10.7,0
4.8,0.54,0.12,9.4,0.141,64.1,93.9,0.996,3.34,13.1,1
7.4,0.86,0.38,8.8,0.033,65.4,248.0,1.0011,3.09,9.5,0
5.5,0.79,0.42,13.2,0.159,63.4,53.5,1.0013,,9.3,0
9.0,1.37,0.89,8.5,0.134,48.4,228.1,1.0028,3.62,12.4,1
11.3,0.65,0.8,8.7,0.164,9.4,132.3,1.0017,3.57,13.5,1
10.8,0.75,0.83,2.9,0.015,59.8,195.1,1.0016,3.6,13.2,0
6.3,0.15,0.66,12.7,0.118,60.9,147.2,0.9995,3.4,13.4,0
14.6,0.23,0.06,4.6,0.18,30.7,67.8,1.0008,3.34,13.6,1
10.1,0.85,0.84,11.3,0.074,64.3,140.7,0.9976,3.43,10.7,0
4.8,1.38,0.79,8.3,0.118,14.4,171.0,1.0022,3.51,10.0,0
11.6,0.61,0.2,6.9,0.174,35.0,,1.0016,3.17,8.8,0
5.7,0.11,0.54,14.7,0.096,32.5,9.0,0.9989,3.53,11.3,1
9.0,1.35,0.56,11.8,0.07,32.4,141.4,0.9931,3.0,12.2,0
5.6,1.14,0.28,12.9,0.04,1.6,269.6,1.0028,3.46,11.7,0
11.0,1.59,0.62,2.5,0.036,53.8,139.2,0.9975,3.54,11.1,0
12.2,0.85,0.33,8.3,0.057,65.0,132.5,0.9934,3.25,11.1,0
10.9,0.93,,9.8,0.187,6.2,100.7,0.994,2.91,14.2,0
12.6,0.33,0.38,,0.035,46.7,253.1,0.9935,3.67,12.7,1
10.4,0.32,0.87,12.0,0.171,59.2,92.9,0.9927,3.44,9.6,0
9.6,0.21,0.05,9.6,0.044,38.1,81.6,0.995,3.29,10.7,1
8.1,0.12,0.41,7.3,0.063,26.7,237.8,0.9925,3.34,,1
6.3,1.28,0.07,2.9,0.051,46.6,203.2,0.9993,3.04,10.5,1
12.7,1.04,0.85,,0.08,9.1,122.8,1.0025,3.38,12.5,0
10.5,0.51,0.04,12.7,0.086,51.7,237.8,0.9983,3.11,9.9,0
6.7,0.67,0.98,1.1,0.084,12.7,212.4,0.9991,3.96,14.2,1
15.7,0.24,0.75,1.7,0.082,20.1,64.5,1.0022,3.06,11.8,1
10.1,1.35,0.83,2.0,0.021,36.6,188.2,0.9971,3.1,9.5,0
12.2,0.66,0.72,14.6,0.02,31.5,204.8,0.9987,3.84,10.4,0
7.9,0.39,0.63,7.7,0.08,31.4,232.0,0.997,3.69,14.8,1
9.4,0.49,0.73,10.7,0.066,13.4,257.0,0.9951,3.63,11.7,1
8.2,1.07,0.14,11.8,0.118,51.0,31.6,0.9963,2.97,9.7,0
13.5,1.03,0.47,8.4,0.019,15.1,69.9,0.9947,3.07,13.6,1
14.4,0.74,0.1,4.7,0.049,5.1,289.5,1.0009,3.15,8.7,0
13.1,1.49,0.21,4.0,0.162,67.9,286.9,0.9917,3.73,14.3,0
7.3,0.19,0.58,7.4,,1.8,194.7,0.9979,3.08,10.5,1
6.8,1.27,0.88,3.2,0.114,24.7,213.1,0.9932,3.71,14.1,0
6.0,0.51,0.28,13.7,0.196,32.0,225.1,0.9963,3.23,8.0,0
,1.46,0.67,5.2,0.08,29.3,135.5,0.9915,3.18,14.4,1
10.0,0.66,0.57,2.0,0.18,15.5,145.5,0.9996,3.67,13.1,1
,0.37,0.05,5.2,0.135,40.2,36.3,1.0013,3.47,13.9,1
14.6,1.56,0.95,11.4,0.056,1.8,288.6,0.9926,3.05,9.2,0
11.9,0.67,0.52,7.1,0.188,41.3,282.4,1.0018,4.0,13.2,1
7.1,0.73,0.59,3.7,0.194,25.9,66.3,0.999,3.26,14.7,1
14.5,0.68,0.67,8.3,0.071,52.1,32.5,0.9999,3.37,12.3,1
10.5,1.02,0.96,3.2,0.089,65.3,100.9,0.9982,3.26,12.6,0
6.8,1.56,0.61,14.5,0.124,36.4,276.5,,3.2,10.7,0
10.6,0.29,0.7,4.7,0.03,42.1,63.1,0.996,2.92,9.0,0
9.7,1.1,0.64,14.1,0.097,22.1,162.8,0.9975,3.41,13.6,1
11.3,0.12,,14.3,0.16,14.6,,0.9945,3.16,12.3,1
5.7,1.26,0.73,7.7,0.096,49.9,106.7,0.9925,3.98,13.1,1
10.8,0.55,0.74,3.8,0.176,31.6,228.7,0.9916,3.48,12.4,1
12.5,1.54,0.31,14.9,0.113,58.5,144.2,,3.28,9.0,0
,0.72,0.11,3.1,0.183,61.4,94.3,0.9906,3.6,8.5,0
11.6,0.93,0.96,,0.181,11.0,40.0,0.999,3.94,11.5,1
14.7,1.11,0.35,6.2,0.069,27.1,278.2,0.9904,3.81,11.4,0
12.6,0.39,0.63,13.6,0.178,17.3,120.7,1.003,3.59,14.5,1
9.3,0.89,0.03,2.7,0.091,49.8,218.4,0.9992,3.09,10.6,1
10.8,0.6,0.25,12.9,0.051,36.8,41.0,1.002,3.46,8.4,0
14.3,0.96,0.48,13.8,0.046,62.7,49.0,0.9929,3.5,13.3,0
7.2,0.26,0.93,5.6,0.035,60.7,249.2,1.0031,3.24,,1
5.1,0.71,0.24,7.7,0.018,48.0,206.8,1.0009,3.85,12.4,0
15.4,0.32,0.67,14.0,0.078,20.2,,0.9989,3.81,9.3,1
15.8,0.69,0.1,6.3,0.037,62.9,160.0,0.9912,3.09,13.4,1
15.8,1.6,0.02,10.4,0.146,33.2,164.4,1.0034,3.06,11.2,0
14.1,0.53,0.94,5.8,0.051,18.7,160.5,1.0037,3.12,14.4,1
15.1,0.43,0.19,1.3,0.091,29.6,,0.9954,3.95,12.5,0
10.3,1.32,0.75,12.2,0.011,,232.2,0.9901,3.4,13.4,1
5.4,0.68,0.69,14.3,0.193,69.5,109.7,0.9983,3.53,12.5,1
11.8,1.18,0.95,12.1,,71.0,273.6,0.9901,3.15,14.1,1
7.0,1.46,0.93,8.4,0.058,37.0,289.3,1.0034,3.36,12.5,1
15.6,1.32,0.54,10.8,0.066,29.1,241.7,0.9955,3.82,14.4,1
14.1,1.19,0.1,4.8,0.071,67.3,30.1,1.0022,3.91,12.8,0
11.1,1.4,0.08,11.4,0.164,16.7,225.5,0.9982,3.97,13.5,1
14.3,1.44,0.7,12.4,0.067,1.8,7.6,0.9995,3.83,13.8,0
12.4,0.25,0.53,14.6,0.124,18.2,7.5,0.9942,3.16,14.9,1
12.4,0.71,0.78,9.6,0.078,56.7,20.6,0.9986,3.87,9.0,0
12.2,1.57,0.79,5.7,0.066,67.0,156.4,1.003,3.9,9.2,0
15.7,0.87,0.79,14.1,0.155,39.1,222.6,1.0028,3.45,11.1,0
10.4,0.61,0.74,8.0,0.066,18.9,57.6,0.9914,3.01,11.9,1
8.0,1.03,0.49,11.9,0.059,50.3,157.3,0.9925,3.95,14.4,1
7.2,1.24,0.29,,0.163,,174.8,0.9922,3.26,11.2,0
5.5,0.93,0.89,12.3,0.072,60.0,85.1,0.9931,3.61,8.4,0
14.4,0.61,0.25,13.6,0.024,6.2,281.0,0.991,2.92,10.8,1
5.3,1.03,0.92,5.7,0.117,43.6,226.3,0.9915,3.26,11.2,1
9.9,0.48,0.39,13.9,0.112,17.8,123.1,1.0004,3.36,14.8,1
11.4,0.65,0.26,13.4,0.186,17.1,287.7,0.9929,3.18,10.6,0
5.4,1.14,0.12,4.7,0.185,47.0,271.4,0.9984,3.89,13.4,0
7.6,1.51,,2.9,0.191,53.1,40.4,1.0026,3.74,12.8,1
7.2,1.01,0.75,8.7,0.145,27.3,228.8,0.9995,2.93,10.6,0
14.0,0.95,0.19,7.8,0.032,5.1,227.2,1.0023,3.42,12.4,0
6.9,1.08,0.89,5.9,0.156,42.5,103.9,0.9954,3.6,10.8,0
10.9,1.2,0.63,,0.116,70.1,,0.9949,3.14,13.2,1
7.5,1.07,0.13,5.4,0.113,68.5,104.1,0.9936,3.45,13.5,1
14.9,0.82,,14.1,0.18,25.5,168.0,0.9994,3.53,12.4,1
9.0,0.9,0.17,5.7,0.094,51.7,249.4,1.0005,3.23,14.3,1
7.0,0.88,0.04,6.0,0.154,48.9,219.6,1.0022,2.98,9.9,0
15.7,0.97,0.51,3.3,0.186,7.8,52.2,0.9964,3.66,10.6,0
14.7,1.41,0.17,10.1,0.034,22.5,119.0,0.9929,3.34,13.8,1
5.8,0.84,0.21,10.5,0.128,65.6,221.4,0.992,3.29,8.4,0
12.4,0.8,0.64,6.3,0.167,3.2,163.1,1.0035,2.9,11.3,0
11.3,1.56,0.32,3.1,0.113,28.7,215.2,0.9947,3.55,11.2,0
14.4,0.42,0.73,8.8,0.035,24.7,50.8,1.0012,3.68,12.1,1
13.6,1.47,0.97,7.4,0.076,42.4,155.6,,3.3,10.9,1
9.7,0.26,0.04,8.4,0.173,20.1,136.6,1.0023,3.58,10.3,0
5.3,0.42,0.96,7.6,0.172,45.8,161.5,0.9902,3.63,13.3,1
7.4,0.56,0.3,8.5,0.05,52.9,137.4,0.9913,3.92,10.1,0
14.6,0.14,0.76,1.2,0.119,12.8,103.7,0.9942,3.92,10.9,1
13.7,,0.99,9.7,0.186,26.8,129.5,0.9975,3.19,10.0,0
15.1,0.77,0.07,9.5,0.152,67.6,237.2,0.994,3.49,12.0,0
14.5,0.41,0.34,1.4,0.194,32.6,184.2,0.9963,3.56,12.0,0
15.1,1.02,0.54,2.8,0.147,64.3,85.4,0.9981,3.27,11.2,0
13.0,0.64,0.46,6.6,0.121,11.9,73.1,1.0002,3.02,13.1,1
15.5,0.54,0.8,9.8,0.024,45.1,61.3,0.9912,3.5,9.5,1
14.3,0.35,0.06,7.1,0.084,30.4,262.8,0.9957,2.94,9.8,1
11.2,0.71,0.6,8.9,0.177,27.6,141.7,0.9932,3.17,13.4,1
15.5,1.52,0.4,5.5,0.083,31.8,58.4,0.9978,3.02,15.0,1
6.7,0.96,0.82,3.8,0.058,19.3,212.0,0.9967,3.34,10.8,0
4.6,0.59,0.3,9.1,0.01,64.9,157.7,0.9932,2.92,15.0,1
13.7,0.68,0.71,13.6,0.071,3.2,171.8,0.9947,2.96,13.6,1
6.8,1.52,0.92,7.0,0.164,69.1,227.5,1.0034,2.98,10.7,0
8.0,0.2,0.44,12.9,0.081,7.5,41.8,1.0035,3.32,10.4,0
11.3,0.77,0.32,4.1,0.071,,128.2,0.9966,3.19,9.2,0
8.6,1.56,,5.3,0.042,39.9,151.4,1.0,3.98,13.2,1
5.7,0.58,0.54,9.8,0.038,70.4,253.7,0.9949,2.99,10.9,1
9.9,0.35,0.08,3.2,0.095,67.2,30.6,0.9946,3.55,10.0,1
8.7,1.39,0.25,6.2,0.098,19.3,250.3,0.9955,3.81,14.5,1
12.2,0.61,0.94,4.8,0.098,42.7,208.7,0.9922,3.07,8.2,0
13.7,1.14,0.16,,0.12,41.9,67.6,0.9902,3.62,12.7,0
10.0,0.32,0.48,2.5,0.045,19.0,124.9,,3.61,8.5,0
13.0,0.13,0.91,7.3,0.196,44.2,,0.9997,3.56,9.8,1
15.8,1.52,0.13,9.1,0.15,37.5,42.0,0.9913,3.21,12.5,1
5.7,0.34,0.45,10.9,0.058,56.4,198.0,0.9905,3.9,9.1,0
9.6,1.27,0.89,11.1,0.025,42.8,12.5,0.994,3.17,13.2,1
9.4,1.26,0.44,13.9,0.086,15.6,212.1,1.0036,3.65,13.7,0
7.1,0.36,0.55,1.8,0.042,60.4,137.8,0.9994,3.34,13.2,0
6.4,,0.5,1.1,0.056,69.5,242.7,0.9971,3.9,14.9,1
9.4,1.08,0.14,12.4,0.06,9.0,59.2,0.9964,3.88,9.8,0
,0.24,0.44,4.6,0.189,38.4,76.8,0.9966,3.16,10.5,0
4.6,0.34,0.45,14.2,0.165,20.5,208.3,0.9907,3.37,13.9,0
12.5,0.65,0.25,1.8,0.145,56.7,242.6,0.9988,3.02,12.9,1
12.6,0.24,0.78,14.3,0.148,43.5,52.0,0.9958,3.4,12.1,1
9.3,1.35,,6.2,0.144,25.2,10.0,0.9959,2.98,12.5,1
11.3,1.16,0.35,11.1,0.175,57.1,280.8,1.0039,3.77,10.5,1
15.6,0.13,0.09,14.7,0.014,56.3,252.3,0.9964,3.83,11.0,1
6.9,1.11,0.76,4.4,0.055,36.5,217.4,0.9969,3.71,11.6,1
8.6,1.0,0.06,13.3,0.132,3.6,46.2,0.9974,3.61,8.2,0
9.1,,0.92,14.7,0.112,27.1,59.3,0.9959,3.56,12.2,1
5.3,1.47,0.39,1.8,0.198,63.0,192.1,0.9924,3.33,8.0,0
12.9,0.73,0.54,10.6,0.099,9.1,203.1,0.9968,2.93,11.0,1
5.1,0.95,0.92,3.0,0.013,16.4,183.8,0.9906,2.9,8.7,0
15.7,0.6,0.74,2.2,0.168,42.2,242.0,0.997,3.73,14.3,1
7.1,1.44,0.02,10.9,0.115,9.5,71.7,0.999,3.9,9.2,0
,1.48,0.16,3.0,0.113,31.5,248.7,0.9927,3.33,12.0,0
10.7,1.02,0.03,11.0,0.13,20.2,10.9,0.993,3.95,14.4,0
9.5,1.46,0.09,9.3,0.101,40.5,54.1,0.9965,3.21,10.5,0
7.0,0.35,0.71,14.3,0.082,60.8,188.0,0.9915,3.88,12.3,1
9.3,0.65,0.64,6.4,0.088,64.1,,1.0008,3.05,14.3,1
5.3,1.15,0.58,6.0,0.064,8.1,70.1,1.0004,3.35,14.2,1
13.7,1.19,0.31,5.0,0.061,12.3,137.1,1.0018,3.48,10.5,1
11.3,0.93,0.21,3.9,0.144,70.5,158.2,0.9983,3.75,9.7,0
13.8,0.71,0.32,6.3,0.13,7.4,243.9,1.0023,3.73,14.9,1
10.9,1.01,,7.5,0.169,55.2,277.5,0.9949,3.51,11.8,0
12.6,0.42,0.26,11.0,0.071,18.3,12.6,1.0033,3.56,10.5,0
6.1,1.18,0.99,12.0,0.058,47.3,24.8,0.9946,3.29,8.2,0
11.3,1.4,0.09,12.3,0.046,9.5,25.6,0.9985,3.75,12.6,1
14.2,0.41,0.85,8.2,0.172,2.1,283.0,0.9942,3.5,13.4,1
7.0,0.23,0.1,11.3,0.035,34.8,214.7,1.0017,3.97,8.1,0
8.7,0.79,0.72,14.0,0.115,44.1,148.4,0.9982,3.79,9.5,0
12.0,0.59,0.0,6.1,0.117,23.5,206.6,1.0026,3.38,9.1,0
9.1,0.7,0.56,7.9,0.051,12.9,173.2,0.9998,3.4,14.9,1
8.6,1.34,,14.9,0.082,69.9,219.9,0.9937,3.87,13.7,0
14.6,1.56,0.17,11.4,0.096,2.7,70.6,0.9973,3.61,10.8,1
15.9,0.21,0.89,9.9,0.165,29.2,266.5,0.9972,2.9,9.4,1
9.0,0.12,0.79,7.6,0.099,64.3,224.7,0.9909,3.65,14.6,1
12.8,1.02,0.05,11.5,0.143,7.6,175.2,1.0013,3.4,13.1,1
7.8,1.13,0.46,4.9,0.093,6.8,19.0,1.0019,3.43,13.3,1
15.8,0.55,0.83,12.6,0.073,43.2,80.3,1.0038,3.72,11.1,0
13.6_err,1.01,0.73,13.4,0.147,9.3,218.8,1.0022,2.99,,0
10.7,0.21,0.68,13.0,0.15,37.9,43.8,0.9973,3.9,8.7,0
12.6,1.22,0.95,13.4,0.172,24.1,19.3,0.9966,3.35,12.6,1
15.1,1.3,0.35,11.5,0.146,31.4,156.8,0.9975,3.84,14.7,1
12.7,0.34,0.37,,0.156,23.7,84.1,0.9919,3.41,,1
8.5,0.83,0.93,13.7,0.084,61.5,264.4,0.9976,3.93,13.4,1
8.4,0.37,0.43,3.0,0.028,19.6,81.2,0.9916,3.56,9.7,0
4.8,0.83,0.03,8.8,0.044,49.8,148.7,,3.16,11.4,1
10.8,1.0,0.79,2.1,0.098,11.9,203.3,0.9992,3.41,8.4,0
14.2,0.38,0.31,1.6,0.196,62.4,90.3,1.0023,3.3,12.9,1
8.0,0.86,0.24,14.2,0.053,,208.0,0.9945,3.88,11.8,1
12.8,1.02,0.79,10.0,0.072,1.0,158.1,0.9963,3.32,14.8,1
8.9,0.79,0.79,12.4,0.172,43.5,124.5,0.9908,3.53,8.2,0
9.1,0.99,0.79,3.4,0.145,50.4,257.2,0.9983,3.06,14.8,1
6.9,1.12,0.14,11.6,0.095,4.8,279.7,0.9946,4.0,12.1,0
11.0,0.59,0.9,5.9,0.042,56.3,186.8,0.9922,3.95,11.4,0
9.8,1.07,0.46,6.9,0.195,32.3,96.1,0.9997,3.17,9.8,0
10.1,1.54,0.02,3.6,0.16,18.7,267.3,1.0031,3.02,14.5,0
8.3,0.55,0.69,11.4,0.053,44.0,156.9,1.001,3.52,8.1,0
6.4,0.43,0.3,9.1,0.148,10.3,219.5,0.9959,3.63,8.1,0
9.2,,0.16,13.1,0.19,66.3,14.4,1.0004,3.08,12.5,1
8.6,0.94,0.92,7.1,0.072,36.7,172.2,0.9932,3.87,8.3,0
8.2,0.89,0.19,10.4,0.124,56.7,14.5,1.0002,3.49,11.6,0
12.3,0.85,0.17,5.0,0.178,11.9,250.9,0.9992,3.25,13.3,1
9.7,0.59,0.86,6.1,0.162,45.1,244.0,0.9903,3.64,14.5,1
11.0,0.13,0.75,11.7,0.134,1.1,154.6,1.0038,3.28,12.2,1
11.7,0.78,0.06,3.5,0.111,58.5,231.4,1.0028,3.1,11.6,1
13.2,0.46,0.79,13.4,0.183,29.7,53.9,0.9998,3.4,13.0,1
10.3,1.04,0.37,5.2,0.19,30.8,166.3,0.9905,3.15,12.6,0
11.3,0.26,0.59,6.0,0.058,59.8,148.9,1.0014,3.94,14.4,1
10.4,1.32,0.83,8.6,0.177,23.3,183.7,0.9956,3.31,11.6,1
10.1,1.16,0.1,5.6,0.066,16.9,260.7,0.9914,2.94,12.1,1
7.4,0.83,0.64,7.4,0.196,47.7,80.9,0.9964,3.79,9.5,0
15.2,1.43,0.2,5.5,0.184,68.1,144.8,,3.75,11.9,0
6.2,0.5,0.76,13.3,0.063,9.0,189.0,0.9996,3.09,13.7,1
14.5,0.58,0.94,2.9,0.048,28.7,89.9,0.9984,3.41,8.9,0
12.1,0.5,0.43,6.9,0.118,66.7,183.3,1.0012,3.44,12.4,0
11.1,0.59,0.18,4.0,0.145,14.5,219.3,0.9945,3.2,14.1,1
9.0,1.17,0.59,3.4,0.116,37.6,56.5,0.9946,,13.5,1
15.0,0.2,0.82,14.7,0.12,62.5,244.5,0.9916,3.23,10.7,1
5.3,0.78,0.11,5.7,0.161,31.1,255.6,0.9925,3.94,12.0,0
,1.47,0.1,7.0,0.095,13.0,135.1,0.9963,3.37,9.9,0
7.8,0.13,0.82,6.7,0.181,12.4,282.7,0.9982,3.52,13.1,1
13.2,1.04,0.31,10.8,0.108,12.6,149.9,1.001,3.84,9.2,0
12.2,0.25,0.33,14.8,0.15,46.9,118.4,1.0035,3.17,14.1,1
6.9,0.94,0.23,4.1,0.011,60.3,126.6,0.9958,2.91,14.4,1
10.2,1.13,0.13,12.7,0.053,62.8,113.3,1.0007,3.54,10.4,0
11.5,1.1,0.56,7.2,0.193,54.7,182.4,0.99,4.0,12.9,1
8.0,0.17,0.9,14.4,0.048,44.4,21.6,0.9999,3.8,10.1,1
11.1,1.24,0.92,3.2,0.022,3.1,91.8,0.994,3.13,14.2,1
7.5,1.19,0.86,12.1,0.048,44.0,253.3,1.0009,3.68,14.4,1
13.6,1.46,0.77,8.8,0.012,19.0,43.2,0.9958,3.57,12.1,1
8.7,0.79,0.86,12.4,0.027,14.9,198.9,0.9991,3.87,14.0,1
5.6,1.19,0.19,9.8,0.036,57.6,215.7,0.9956,3.7,11.8,0
12.7,1.56,0.27,5.7,0.134,12.4,235.6,0.9945,3.43,12.5,0
12.2,1.21,0.02,13.0,0.184,39.0,11.6,0.9991,3.14,14.9,1
15.6,0.44,0.89,7.8,0.144,52.0,269.5,1.0026,3.31,11.9,1
15.4,0.55,0.6,13.9,0.011,25.7,193.5,1.0016,3.68,12.7,1
7.9,1.4,,6.0,0.054,,280.3,1.0025,3.45,13.7,0
9.6,0.77,0.03,8.5,0.146,9.1,276.2,0.9923,3.77,11.2,0
12.3,1.42,0.91,13.2,0.082,17.4,,0.9954,3.25,9.3,0
7.9,0.45,0.06,11.4,0.111,13.7,146.7,0.9926,3.15,11.2,0
5.7,0.66,0.51,1.4,0.148,14.8,279.9,0.9941,3.45,9.2,0
15.1,0.48,0.29,5.9,0.124,18.3,106.4,0.9972,3.39,13.3,1
13.7,1.04,0.36,3.4,0.062,64.8,239.1,0.9909,3.26,9.6,0
13.7,1.43,0.52,2.1,0.01,7.5,240.7,1.0033,3.06,8.5,0
10.0,0.91,0.06,1.1,0.19,33.4,76.9,0.9976,3.36,14.9,1
6.4,,0.88,8.5,0.159,60.5,259.4,0.9944,3.23,13.3,1
12.3,0.93,0.69,4.8,0.098,38.0,152.7,0.9987,3.54,8.5,0
11.1,0.93,0.22,3.5,0.099,11.6,22.4,1.0028,3.28,8.8,0
13.3,1.33,0.68,5.9,0.189,35.8,192.7,0.9936,2.96,14.8,1
6.9,0.24,0.28,4.6,0.042,35.3,69.4,0.9936,3.88,9.4,0
6.1,1.02,0.15,14.9,0.172,49.0,77.3,0.9932,2.95,11.1,0
6.4,0.88,0.95,7.5,0.023,44.9,254.0,0.993,3.7,12.9,1
12.2,0.45,0.04,5.0,0.179,69.5,158.7,1.0027,3.35,13.2,1
13.4,0.56,0.95,7.8,0.115,54.6,258.8,1.0038,3.86,10.8,0
12.2,1.55,0.05,4.1,0.054,11.5,220.2,0.9935,3.86,10.7,0
15.4,1.32,0.37,5.1,0.15,47.1,156.8,0.9947,2.98,13.8,1
8.1,0.8,0.57,11.9,0.046,12.9,131.1,1.0039,3.79,8.1,0
14.1,,0.27,,0.132,61.5,181.7,0.9939,2.95,10.9,0
14.9,0.88,0.48,8.8,0.153,5.5,264.3,0.9934,3.06,9.4,0
6.1,0.32,0.28,6.7,0.081,51.8,66.4,0.9923,3.51,13.9,1
11.7,1.37,0.09,2.6,0.16,17.8,147.6,0.9977,3.19,14.1,1
15.5,0.67,0.71,1.7,0.15,5.7,287.0,1.0023,3.05,10.7,0
14.7,1.42,0.56,1.2,0.155,61.8,164.0,0.9963,2.96,12.8,1
8.9,0.25,0.51,5.5,0.097,42.9,88.5,0.9961,3.13,10.4,0
15.2,0.84,0.28,7.0,0.17,58.6,6.4,0.9945,3.95,8.8,0
9.5,1.39,0.58,6.6,0.158,67.7,231.6,,2.94,11.3,0
12.0,1.59,0.91,10.8,0.117,35.0,136.6,0.9963,3.56,14.7,1
5.9,0.77,0.7,10.6,0.131,49.9,30.5,1.0015,3.31,11.5,0
12.7,1.42,0.08,12.1,0.073,47.0,53.4,0.9922,3.26,10.2,0
8.7,1.08,0.11,4.5,0.175,53.1,66.5,0.9976,3.13,12.7,1
,0.19,0.49,9.4,0.163,26.7,214.4,1.0032,2.92,9.9,0
12.8,1.51,0.42,3.0,0.068,22.6,274.4,1.0011,3.91,13.8,1
7.5,0.98,0.94,3.3,0.182,44.7,106.7,0.9929,3.55,12.1,1
10.9,1.46,0.56,13.0,0.179,68.9,94.7,0.9948,3.56,13.8,1
5.0,1.24,0.2,13.9,0.02,24.4,266.4,0.9987,2.95,9.7,0
5.3,1.58,0.41,13.1,0.056,47.9,64.5,0.9984,3.9,10.7,0
13.1,1.48,0.33,11.3,0.039,50.1,150.8,0.9985,3.09,12.4,0
12.0,1.31,0.37,1.1,0.046,2.3,187.0,1.0028,3.82,9.2,0
7.0,1.19,0.07,4.1,0.121,15.9,268.7,0.9912,3.55,10.2,0
9.7,1.22,0.13,1.9,0.173,41.2,13.6,1.0029,3.11,10.6,0
,0.72,0.75,3.0,0.069,20.1,236.0,0.9968,3.56,10.9,0
10.2,0.75,0.11,3.9,0.193,21.9,140.9,1.0009,3.35,8.2,0
15.2,1.18,0.51,13.7,0.191,20.8,95.0,1.0002,3.98,12.1,0
14.6,0.32,0.55,7.1,0.165,18.0,115.2,0.9955,3.98,15.0,1
11.8,0.59,0.95,4.6,0.167,51.7,218.8,0.9984,,13.3,1
14.8,0.37,0.95,,0.18,15.3,103.6,0.9997,3.95,,1
12.0,0.32,0.07,14.6,0.197,69.1,197.8,0.9976,3.59,13.9,0
11.4,1.44,0.28,5.0,0.096,61.8,41.5,1.0004,3.7,11.8,1
14.4,0.59,0.35,7.3,0.069,47.4,51.2,1.0014,3.26,10.4,0
13.3,0.53,0.73,4.6,0.115,60.1,37.0,1.002,3.83,14.9,1
8.4,0.61,0.81,10.5,0.033,14.4,213.2,0.9988,3.81,10.3,0
12.5,1.02,0.78,12.3,,47.1,249.7,0.9945,4.0,11.4,0
12.5,0.13,0.19,6.3,0.078,52.5,95.2,1.0021,3.49,10.6,1
6.9,1.24,0.87,13.1,0.197,55.5,172.7,0.9967,3.19,8.7,0
12.3,0.37,0.25,2.4,0.175,69.8,261.2,0.9935,3.3,11.4,0
6.3,1.31,0.66,2.9,0.104,63.5,,0.9952,3.31,14.1,1
7.0,1.21,0.56,8.3,0.018,3.4,151.9,0.9907,3.77,12.3,1
8.2,1.36,0.47,4.1,0.185,29.9,261.2,0.9938,3.52,13.3,0
4.9,1.6,0.07,13.6,0.032,13.7,92.5,1.0015,2.92,11.6,1
8.5,0.64,0.73,4.4,0.03,63.0,203.9,0.9988,3.18,14.6,1
5.0,0.75,0.76,8.6,0.107,,181.0,0.9961,3.61,10.8,1
5.8,1.5,0.85,2.8,0.085,48.1,53.3,0.9993,3.29,9.3,0
15.8,0.6,0.94,9.3,0.161,69.7,217.9,0.9954,3.36,12.5,1
10.0,0.45,0.22,6.9,0.052,65.5,107.5,0.9908,3.16,14.4,0
13.1,0.41,0.53,15.0,0.016,10.0,28.3,0.9915,3.36,12.8,0
5.3,1.42,0.76,4.2,0.063,70.1,77.1,0.9986,3.6,13.6,1
7.5,1.57,0.11,12.8,0.117,31.4,191.2,1.001,3.2,10.4,0
7.7,1.12,0.24,7.1,0.093,36.0,185.5,0.9971,3.49,12.8,1
9.4,0.56,0.9,7.3,0.098,37.2,94.0,0.994,3.71,8.6,1
5.8,0.84,0.04,6.7,0.028,53.8,189.5,0.9984,3.06,9.1,0
15.8,1.57,0.73,9.9,0.093,69.1,248.1,0.9921,3.03,9.0,0
12.8,,0.29,5.5,0.091,14.2,56.1,1.0002,3.96,9.9,0
9.7,0.61,0.97,12.6,0.093,22.5,151.1,0.9946,3.07,14.0,1
12.8,0.51,0.91,8.8,0.056,27.3,129.9,1.004,3.57,8.7,1
13.4,0.71,0.74,11.6,0.168,54.8,13.7,1.0032,3.21,13.9,1
10.9,0.79,0.69,1.5,0.188,50.3,205.4,0.9906,3.42,11.2,0
5.3,0.7,0.65,3.4,0.153,24.6,17.6,0.993,3.87,,0
5.5,0.13,0.03,11.3,0.157,8.5,248.3,1.0,3.86,12.5,1
5.5,0.84,0.95,8.2,0.129,19.3,126.8,1.0024,2.92,11.2,1
9.3,1.48,0.71,8.4,0.167,8.8,109.7,0.9925,3.9,13.2,1
5.6,1.35,0.83,1.2,,9.2,96.6,0.9911,3.12,,0
8.5,1.17,0.6,2.5,0.062,61.8,110.3,0.9918,3.78,9.1,0
8.6,1.42,0.81,6.9,0.011,49.9,284.5,0.9987,3.83,11.0,0
14.6,1.39,0.91,9.7,0.088,69.7,284.3,0.9978,3.87,9.3,0
13.6,0.4,0.08,,0.022,25.1,78.2,1.0033,,10.7,0
,0.69,0.11,10.3,0.076,56.0,,0.9957,3.37,8.6,0
10.8,1.4,0.57,10.6,0.018,4.0,155.2,1.0034,3.95,11.4,0
5.8,0.65,0.57,5.1,0.155,55.8,92.7,1.0036,3.65,9.5,1
13.7,0.41,0.55,13.6,0.034,53.5,251.8,0.992,3.23,14.7,1
5.9,0.76,0.43,11.5,0.148,60.4,148.1,1.0034,3.97,13.2,1
13.9,0.8,0.34,2.8,0.077,52.5,70.5,0.9908,3.25,11.5,0
,0.84,0.09,6.4,0.127,66.5,248.2,1.0037,3.2,14.3,1
7.6,0.94,0.12,3.7,0.125,32.5,24.0,0.9935,2.97,9.4,1
6.4,0.35,0.06,8.7,0.125,34.2,171.1,0.9971,3.79,13.8,1
13.7,1.52,0.0,2.6,0.055,31.9,80.9,0.9904,3.31,10.0,0
16.0,1.08,0.67,2.6,0.198,31.0,106.7,0.9988,3.43,12.3,0
12.7,1.0,0.09,10.5,0.151,21.2,60.0,0.9927,3.53,9.5,0
12.2,0.71,,9.3,0.071,25.0,172.3,1.0038,3.66,9.7,1
7.8,1.53,0.19,8.1,0.193,54.8,105.3,1.0032,3.21,8.6,0
10.5,1.45,0.06,1.8,0.07,66.5,73.6,1.0002,3.98,12.8,0
15.7,1.4,0.71,1.5,0.135,55.8,17.9,0.9993,2.94,10.7,0
13.4,0.92,0.21,3.3,0.185,51.5,271.0,1.004,3.06,9.1,0
5.7,0.7,0.0,14.6,0.135,15.1,266.2,0.9901,3.45,8.9,0
12.8,1.59,0.92,9.6,0.029,5.7,283.4,0.9956,3.87,10.5,0
6.6,0.91,0.66,3.9,0.141,37.9,232.4,0.9988,3.27,12.7,0
6.4,1.22,0.68,3.5,0.11,54.5,213.0,0.9911,3.6,14.7,1
8.8,0.14,0.14,10.3,0.05,23.4,285.3,0.9985,3.63,10.0,0
14.1,1.35,0.31,14.8,0.026,47.1,150.3,0.995,3.91,10.3,1
7.3,1.34,0.73,7.5,0.058,10.1,166.3,1.0038,3.32,14.5,1
9.0,1.28,0.98,3.7,0.031,15.4,141.2,0.9901,3.99,8.7,0
14.5,1.35,0.48,9.4,0.155,47.9,135.6,0.9928,3.09,14.4,1
6.0,1.01,0.37,8.7,0.032,48.1,127.0,0.9997,3.69,14.6,0
10.4,1.27,0.96,2.4,0.047,22.6,110.3,0.9964,3.38,13.0,1
14.3,0.85,0.66,8.3,0.03,52.2,64.5,0.9975,2.99,11.7,1
14.7,1.27,0.7,6.4,0.114,61.7,196.6,1.0021,3.61,14.5,1
6.9,0.5,0.64,13.1,0.072,50.7,126.5,1.0025,3.21,14.3,1
10.4,1.48,0.9,4.5,0.18,43.0,41.5,0.994,3.68,8.4,0
12.8,0.15,0.28,2.4,0.012,55.1,52.7,0.9979,3.0,10.0,0
13.8,0.92,0.76,3.8,0.017,14.8,222.7,0.9975,3.47,10.3,0
15.2,1.03,0.89,6.0,0.159,18.2,281.5,0.9976,3.35,8.4,0
14.9,1.15,0.74,7.1,0.057,57.1,274.5,0.9947,3.55,12.9,0
15.6,0.38,0.22,1.6,0.154,69.0,187.6,1.0034,3.0,9.5,0
10.7,0.13,0.89,10.5,0.171,68.3,8.7,0.9962,3.58,10.0,1
13.8,0.91,0.42,1.6,0.026,36.0,282.0,0.9932,3.04,13.0,1
8.5,0.52,0.67,13.0,0.157,70.6,192.4,0.9907,3.51,10.2,0
9.3,0.53,0.93,4.4,0.034,24.9,29.6,0.9928,2.91,12.9,0
12.5,1.13,0.24,13.8,0.016,44.8,174.2,0.9987,3.3,,0
14.5,1.12,0.07,5.6,0.159,11.9,192.5,1.0022,3.56,12.7,1
13.3,0.34,0.52,7.1,0.13,2.1,275.9,0.9941,3.13,12.4,0
7.9,1.16,0.36,5.0,0.119,42.5,47.4,0.9963,3.12,14.1,1
5.8,0.57,0.66,1.6,0.1,39.3,283.5,1.0015,3.24,10.2,1
9.9,1.29,0.08,7.1,0.168,29.0,289.5,0.9918,2.9,9.6,0
14.2,0.67,0.92,8.7,0.049,42.5,59.3,0.9942,3.22,14.8,0
10.6,0.42,0.96,1.1,0.098,60.3,115.1,1.0031,3.19,13.8,1
7.6,0.11,0.35,5.6,0.014,14.2,267.1,0.9974,3.43,12.8,1
10.7,0.66,0.04,3.5,0.013,14.4,221.4,1.0028,3.5,,0
13.2,1.12,0.26,4.9,0.198,57.6,189.9,1.0036,3.15,12.8,1
11.0,0.95,0.06,8.5,0.059,56.2,152.4,1.0009,3.44,10.0,0
12.5_err,1.55,0.35,1.5,0.197,15.2,20.1,,3.35,10.2,0
10.6,0.27,0.05,10.4,0.117,12.5,236.8,0.9904,2.94,14.5,1
6.8,1.58,0.09,6.9,0.053,55.5,35.9,1.0031,3.22,,0
15.2,0.31,0.43,12.0,0.194,2.5,192.1,0.9972,3.71,12.3,1
5.8,1.6,0.12,8.9,0.052,31.7,219.7,0.9913,3.84,10.1,0
4.6,1.15,,14.4,0.172,19.9,249.8,0.9986,3.91,10.1,0
14.3,0.75,0.13,3.8,0.166,5.5,156.8,1.0009,3.12,10.0,0
10.3,0.37,0.49,8.3,0.07,29.7,236.9,0.9908,3.26,10.7,0
5.1,0.2,0.07,11.5,0.183,16.6,257.2,,3.91,8.6,0
13.3,1.35,0.62,2.7,0.05,51.4,203.1,0.9982,3.36,8.8,1
13.0,0.82,0.47,2.2,0.197,43.9,233.6,0.9991,3.06,8.4,0
14.0,0.14,0.76,7.1,,41.7,,0.9988,3.52,13.6,1
6.3,0.94,0.03,13.6,0.059,41.3,267.1,0.9987,3.29,14.0,0
14.9,0.53,0.8,14.1,0.145,59.0,265.9,0.9916,3.93,8.2,0
9.7,1.54,0.46,8.2,0.034,30.0,173.1,0.9962,2.95,10.8,0
12.7,1.15,0.78,13.4,0.093,17.2,71.1,0.9943,2.9,9.4,0
9.3,0.16,0.81,4.6,0.127,69.8,196.6,1.003,3.75,9.6,0
10.1,0.67,0.5,5.0,0.019,28.1,242.8,0.9963,3.89,10.4,0
11.8,1.09,0.19,6.8,0.034,19.2,129.2,0.9925,2.92,10.0,0
7.4,0.63,,4.5,0.095,20.3,18.3,0.9903,2.97,11.9,1
5.8,1.1,0.56,9.9,0.163,16.2,163.1,1.0019,3.82,12.4,0
7.6,1.08,0.21,8.0,0.106,57.5,190.4,1.0004,3.9,12.9,1
13.0,0.65,0.51,11.7,0.062,1.9,262.4,0.9976,3.54,10.9,0
9.5,0.97,0.72,11.6,0.056,26.2,73.3,0.9999,3.23,10.9,0
9.7,0.46,0.18,13.0,0.189,30.8,257.6,1.0038,3.08,9.0,0
8.6,0.47,0.57,12.9,0.067,23.0,266.2,0.9997,,10.6,0
8.7,0.21,0.73,10.5,0.057,13.9,200.4,1.0,2.91,14.3,1
7.0,0.56,0.28,9.8,0.063,44.5,228.2,0.997,3.6,11.2,0
6.5,0.81,0.15,4.2,0.195,5.9,182.0,0.9902,3.57,9.1,0
5.8,1.14,0.35,13.4,0.116,20.7,10.4,1.0024,3.43,12.1,0
15.6,0.79,0.79,9.9,0.14,4.3,170.2,0.9986,3.31,9.9,0
14.8,0.14,0.93,6.1,0.181,2.6,158.2,1.0015,3.75,14.3,1
6.2,1.49,0.59,13.9,0.168,45.1,164.1,0.999,3.08,13.8,1
10.5,0.51,0.26,2.5,0.069,23.5,64.5,1.0039,3.7,13.0,1
9.3,0.13,0.3,11.7,0.055,16.3,188.7,0.9985,3.7,14.2,1
5.4,1.04,0.22,12.0,0.08,69.3,163.0,0.9991,3.84,12.2,0
7.7,1.09,0.01,14.5,0.103,43.7,12.2,0.9969,3.94,8.4,0
8.0,0.24,0.26,1.2,0.084,41.4,88.9,1.0027,3.95,11.0,0
6.1,,0.55,,0.085,26.3,154.5,0.9911,3.37,11.3,1
5.3,0.68,0.98,9.0,0.173,22.1,208.1,0.9901,3.77,8.5,0
15.8,0.52,0.8,3.0,0.161,25.1,251.7,0.9937,3.22,10.1,0
8.4,0.51,0.88,3.6,,38.7,152.5,0.9985,3.83,10.9,0
5.7,0.12,0.4,13.2,0.036,25.9,239.0,1.0008,3.29,12.7,1
4.8,0.34,0.48,13.5,0.028,23.1,213.0,1.0013,3.23,10.1,0
10.2,1.46,,2.5,0.015,2.2,75.7,0.9963,3.1,10.0,1
14.7,,0.04,14.3,0.17,31.5,82.7,0.9905,2.91,10.6,0
6.2,0.79,0.18,12.2,0.072,53.1,161.6,0.9993,3.0,12.1,0
15.4,0.71,0.73,12.4,0.016,35.7,107.3,0.9969,3.44,8.4,0
12.7,0.28,0.25,2.5,0.064,15.7,18.0,1.0019,2.91,13.6,1
9.0,0.61,0.64,13.2,0.108,25.9,83.2,0.993,3.84,10.7,0
12.9,1.15,0.36,2.1,0.145,66.0,102.9,,3.59,13.0,1
13.3,0.52,0.88,6.2,0.073,58.5,194.2,1.0008,3.07,12.0,0
9.0,1.22,0.69,5.3,0.024,43.0,188.8,1.0002,3.54,10.6,0
15.8,0.72,0.55,8.1,0.121,17.0,244.5,0.9979,3.31,10.0,0
10.9,1.47,0.87,11.9,0.041,60.7,40.5,0.9962,3.49,9.9,1
12.4,1.5,0.1,5.3,0.041,2.0,289.4,0.9944,3.24,9.8,0
8.0,0.42,0.95,1.7,0.108,67.5,73.9,0.9921,3.63,14.2,1
,1.08,0.85,14.5,0.105,31.8,266.9,0.9921,2.92,10.6,1
6.4,0.88,0.74,12.9,0.059,70.5,123.3,1.0001,3.67,11.6,1
5.9,1.42,0.34,12.2,0.076,25.6,136.2,0.9921,2.91,14.5,1
13.5,1.41,0.94,7.6,0.043,58.3,231.5,1.001,3.04,12.6,1
8.7,0.66,0.09,7.7,0.104,6.0,196.2,1.003,3.94,12.8,0
10.0,0.73,,2.5,0.109,61.8,113.1,0.997,3.61,10.4,0
16.0,1.03,0.41,7.5,0.155,20.9,168.3,1.0009,3.46,12.3,1
14.4,1.4,0.05,13.1,0.092,29.2,157.5,0.9977,3.16,9.0,0
9.4,0.81,0.11,5.6,0.163,9.1,178.8,1.002,3.98,14.9,0
15.5,1.34,0.03,7.6,0.082,59.1,116.8,0.9918,3.84,11.8,1
9.9,1.15,0.09,10.2,0.15,54.7,189.6,0.9947,3.65,13.9,1
15.2,0.17,0.48,14.2,0.136,45.1,166.4,0.995,3.68,14.8,1
8.4,0.19,0.71,11.0,0.033,29.3,219.6,0.9998,3.75,10.8,1
13.8,0.57,0.9,2.6,0.06,22.3,30.2,0.9933,3.55,9.9,0
15.0,1.54,0.54,12.1,0.156,32.3,83.3,1.0015,3.67,8.1,1
12.8,1.58,0.0,11.5,0.156,49.2,280.2,0.9986,3.84,,0
10.0,1.05,0.83,13.6,0.102,1.1,71.7,0.9931,,15.0,1
6.6,1.15,0.49,6.0,0.111,40.5,51.7,0.9934,2.91,13.7,1
6.6,1.54,0.56,13.9,0.08,21.4,76.3,0.9996,3.67,11.8,0
7.8,0.94,0.02,11.4,0.049,23.6,71.9,0.9966,3.93,9.5,0
5.6,0.66,0.65,4.7,0.116,67.8,33.5,0.993,3.41,14.9,1
4.7,1.36,0.97,11.8,0.192,4.5,55.0,1.0025,3.73,9.9,0
11.6,0.59,0.76,6.8,0.035,49.7,42.5,0.9941,2.95,,1
6.9,1.53,0.72,5.0,0.175,19.3,136.2,1.0013,3.19,10.0,0
11.5,0.29,0.61,6.1,0.179,28.3,66.0,1.0,2.95,13.5,1
11.5,0.92,0.14,14.6,0.156,,216.4,0.9918,3.76,11.8,0
15.5,,0.76,10.3,0.196,60.3,244.4,1.0037,3.15,10.2,0
6.4,1.35,0.76,7.1,0.097,1.9,29.9,0.9964,3.14,12.6,1
13.0,0.61,0.27,7.6,0.109,30.2,97.4,1.0031,3.33,8.6,0
6.7,0.57,0.64,8.4,0.051,15.6,280.4,0.9929,3.03,12.4,1
4.8,0.74,0.49,13.6,0.022,46.7,190.6,1.0001,3.4,11.6,0
6.2,0.65,,5.9,0.183,7.1,220.4,0.9986,3.86,11.3,1
5.3,0.83,0.83,6.4,0.057,64.4,93.4,0.9996,3.14,10.6,1
10.5,1.39,0.59,2.1,0.139,58.0,188.2,1.0026,3.02,14.8,1
10.3,1.57,0.91,7.6,0.145,18.3,57.5,,3.23,14.7,1
15.5,0.67,0.98,1.1,0.153,39.7,43.3,0.993,3.39,10.4,0
,1.31,0.31,9.1,0.162,61.0,31.2,0.9948,3.21,9.2,0
12.3,1.09,0.19,2.1,0.11,15.1,193.1,0.9987,3.66,11.2,0
6.1,1.43,0.95,12.4,0.104,54.3,149.1,0.9918,3.74,,1
6.4,1.43,0.83,12.0,0.114,35.9,65.1,0.9901,3.66,15.0,0
9.9,0.57,0.87,14.1,0.063,33.4,251.6,0.999,3.55,9.8,1
14.0,0.8,0.47,4.3,0.164,22.1,252.0,0.9957,3.44,10.4,1
15.0,0.32,0.35,5.8,0.082,17.1,247.6,0.9924,3.6,9.0,0
4.5,1.6,0.26,4.9,0.185,64.8,33.2,0.9911,3.96,12.3,1
13.3,1.56,0.77,8.2,0.034,2.0,112.1,0.9993,3.0,13.8,1
10.9,0.31,0.61,7.3,0.132,18.7,45.5,1.0028,3.72,11.5,1
13.7,1.19,0.3,14.3,0.143,71.8,63.6,0.9939,2.95,,0
5.4,0.33,0.88,6.3,0.079,14.1,140.0,0.9961,3.98,9.1,0
4.6,0.41,0.47,14.7,0.071,7.0,95.5,0.9975,3.3,12.5,1
11.3,1.23,0.01,12.2,0.167,9.1,157.1,0.9909,3.45,10.3,0
8.9,0.44,0.36,1.0,0.084,6.1,179.5,0.9942,3.02,10.5,0
6.4,0.25,0.99,6.7,0.097,62.6,28.0,0.9992,3.89,10.0,0
10.1,1.56,0.36,9.9,0.137,17.9,122.9,0.9948,3.3,14.1,1
9.5,0.97,0.9,6.6,0.117,11.8,252.6,0.9951,3.73,10.7,0
8.1,0.78,0.17,11.3,0.192,38.8,270.6,0.9934,3.57,14.7,1
7.0,1.02,0.43,3.6,0.183,70.5,60.1,0.9952,3.28,12.2,1
10.8,0.66,0.61,8.6,0.172,53.2,119.1,1.0031,3.96,11.7,0
7.2,0.38,0.55,6.2,0.02,52.7,200.1,0.9984,3.46,13.1,1
5.3,0.61,0.65,11.3,0.124,51.2,129.4,1.0038,3.63,9.1,0
5.4,0.99,0.52,13.2,0.015,7.2,128.4,0.9984,3.71,10.3,0
11.5,1.07,0.05,2.7,0.135,29.0,17.0,0.9907,3.92,10.2,0
9.8,0.12,0.34,8.2,0.086,37.5,154.7,0.9934,3.94,12.5,1
5.0,1.06,0.54,8.7,0.072,66.0,198.1,0.9969,2.97,9.0,0
15.4,0.72,0.52,11.2,0.175,50.3,275.9,0.9901,3.42,10.1,0
14.7,0.43,0.69,12.6,0.117,26.7,108.2,1.0016,3.04,9.8,0
6.1,0.85,0.28,9.0,0.126,42.7,30.0,0.9994,3.59,9.8,0
14.9,0.37,0.28,10.8,0.18,48.6,152.9,0.9966,3.98,12.7,1
7.2,0.33,0.5,3.3,0.154,25.8,90.0,,3.52,10.3,0
9.6,0.82,0.13,4.9,0.049,22.1,239.2,1.0016,2.97,11.7,1
9.4,1.27,0.04,11.2,0.061,55.4,215.7,0.9936,3.89,11.8,1
8.1,0.12,0.07,13.4,0.158,54.8,76.1,0.9953,3.5,8.0,0
15.1,1.06,0.16,,0.065,13.7,259.3,0.9974,,11.4,1
10.2,0.22,0.54,12.3,0.047,67.2,150.7,1.0011,3.22,8.6,0
5.4,1.21,0.24,7.5,0.056,32.2,152.9,1.0035,3.92,12.0,0
15.4,0.76,0.46,10.8,0.109,32.4,87.0,1.0011,2.92,11.7,1
11.3,0.22,0.19,11.7,0.116,27.6,36.0,0.9944,3.86,10.2,0
12.2,0.69,0.26,7.6,0.181,37.9,261.8,0.9932,2.96,13.1,1
11.9,1.46,0.88,12.1,0.15,3.6,178.1,0.9983,3.21,8.0,0
9.7,1.36,0.59,3.8,0.065,10.7,22.7,0.9936,3.51,11.7,1
6.8,0.87,0.57,10.6,0.03,32.6,265.3,0.9995,3.93,14.0,1
14.8,0.16,0.27,4.1,,63.9,138.1,0.9931,3.16,9.7,0
7.1,1.19,0.63,9.8,0.193,2.2,8.9,1.0001,3.84,8.8,0
11.8,1.09,0.77,1.3,0.103,35.6,241.8,0.9955,3.75,14.0,1
12.6,1.6,0.81,6.5,0.15,71.5,72.7,0.9956,3.09,9.7,1
9.2,1.6,0.5,11.8,0.142,27.6,226.6,0.9977,3.08,14.9,1
11.6,1.39,0.36,14.3,0.109,,116.6,0.9945,3.37,14.3,0
15.0,0.88,0.13,13.9,0.056,24.0,137.5,0.9905,3.31,13.6,1
12.7,0.39,0.62,5.5,0.087,43.5,38.0,0.9938,3.52,11.5,1
5.1,0.79,0.41,6.5,0.118,13.0,205.1,0.9923,3.27,14.6,1
9.3,0.91,0.3,10.9,0.171,31.9,214.4,0.9927,3.42,11.5,0
6.7,0.86,0.81,2.7,0.112,23.6,194.3,1.0036,3.25,12.3,1
14.7,,0.88,2.4,0.145,50.3,280.7,1.0039,2.91,8.9,0
11.8,0.53,0.86,7.3,0.022,39.2,199.3,0.9921,3.82,9.5,0
11.9,1.36,0.27,2.5,0.037,41.2,182.3,0.9934,3.96,13.7,1
7.6,0.51,0.27,14.1,0.181,27.7,253.2,1.0,3.29,11.9,1
7.9,0.29,0.43,12.1,0.096,13.9,91.4,0.9914,3.74,10.6,0
10.1,0.73,0.55,10.4,0.026,33.2,91.8,0.9971,3.34,9.7,0
9.4,1.05,0.84,3.8,0.171,68.4,205.8,1.0016,3.03,11.9,0
15.0,0.46,0.35,14.8,0.172,54.9,218.9,0.9955,3.24,10.5,0
15.4,1.34,0.5,5.5,0.069,27.3,68.6,0.9985,3.75,10.4,1
5.7,1.33,0.56,3.7,0.114,71.4,220.4,0.9944,3.99,8.2,0
6.4,0.87,0.23,5.5,0.039,62.8,218.8,0.9981,3.07,,0
10.0,0.81,0.92,4.9,0.135,13.7,239.4,0.9929,3.81,14.2,1
14.0,0.25,0.63,6.8,0.118,9.5,276.2,1.0014,3.35,11.5,1
15.4,0.61,0.37,3.1,0.07,55.1,57.4,1.001,3.49,11.8,1
11.9,1.1,0.42,3.3,0.096,55.1,271.5,0.9985,3.94,12.6,0
15.8,0.34,0.15,8.7,0.123,18.2,207.8,1.0023,3.97,11.9,0
13.7,0.42,0.9,14.7,0.094,7.3,191.2,1.0025,3.47,13.4,1
5.3,0.53,0.24,2.8,0.168,46.7,93.7,1.002,3.73,13.8,0
10.3,0.88,0.08,1.7,0.055,1.7,,1.0005,3.36,11.3,0
8.7,1.09,0.9,13.6,0.161,59.6,75.1,1.0039,3.56,11.8,1
14.8,0.12,0.61,14.3,0.061,51.9,115.6,1.0023,3.16,11.3,1
12.1,0.17,0.35,12.1,0.151,42.1,276.8,0.9915,3.66,14.5,1
6.4,0.38,0.5,1.4,,16.4,,0.9967,3.47,12.8,1
8.2,0.86,0.35,10.6,0.041,30.2,59.1,0.9985,3.31,12.1,1
6.7,0.71,0.71,11.0,0.129,59.7,207.4,0.993,,11.1,1
5.6,1.13,0.72,7.1,0.155,4.6,280.3,0.9933,3.25,11.6,0
10.0,0.29,0.98,11.7,0.036,42.2,118.2,0.9955,3.63,9.4,0
4.6,0.58,0.75,11.0,0.104,23.0,96.8,0.9908,3.36,13.3,1
12.4,0.39,0.41,9.2,,40.3,89.2,1.002,3.53,9.3,0
7.4,1.17,0.98,3.6,0.016,69.5,53.3,0.9955,3.58,9.2,0
,0.94,0.23,1.2,0.093,67.2,217.2,1.0028,2.94,8.8,0
11.1,1.08,0.07,10.6,0.14,71.9,11.9,0.9958,3.37,12.7,1
9.2,0.1,0.24,10.2,0.162,40.0,9.4,0.99,3.3,13.4,1
12.7,1.43,0.49,13.5,0.055,8.8,98.0,0.9922,3.96,9.6,0
4.6,0.93,0.25,2.0,0.047,46.5,165.0,0.9903,2.96,9.9,0
6.1,0.29,0.99,9.4,0.034,55.9,119.5,1.0015,3.93,14.0,1
7.1,1.46,0.03,5.2,0.158,25.5,80.2,0.9928,,13.7,1
15.6,0.53,0.34,13.6,0.159,15.4,88.6,0.993,3.33,8.1,0
7.6,1.39,0.76,3.9,0.071,61.3,140.2,1.0029,3.09,11.3,1
6.1,0.26,0.59,11.6,0.182,26.5,115.4,0.9988,3.83,12.2,0
12.7,1.31,0.62,6.4,0.092,13.7,163.2,0.997,2.94,8.9,0
6.6,1.19,0.76,7.9,0.193,62.0,124.1,1.0015,3.92,8.5,0
9.5,1.43,0.61,3.8,0.179,26.7,201.7,0.9975,,8.9,0
9.8,0.84,0.29,3.0,0.033,65.7,9.6,1.0029,3.53,10.2,0
11.9,1.48,0.2,5.9,0.192,65.2,206.4,1.0018,3.31,10.9,0
8.0,0.39,0.44,11.6,0.042,7.5,263.2,0.9989,3.89,12.0,0
5.3,0.36,0.58,5.6,0.137,34.5,247.7,0.9946,3.97,10.5,0
9.0,0.89,0.48,1.2,0.188,61.3,,0.9958,3.08,13.5,1
14.5,1.23,0.78,8.4,0.096,9.7,98.1,0.9964,3.81,,0
12.1,1.55,0.45,2.3,0.134,60.9,114.6,1.0002,3.29,14.0,1
,0.34,0.83,9.7,0.148,45.5,193.0,0.9959,3.24,11.2,1
7.9,0.83,0.77,12.4,0.043,35.1,72.1,0.9957,3.47,10.2,0
12.8,0.93,0.32,8.2,0.135,26.6,115.3,1.0036,3.44,13.4,1
14.8,0.54,0.35,3.7,0.091,15.1,107.7,1.0025,3.14,14.7,1
7.2,1.0,0.99,10.0,0.123,4.0,286.9,0.9922,3.7,14.4,1
12.2,0.75,0.17,12.7,0.11,21.3,88.2,0.9964,3.07,15.0,1
8.5,1.51,0.04,9.1,0.075,39.6,71.1,0.994,3.75,12.4,1
12.0,0.79,0.14,12.3,0.038,62.1,183.1,0.9903,3.83,14.8,1
11.6,1.27,0.46,13.7,0.021,41.0,68.7,0.9972,3.34,14.4,1
9.8,1.38,0.99,5.6,0.104,36.0,156.9,0.9988,3.99,8.2,0
11.7,0.35,0.94,14.2,0.075,19.8,218.8,0.9952,3.87,13.9,1
6.1,0.47,0.59,4.6,0.014,50.4,39.7,0.9905,3.34,14.9,1
9.1,0.5,,3.1,0.061,14.4,199.8,0.9936,3.45,13.3,0
9.3,1.26,0.94,6.0,0.047,15.3,238.9,0.9993,3.27,12.0,0
9.0,0.47,0.05,2.4,0.137,71.2,219.4,,3.87,8.8,0
15.3,1.01,0.47,9.7,0.152,6.3,287.0,0.9999,3.41,11.7,0
9.9,0.56,0.76,12.8,0.13,24.3,99.9,0.9998,3.99,10.1,1
4.7,1.13,0.39,7.3,0.067,10.0,41.8,0.9966,3.49,12.1,0
,0.96,0.08,7.9,0.162,4.2,275.0,0.9922,3.74,9.7,0
12.6,1.29,0.78,6.3,0.093,63.2,56.7,1.0026,3.31,14.3,1
5.2,0.57,0.09,2.3,0.102,57.2,162.0,1.0028,3.87,11.5,0
11.3,1.47,0.88,1.5,0.086,64.3,84.3,0.9969,3.92,13.7,1
12.5,0.33,,5.0,0.032,43.4,128.3,0.9916,3.12,8.9,1
13.9,1.4,0.58,7.2,0.161,4.2,21.1,0.993,3.72,13.4,1
14.3,1.44,0.73,5.9,0.153,23.9,50.4,0.9945,3.01,14.0,1
14.4,1.33,0.51,9.5,0.123,18.0,241.7,0.9948,3.87,10.7,0
14.3,0.66,0.53,5.9,0.097,10.2,198.5,1.0017,3.9,10.7,1
6.3,0.43,0.69,,0.047,5.2,171.1,0.9972,3.28,10.8,0
6.8,1.45,0.03,6.7,0.054,19.4,155.5,,3.94,14.1,0
4.9,0.45,0.54,9.8,0.167,51.5,278.6,0.9995,2.91,14.9,1
9.6,0.59,0.16,6.3,0.08,48.2,93.1,1.0018,3.44,13.2,1
5.9,0.14,0.18,6.2,0.035,14.8,24.6,0.9933,3.96,14.8,1
15.0,0.32,0.9,10.1,0.164,61.8,125.7,1.0023,3.22,14.2,1
13.6,0.23,0.49,1.9,0.153,58.5,197.1,0.9913,2.98,8.3,0
10.0,1.58,0.69,14.4,0.09,51.5,26.2,1.0029,3.03,12.2,1
13.7,1.23,,2.1,0.069,67.5,158.4,0.9926,3.41,8.4,0
15.4,1.27,0.72,9.3,0.189,24.9,201.2,0.9929,3.37,8.1,0
5.0,0.92,0.6,8.1,0.101,68.8,283.2,0.9939,3.53,12.2,0
11.8,0.9,0.4,13.0,0.118,23.0,247.5,0.9953,3.1,13.3,1
9.5,0.5,0.1,5.7,0.163,67.2,73.7,,3.84,11.3,0
5.2,0.19,0.23,2.0,0.054,66.8,174.7,0.9924,3.14,13.4,0
14.7_err,0.79,0.26,1.9,0.017,22.0,192.4,0.9956,3.25,12.2,1
11.0,0.23,0.11,14.7,0.199,68.2,242.9,1.0013,,8.4,0
15.7,1.19,0.53,14.8,0.075,17.8,124.0,0.9937,3.06,10.7,0
11.5,1.55,0.41,5.1,0.11,18.7,82.7,1.0035,3.54,11.4,1
8.2,0.11,0.97,9.7,0.059,37.1,257.8,0.9956,3.48,10.3,0
15.9,0.97,0.7,7.7,0.073,38.9,169.2,1.0028,3.41,13.8,1
15.6,0.55,0.26,11.1,0.074,47.5,222.1,0.9994,3.49,8.5,0
10.8,,0.17,12.4,0.076,14.7,91.2,0.9907,3.06,14.6,1
9.0,1.56,0.71,8.3,0.131,59.3,258.2,0.9939,3.25,9.9,0
6.3,0.36,0.26,6.0,0.17,27.2,283.2,0.9954,3.22,8.8,0
7.0,1.47,0.55,12.4,0.171,1.1,260.6,1.0009,3.79,12.3,0
13.0,0.34,0.87,10.3,0.022,36.3,26.7,0.9925,3.6,9.2,1
11.2,0.63,0.59,13.8,0.037,31.6,277.6,1.0018,3.93,12.2,1
9.6,0.5,,2.8,0.119,18.2,246.2,0.9906,3.17,13.1,1
12.0,1.04,0.2,12.0,0.177,7.3,163.5,0.9918,2.96,13.1,1
9.8,0.63,0.69,14.3,0.112,56.8,67.6,0.9983,3.21,13.9,1
7.2,1.41,0.13,8.0,0.046,57.0,177.5,0.9912,3.26,11.1,1
7.1,0.66,0.62,8.1,0.042,53.7,126.4,1.0039,3.28,12.3,1
10.4,0.35,0.36,5.3,0.15,14.8,121.1,0.997,3.89,8.2,0
5.8,0.45,0.28,6.6,0.191,68.3,25.7,1.0022,3.94,12.6,1
12.2,0.16,0.34,6.9,0.033,56.6,87.0,0.9981,2.93,,1
5.4,1.2,0.24,5.4,0.126,29.6,103.3,1.0016,3.0,12.5,1
7.6,0.78,0.37,7.7,0.171,66.5,132.0,1.0035,3.09,13.8,1
11.1,1.05,0.13,14.6,0.112,66.1,242.8,0.9917,3.78,14.1,1
4.6,0.16,0.55,6.1,0.189,46.2,226.9,1.0038,3.45,11.3,0
10.2,0.71,0.12,8.1,0.118,7.1,33.6,0.999,3.58,10.6,1
13.4,0.15,0.43,6.6,0.056,2.7,222.0,0.9983,3.05,10.0,1
13.3,1.1,0.56,3.0,0.013,18.0,225.0,1.0035,3.57,10.7,0
14.3,1.29,0.99,7.5,0.048,42.5,28.3,0.9921,3.03,12.0,1
6.8,1.4,0.06,5.7,0.068,17.2,176.3,1.0016,3.78,12.1,0
14.8,1.32,0.52,12.2,0.196,68.1,281.0,1.0021,3.66,11.9,0
8.8,0.98,0.94,8.3,0.134,7.0,173.6,0.9942,2.94,8.4,0
6.2,0.74,0.12,4.3,0.199,19.2,89.4,0.9933,2.92,14.1,1
11.9,1.06,0.27,10.8,0.092,37.4,114.1,0.9977,3.36,14.9,1
14.1,1.04,0.7,4.7,0.17,44.8,242.1,0.9996,3.09,14.4,1
9.6,0.72,0.74,3.0,0.066,28.4,213.3,1.0002,3.7,9.9,0
6.8,0.64,0.39,9.6,0.166,53.5,231.7,0.9937,3.66,11.2,0
12.6,1.2,0.27,13.4,0.198,43.8,145.0,1.0004,3.09,,0
12.6,0.31,0.1,9.4,0.185,31.1,15.7,1.0033,3.13,9.8,0
15.7,0.18,0.33,9.3,0.105,4.8,91.5,1.0002,3.44,13.2,1
15.4,0.65,0.31,1.5,0.048,24.9,11.9,0.9923,,8.5,0
14.9,1.09,0.99,13.9,0.125,16.5,128.6,0.9934,3.59,13.2,1
7.6,0.68,0.94,5.7,0.164,31.9,173.4,0.9967,3.4,11.6,0
5.4,0.6,0.39,10.9,0.015,11.5,231.1,1.0034,3.91,14.7,1
8.3,0.77,0.15,8.5,0.161,17.4,199.6,0.9938,3.63,11.4,0
9.8,1.19,0.32,3.5,0.078,63.8,249.5,1.003,3.47,11.8,0
5.4,0.67,0.69,11.5,0.072,65.7,177.9,0.9977,2.96,8.3,1
11.9,0.22,0.01,6.9,0.199,11.1,108.8,0.9931,3.9,13.7,1
12.4,1.24,0.99,4.8,0.044,,51.3,1.0023,3.9,10.3,0
5.9,1.28,0.68,6.5,0.031,58.5,19.2,0.9989,3.3,8.6,0
5.7,0.64,0.48,6.3,0.112,61.5,227.0,0.9903,3.55,8.5,0
16.0,0.52,0.07,7.3,0.099,21.8,88.8,0.9904,3.78,9.3,0
7.5,0.23,0.45,13.9,0.026,13.9,168.3,0.9954,2.96,8.9,0
11.6,1.16,0.08,1.6,0.017,24.3,66.2,0.9999,3.0,13.9,1
12.8,0.44,0.85,10.7,0.149,,231.7,0.9947,3.41,8.4,0
13.9,0.18,0.33,6.1,0.115,42.6,95.3,0.9983,3.82,11.1,1
11.9,0.43,0.66,11.2,0.055,53.2,244.6,1.0001,3.37,8.8,0
10.3,0.47,0.27,13.4,0.183,3.8,57.9,1.0,2.97,11.0,0
,0.3,0.1,2.0,0.182,46.2,14.2,0.9947,3.9,11.3,1
10.3,0.94,0.21,4.6,0.186,2.2,241.0,0.991,2.93,14.5,1
11.5,0.62,0.39,4.6,0.198,39.4,,0.9999,3.94,12.4,1
10.3,0.69,0.61,2.3,0.173,42.6,162.1,0.9996,3.78,9.9,0
13.6,1.14,0.22,,0.055,61.5,214.5,1.0036,3.76,12.2,0
6.3,0.84,0.09,7.0,0.012,39.2,261.0,,2.94,13.9,1
6.4,1.08,0.75,8.4,0.062,68.2,160.6,1.0018,3.89,13.4,0
11.0,0.51,0.84,13.6,0.096,59.7,212.3,0.9974,3.8,8.3,0
13.8,1.59,0.7,14.9,0.106,14.7,52.8,0.9972,3.7,9.1,0
15.0,0.35,0.77,8.0,0.168,25.6,40.2,0.9956,3.33,10.4,1
13.8,1.08,0.74,10.6,,18.2,209.8,0.9908,3.72,11.0,1
13.9,1.47,0.63,7.5,0.015,17.8,105.7,0.9915,3.37,13.4,1
7.7,0.21,0.96,13.7,0.077,3.2,43.8,0.9949,3.26,13.1,1
6.7,0.41,1.0,2.4,0.024,70.5,197.9,0.9915,3.41,12.2,1
12.7,1.34,0.08,7.4,0.061,9.3,289.8,0.9902,3.46,12.5,1
4.9,0.49,0.73,7.7,0.108,63.0,25.7,0.9973,3.15,12.9,0
13.5,0.79,0.65,8.0,0.114,62.4,104.5,0.9951,3.87,10.9,0
12.0,1.15,0.9,9.2,0.122,47.1,69.0,0.9938,3.52,9.9,1
7.1,1.14,0.75,10.8,0.135,59.9,38.3,1.0009,3.86,10.2,0
4.9,0.53,0.24,4.3,0.077,11.4,259.6,1.004,3.14,11.8,0
10.4,0.84,0.12,7.0,0.096,22.2,114.6,0.9905,3.49,9.9,0
15.3,0.12,0.32,7.4,0.187,71.9,222.7,0.9998,3.36,13.7,1
10.9,0.11,0.8,3.4,0.094,66.1,145.2,0.9986,3.33,13.2,1
10.1,0.45,0.51,4.1,0.142,69.0,88.9,0.9968,3.3,12.0,1
9.2,1.16,0.69,1.9,0.167,50.3,17.8,0.9987,3.39,14.8,1
13.4,,0.49,10.7,0.023,,133.1,0.9996,3.04,14.7,1
11.2,1.32,0.87,14.0,0.093,12.3,,0.9933,3.38,11.5,1
15.0,1.11,0.43,14.4,0.136,38.2,280.0,0.9998,3.16,12.0,0
14.0,0.37,0.22,5.9,0.172,31.9,58.9,,,10.4,1
13.1,0.5,0.94,6.8,0.039,8.5,215.2,0.9928,3.1,10.5,0
10.1,1.33,0.39,1.3,0.172,11.6,12.5,0.9964,3.93,10.2,0
10.9,1.01,0.4,13.9,0.193,23.0,164.6,0.9937,3.24,10.9,1
12.4,0.59,0.58,7.5,0.014,11.4,22.9,1.0012,3.77,14.4,1
5.0,0.21,0.06,1.7,0.096,58.3,29.9,0.9931,3.98,8.2,0
7.3,1.42,0.15,4.2,0.181,16.9,150.6,0.9976,3.91,14.3,1
6.3,0.2,0.97,13.4,0.121,5.2,130.0,0.9921,3.05,,1
5.7,,0.74,14.3,,53.4,29.9,0.9921,3.3,9.6,0
13.8,0.11,0.23,11.1,0.049,34.5,140.9,0.9931,3.06,,0
9.9,0.19,0.31,14.4,0.191,6.5,,0.9988,3.69,9.3,1
15.9,1.36,0.03,11.6,0.081,63.3,40.0,0.9973,3.02,14.5,1
6.2,1.22,0.26,3.9,0.113,6.4,250.0,0.9928,3.51,11.4,0
10.4,0.11,0.78,,0.101,50.2,22.1,0.9956,3.77,13.8,1
12.3,0.79,0.72,9.1,0.089,57.6,130.0,0.9948,3.88,10.4,0
5.0,0.69,0.21,14.5,0.163,33.8,17.1,0.996,3.67,8.9,0
5.5,1.22,0.67,14.1,0.139,31.4,66.7,0.9926,3.24,10.6,0
7.6,0.65,0.0,1.2,0.095,18.5,130.6,0.9978,3.28,8.6,0
14.7,0.85,0.97,5.9,0.09,69.2,42.0,0.9903,3.23,11.3,1
7.5,0.75,0.2,12.4,0.167,43.6,15.1,0.9975,2.9,8.2,0
,0.46,0.21,5.1,0.162,35.0,276.4,0.993,3.19,11.4,0
8.6,0.44,0.77,12.8,0.158,51.0,268.3,0.9961,3.94,14.7,1
14.7,1.26,0.42,13.3,0.033,26.8,25.3,1.0019,2.95,8.9,0
8.8,1.19,0.66,3.9,0.08,6.2,243.0,1.0024,3.54,,0
11.6,0.66,0.37,13.8,0.133,45.3,41.5,0.9919,3.75,12.9,1
5.7,0.47,0.23,11.6,0.168,68.8,250.1,0.99,3.53,14.9,1
9.0,1.02,0.59,2.6,0.044,8.0,119.7,1.0024,3.97,13.8,1
7.9,1.33,0.7,10.0,0.184,23.7,162.3,0.9915,3.25,11.1,0
11.2,0.72,0.58,3.1,0.12,35.1,163.8,0.992,3.12,8.3,0
15.4,0.33,0.06,12.5,0.148,24.6,110.7,0.998,3.2,11.0,1
12.1,1.23,0.83,13.2,0.154,19.0,127.4,1.0034,3.77,12.2,1
14.9,0.68,0.36,11.2,0.177,59.4,50.2,0.9972,3.52,14.3,1
5.3,0.49,0.6,12.2,0.163,5.3,203.5,1.0007,3.31,14.4,1
15.3,0.95,0.12,9.9,0.064,61.5,194.0,0.9991,3.13,14.4,1
12.1,0.39,0.3,12.5,0.027,54.8,117.1,0.995,3.1,9.3,0
7.6,0.61,0.42,5.8,0.121,8.8,289.5,0.9945,3.01,10.2,1
4.8,1.15,0.3,15.0,0.037,69.4,31.1,0.9987,3.65,14.6,1
9.4,0.42,0.17,11.6,0.186,65.8,264.5,0.9944,3.59,10.7,1
15.7,1.6,0.38,,0.048,53.5,37.8,0.9978,2.92,8.1,0
9.3,0.27,0.83,13.5,0.099,43.4,107.5,0.9959,3.22,11.5,1
13.3,0.62,0.16,7.1,0.1,70.6,141.5,0.9988,3.45,12.9,0
5.8,0.33,0.41,3.6,0.081,55.5,141.8,0.9946,3.21,12.9,1
7.3,0.27,0.24,14.6,0.097,5.5,241.5,0.9912,3.0,10.5,0
11.2,0.18,0.56,13.9,0.041,32.1,251.6,0.9921,2.95,9.0,0
5.3,0.83,0.83,6.4,0.057,64.4,93.4,0.9996,3.14,10.6,1
15.7,0.4,0.27,3.4,0.054,45.0,19.1,0.9923,,8.1,0
11.1,0.36,0.53,14.7,0.142,56.7,86.8,1.0018,3.2,8.7,0
16.0,1.04,0.23,10.2,0.053,11.0,200.2,0.9992,3.71,10.5,0
12.4,0.65,0.11,4.9,0.119,3.5,204.5,1.0028,3.74,9.8,1
7.1,1.11,0.92,3.1,0.098,33.4,232.4,0.9969,3.08,13.1,0
10.2,0.87,0.5,11.4,0.07,46.5,74.8,0.995,3.0,11.6,0
4.6,1.37,0.55,1.8,0.106,26.4,177.7,1.0028,3.11,12.9,1
14.1,1.07,0.3,7.1,0.096,56.3,95.3,1.0027,3.92,10.5,0
14.9,0.15,0.35,10.5,0.035,36.8,241.4,1.0039,3.57,11.1,1
11.5,0.21,0.83,14.8,0.038,64.2,72.5,0.996,3.26,8.8,0
8.5,0.56,0.13,9.9,0.137,57.4,102.4,1.0003,3.25,11.4,1
13.4,0.34,0.62,8.0,0.054,5.7,123.0,0.9903,3.73,12.1,1
10.8,1.54,0.48,8.8,0.123,6.5,267.9,1.002,3.94,12.8,0
7.5,1.57,0.53,5.2,0.064,68.6,90.0,0.9965,3.68,13.3,1
14.9,0.88,0.48,8.8,0.153,5.5,264.3,0.9934,3.06,9.4,0
6.6,0.3,0.22,15.0,0.18,52.1,88.3,1.0015,3.94,13.1,1
11.3,0.31,0.33,10.9,0.167,10.4,43.0,1.003,3.93,14.0,1
6.9,1.12,0.04,10.2,0.183,22.7,207.0,1.0011,3.78,12.8,0
12.9,0.94,0.25,8.1,0.177,30.1,155.6,1.0031,3.05,14.0,1
13.4,0.61,0.24,14.7,0.038,28.4,93.1,0.9978,3.34,9.2,0
14.4,0.97,0.48,13.3,0.174,47.2,266.6,0.9921,3.15,11.7,1
9.1,0.36,0.94,13.5,0.097,48.7,88.9,0.9922,3.67,14.8,1
10.0,0.42,0.81,12.4,0.013,52.6,118.5,0.9946,3.92,12.1,0
15.4,1.34,0.5,5.5,0.069,27.3,68.6,0.9985,3.75,10.4,1
10.1,1.58,0.26,1.4,0.074,64.2,119.7,1.0008,2.95,9.6,0
14.2,1.25,0.09,9.6,0.131,3.5,145.3,0.9988,3.07,12.6,1
4.5,1.01,0.16,6.4,0.077,10.7,218.4,0.9931,3.79,12.5,1
7.2,0.57,1.0,12.0,0.131,38.2,53.7,0.9926,3.69,8.6,0
7.9,0.8,0.3,8.7,0.085,5.4,115.6,1.0038,4.0,12.7,0
8.1,1.12,0.38,13.7,0.076,52.6,89.2,0.9936,3.45,9.1,0
4.5,0.35,0.84,10.5,0.179,21.1,108.3,0.9991,3.58,8.3,0
15.3,0.74,1.0,8.1,0.045,67.5,23.7,0.9904,3.54,11.0,1
10.4,0.76,0.91,11.1,0.016,48.1,40.8,0.9944,3.32,14.1,1
11.9,0.74,0.9,5.6,0.197,,179.9,0.9989,3.66,15.0,1
5.7,0.44,0.31,4.5,0.168,62.1,239.7,,3.33,8.6,0
7.9,1.49,0.96,4.6,0.084,16.7,287.7,0.9926,3.0,12.5,0
9.5,1.05,0.4,11.2,0.111,66.0,19.2,0.9921,3.56,13.1,0
,0.6,0.18,11.0,0.062,4.0,90.5,0.9936,3.71,9.0,0
7.3,1.27,1.0,1.9,0.171,44.2,,1.0023,3.4,11.1,0
15.8,0.51,0.5,3.6,0.198,45.1,208.4,0.9974,3.8,10.5,1
6.1,0.47,0.59,4.6,0.014,50.4,39.7,0.9905,3.34,14.9,1
11.8,0.9,0.4,13.0,0.118,23.0,247.5,0.9953,3.1,13.3,1
8.0,1.46,0.65,9.3,0.072,62.5,71.6,0.9964,3.68,10.6,1
8.3,1.1,0.65,13.3,0.023,66.0,118.6,0.9978,3.33,12.0,1
11.1,0.69,0.79,11.7,0.158,46.5,181.3,0.9941,3.05,,1
12.3,0.86,0.12,,0.122,19.8,11.6,0.9942,,10.1,0
6.9,1.08,0.1,1.0,0.149,56.8,170.6,0.9941,3.98,13.7,1
