age,account_balance,call_duration_sec,campaign_contacts,prev_contacts,has_loan,has_housing,credit_score,subscribed
-5.0,41514.44,125.0,6.0,4.0,0.0,0.0,714.0,1
65.0,44850.04,-30.0,4.0,2.0,0.0,1.0,592.0,1
24.0,27225.37,114.0,50.0,0.0,1.0,1.0,684.0,0
68.0,32388.32,591.0,4.0,2.0,0.0,1.0,1200.0,1
32.0,-10000.0,284.0,14.0,0.0,0.0,0.0,703.0,0
47.0,12452.03,90.0,5.0,0.0,0.0,0.0,413.0,0
62.0,46087.72,163.0,7.0,1.0,0.0,1.0,318.0,0
21.0,37528.77,305.0,3.0,3.0,0.0,0.0,368.0,1
34.0,35587.36,466.0,1.0,0.0,0.0,1.0,712.0,1
44.0,22993.32,44.0,12.0,2.0,0.0,0.0,502.0,0
39.0,32852.36,236.0,6.0,1.0,0.0,0.0,847.0,1
52.0,18415.53,254.0,14.0,2.0,1.0,1.0,646.0,0
52.0,37367.25,227.0,11.0,1.0,0.0,1.0,837.0,0
18.0,45286.91,155.0,13.0,2.0,0.0,0.0,454.0,0
54.0,304.88,330.0,10.0,4.0,0.0,1.0,413.0,0
38.0,12730.08,423.0,1.0,0.0,1.0,0.0,333.0_err,1
30.0,22334.17,563.0,1.0,3.0,1.0,0.0,731.0,1
68.0,18785.2,407.0,5.0,0.0,0.0,1.0,687.0,1
18.0,10711.29,32.0,,2.0,1.0,0.0,384.0,0
32.0,15309.53,316.0,13.0,0.0,0.0,0.0,757.0,0
20.0,5783.19,499.0,11.0,3.0,0.0,1.0,770.0,0
42.0,,125.0,10.0,4.0,0.0,0.0,758.0,0
35.0,17496.9,274.0,11.0,1.0,0.0,0.0,779.0,1
22.0,39782.37,15.0,3.0,3.0,1.0,1.0,402.0,0
42.0,11953.23,571.0,11.0,3.0,1.0,1.0,441.0,1
65.0,20883.98,21.0,10.0,4.0,0.0,0.0,755.0,0
44.0,46444.69,456.0,4.0,3.0,0.0,1.0,590.0,1
42.0,30984.43,137.0,4.0,0.0,0.0,0.0,360.0,0
24.0,34721.13,518.0,13.0,0.0,0.0,0.0,713.0,1
,659.62,0.0,3.0,1.0,0.0,1.0,323.0,0
20.0,20225.19,546.0,4.0,0.0,0.0,1.0,419.0,1
40.0,713.92,31.0,13.0,0.0,0.0,0.0,753.0,0
25.0,42627.54,228.0,9.0,4.0,0.0,1.0,448.0,0
27.0,5274.59,114.0,5.0,4.0,0.0,1.0,602.0,0
64.0,16825.02,425.0,10.0,4.0,1.0,1.0,728.0,1
19.0,47871.34,325.0,4.0,3.0,0.0,1.0,304.0,1
56.0,28891.17,515.0,14.0,4.0,0.0,0.0,826.0,1
62.0,45264.68,423.0,5.0,4.0,1.0,1.0,648.0,1
43.0,6188.72,495.0,9.0,0.0,0.0,0.0,400.0,0
49.0,41159.42,452.0,5.0,2.0,1.0,0.0,712.0,1
44.0,14315.39,565.0,7.0,3.0,1.0,,642.0,1
38.0,22251.99,113.0,14.0,1.0,0.0,1.0,819.0,0
56.0,37470.51,266.0,9.0,2.0,1.0,1.0,309.0,0
45.0,4775.98,165.0,3.0,1.0,1.0,1.0,646.0,0
54.0,25594.69,206.0,11.0,2.0,0.0,,728.0,0
59.0,31739.13,593.0,5.0,3.0,0.0,0.0,681.0,1
32.0,25481.37,559.0,12.0,3.0,0.0,1.0,653.0,1
30.0,35043.3,186.0,14.0,1.0,0.0,0.0,838.0,0
46.0,11755.69,414.0,10.0,1.0,0.0,1.0,807.0,0
52.0,23568.25,396.0,14.0,2.0,0.0,0.0,581.0,0
45.0,19754.04,390.0,14.0,0.0,0.0,0.0,836.0,1
18.0,9203.69,334.0,10.0,3.0,0.0,0.0,642.0,0
35.0,32614.45,305.0,3.0,4.0,0.0,1.0,539.0,0
30.0,22595.49,444.0,4.0,2.0,1.0,1.0,412.0,0
44.0,44991.83,576.0,11.0,2.0,0.0,0.0,579.0,1
27.0,48852.68,44.0,2.0,2.0,,1.0,798.0,0
48.0,13758.32,290.0,12.0,2.0,0.0,0.0,515.0,1
,12427.33,305.0,8.0,0.0,0.0,0.0,311.0,0
26.0,24680.73,345.0,14.0,4.0,0.0,1.0,817.0,1
68.0,40017.45,270.0,7.0,4.0,0.0,0.0,682.0,0
55.0,16739.59,132.0,10.0,2.0,0.0,0.0,559.0,0
50.0,41229.93,490.0,9.0,4.0,0.0,0.0,321.0,1
28.0,37455.48,259.0,5.0,2.0,0.0,0.0,429.0,0
31.0,40812.76,507.0,2.0,0.0,0.0,1.0,521.0,1
19.0,18082.28,307.0,1.0,2.0,1.0,0.0,715.0,1
55.0,22375.82,354.0,8.0,2.0,1.0,1.0,788.0,1
38.0,22542.29,442.0,6.0,2.0,0.0,1.0,388.0,1
30.0,12188.48,283.0,5.0,0.0,1.0,1.0,823.0,1
23.0,46240.41,314.0,4.0,1.0,0.0,,425.0,1
26.0,23199.06,447.0,6.0,3.0,1.0,1.0,470.0,1
59.0,35833.73,169.0,12.0,2.0,0.0,0.0,795.0,1
61.0,44629.23,309.0,9.0,4.0,0.0,0.0,319.0,0
59.0,4419.61,2.0,8.0,0.0,0.0,0.0,480.0,0
52.0,15749.29,82.0,6.0,2.0,0.0,0.0,570.0,0
59.0,28931.04,184.0,6.0,2.0,1.0,0.0,568.0,0
38.0,24006.6,159.0,13.0,3.0,1.0,1.0,363.0,0
30.0,1561.95,481.0,9.0,2.0,1.0,1.0,482.0,0
56.0,40351.43,31.0,1.0,0.0,0.0,1.0,701.0,0
46.0,1776.51,268.0,13.0,1.0,0.0,0.0,759.0,1
25.0,34874.71,142.0,9.0,2.0,0.0,0.0,754.0,1
39.0,48007.66,296.0,13.0,0.0,0.0,1.0,801.0,0
69.0,17292.6,323.0,,2.0,1.0,0.0,690.0,0
27.0,14146.83,523.0,10.0,0.0,0.0,1.0,614.0,1
46.0,13430.69,4.0,12.0,2.0,0.0,1.0,651.0,0
32.0,29262.08,265.0,1.0,3.0,0.0,0.0,807.0,1
26.0,24607.26,27.0,11.0,4.0,1.0,0.0,481.0,0
50.0,8835.0,184.0,2.0,4.0,1.0,0.0,723.0,1
67.0,22082.24,341.0,8.0,0.0,1.0,1.0,826.0,1
61.0,8477.01,285.0,4.0,3.0,0.0,1.0,577.0,1
49.0,22638.52,267.0,2.0,3.0,1.0,1.0,360.0,1
32.0,33911.3,435.0,5.0,0.0,0.0,1.0,784.0,1
54.0,37953.84,139.0,1.0,2.0,0.0,1.0,530.0,0
28.0,36610.79,342.0,14.0,0.0,1.0,1.0,553.0,0
36.0,49463.48,,13.0,2.0,1.0,1.0,531.0,1
37.0,27321.72,38.0,8.0,0.0,0.0,1.0,505.0,0
66.0,38259.21,236.0,14.0,3.0,0.0,1.0,728.0,1
45.0,23572.43,414.0,9.0,3.0,0.0,1.0,803.0,1
41.0,2620.85,369.0,10.0,3.0,1.0,1.0,830.0,1
62.0,47205.88,177.0,4.0,3.0,1.0,0.0,366.0,0
37.0,48673.05,96.0,11.0,1.0,0.0,0.0,730.0,1
55.0,47331.16,365.0,3.0,1.0,0.0,0.0,381.0,1
27.0,35004.34,223.0,11.0,,0.0,0.0,695.0,1
20.0,30660.74,265.0,12.0,4.0,0.0,0.0,714.0,1
30.0,43904.22,442.0,10.0,1.0,0.0,1.0,390.0,1
25.0,15319.33,532.0,14.0,2.0,1.0,0.0,687.0,1
34.0,29732.33,80.0,13.0,0.0,1.0,1.0,492.0,0
38.0,45769.18,87.0,4.0,0.0,1.0,0.0,746.0,0
27.0,24700.55,188.0,7.0,4.0,1.0,1.0,479.0,0
59.0,39897.52,162.0,5.0,,1.0,1.0,566.0,0
63.0,21073.09,483.0,7.0,1.0,0.0,1.0,458.0,1
27.0,4647.73,268.0,9.0,2.0,0.0,1.0,,0
26.0,33229.84,131.0,13.0,4.0,0.0,0.0,431.0,0
20.0,18585.3,193.0,2.0,0.0,,0.0,491.0,0
54.0,36390.72,241.0,5.0,0.0,0.0,0.0,321.0,0
31.0,35025.17,573.0,7.0,1.0,0.0,0.0,646.0,1
50.0,5175.45,327.0,8.0,,0.0,0.0,818.0,1
36.0,26296.54,376.0,4.0,1.0,0.0,0.0,392.0,1
65.0,33057.52,105.0,12.0,4.0,1.0,0.0,443.0,0
23.0,30853.39,448.0,9.0,3.0,0.0,0.0,716.0,1
22.0,47061.32,154.0,6.0,4.0,0.0,1.0,448.0,0
65.0,31836.1,327.0,8.0,3.0,1.0,0.0,731.0,1
40.0,,493.0,12.0,1.0,0.0,0.0,335.0,1
38.0,38358.34,81.0,12.0,1.0,0.0,0.0,718.0,0
33.0,28099.77,106.0,,0.0,0.0,1.0,455.0,0
36.0,5085.73,185.0,14.0,1.0,0.0,1.0,376.0,0
43.0,40683.22,457.0,2.0,4.0,0.0,0.0,847.0,1
32.0,8992.0,591.0,13.0,3.0,0.0,0.0,327.0,1
52.0,18579.05,145.0,7.0,1.0,0.0,0.0,550.0,1
56.0,41646.78,123.0,13.0,0.0,0.0,0.0,341.0,0
21.0,25887.23,103.0,4.0,1.0,0.0,0.0,845.0,0
51.0,12047.28,150.0,9.0,0.0,0.0,0.0,402.0,1
47.0,28370.76,,13.0,0.0,0.0,,475.0,0
39.0,32644.25,353.0,7.0,0.0,1.0,1.0,431.0,1
43.0,48301.67,69.0,11.0,1.0,1.0,1.0,459.0,0
51.0,42746.08,500.0,,3.0,0.0,1.0,527.0,1
19.0,308.51,136.0,4.0,2.0,0.0,1.0,558.0,0
59.0,49212.99,482.0,3.0,3.0,0.0,0.0,383.0,1
69.0,16211.83,44.0,12.0,1.0,0.0,0.0,336.0,0
35.0,48526.02,295.0,14.0,3.0,1.0,1.0,479.0,1
52.0,5444.99,303.0,12.0,2.0,0.0,1.0,558.0,0
33.0,13484.31,599.0,5.0,2.0,0.0,0.0,779.0,1
53.0,5698.27,345.0,5.0,2.0,0.0,,824.0,1
35.0,46707.22,65.0,3.0,4.0,0.0,0.0,830.0,1
56.0,20652.04,208.0,,3.0,0.0,1.0,404.0,0
56.0,19517.89,470.0,10.0,0.0,1.0,0.0,703.0,0
19.0,32783.04,353.0,3.0,4.0,,1.0,726.0,1
27.0,9172.18,105.0,3.0,4.0,0.0,0.0,364.0,0
20.0,24580.7,474.0,6.0,3.0,0.0,1.0,554.0,1
61.0,21385.2,268.0,1.0,1.0,0.0,1.0,841.0,1
55.0,41059.21,252.0,14.0,3.0,0.0,0.0,393.0,0
69.0,38714.33,27.0,10.0,4.0,1.0,0.0,495.0,1
24.0,18429.72,348.0,2.0,3.0,0.0,0.0,793.0,1
43.0,42246.54,531.0,2.0,4.0,0.0,1.0,547.0,1
28.0,43561.27,327.0,7.0,3.0,0.0,0.0,633.0,1
36.0,1051.76,257.0,1.0,3.0,0.0,1.0,325.0,0
57.0,35788.95,280.0,9.0,2.0,0.0,0.0,736.0,1
36.0,3668.94,0.0,2.0,0.0,0.0,1.0,363.0,0
23.0,39477.18,66.0,9.0,2.0,0.0,1.0,702.0,0
19.0,29024.08,177.0,5.0,1.0,0.0,1.0,501.0,0
29.0,31519.49,190.0,4.0,3.0,0.0,1.0,739.0,0
47.0,48866.59,569.0,12.0,1.0,0.0,0.0,638.0,1
58.0,11180.07,587.0,14.0,4.0,1.0,1.0,471.0,1
32.0,47448.19,564.0,4.0,4.0,1.0,0.0,769.0,1
20.0,8084.71,562.0,5.0,4.0,1.0,0.0,438.0,1
49.0,17370.08,330.0,12.0,4.0,0.0,1.0,818.0,0
39.0,7146.7,136.0,8.0,1.0,0.0,0.0,390.0,0
27.0,44967.36,374.0,5.0,3.0,1.0,1.0,697.0,1
53.0,48955.57,126.0,8.0,3.0,1.0,0.0,836.0,1
49.0,32521.63,463.0,8.0,2.0,0.0,1.0,309.0,1
18.0,,349.0,12.0,1.0,0.0,0.0,461.0,1
54.0,27243.94,84.0,14.0,1.0,0.0,1.0,738.0,0
42.0,44689.47,230.0,11.0,2.0,0.0,0.0,825.0,0
,35955.71,387.0,8.0,0.0,1.0,1.0,502.0,0
32.0,10368.41,287.0,7.0,1.0,0.0,1.0,373.0,0
69.0,,133.0,14.0,1.0,0.0,1.0,774.0,0
29.0,49866.16,505.0,4.0,1.0,1.0,0.0,522.0,1
69.0,8765.88,333.0,4.0,1.0,,1.0,301.0,0
30.0,11275.55,432.0,8.0,4.0,0.0,0.0,591.0,1
43.0,2206.74,354.0,9.0,1.0,1.0,0.0,658.0,0
48.0,10413.85,97.0,1.0,4.0,0.0,1.0,501.0,1
49.0,33916.42,509.0,14.0,,0.0,0.0,743.0,1
39.0,42266.73,366.0,4.0,4.0,0.0,1.0,524.0,1
64.0,44985.57,407.0,2.0,4.0,0.0,0.0,758.0,1
58.0,23813.51,434.0,11.0,2.0,0.0,0.0,398.0,1
23.0,39996.44,216.0,,2.0,0.0,1.0,566.0,0
64.0,18163.8,273.0,12.0,4.0,0.0,1.0,504.0,0
55.0,18081.77,520.0,4.0,2.0,0.0,1.0,716.0,1
26.0,49751.06,406.0,11.0,1.0,0.0,1.0,696.0,1
67.0,29415.33,459.0,11.0,2.0,0.0,0.0,601.0,1
34.0,39173.41,585.0,1.0,1.0,0.0,1.0,482.0,1
60.0,16130.11,383.0,6.0,4.0,0.0,1.0,555.0,1
,22761.03,129.0,7.0,2.0,0.0,0.0,748.0,0
69.0,11115.26,133.0,6.0,3.0,0.0,1.0,817.0,0
44.0,8256.7,488.0,7.0,4.0,0.0,0.0,476.0,1
23.0,7664.67,353.0,9.0,0.0,0.0,1.0,715.0,1
36.0,23586.77,79.0,6.0,2.0,0.0,0.0,646.0,0
60.0,36889.69,425.0,6.0,,0.0,1.0,508.0,1
20.0,29160.81,164.0,1.0,1.0,0.0,0.0,499.0,0
21.0,36582.2,249.0,13.0,0.0,0.0,0.0,407.0,0
66.0,38206.43,183.0,8.0,3.0,0.0,,778.0,1
66.0,41734.79,549.0,9.0,4.0,0.0,0.0,495.0,1
62.0,35235.39,261.0,12.0,0.0,0.0,0.0,541.0,1
53.0,48180.54,16.0,2.0,4.0,0.0,1.0,517.0,0
69.0,15209.81,562.0,3.0,2.0,0.0,1.0,325.0,1
29.0,30576.41,146.0,14.0,3.0,1.0,1.0,304.0,0
22.0,2974.94,241.0,,1.0,0.0,1.0,666.0,0
31.0,49969.53,440.0,3.0,0.0,0.0,1.0,634.0,1
65.0,5922.18,132.0,11.0,2.0,0.0,0.0,536.0,0
33.0,34246.51,87.0,,2.0,1.0,0.0,502.0,0
42.0,3302.26,593.0,12.0,4.0,0.0,0.0,800.0,1
68.0,38883.94,554.0,5.0,4.0,0.0,0.0,647.0,1
58.0,40853.41,160.0,13.0,1.0,1.0,1.0,462.0,0
41.0,29562.49,418.0,8.0,3.0,0.0,0.0,637.0,1
49.0,47172.46,335.0,4.0,0.0,1.0,1.0,487.0,1
29.0,39327.16,344.0,8.0,0.0,1.0,0.0,668.0,0
45.0,11315.75,288.0,5.0,3.0,1.0,0.0,377.0,1
46.0,40665.69,397.0,6.0,4.0,0.0,0.0,785.0,1
63.0,1524.17,186.0,5.0,0.0,,1.0,760.0,0
31.0,4698.24,343.0,2.0,4.0,0.0,1.0,599.0,1
45.0,13926.61,196.0,3.0,1.0,0.0,0.0,784.0,1
46.0,26039.27,105.0,2.0,2.0,0.0,1.0,835.0,1
32.0,989.37,443.0,8.0,3.0,1.0,0.0,643.0,1
40.0,22446.01,32.0,2.0,3.0,0.0,1.0,498.0,1
54.0,39607.99,444.0,14.0,2.0,0.0,0.0,478.0,1
34.0,16423.13,588.0,1.0,2.0,0.0,1.0,312.0,1
53.0,17495.22,437.0,2.0,,1.0,1.0,708.0,1
30.0,18478.27,506.0,9.0,3.0,1.0,0.0,440.0,0
32.0,17957.05,111.0,3.0,4.0,0.0,0.0,771.0,0
62.0,11086.27,587.0,1.0,2.0,0.0,1.0,586.0,1
38.0,38313.98,18.0,1.0,1.0,0.0,0.0,370.0,0
57.0,38957.18,57.0,9.0,4.0,0.0,0.0,321.0,0
62.0,15455.26,158.0,7.0,0.0,0.0,0.0,663.0,0
51.0,3111.75,92.0,4.0,3.0,0.0,1.0,717.0,0
38.0,26095.49,196.0,8.0,3.0,,1.0,778.0,0
63.0,33437.97,543.0,2.0,2.0,0.0,1.0,600.0,1
61.0,32503.75,371.0,12.0,4.0,1.0,1.0,401.0,0
68.0,2374.37,73.0,11.0,3.0,0.0,0.0,661.0,0
52.0,21042.42,267.0,8.0,3.0,1.0,0.0,686.0,0
59.0,31744.18,386.0,3.0,2.0,0.0,1.0,392.0,1
37.0,28800.34,461.0,8.0,0.0,1.0,0.0,706.0,1
33.0,42976.51,499.0,,1.0,0.0,0.0,395.0,1
59.0,32495.58,236.0,8.0,4.0,0.0,1.0,781.0,1
18.0,47213.05,501.0,4.0,4.0,0.0,0.0,565.0,1
59.0,20819.88,575.0,2.0,3.0,0.0,1.0,460.0,1
31.0,18161.96,587.0,7.0,3.0,0.0,0.0,840.0,1
55.0,13791.18,592.0,7.0,1.0,1.0,0.0,665.0,1
68.0,36572.59,186.0,10.0,2.0,0.0,0.0,828.0,1
25.0,43253.12,63.0,14.0,0.0,0.0,0.0,766.0,0
49.0,28793.15,494.0,10.0,0.0,0.0,0.0,383.0,1
60.0,20319.29,447.0,8.0,3.0,1.0,0.0,804.0,1
27.0,49677.17,336.0,1.0,2.0,1.0,0.0,794.0,1
20.0,42501.38,168.0,10.0,3.0,0.0,1.0,740.0,1
36.0,16959.95,295.0,12.0,0.0,1.0,1.0,689.0,0
44.0,5081.39,284.0,11.0,1.0,0.0,1.0,829.0,0
60.0,21267.05,426.0,6.0,4.0,1.0,1.0,606.0,1
49.0,26961.72,48.0,7.0,2.0,1.0,0.0,488.0,0
31.0,47059.84,538.0,6.0,2.0,0.0,0.0,308.0,1
32.0,1301.69,323.0,2.0,4.0,0.0,1.0,592.0,1
46.0,393.49,587.0,14.0,3.0,0.0,1.0,753.0,0
33.0,17258.43,44.0,1.0,2.0,1.0,0.0,412.0,0
33.0,16432.89,206.0,7.0,4.0,0.0,1.0,690.0,1
41.0,34755.99,169.0,6.0,2.0,0.0,0.0,422.0,0
30.0,,288.0,12.0,0.0,1.0,0.0,506.0,0
44.0,8695.21,303.0,9.0,1.0,0.0,0.0,333.0,0
58.0,36838.56,405.0,6.0,0.0,1.0,1.0,670.0,1
41.0,14010.64,536.0,14.0,1.0,0.0,0.0,568.0,0
34.0,42705.24,95.0,6.0,0.0,0.0,1.0,487.0,0
58.0,17564.14,495.0,3.0,4.0,0.0,1.0,307.0,1
65.0,2458.64,302.0,2.0,3.0,1.0,1.0,656.0,0
24.0,20305.62,233.0,13.0,3.0,1.0,0.0,817.0,0
29.0,23903.1,480.0,14.0,0.0,1.0,1.0,543.0,0
18.0,32066.74,534.0,3.0,2.0,0.0,1.0,610.0,1
24.0,20277.35,52.0,13.0,3.0,0.0,0.0,650.0,0
52.0,37646.3,503.0,6.0,0.0,0.0,0.0,485.0,1
51.0,27368.5,486.0,13.0,4.0,0.0,1.0,709.0,1
31.0,31314.56,158.0,9.0,3.0,0.0,0.0,593.0,0
30.0,14639.48,200.0,2.0,2.0,0.0,1.0,416.0,0
22.0,48933.23,443.0,,4.0,0.0,1.0,610.0,1
62.0,4007.15,188.0,9.0,0.0,0.0,1.0,712.0,0
34.0,27447.29,154.0,10.0,2.0,0.0,0.0,394.0,1
66.0,28294.59,71.0,10.0,0.0,1.0,0.0,753.0,0
54.0,324.57,593.0,3.0,1.0,0.0,1.0,725.0,1
19.0,22827.63,215.0,14.0,1.0,0.0,0.0,551.0,0
,31273.37,359.0,2.0,4.0,1.0,0.0,670.0,1
68.0,2262.17,199.0,2.0,0.0,1.0,1.0,,0
32.0,42214.77,527.0,12.0,1.0,0.0,0.0,459.0,0
25.0,6464.6,454.0,1.0,0.0,0.0,0.0,384.0,1
58.0,34807.02,25.0,12.0,2.0,1.0,1.0,327.0,0
52.0,6854.75,51.0,13.0,3.0,1.0,1.0,811.0,0
32.0,33061.77,323.0,8.0,4.0,0.0,1.0,772.0,1
47.0,8541.58,347.0,2.0,1.0,0.0,1.0,847.0,1
66.0,6893.28,523.0,5.0,4.0,1.0,0.0,565.0,1
59.0,5723.91,568.0,3.0,2.0,0.0,1.0,647.0,1
,13067.96,55.0,7.0,4.0,1.0,1.0,542.0,0
32.0,37202.67,267.0,5.0,1.0,0.0,1.0,557.0,1
31.0,15467.18,76.0,5.0,1.0,1.0,1.0,327.0,0
33.0,36912.53,308.0,5.0,2.0,0.0,1.0,523.0,1
60.0,37741.83,269.0,3.0,2.0,0.0,0.0,743.0,0
59.0,31868.52,172.0,11.0,3.0,0.0,0.0,701.0,1
50.0,16267.37,352.0,11.0,1.0,0.0,1.0,569.0,0
32.0,35052.17,303.0,1.0,4.0,0.0,0.0,667.0,1
57.0,6728.16,17.0,13.0,0.0,0.0,1.0,722.0,0
32.0,20980.22,422.0,4.0,4.0,1.0,1.0,752.0,1
56.0,22710.47,495.0,3.0,2.0,1.0,1.0,819.0,1
20.0,24749.38,121.0,4.0,0.0,0.0,1.0,679.0,0
41.0,28561.52,58.0,14.0,4.0,1.0,1.0,717.0,0
32.0,36146.73,80.0,8.0,1.0,0.0,0.0,405.0,0
62.0,46404.69,420.0,14.0,2.0,0.0,1.0,428.0,0
23.0,32372.81,89.0,8.0,4.0,0.0,0.0,790.0,0
32.0,16647.03,119.0,12.0,2.0,0.0,0.0,560.0,0
63.0,14666.94,535.0,6.0,3.0,0.0,1.0,598.0,1
31.0,7543.46,162.0,6.0,2.0,1.0,1.0,669.0,1
23.0,28809.6,487.0,4.0,0.0,1.0,0.0,690.0,1
25.0,26298.77,106.0,1.0,0.0,0.0,0.0,558.0,0
41.0,34609.71,376.0,4.0,1.0,0.0,1.0,514.0,1
57.0,34160.38,13.0,2.0,1.0,0.0,1.0,736.0,1
,29210.91,20.0,6.0,3.0,0.0,0.0,364.0,0
61.0,31540.47,510.0,14.0,4.0,0.0,1.0,680.0,1
28.0,9864.37,513.0,10.0,3.0,0.0,0.0,835.0,1
20.0,46036.29,142.0,2.0,1.0,0.0,0.0,549.0,1
54.0,27488.79,405.0,5.0,4.0,0.0,0.0,563.0,1
66.0,22938.83,11.0,6.0,2.0,0.0,1.0,514.0,0
44.0,4933.43,152.0,14.0,1.0,0.0,0.0,583.0,0
21.0,16485.13,523.0,6.0,0.0,0.0,1.0,452.0,0
47.0,41805.67,395.0,10.0,3.0,0.0,0.0,416.0,1
45.0,29437.71,572.0,7.0,3.0,0.0,0.0,626.0,1
33.0,7838.72,451.0,1.0,2.0,0.0,0.0,396.0,0
36.0,3158.4,73.0,3.0,3.0,0.0,0.0,344.0,0
,18000.03,447.0,6.0,4.0,0.0,1.0,381.0,1
18.0,18421.35,292.0,6.0,1.0,1.0,1.0,389.0,0
41.0,14683.99,365.0,10.0,2.0,1.0,1.0,534.0,0
34.0,49915.9,138.0,3.0,1.0,0.0,0.0,,1
30.0,48306.6,55.0,9.0,4.0,0.0,1.0,443.0,0
51.0,7856.3,572.0,2.0,3.0,1.0,0.0,349.0,1
55.0,31434.11,563.0,14.0,1.0,0.0,0.0,468.0,1
53.0,40673.65,235.0,4.0,4.0,0.0,1.0,387.0,1
40.0,33280.78,355.0,1.0,0.0,0.0,0.0,598.0,1
19.0,23285.25,83.0,1.0,0.0,1.0,0.0,429.0,1
49.0,17367.34,277.0,11.0,2.0,0.0,0.0,643.0,0
50.0,8918.18,260.0,5.0,2.0,0.0,0.0,477.0,0
63.0,26729.1,98.0,9.0,1.0,0.0,0.0,,0
25.0,8739.97,106.0,2.0,3.0,1.0,1.0,545.0,0
23.0,553.15,,6.0,1.0,0.0,0.0,728.0,0
21.0,23954.76,439.0,14.0,1.0,0.0,1.0,845.0,1
49.0,3750.92,352.0,7.0,2.0,0.0,1.0,555.0,1
45.0,28702.65,4.0,13.0,1.0,1.0,1.0,489.0,0
18.0,39255.37,477.0,3.0,0.0,1.0,0.0,517.0,1
21.0,31298.81,485.0,,4.0,1.0,0.0,476.0,1
18.0,43740.98,12.0,4.0,4.0,0.0,0.0,672.0,0
63.0,,393.0,11.0,3.0,0.0,1.0,813.0,1
32.0,31789.02,580.0,11.0,2.0,0.0,1.0,573.0,1
19.0,10013.42,142.0,3.0,4.0,0.0,1.0,561.0,0
66.0,33478.28,200.0,4.0,0.0,0.0,0.0,315.0,1
20.0,20000.8,271.0,4.0,3.0,1.0,0.0,364.0,0
26.0,18862.6,18.0,9.0,4.0,1.0,0.0,424.0,0
58.0,18851.13,239.0,4.0,2.0,0.0,1.0,826.0,0
59.0,18440.57,512.0,12.0,2.0,0.0,1.0,589.0,1
41.0,36285.61,566.0,11.0,,0.0,0.0,546.0,1
31.0,10825.2,100.0,9.0,1.0,0.0,1.0,657.0,0
46.0,39239.55,138.0,14.0,2.0,0.0,1.0,336.0,0
36.0,43368.95,199.0,,0.0,0.0,0.0,503.0,0
40.0,40186.76,325.0,5.0,4.0,1.0,1.0,636.0,1
44.0,25407.59,526.0,10.0,4.0,0.0,0.0,410.0,1
56.0,16674.82,268.0,4.0,4.0,1.0,1.0,693.0,1
36.0,49043.59,94.0,13.0,4.0,1.0,0.0,733.0,0
66.0,39023.26,271.0,4.0,0.0,1.0,1.0,693.0,1
40.0,40867.88,515.0,11.0,2.0,0.0,1.0,629.0,1
24.0,2318.67,571.0,4.0,1.0,0.0,1.0,724.0,1
52.0,34023.82,485.0,11.0,1.0,1.0,0.0,516.0,0
56.0,22970.72,268.0,3.0,4.0,1.0,0.0,503.0,1
48.0,37399.37,295.0,3.0,1.0,0.0,1.0,358.0,1
,38392.82,439.0,4.0,4.0,1.0,1.0,573.0,0
50.0,27144.28,495.0,2.0,1.0,0.0,0.0,494.0,1
68.0,7838.61,333.0,9.0,0.0,1.0,0.0,694.0,1
50.0,6957.96,247.0,4.0,4.0,0.0,0.0,654.0,0
59.0,42305.86,342.0,12.0,2.0,0.0,1.0,574.0,1
34.0,13431.68,420.0,12.0,2.0,0.0,1.0,474.0,1
19.0,16498.1,374.0,,4.0,0.0,0.0,320.0,1
38.0,8101.69,556.0,12.0,3.0,0.0,0.0,687.0,1
30.0,46162.72,491.0,4.0,3.0,1.0,0.0,606.0,1
30.0,30248.58,510.0,9.0,2.0,0.0,1.0,632.0,1
67.0,24919.61,409.0,2.0,1.0,0.0,0.0,665.0,1
60.0,26558.97,362.0,4.0,2.0,0.0,1.0,589.0,1
40.0,21701.43,199.0,10.0,2.0,0.0,0.0,308.0,0
30.0,41988.43,290.0,,0.0,0.0,1.0,834.0,1
30.0,3534.24,111.0,9.0,0.0,0.0,1.0,675.0,1
38.0,15918.92,414.0,3.0,4.0,0.0,,481.0,1
45.0,13760.15,543.0,2.0,2.0,1.0,1.0,688.0,1
52.0,32648.21,175.0,4.0,4.0,1.0,1.0,388.0,0
34.0,48110.24,214.0,4.0,4.0,0.0,1.0,828.0,1
20.0,10201.77,398.0,1.0,2.0,0.0,0.0,543.0,1
23.0,31526.69,171.0,6.0,3.0,0.0,1.0,346.0,0
47.0,42602.07,457.0,7.0,2.0,1.0,0.0,825.0,1
56.0,11178.87,79.0,9.0,1.0,0.0,1.0,469.0,0
68.0,41687.0,536.0,12.0,0.0,0.0,1.0,560.0,1
32.0,25749.28,269.0,13.0,4.0,0.0,0.0,758.0,0
47.0,22200.1,194.0,14.0,2.0,0.0,1.0,808.0,0
28.0,9863.12,456.0,13.0,1.0,0.0,1.0,765.0,0
25.0,48069.1,513.0,3.0,4.0,0.0,1.0,772.0,1
58.0,35499.78,111.0,5.0,1.0,1.0,1.0,540.0,0
45.0,44904.15,368.0,7.0,1.0,1.0,0.0,458.0,1
48.0,1457.18,527.0,6.0,0.0,0.0,0.0,665.0,1
68.0,35146.01,387.0,12.0,3.0,1.0,0.0,790.0,1
53.0,16907.77,464.0,13.0,4.0,0.0,0.0,596.0,1
23.0,24730.78,364.0,,4.0,1.0,0.0,679.0,0
45.0,32543.51,201.0,2.0,3.0,0.0,,825.0,1
20.0,6947.74,348.0,12.0,3.0,0.0,0.0,744.0,1
59.0,30708.92,521.0,9.0,1.0,0.0,1.0,828.0,1
22.0,16432.6,544.0,3.0,3.0,1.0,1.0,756.0,1
29.0,33076.59,400.0,3.0,2.0,0.0,1.0,383.0,1
55.0,8073.3,406.0,13.0,4.0,0.0,0.0,582.0,1
28.0,15983.98,88.0,12.0,1.0,0.0,0.0,425.0,0
33.0,2156.59,228.0,13.0,4.0,1.0,0.0,820.0,0
64.0,8328.28,85.0,8.0,4.0,0.0,1.0,579.0,0
28.0,39531.67,247.0,9.0,2.0,0.0,0.0,494.0,1
64.0,14505.6,153.0,11.0,2.0,1.0,1.0,326.0,0
62.0,21926.07,18.0,5.0,1.0,1.0,0.0,304.0,0
39.0,10093.79,465.0,10.0,3.0,1.0,0.0,425.0,1
26.0,26359.19,163.0,7.0,2.0,1.0,1.0,545.0,0
34.0,,217.0,5.0,3.0,0.0,1.0,391.0,0
40.0,4351.12,172.0,2.0,1.0,0.0,0.0,793.0,0
37.0,33573.96,112.0,3.0,1.0,0.0,1.0,614.0,0
57.0,9029.59,44.0,14.0,2.0,0.0,0.0,740.0,0
42.0,7159.47,571.0,11.0,3.0,0.0,0.0,562.0,1
46.0,27450.55,348.0,6.0,4.0,0.0,0.0,358.0,0
32.0,41281.12,519.0,5.0,4.0,1.0,0.0,329.0,1
47.0,26689.86,150.0,14.0,3.0,1.0,,627.0,0
67.0,1927.8,,13.0,4.0,1.0,0.0,300.0,0
41.0,27318.29,24.0,3.0,1.0,1.0,0.0,806.0,0
34.0,9845.18,38.0,3.0,2.0,0.0,1.0,825.0,0
62.0,29479.32,14.0,14.0,4.0,1.0,1.0,643.0,0
34.0,34394.87,62.0,11.0,0.0,0.0,0.0,732.0,0
30.0,30294.7,77.0,6.0,0.0,1.0,0.0,575.0,0
47.0,6087.79,524.0,13.0,3.0,1.0,1.0,542.0,1
50.0,19212.07,335.0,8.0,4.0,0.0,0.0,557.0,1
62.0,48808.62,218.0,4.0,4.0,0.0,0.0,532.0,1
46.0,11680.48,181.0,8.0,0.0,0.0,1.0,586.0,0
37.0,44942.9,94.0,2.0,,0.0,1.0,718.0,1
38.0,32261.59,63.0,10.0,4.0,1.0,0.0,589.0,0
28.0,2561.23,516.0,4.0,2.0,,1.0,684.0,1
41.0,27965.25,184.0,10.0,4.0,0.0,1.0,346.0,0
66.0,41669.7,523.0,6.0,0.0,1.0,1.0,645.0,1
44.0,21035.27,437.0,13.0,1.0,0.0,0.0,776.0,1
66.0,45051.02,401.0,1.0,3.0,0.0,0.0,347.0,1
46.0,25660.63,223.0,12.0,3.0,1.0,1.0,300.0,0
41.0,32282.28,74.0,5.0,2.0,0.0,0.0,629.0,0
68.0,13921.42,120.0,13.0,3.0,1.0,1.0,696.0,0
33.0,36386.66,30.0,12.0,0.0,1.0,0.0,740.0,0
42.0,32563.1,516.0,2.0,0.0,1.0,1.0,729.0,1
26.0,25817.5,418.0,8.0,1.0,0.0,1.0,357.0,1
44.0,18595.9,333.0,14.0,3.0,0.0,0.0,713.0,1
26.0,22559.31,440.0,10.0,3.0,0.0,0.0,756.0,1
33.0,25840.22,400.0,1.0,1.0,0.0,0.0,307.0,0
35.0,7703.25,401.0,10.0,1.0,0.0,1.0,640.0,1
21.0,,93.0,6.0,0.0,0.0,1.0,352.0,0
44.0,25449.88,318.0,1.0,4.0,0.0,1.0,751.0,1
62.0,35992.82,277.0,14.0,1.0,1.0,0.0,340.0,0
51.0,40149.84,70.0,9.0,3.0,0.0,1.0,,0
27.0,26564.39,408.0,6.0,2.0,0.0,1.0,650.0,1
55.0,7060.46,192.0,14.0,1.0,0.0,1.0,784.0,0
21.0,37183.69,251.0,4.0,2.0,0.0,1.0,747.0,1
20.0,26323.59,345.0,5.0,1.0,0.0,1.0,802.0,1
36.0,15441.94,477.0,13.0,2.0,0.0,0.0,664.0,1
36.0,32610.72,229.0,1.0,4.0,0.0,0.0,506.0,1
63.0,35919.55,293.0,4.0,0.0,1.0,1.0,467.0,0
69.0,3358.87,436.0,10.0,1.0,0.0,0.0,657.0,1
42.0,18115.88,,5.0,3.0,1.0,0.0,492.0,1
62.0,30626.81,550.0,8.0,1.0,,1.0,546.0,1
19.0,33819.67,38.0,14.0,2.0,0.0,1.0,697.0,0
55.0,22325.03,245.0,12.0,4.0,0.0,0.0,654.0,1
43.0,20757.83,33.0,2.0,4.0,0.0,1.0,476.0,0
40.0,16728.67,45.0,10.0,,1.0,1.0,324.0,0
49.0,27922.94,378.0,5.0,2.0,1.0,1.0,712.0,1
59.0,20082.5,588.0,1.0,1.0,0.0,0.0,706.0,1
45.0,28108.97,272.0,3.0,2.0,0.0,0.0,520.0,1
52.0,14054.18,496.0,14.0,1.0,1.0,1.0,424.0,0
64.0,28312.49,54.0,12.0,4.0,0.0,1.0,323.0,0
68.0,21735.61,363.0,9.0,0.0,,0.0,796.0,1
68.0,49680.34,285.0,,1.0,0.0,1.0,772.0,0
39.0,33853.66,573.0,11.0,4.0,0.0,1.0,598.0,1
29.0,19198.03,309.0,3.0,4.0,0.0,1.0,770.0,1
34.0,34959.76,261.0,14.0,2.0,0.0,0.0,806.0,1
32.0,24210.96,163.0,4.0,3.0,1.0,0.0,530.0,0
61.0,7243.81,105.0,12.0,1.0,0.0,0.0,764.0,0
64.0,35484.77,439.0,10.0,4.0,1.0,0.0,548.0,1
41.0,48264.45,,3.0,0.0,1.0,0.0,647.0,0
43.0,28667.09,124.0,14.0,,0.0,1.0,582.0,0
30.0,5930.31,208.0,2.0,4.0,0.0,0.0,794.0,1
41.0,14105.25,573.0,,4.0,0.0,1.0,560.0,1
33.0,23272.85,598.0,9.0,2.0,0.0,0.0,,1
55.0,10899.03,239.0,9.0,3.0,0.0,,443.0,0
,634.63,390.0,3.0,0.0,0.0,0.0,390.0,0
18.0,16812.17,364.0,14.0,3.0,0.0,0.0,534.0,0
58.0,22160.33,526.0,11.0,4.0,0.0,1.0,740.0,1
20.0,29392.09,484.0,9.0,0.0,0.0,1.0,695.0,1
27.0,38502.3,508.0,13.0,1.0,1.0,0.0,735.0,1
64.0,21236.52,299.0,6.0,3.0,0.0,1.0,333.0,1
26.0,24347.9,379.0,3.0,1.0,1.0,0.0,774.0,1
65.0,33494.39,,5.0,2.0,0.0,1.0,430.0,1
57.0,27364.92,356.0,1.0,2.0,1.0,0.0,524.0,1
58.0,18253.18,478.0,10.0,3.0,0.0,0.0,811.0,1
51.0,17146.38,43.0,11.0,4.0,1.0,0.0,696.0,0
32.0,38269.84,5.0,13.0,2.0,1.0,0.0,571.0,0
43.0,41196.87,393.0,5.0,1.0,1.0,0.0,677.0,1
29.0,35998.72,101.0,11.0,3.0,0.0,0.0,744.0,0
21.0,42333.73,312.0,13.0,1.0,0.0,0.0,562.0,1
47.0,7751.93,318.0,,0.0,0.0,0.0,832.0,1
55.0,17534.58,370.0,9.0,0.0,0.0,1.0,322.0,0
27.0,21556.52,552.0,1.0,3.0,1.0,1.0,831.0,1
23.0,43613.02,189.0,1.0,1.0,0.0,0.0,443.0,1
24.0,42769.91,34.0,7.0,0.0,0.0,0.0,542.0,0
31.0,47856.65,550.0,8.0,2.0,0.0,1.0,802.0,1
20.0,26599.52,170.0,6.0,0.0,0.0,1.0,445.0,0
18.0,36220.53,155.0,4.0,0.0,1.0,0.0,781.0,0
24.0,6976.86,267.0,7.0,4.0,1.0,0.0,,0
26.0,32371.1,54.0,4.0,3.0,0.0,0.0,761.0,0
41.0,28123.04,496.0,13.0,3.0,0.0,0.0,624.0,1
51.0,2492.76,284.0,5.0,0.0,0.0,0.0,315.0,0
49.0,32966.75,495.0,11.0,1.0,0.0,0.0,,1
47.0,13297.28,262.0,12.0,3.0,0.0,0.0,417.0,0
36.0,32128.46,447.0,14.0,0.0,0.0,1.0,540.0,0
49.0,44412.92,67.0,7.0,1.0,0.0,1.0,630.0,0
36.0,5590.97,22.0,12.0,3.0,0.0,1.0,710.0,0
18.0,4852.03,503.0,14.0,0.0,0.0,1.0,523.0,0
39.0,26368.62,276.0,4.0,1.0,1.0,1.0,670.0,1
36.0,12174.77,587.0,14.0,1.0,0.0,0.0,728.0,1
34.0,34193.12,392.0,8.0,0.0,0.0,0.0,726.0,1
28.0,32559.02,230.0,9.0,0.0,0.0,1.0,454.0,1
58.0,13513.17,413.0,1.0,1.0,0.0,1.0,368.0,1
65.0,40512.74,542.0,12.0,0.0,1.0,0.0,315.0,1
31.0,21730.16,386.0,2.0,4.0,0.0,0.0,805.0,1
26.0,11885.77,114.0,8.0,2.0,1.0,0.0,469.0,0
68.0,7423.09,4.0,1.0,1.0,0.0,1.0,831.0,0
26.0,29212.54,440.0,13.0,4.0,1.0,1.0,384.0,0
65.0,11679.27,54.0,5.0,0.0,0.0,1.0,462.0,0
34.0,5556.49,,5.0,0.0,0.0,0.0,841.0,1
44.0,36207.28,4.0,13.0,4.0,0.0,0.0,776.0,0
39.0,2442.59,280.0,7.0,3.0,0.0,0.0,750.0,1
53.0,32901.78,81.0,7.0,0.0,1.0,1.0,737.0,0
56.0,26075.25,34.0,13.0,3.0,1.0,0.0,524.0,0
43.0,393.54,203.0,12.0,3.0,0.0,0.0,534.0,0
37.0,10421.94,178.0,13.0,4.0,0.0,0.0,362.0,0
53.0,34577.93,429.0,10.0,2.0,0.0,0.0,666.0,1
42.0,6391.73,199.0,13.0,1.0,0.0,0.0,726.0,0
63.0,39330.42,494.0,2.0,2.0,0.0,1.0,483.0,1
60.0,17260.58,404.0,9.0,4.0,1.0,0.0,426.0,1
18.0,28530.22,164.0,8.0,4.0,0.0,0.0,656.0,0
42.0,9229.52,485.0,9.0,0.0,1.0,0.0,582.0,1
69.0,1431.19,447.0,1.0,3.0,1.0,1.0,473.0,0
58.0,43753.76,428.0,,4.0,0.0,0.0,465.0,1
34.0,49127.77,48.0,11.0,4.0,0.0,1.0,761.0,0
61.0,48775.82,324.0,3.0,0.0,0.0,1.0,416.0,1
41.0,,,13.0,4.0,0.0,0.0,754.0,1
27.0,44098.17,555.0,6.0,1.0,0.0,0.0,838.0,1
47.0,12545.17,262.0,11.0,0.0,0.0,1.0,704.0,0
45.0,18372.74,382.0,6.0,3.0,0.0,0.0,435.0,1
61.0,37253.26,274.0,8.0,4.0,0.0,1.0,572.0,0
54.0,30919.78,590.0,14.0,3.0,0.0,1.0,455.0,1
43.0,14342.99,275.0,3.0,2.0,0.0,,543.0,0
65.0,12490.45,60.0,4.0,3.0,1.0,1.0,455.0,0
57.0,240.72,406.0,1.0,2.0,0.0,0.0,467.0,1
27.0,30999.48,376.0,,3.0,0.0,1.0,767.0,1
34.0,5510.14,169.0,8.0,0.0,1.0,0.0,404.0,0
54.0,7185.69,77.0,6.0,3.0,0.0,1.0,461.0,0
24.0,14159.15,508.0,7.0,,1.0,0.0,762.0,1
26.0,25849.03,165.0,3.0,2.0,1.0,1.0,329.0,0
49.0,28321.05,305.0,14.0,4.0,1.0,0.0,578.0,0
28.0,3262.16,171.0,,1.0,1.0,0.0,660.0,0
23.0,11291.0,415.0,5.0,0.0,0.0,1.0,382.0,0
49.0,2365.31,256.0,5.0,3.0,0.0,1.0,379.0,0
42.0,47332.01,63.0,9.0,4.0,1.0,1.0,635.0,1
21.0,33687.55,559.0,12.0,1.0,1.0,1.0,731.0,0
37.0,16490.14,410.0,5.0,0.0,0.0,0.0,742.0,1
18.0,48320.09,182.0,11.0,1.0,0.0,0.0,640.0,0
25.0,42682.47,376.0,4.0,2.0,0.0,1.0,346.0,1
31.0,49500.28,340.0,9.0,1.0,0.0,1.0,521.0,1
64.0,932.72,103.0,4.0,3.0,0.0,0.0,587.0,1
41.0,6125.03,312.0,12.0,3.0,0.0,0.0,630.0,0
18.0,24486.52,143.0,5.0,0.0,0.0,1.0,349.0,0
68.0,14651.79,62.0,7.0,2.0,0.0,1.0,848.0,0
20.0,7164.26,183.0,10.0,3.0,1.0,,445.0,0
40.0,25450.07,19.0,7.0,4.0,0.0,1.0,837.0,0
25.0,14662.48,589.0,10.0,1.0,1.0,1.0,649.0,1
21.0,26952.2,550.0,11.0,4.0,1.0,1.0,795.0,1
42.0,42980.78,387.0,9.0,0.0,0.0,0.0,698.0,1
46.0,40926.06,480.0,11.0,1.0,0.0,1.0,836.0,1
59.0,10632.48,463.0,2.0,2.0,0.0,0.0,605.0,1
30.0,31044.21,378.0,10.0,4.0,1.0,1.0,849.0,1
28.0,29080.33,169.0,2.0,1.0,0.0,0.0,329.0,0
62.0,10383.27,373.0,6.0,2.0,0.0,0.0,380.0,1
27.0,47744.45,471.0,9.0,0.0,0.0,1.0,447.0,1
41.0,16414.76,491.0,8.0,2.0,0.0,1.0,323.0,1
33.0,2186.89,593.0,7.0,1.0,0.0,0.0,580.0,1
61.0,35085.62,42.0,4.0,3.0,1.0,1.0,717.0,0
48.0,11638.72,261.0,11.0,0.0,0.0,0.0,474.0,0
43.0,17450.59,159.0,5.0,1.0,0.0,0.0,333.0,0
20.0,3823.41,53.0,9.0,4.0,0.0,1.0,775.0_err,0
19.0,22462.84,504.0,4.0,3.0,1.0,0.0,485.0,1
20.0,49171.03,120.0,3.0,0.0,0.0,1.0,728.0,1
30.0,21701.0,397.0,12.0,1.0,1.0,0.0,372.0,0
34.0,14401.81,308.0,4.0,4.0,0.0,1.0,698.0,1
56.0,44165.25,111.0,13.0,1.0,0.0,0.0,623.0,0
,9018.1,387.0,1.0,1.0,1.0,0.0,578.0,0
42.0,623.92,244.0,,2.0,,1.0,568.0,0
21.0,11435.86,125.0,11.0,1.0,1.0,0.0,419.0,0
68.0,36483.29,405.0,9.0,2.0,1.0,1.0,655.0,1
37.0,12387.67,148.0,2.0,1.0,1.0,1.0,478.0,0
36.0,43013.88,253.0,14.0,2.0,0.0,0.0,539.0,0
21.0,25718.36,181.0,1.0,2.0,1.0,1.0,710.0,0
69.0,37780.35,308.0,9.0,4.0,1.0,1.0,471.0,0
26.0,28374.09,520.0,14.0,2.0,1.0,1.0,806.0,1
36.0,31631.13,450.0,5.0,1.0,0.0,1.0,481.0,0
36.0,47479.74,35.0,14.0,2.0,0.0,0.0,330.0,0
28.0,7023.0,209.0,5.0,1.0,0.0,1.0,602.0,0
49.0,18714.13,432.0,6.0,1.0,0.0,1.0,786.0,1
28.0,8913.36,431.0,8.0,1.0,1.0,0.0,826.0,1
43.0,,395.0,9.0,3.0,0.0,0.0,821.0,1
57.0,46459.07,202.0,6.0,1.0,0.0,1.0,,0
35.0,21597.22,584.0,11.0,4.0,1.0,1.0,582.0,1
52.0,20336.58,7.0,11.0,1.0,1.0,0.0,799.0,0
34.0,7311.02,564.0,11.0,3.0,0.0,1.0,839.0,1
58.0,46835.61,389.0,1.0,0.0,1.0,0.0,694.0,1
24.0,,574.0,12.0,4.0,0.0,0.0,811.0,1
54.0,10449.37,453.0,4.0,4.0,0.0,0.0,694.0,1
26.0,42889.82,593.0,2.0,2.0,1.0,0.0,492.0,1
35.0,10419.82,418.0,2.0,2.0,0.0,0.0,467.0,1
49.0,30079.1,340.0,7.0,0.0,,0.0,467.0,1
25.0,41305.49,17.0,10.0,4.0,1.0,0.0,326.0,0
28.0,18015.02,242.0,5.0,3.0,0.0,0.0,528.0,1
35.0,34435.9,394.0,7.0,2.0,0.0,1.0,357.0,1
51.0,10639.68,477.0,7.0,3.0,0.0,0.0,800.0,1
26.0,12286.52,34.0,4.0,4.0,0.0,1.0,443.0,0
59.0,30590.5,547.0,7.0,0.0,0.0,1.0,654.0,1
59.0,3400.86,468.0,7.0,0.0,1.0,0.0,728.0,0
27.0,30925.11,234.0,9.0,3.0,1.0,1.0,738.0,1
41.0,24268.2,315.0,3.0,1.0,1.0,1.0,402.0,1
56.0,38.01,245.0,14.0,3.0,0.0,0.0,355.0,0
20.0,3619.51,177.0,8.0,1.0,0.0,1.0,652.0,0
57.0,37817.0,50.0,4.0,1.0,1.0,0.0,791.0,0
27.0,27146.87,33.0,6.0,1.0,0.0,1.0,711.0,0
23.0,28570.32,38.0,14.0,4.0,0.0,0.0,448.0,0
61.0,31788.72,517.0,8.0,2.0,0.0,1.0,377.0,1
52.0,27689.23,496.0,1.0,1.0,0.0,1.0,330.0,1
29.0,48195.49,232.0,13.0,,0.0,0.0,303.0,0
39.0,7854.52,487.0,11.0,3.0,0.0,0.0,722.0,1
52.0,24175.26,415.0,11.0,4.0,0.0,0.0,840.0,1
37.0,2561.91,463.0,8.0,1.0,1.0,0.0,658.0,0
66.0,12187.6,253.0,9.0,1.0,0.0,1.0,571.0,0
65.0,38208.1,412.0,7.0,3.0,0.0,0.0,846.0,1
65.0,16427.57,552.0,2.0,3.0,1.0,1.0,390.0,1
37.0,26325.08,357.0,3.0,,0.0,0.0,616.0,1
32.0,18858.43,468.0,4.0,3.0,0.0,1.0,550.0,1
59.0,20089.29,250.0,10.0,0.0,0.0,1.0,759.0,0
43.0,29592.61,351.0,9.0,4.0,1.0,0.0,585.0,0
42.0,,185.0,4.0,4.0,0.0,0.0,785.0,1
52.0,39049.83,568.0,13.0,,0.0,0.0,504.0,1
30.0,13536.06,334.0,3.0,0.0,1.0,0.0,709.0,0
49.0,28990.8,192.0,8.0,2.0,0.0,0.0,628.0,1
30.0,42258.41,224.0,3.0,4.0,1.0,1.0,570.0,1
29.0,31255.16,549.0,8.0,3.0,,1.0,443.0,1
55.0,2946.26,274.0,2.0,0.0,0.0,1.0,525.0,0
59.0,38836.42,,3.0,4.0,1.0,1.0,350.0,0
54.0,16891.71,424.0,11.0,1.0,0.0,0.0,711.0,0
61.0,31180.14,516.0,12.0,2.0,1.0,1.0,808.0,1
26.0,42933.36,142.0,2.0,2.0,1.0,1.0,373.0,1
34.0,,519.0,5.0,1.0,1.0,1.0,,1
24.0,45938.77,266.0,14.0,0.0,0.0,0.0,300.0,0
53.0,7613.93,137.0,3.0,4.0,1.0,1.0,818.0,1
35.0,15778.71,435.0,2.0,4.0,0.0,1.0,810.0,1
67.0,22584.27,574.0,2.0,3.0,0.0,1.0,377.0,1
50.0,28969.3,408.0,5.0,0.0,0.0,0.0,501.0,1
28.0,49030.6,103.0,5.0,0.0,,0.0,502.0,0
65.0,43582.56,401.0,12.0,0.0,0.0,0.0,603.0,1
22.0,2247.89,563.0,12.0,4.0,0.0,1.0,542.0,1
49.0,13651.13,38.0,14.0,,1.0,0.0,,0
28.0,33901.27,,8.0,4.0,0.0,1.0,637.0,0
25.0,14034.75,194.0,5.0,4.0,1.0,0.0,390.0,0
61.0,1138.06,223.0,14.0,3.0,1.0,0.0,399.0,0
41.0,10608.64,314.0,3.0,2.0,1.0,1.0,352.0,1
25.0,22218.86,343.0,12.0,,0.0,1.0,697.0,1
58.0,46931.51,364.0,9.0,3.0,1.0,0.0,627.0,1
45.0,3270.17,241.0,11.0,1.0,,0.0,557.0,0
44.0,10045.02,464.0,5.0,0.0,1.0,1.0,750.0,1
19.0,44740.49,505.0,8.0,1.0,0.0,1.0,531.0,1
44.0,12469.78,150.0,4.0,1.0,0.0,0.0,521.0,1
39.0,25960.39,67.0,7.0,2.0,0.0,0.0,347.0,0
54.0,2139.14,465.0,14.0,0.0,0.0,0.0,477.0,0
43.0,13199.37,323.0,12.0,2.0,0.0,0.0,476.0,0
68.0,,540.0,7.0,1.0,0.0,0.0,533.0,1
20.0,6705.07,298.0,2.0,4.0,0.0,1.0,742.0,1
69.0,14838.67,239.0,10.0,0.0,1.0,1.0,481.0,0
42.0,38497.73,522.0,7.0,0.0,0.0,1.0,806.0,1
32.0,23172.97,360.0,1.0,2.0,0.0,1.0,724.0,0
18.0,49071.97,420.0,9.0,3.0,0.0,0.0,433.0,0
50.0,22861.18,121.0,7.0,4.0,,0.0,776.0,0
20.0,16547.65,467.0,7.0,3.0,0.0,1.0,757.0,1
28.0,20031.16,197.0,11.0,3.0,1.0,0.0,500.0,0
62.0,42295.55,440.0,11.0,3.0,0.0,1.0,314.0,0
26.0,38271.53,447.0,1.0,0.0,1.0,0.0,458.0,1
30.0,10670.94,353.0,5.0,2.0,0.0,1.0,335.0,0
50.0,23864.06,491.0,13.0,4.0,0.0,1.0,760.0,1
68.0,41493.05,544.0,2.0,3.0,0.0,1.0,311.0,1
39.0,9176.2,157.0,12.0,3.0,0.0,1.0,611.0,0
55.0,48052.48,23.0,1.0,2.0,1.0,0.0,378.0,0
61.0,47550.62,341.0,7.0,3.0,0.0,0.0,568.0,1
32.0,28909.28,65.0,12.0,0.0,1.0,1.0,565.0,0
49.0,22977.03,29.0,2.0,0.0,0.0,1.0,794.0,0
43.0,12009.98,405.0,8.0,1.0,0.0,0.0,673.0,1
59.0,8150.91,279.0,12.0,3.0,1.0,0.0,421.0,1
31.0,31974.54,580.0,1.0,2.0,0.0,1.0,702.0,1
21.0,4901.3,500.0,8.0,3.0,1.0,1.0,379.0,0
40.0,15113.32,41.0,4.0,0.0,0.0,1.0,837.0,1
28.0,4575.71,409.0,12.0,0.0,0.0,0.0,836.0,1
33.0,24541.19,42.0,3.0,2.0,0.0,1.0,338.0,0
42.0,49601.66,420.0,,2.0,0.0,1.0,602.0,1
39.0,13124.9,382.0,3.0,4.0,0.0,0.0,366.0,1
29.0,,112.0,8.0,2.0,1.0,1.0,746.0,0
47.0,20475.22,441.0,2.0,1.0,0.0,1.0,697.0,1
36.0,28978.87,188.0,11.0,0.0,0.0,1.0,332.0,0
48.0,21015.31,56.0,11.0,2.0,0.0,0.0,591.0,0
24.0,38694.59,338.0,5.0,2.0,0.0,0.0,777.0,1
49.0,20594.27,321.0,3.0,4.0,,0.0,789.0,0
48.0,44206.25,242.0,8.0,2.0,0.0,0.0,319.0,1
53.0,34278.98,175.0,2.0,3.0,,1.0,816.0,1
46.0,5190.96,181.0,12.0,4.0,0.0,1.0,711.0,0
45.0,34343.72,361.0,5.0,2.0,0.0,0.0,508.0,0
33.0,41330.82,574.0,10.0,1.0,0.0,1.0,777.0,1
56.0,33608.97,12.0,3.0,3.0,0.0,0.0,483.0,0
27.0,42070.78,248.0,14.0,2.0,0.0,0.0,506.0,1
24.0,22369.98,342.0,10.0,3.0,1.0,1.0,343.0,0
43.0,32002.97,0.0,14.0,3.0,1.0,1.0,458.0,0
53.0,41749.29,316.0,8.0,4.0,0.0,0.0,613.0,1
55.0,45733.84,467.0,14.0,2.0,0.0,0.0,508.0,1
63.0,43936.99,551.0,10.0,0.0,0.0,1.0,782.0,1
41.0,28380.8,141.0,1.0,0.0,0.0,0.0,532.0,0
30.0,2602.58,499.0,2.0,1.0,1.0,0.0,439.0,1
49.0,18524.45,104.0,2.0,2.0,0.0,1.0,364.0,1
31.0,20881.94,302.0,2.0,1.0,0.0,,556.0,1
21.0,5457.79,590.0,5.0,4.0,0.0,1.0,564.0,1
52.0,19930.37,476.0,9.0,,0.0,0.0,685.0,1
58.0,42726.42,459.0,9.0,3.0,0.0,1.0,429.0,1
35.0,19133.12,353.0,4.0,1.0,0.0,0.0,746.0,1
,19829.98,37.0,14.0,4.0,1.0,1.0,600.0,0
61.0,5989.91,534.0,7.0,2.0,0.0,0.0,564.0,1
66.0,23053.22,454.0,6.0,4.0,0.0,0.0,682.0,1
57.0,17728.08,546.0,14.0,4.0,0.0,1.0,406.0,1
41.0,4413.92,581.0,5.0,2.0,0.0,0.0,846.0,1
49.0,26595.36,167.0,7.0,0.0,0.0,1.0,585.0,0
66.0,15278.66,540.0,6.0,3.0,0.0,0.0,490.0,1
63.0,5004.77,550.0,1.0,0.0,1.0,0.0,475.0,1
60.0,4703.91,291.0,4.0,2.0,0.0,0.0,513.0,1
35.0,32763.84,197.0,2.0,3.0,1.0,1.0,569.0,0
55.0,46819.43,313.0,,0.0,0.0,0.0,543.0,1
40.0,28417.14,538.0,3.0,1.0,0.0,1.0,659.0,1
38.0,31979.41,558.0,6.0,1.0,,1.0,759.0,1
57.0,,390.0,8.0,0.0,0.0,0.0,432.0,0
31.0,8193.6,97.0,14.0,2.0,0.0,0.0,311.0,0
38.0,6874.61,90.0,4.0,0.0,1.0,1.0,691.0,0
66.0,22363.8,151.0,5.0,4.0,0.0,0.0,760.0,0
59.0,14358.93,14.0,10.0,2.0,0.0,1.0,551.0,0
22.0,1039.33,179.0,3.0,3.0,1.0,0.0,470.0,0
58.0,40224.38,515.0,10.0,0.0,,0.0,780.0,1
49.0,28421.48,526.0,1.0,1.0,0.0,0.0,677.0,1
36.0,16247.73,79.0,4.0,1.0,0.0,1.0,807.0,0
28.0,20512.36,167.0,1.0,4.0,0.0,0.0,335.0,1
46.0,49272.38,177.0,8.0,4.0,0.0,1.0,495.0,1
22.0,45762.28,332.0,2.0,1.0,0.0,1.0,379.0,0
,4719.23,85.0,13.0,0.0,0.0,0.0,478.0,0
49.0,16955.32,416.0,6.0,0.0,0.0,1.0,625.0,0
34.0,5129.68,483.0,14.0,2.0,0.0,0.0,771.0,1
53.0,24873.44,154.0,4.0,4.0,0.0,0.0,808.0,0
64.0,49951.31,270.0,4.0,1.0,1.0,0.0,647.0,1
27.0,26081.57,99.0,6.0,2.0,0.0,1.0,419.0,0
44.0,27616.58,563.0,11.0,0.0,1.0,0.0,680.0,1
20.0,46941.86,552.0,9.0,4.0,0.0,0.0,581.0,1
38.0,7728.35,454.0,6.0,4.0,0.0,0.0,682.0_err,1
28.0,38679.54,439.0,14.0,4.0,0.0,1.0,543.0,0
53.0,24644.48,372.0,1.0,1.0,1.0,0.0,678.0,1
21.0,4287.55,314.0,13.0,3.0,0.0,0.0,582.0,0
22.0,6320.62,206.0,14.0,2.0,1.0,1.0,437.0,0
47.0,5439.4,508.0,3.0,3.0,0.0,1.0,388.0,1
68.0,23979.13,243.0,11.0,3.0,0.0,1.0,486.0,0
41.0,33282.2,316.0,5.0,2.0,0.0,0.0,332.0,0
39.0,22989.77,478.0,1.0,0.0,0.0,1.0,546.0,1
29.0,6818.19,77.0,8.0,0.0,1.0,0.0,646.0,0
26.0,7185.91,180.0,6.0,2.0,0.0,1.0,720.0,1
49.0,10056.39,,4.0,1.0,1.0,1.0,575.0,0
28.0,22184.19,174.0,,0.0,1.0,0.0,599.0,0
65.0,46168.65,348.0,9.0,1.0,0.0,1.0,377.0,0
64.0,43176.21,35.0,11.0,,0.0,0.0,795.0,0
53.0,14509.0,305.0,7.0,2.0,1.0,1.0,384.0,1
52.0,15002.32,267.0,11.0,4.0,0.0,0.0,393.0,0
,6510.48,502.0,8.0,1.0,0.0,1.0,301.0,0
58.0,36760.89,302.0,,0.0,0.0,0.0,505.0,1
67.0,21307.8,501.0,7.0,2.0,0.0,0.0,735.0,1
29.0,29032.01,,10.0,0.0,0.0,1.0,430.0,0
42.0,45809.93,585.0,14.0,2.0,0.0,1.0,740.0,1
29.0,26123.48,237.0,3.0,4.0,1.0,0.0,316.0,0
25.0,21561.36,379.0,8.0,1.0,0.0,0.0,520.0,0
58.0,31055.81,520.0,1.0,0.0,1.0,1.0,699.0,1
57.0,45413.81,409.0,12.0,0.0,1.0,1.0,453.0,0
58.0,35991.31,515.0,10.0,3.0,0.0,1.0,771.0,1
56.0,35082.35,125.0,5.0,1.0,0.0,1.0,716.0,0
35.0,35197.46,592.0,9.0,1.0,1.0,0.0,769.0,1
65.0,49921.73,535.0,9.0,3.0,1.0,1.0,615.0,1
52.0,21542.15,423.0,6.0,2.0,0.0,1.0,461.0,1
37.0,33935.52,141.0,3.0,2.0,0.0,1.0,667.0,1
41.0,46009.93,21.0,2.0,1.0,0.0,1.0,379.0,0
31.0,23754.09,192.0,3.0,0.0,0.0,0.0,386.0,0
39.0,17407.14,447.0,4.0,2.0,0.0,1.0,762.0,1
31.0,11773.39,529.0,12.0,3.0,0.0,1.0,430.0,0
31.0,4918.22,557.0,11.0,2.0,0.0,0.0,773.0,1
40.0,31649.81,254.0,6.0,1.0,1.0,0.0,463.0,0
52.0,12139.24,215.0,5.0,1.0,1.0,1.0,607.0,0
48.0,34544.22,383.0,,0.0,0.0,0.0,798.0,1
53.0,19136.72,248.0,8.0,0.0,0.0,1.0,516.0,0
36.0,15884.07,455.0,10.0,3.0,0.0,0.0,549.0,1
30.0,30069.36,249.0,14.0,,1.0,0.0,301.0,0
49.0,48383.66,125.0,12.0,3.0,0.0,1.0,349.0,0
55.0,16543.11,384.0,3.0,0.0,0.0,1.0,353.0,1
67.0,33349.28,299.0,13.0,1.0,0.0,0.0,419.0,0
38.0,36304.05,418.0,10.0,0.0,0.0,0.0,846.0,1
25.0,38190.85,354.0,14.0,2.0,0.0,0.0,709.0,0
61.0,43531.16,5.0,10.0,1.0,0.0,0.0,415.0,0
18.0,45370.03,438.0,13.0,4.0,0.0,0.0,674.0,1
48.0,15029.02,436.0,10.0,2.0,0.0,1.0,825.0,1
37.0,25060.44,373.0,6.0,0.0,0.0,1.0,835.0,1
21.0,22496.01,401.0,12.0,4.0,0.0,1.0,712.0,1
64.0,29372.41,1.0,3.0,2.0,0.0,0.0,534.0,1
43.0,19030.74,243.0,8.0,3.0,1.0,1.0,619.0,0
66.0,29958.26,529.0,3.0,0.0,0.0,1.0,768.0,1
23.0,5026.26,176.0,9.0,3.0,1.0,0.0,561.0,0
38.0,19032.9,436.0,4.0,2.0,1.0,0.0,408.0,1
46.0,5477.13,347.0,2.0,1.0,1.0,1.0,634.0,1
21.0,35976.9,391.0,12.0,3.0,0.0,0.0,555.0,1
20.0,35236.0,375.0,3.0,2.0,0.0,1.0,749.0,1
68.0,30183.8,138.0,11.0,1.0,0.0,0.0,703.0,0
30.0,16438.4,119.0,9.0,4.0,0.0,,683.0,0
45.0,7624.45,261.0,13.0,4.0,0.0,0.0,610.0,0
22.0,13205.16,171.0,13.0,2.0,0.0,1.0,459.0,0
27.0,29894.07,85.0,2.0,1.0,0.0,1.0,832.0,0
67.0,22642.04,313.0,10.0,4.0,0.0,0.0,796.0,1
57.0,12047.07,168.0,14.0,3.0,0.0,0.0,444.0,0
20.0,10623.96,514.0,12.0,0.0,1.0,1.0,514.0,0
64.0,24232.51,238.0,13.0,3.0,0.0,0.0,361.0,1
66.0,19669.52,80.0,5.0,0.0,0.0,0.0,347.0,0
58.0,40850.15,178.0,2.0,1.0,1.0,1.0,521.0,0
67.0,1648.28,352.0,6.0,2.0,1.0,1.0,585.0,1
45.0,33286.87,326.0,,0.0,0.0,0.0,725.0,1
31.0,6356.74,184.0,10.0,4.0,0.0,0.0,749.0,0
31.0,32694.98,24.0,11.0,0.0,,0.0,346.0,0
57.0,34446.31,536.0,6.0,2.0,0.0,0.0,840.0,1
44.0,35945.04,317.0,14.0,1.0,0.0,0.0,818.0,1
54.0,14457.17,328.0,2.0,0.0,,0.0,546.0,1
51.0,14682.11,575.0,6.0,1.0,0.0,1.0,574.0,1
61.0,27529.3,276.0,13.0,,0.0,0.0,511.0,0
69.0,39716.64,454.0,4.0,1.0,0.0,1.0,799.0,1
24.0,28643.57,475.0,1.0,4.0,0.0,1.0,432.0,1
21.0,24803.46,333.0,11.0,2.0,0.0,0.0,694.0,0
67.0,34790.65,107.0,8.0,0.0,1.0,0.0,754.0,0
37.0,29018.97,573.0,9.0,4.0,0.0,0.0,553.0,1
65.0,22333.12,265.0,2.0,1.0,0.0,0.0,682.0,1
35.0,26190.14,86.0,7.0,3.0,0.0,0.0,484.0,0
36.0,33381.0,218.0,13.0,2.0,1.0,1.0,624.0,0
38.0,21247.35,516.0,14.0,4.0,0.0,1.0,796.0,1
27.0,16382.55,447.0,13.0,1.0,0.0,1.0,590.0,0
27.0,47821.35,469.0,9.0,4.0,1.0,0.0,636.0,1
25.0,49794.75,591.0,4.0,3.0,0.0,1.0,654.0,1
20.0,9290.68,585.0,14.0,4.0,1.0,0.0,,1
30.0,45865.89,406.0,13.0,1.0,0.0,0.0,451.0,1
33.0,14041.16,38.0,9.0,2.0,0.0,1.0,492.0,0
26.0,8173.71,100.0,1.0,0.0,1.0,0.0,414.0,0
56.0,41045.58,335.0,9.0,2.0,0.0,0.0,809.0,1
59.0,16863.09,137.0,5.0,3.0,0.0,0.0,732.0,0
37.0,6973.12,27.0,4.0,1.0,1.0,1.0,422.0,0
48.0,34001.64,,11.0,1.0,0.0,0.0,396.0,0
20.0,1020.98,403.0,2.0,1.0,0.0,0.0,683.0,1
36.0,25381.36,354.0,4.0,0.0,0.0,0.0,547.0,1
29.0,31555.08,262.0,14.0,2.0,0.0,,660.0,0
25.0,16882.3,234.0,1.0,4.0,0.0,1.0,733.0,0
55.0,25126.16,188.0,11.0,0.0,0.0,1.0,682.0,0
64.0,49476.02,312.0,4.0,3.0,0.0,0.0,849.0,1
58.0,9104.73,566.0,3.0,0.0,0.0,0.0,,1
42.0,27754.77,597.0,2.0,3.0,1.0,1.0,371.0,1
61.0,47410.24,93.0,1.0,4.0,0.0,0.0,605.0,1
33.0,1874.98,171.0,11.0,3.0,1.0,1.0,732.0,0
19.0,30235.63,227.0,12.0,2.0,0.0,0.0,527.0,0
32.0,9936.14,282.0,12.0,1.0,0.0,1.0,626.0,0
20.0,20484.18,260.0,3.0,3.0,0.0,1.0,352.0,1
40.0,14649.53,164.0,5.0,1.0,1.0,1.0,763.0,1
25.0,308.9,34.0,10.0,3.0,0.0,1.0,351.0,0
30.0,26708.01,146.0,2.0,1.0,0.0,0.0,737.0,1
24.0,32477.8,233.0,2.0,0.0,0.0,,456.0,0
58.0,22533.21,62.0,1.0,0.0,0.0,0.0,642.0,1
65.0,1926.68,168.0,11.0,1.0,1.0,0.0,712.0,0
21.0,3173.53,331.0,12.0,3.0,0.0,0.0,481.0,0
52.0,34269.43,459.0,1.0,0.0,1.0,1.0,543.0,1
22.0,13079.65,363.0,4.0,0.0,0.0,0.0,751.0,1
56.0,29283.01,46.0,4.0,,1.0,0.0,362.0,0
22.0,32946.02,250.0,4.0,3.0,0.0,0.0,592.0,0
54.0,31213.42,39.0,14.0,2.0,0.0,0.0,,0
62.0,16198.01,240.0,8.0,0.0,0.0,1.0,456.0,0
61.0,16486.38,62.0,4.0,1.0,1.0,1.0,665.0,0
65.0,13473.23,374.0,6.0,1.0,0.0,1.0,384.0,0
58.0,8672.71,462.0,6.0,3.0,0.0,0.0,762.0,1
40.0,28714.91,533.0,8.0,3.0,1.0,,408.0,1
30.0,36358.19,144.0,12.0,0.0,0.0,1.0,385.0,0
67.0,20172.5,,2.0,1.0,1.0,1.0,322.0,0
19.0,32074.37,156.0,10.0,4.0,1.0,1.0,363.0,0
54.0,10243.03,451.0,1.0,2.0,1.0,0.0,521.0,1
69.0,21307.21,1.0,11.0,3.0,1.0,0.0,452.0,0
42.0,49910.68,213.0,8.0,4.0,0.0,0.0,580.0,1
30.0,35688.51,382.0,2.0,3.0,0.0,1.0,632.0,1
18.0,20682.25,515.0,13.0,1.0,0.0,0.0,634.0,1
43.0,23418.19,292.0,8.0,2.0,1.0,0.0,409.0,0
20.0,24129.21,428.0,8.0,2.0,0.0,0.0,777.0,1
63.0,45666.32,57.0,14.0,4.0,0.0,0.0,515.0,0
47.0,2149.81,288.0,14.0,4.0,1.0,1.0,656.0,0
30.0,15433.21,177.0,5.0,2.0,1.0,0.0,508.0,0
55.0,49591.34,18.0,6.0,4.0,1.0,1.0,715.0,0
42.0,1542.87,463.0,14.0,1.0,0.0,1.0,780.0,1
56.0,47719.2,423.0,2.0,4.0,0.0,,300.0,1
31.0,26405.59,474.0,13.0,2.0,1.0,1.0,771.0,0
53.0,49865.44,156.0,9.0,2.0,0.0,0.0,798.0,0
64.0,33786.76,232.0,,1.0,0.0,1.0,826.0,1
38.0,34144.04,557.0,3.0,3.0,0.0,1.0,553.0,1
49.0,15985.55,562.0,11.0,3.0,0.0,1.0,720.0,1
28.0,5098.08,571.0,5.0,0.0,1.0,1.0,813.0,1
32.0,18814.96,280.0,14.0,3.0,0.0,0.0,351.0,0
67.0,37163.2,92.0,7.0,2.0,1.0,1.0,608.0,0
37.0,27813.86,141.0,14.0,2.0,0.0,0.0,675.0,0
50.0,9749.68,302.0,9.0,,0.0,1.0,609.0,1
53.0,2388.7,584.0,7.0,1.0,0.0,1.0,667.0,0
58.0,49435.13,403.0,10.0,2.0,0.0,1.0,832.0,1
53.0,846.27,191.0,3.0,4.0,0.0,1.0,775.0,1
60.0,32552.26,569.0,10.0,3.0,0.0,0.0,778.0,1
46.0,33163.37,553.0,11.0,1.0,0.0,0.0,586.0,1
47.0,30208.51,556.0,12.0,2.0,1.0,1.0,417.0,0
53.0,18621.96,149.0,13.0,4.0,0.0,1.0,575.0,0
57.0,21256.39,259.0,14.0,4.0,1.0,0.0,756.0,0
37.0,34031.83,483.0,10.0,3.0,0.0,0.0,810.0,1
32.0,49766.7,90.0,14.0,4.0,1.0,1.0,729.0,0
18.0,13292.23,154.0,2.0,0.0,1.0,0.0,787.0,0
68.0,13596.02,500.0,3.0,1.0,0.0,0.0,382.0,1
20.0,27230.59,279.0,10.0,4.0,,1.0,844.0,1
51.0,22258.79,88.0,5.0,0.0,1.0,1.0,650.0,0
37.0,11301.0,180.0,12.0,4.0,1.0,0.0,717.0,0
63.0,4892.02,316.0,12.0,4.0,0.0,0.0,323.0,0
43.0,20573.38,333.0,14.0,0.0,0.0,1.0,451.0,1
24.0,42099.99,258.0,9.0,3.0,0.0,1.0,367.0,1
52.0,47337.8,78.0,13.0,1.0,1.0,1.0,533.0,0
53.0,31893.05,71.0,7.0,1.0,0.0,0.0,306.0,0
61.0,10239.51,210.0,12.0,4.0,1.0,0.0,575.0,0
57.0,37069.78,296.0,13.0,1.0,1.0,0.0,307.0,1
60.0,14147.73,,2.0,3.0,1.0,1.0,775.0,1
,25484.69,199.0,5.0,1.0,1.0,1.0,434.0,0
43.0,48584.67,530.0,13.0,3.0,0.0,1.0,753.0,1
22.0,42256.69,512.0,12.0,4.0,0.0,1.0,700.0,0
32.0,26851.94,,13.0,0.0,1.0,0.0,449.0,0
50.0,10726.43,102.0,12.0,2.0,1.0,1.0,408.0,0
25.0,3697.19,140.0,10.0,2.0,0.0,1.0,841.0,0
68.0,38113.32,216.0,100.0,1.0,0.0,0.0,510.0,1
58.0,9583.9,471.0,14.0,4.0,0.0,0.0,553.0,1
36.0,692.6,145.0,8.0,3.0,0.0,1.0,647.0,0
24.0,34923.57,488.0,12.0,0.0,0.0,1.0,758.0,1
27.0,21550.3,552.0,8.0,4.0,0.0,0.0,531.0,1
59.0,12763.63,482.0,9.0,3.0,1.0,0.0,755.0,1
58.0,11212.8,235.0,14.0,3.0,1.0,0.0,581.0,0
42.0,35290.77,,2.0,2.0,0.0,1.0,357.0,0
38.0,42173.63,13.0,9.0,4.0,0.0,0.0,783.0,0
57.0,4004.27,547.0,10.0,2.0,1.0,1.0,708.0,1
50.0,,298.0,7.0,3.0,0.0,,788.0,1
47.0,46091.61,49.0,3.0,2.0,0.0,0.0,,0
35.0,13292.58,227.0,3.0,0.0,0.0,1.0,749.0,0
67.0,47221.49,405.0,1.0,4.0,0.0,0.0,630.0,1
23.0,10663.71,185.0,5.0,4.0,1.0,1.0,463.0,0
28.0,47918.11,407.0,13.0,4.0,0.0,1.0,558.0,0
52.0,37287.36,515.0,10.0,0.0,0.0,0.0,583.0,1
33.0,4692.19,67.0,5.0,3.0,0.0,1.0,841.0,1
65.0,35070.77,423.0,1.0,3.0,0.0,0.0,622.0,1
69.0,28444.28,509.0,12.0,2.0,0.0,1.0,321.0,1
34.0,15777.45,448.0,8.0,4.0,1.0,0.0,451.0,1
20.0,36803.66,210.0,4.0,4.0,1.0,0.0,743.0,0
30.0,24600.34,298.0,14.0,0.0,0.0,0.0,524.0,0
52.0,36357.07,144.0,1.0,3.0,1.0,1.0,,0
40.0,17917.8,396.0,5.0,4.0,0.0,0.0,618.0,1
69.0,4339.27,63.0,7.0,3.0,0.0,1.0,620.0,0
37.0,40896.41,104.0,10.0,4.0,0.0,0.0,590.0,0
22.0,16144.17,561.0,6.0,3.0,1.0,0.0,575.0,1
37.0,32522.82,329.0,9.0,2.0,1.0,0.0,530.0,1
55.0,15287.91,580.0,7.0,2.0,0.0,0.0,698.0,1
67.0,1475.74,146.0,6.0,0.0,0.0,1.0,507.0,0
56.0,10601.57,8.0,4.0,1.0,0.0,0.0,309.0,0
40.0,29978.82,462.0,9.0,2.0,0.0,0.0,367.0,1
65.0,33673.65,322.0,5.0,4.0,0.0,0.0,489.0,1
55.0,17475.92,333.0,5.0,1.0,1.0,0.0,,1
57.0,20671.74,502.0,14.0,0.0,0.0,1.0,719.0,1
58.0,43417.37,286.0,13.0,2.0,1.0,0.0,584.0,1
38.0,40987.16,315.0,7.0,2.0,0.0,0.0,571.0,1
66.0,5554.23,383.0,12.0,1.0,0.0,1.0,669.0,1
52.0,11266.06,308.0,11.0,1.0,0.0,1.0,301.0,0
49.0,30052.47,354.0,2.0,,0.0,0.0,619.0,1
28.0,16464.2,115.0,1.0,4.0,0.0,1.0,332.0,0
42.0,40516.37,150.0,9.0,3.0,1.0,0.0,694.0,1
51.0,1950.76,159.0,8.0,1.0,1.0,0.0,737.0,0
51.0,32226.55,592.0,9.0,4.0,0.0,1.0,353.0,1
64.0,42664.74,266.0,1.0,0.0,0.0,0.0,578.0,1
27.0,1844.62,470.0,,4.0,1.0,1.0,507.0,0
39.0,25729.95,330.0,5.0,0.0,0.0,0.0,732.0,1
65.0,22694.62,212.0,1.0,0.0,0.0,1.0,791.0,1
19.0,1612.12,236.0,8.0,3.0,0.0,0.0,322.0,0
40.0,13815.02,66.0,1.0,3.0,0.0,1.0,738.0,1
19.0,18588.38,254.0,1.0,1.0,0.0,0.0,585.0,1
28.0,54.53,281.0,5.0,0.0,0.0,0.0,831.0,0
21.0,47685.82,533.0,12.0,3.0,0.0,1.0,484.0,1
67.0,16281.8,33.0,5.0,0.0,0.0,0.0,431.0,0
55.0,24648.1,569.0,7.0,0.0,0.0,1.0,652.0,1
40.0,30529.17,592.0,3.0,3.0,0.0,0.0,747.0,1
57.0,32345.91,280.0,2.0,1.0,0.0,1.0,352.0,0
22.0,793.06,218.0,11.0,0.0,1.0,1.0,544.0,0
38.0,7776.57,205.0,4.0,1.0,0.0,0.0,611.0,1
48.0,35757.17,498.0,5.0,0.0,1.0,0.0,647.0,1
37.0,22142.55,101.0,1.0,2.0,0.0,0.0,308.0,0
40.0,12793.47,516.0,4.0,1.0,0.0,1.0,701.0,1
31.0,12197.12,525.0,1.0,3.0,0.0,1.0,796.0,1
21.0,21091.94,563.0,12.0,4.0,0.0,0.0,585.0,1
51.0,6292.17,199.0,4.0,4.0,0.0,0.0,519.0,0
58.0,10866.73,527.0,4.0,1.0,1.0,1.0,721.0,1
40.0,4126.69,,13.0,3.0,0.0,0.0,535.0,0
46.0,42884.87,316.0,3.0,2.0,0.0,1.0,594.0,1
69.0,37683.41,60.0,8.0,0.0,0.0,0.0,533.0,0
52.0,37325.35,452.0,13.0,,0.0,0.0,501.0,1
26.0,11463.87,267.0,4.0,4.0,1.0,1.0,300.0,0
23.0,13684.59,568.0,12.0,1.0,0.0,1.0,689.0,1
54.0,15827.13,334.0,5.0,0.0,0.0,1.0,539.0,0
21.0,19779.27,183.0,13.0,4.0,0.0,0.0,849.0,0
43.0,6319.93,246.0,14.0,2.0,1.0,0.0,630.0,0
58.0,40268.76,6.0,4.0,2.0,0.0,0.0,347.0,0
30.0,27812.9,205.0,9.0,2.0,1.0,1.0,846.0,1
67.0,15813.65,472.0,13.0,2.0,,1.0,336.0,0
54.0,21507.82,112.0,8.0,3.0,0.0,0.0,411.0,0
28.0,20559.71,453.0,13.0,0.0,0.0,1.0,414.0,0
49.0,8148.8,86.0,5.0,4.0,1.0,1.0,785.0,0
31.0,21665.42,42.0,12.0,1.0,0.0,1.0,554.0,0
46.0,3674.66,8.0,10.0,1.0,0.0,0.0,821.0,0
51.0,27000.53,412.0,14.0,0.0,1.0,0.0,618.0,0
47.0,12773.7,316.0,6.0,0.0,0.0,1.0,616.0,0
18.0,18831.9,442.0,8.0,2.0,1.0,1.0,344.0,0
29.0,32633.48,133.0,7.0,3.0,0.0,0.0,590.0,0
29.0,29038.8,88.0,3.0,3.0,,0.0,594.0,0
45.0,29074.88,551.0,13.0,4.0,1.0,1.0,627.0,1
61.0,20953.51,58.0,4.0,0.0,0.0,,791.0,0
44.0,41297.31,529.0,8.0,4.0,0.0,1.0,650.0,1
18.0,40802.17,274.0,9.0,3.0,0.0,1.0,449.0,1
47.0,7240.03,259.0,9.0,0.0,0.0,1.0,779.0,0
67.0,42818.77,272.0,1.0,3.0,0.0,1.0,444.0,1
19.0,37629.22,168.0,2.0,0.0,0.0,0.0,533.0,0
29.0,41197.6,19.0,1.0,2.0,0.0,0.0,405.0,0
41.0,2082.51,389.0,13.0,4.0,1.0,0.0,723.0,0
53.0,8783.64,578.0,4.0,0.0,0.0,,635.0,1
24.0,35239.18,541.0,9.0,0.0,0.0,0.0,471.0,1
61.0,14057.54,124.0,11.0,3.0,1.0,0.0,411.0,0
61.0,1917.42,512.0,9.0,0.0,0.0,0.0,587.0,0
22.0,40266.94,448.0,9.0,3.0,1.0,1.0,310.0,1
67.0,809.66,457.0,12.0,4.0,1.0,0.0,831.0,1
60.0,12659.65,337.0,9.0,0.0,1.0,1.0,316.0,0
37.0,20800.43,354.0,10.0,3.0,0.0,0.0,840.0,1
47.0,3310.37,300.0,8.0,2.0,0.0,0.0,339.0,0
19.0,45972.87,438.0,11.0,1.0,0.0,0.0,534.0,1
68.0,35635.35,572.0,4.0,4.0,0.0,1.0,668.0,1
21.0,26831.82,461.0,11.0,4.0,0.0,0.0,620.0,1
65.0,12637.99,457.0,6.0,1.0,0.0,1.0,308.0,1
68.0,7467.5,42.0,7.0,3.0,0.0,0.0,556.0,0
41.0,41971.24,139.0,6.0,0.0,0.0,1.0,634.0,0
67.0,45956.79,114.0,3.0,0.0,1.0,1.0,745.0,0
37.0,4890.37,447.0,11.0,3.0,1.0,1.0,672.0,0
24.0,33548.68,35.0,7.0,1.0,0.0,1.0,769.0,0
58.0,37221.51,547.0,8.0,4.0,0.0,1.0,710.0,1
25.0,552.31,571.0,6.0,0.0,1.0,0.0,744.0,1
34.0,49940.38,255.0,12.0,4.0,1.0,0.0,786.0,1
24.0,18844.46,496.0,8.0,3.0,,1.0,564.0,0
67.0,9564.93,443.0,7.0,2.0,0.0,0.0,478.0,0
21.0,20954.54,111.0,6.0,2.0,0.0,0.0,449.0,0
48.0,11748.94,473.0,4.0,0.0,0.0,0.0,769.0,1
35.0,24792.62,36.0,10.0,1.0,1.0,1.0,524.0,0
44.0,3712.06,171.0,12.0,1.0,0.0,0.0,437.0,0
58.0,39189.82,,1.0,0.0,0.0,0.0,360.0,0
50.0,1852.38,155.0,5.0,2.0,0.0,0.0,356.0,0
23.0,26574.26,80.0,5.0,0.0,0.0,0.0,699.0,0
54.0,44106.5,257.0,4.0,1.0,0.0,0.0,461.0,0
68.0,7777.05,287.0,3.0,2.0,0.0,0.0,695.0,1
62.0,23459.47,346.0,10.0,3.0,1.0,0.0,416.0,1
63.0,36852.03,,4.0,0.0,0.0,0.0,454.0,0
42.0,25423.27,83.0,6.0,1.0,0.0,0.0,339.0,0
65.0,34094.86,97.0,11.0,1.0,0.0,0.0,617.0,1
60.0,42620.37,341.0,3.0,1.0,0.0,1.0,765.0,1
23.0,3978.99,599.0,3.0,1.0,0.0,1.0,629.0,1
59.0,36790.15,549.0,8.0,1.0,0.0,1.0,703.0,1
66.0,15055.57,440.0,9.0,3.0,1.0,1.0,387.0,0
,20668.44,402.0,12.0,4.0,0.0,0.0,750.0,1
60.0,19413.47,253.0,14.0,1.0,1.0,1.0,673.0,0
55.0,22973.64,401.0,4.0,2.0,0.0,0.0,725.0,1
20.0,31387.94,130.0,8.0,2.0,1.0,0.0,750.0,0
45.0,9252.5,499.0,9.0,,0.0,1.0,373.0,0
20.0,5824.39,439.0,7.0,3.0,0.0,1.0,634.0,1
57.0,9496.35,43.0,13.0,2.0,0.0,1.0,484.0,0
69.0,11040.91,239.0,7.0,1.0,0.0,1.0,753.0,0
41.0,,187.0,6.0,3.0,0.0,0.0,793.0,1
52.0,1387.85,81.0,3.0,3.0,0.0,1.0,496.0,0
29.0,21981.09,160.0,12.0,0.0,1.0,1.0,814.0,0
65.0,15523.88,384.0,8.0,3.0,0.0,0.0,615.0,1
68.0,30063.46,159.0,8.0,4.0,0.0,1.0,752.0,0
28.0,36015.07,74.0,3.0,3.0,0.0,0.0,528.0,0
64.0,37352.01,47.0,5.0,4.0,0.0,0.0,830.0,0
54.0,33531.1,236.0,10.0,3.0,0.0,1.0,788.0,1
45.0,46632.68,572.0,1.0,4.0,1.0,1.0,813.0,1
37.0,16998.57,165.0,14.0,3.0,0.0,1.0,534.0,0
33.0,13251.54,308.0,3.0,2.0,0.0,0.0,724.0,1
20.0,6193.51,373.0,3.0,0.0,0.0,0.0,458.0,0
36.0,38839.04,88.0,1.0,0.0,0.0,1.0,336.0,1
18.0,25782.81,159.0,13.0,0.0,0.0,1.0,455.0,0
,14058.24,454.0,4.0,1.0,1.0,1.0,380.0,1
20.0,35245.01,598.0,1.0,,1.0,0.0,765.0,1
64.0,39125.72,258.0,14.0,4.0,0.0,1.0,598.0,1
62.0,30744.15,240.0,6.0,3.0,0.0,1.0,320.0,0
28.0,42665.32,468.0,2.0,4.0,1.0,1.0,463.0,1
66.0,29291.45,480.0,13.0,3.0,0.0,1.0,710.0,1
20.0,46543.17,139.0,13.0,1.0,1.0,1.0,692.0,0
40.0,35288.25,356.0,11.0,4.0,0.0,0.0,533.0,1
38.0,9229.01,597.0,4.0,2.0,1.0,0.0,325.0,1
48.0,46712.47,154.0,12.0,2.0,0.0,1.0,588.0,1
45.0,31260.4,216.0,9.0,1.0,0.0,1.0,,0
50.0,3233.99,57.0,7.0,2.0,1.0,1.0,729.0,0
23.0,47840.44,83.0,8.0,1.0,0.0,1.0,622.0,0
35.0,48956.67,444.0,10.0,3.0,0.0,0.0,793.0,1
53.0,971.5,62.0,3.0,1.0,0.0,1.0,421.0,0
33.0,29553.17,257.0,4.0,1.0,0.0,0.0,709.0,1
51.0,44847.55,494.0,14.0,4.0,1.0,0.0,324.0,1
43.0,30908.15,481.0,3.0,3.0,1.0,0.0,452.0,1
55.0,7818.43,546.0,14.0,1.0,1.0,0.0,786.0,0
64.0,24004.9,170.0,7.0,4.0,1.0,1.0,781.0,0
39.0,48929.42,458.0,2.0,2.0,0.0,0.0,660.0,1
38.0,12840.21,582.0,13.0,3.0,0.0,1.0,507.0,1
20.0,13680.56,572.0,3.0,4.0,0.0,0.0,477.0,1
31.0,8070.73,315.0,6.0,3.0,0.0,0.0,480.0,1
65.0,44550.3,65.0,,0.0,0.0,0.0,583.0,0
21.0,13666.55,126.0,10.0,2.0,0.0,1.0,403.0,0
41.0,34423.89,194.0,10.0,4.0,0.0,0.0,394.0,0
47.0,7008.62,561.0,9.0,0.0,1.0,0.0,305.0,1
29.0,24901.86,417.0,8.0,1.0,1.0,1.0,421.0,0
64.0,3248.77,215.0,8.0,0.0,0.0,1.0,813.0,0
18.0,8539.17,62.0,4.0,2.0,0.0,1.0,512.0,0
26.0,6379.72,0.0,11.0,2.0,1.0,0.0,321.0,0
48.0,4646.54,555.0,5.0,1.0,,0.0,354.0,1
48.0,11335.98,132.0,10.0,4.0,1.0,0.0,384.0,0
19.0,44201.41,412.0,4.0,2.0,1.0,1.0,484.0,1
30.0,40715.22,484.0,3.0,4.0,0.0,1.0,732.0,1
55.0,3544.29,120.0,,3.0,0.0,0.0,447.0,1
37.0,33314.07,77.0,8.0,4.0,0.0,0.0,452.0,0
46.0,6857.37,411.0,9.0,2.0,0.0,1.0,415.0,0
65.0,46135.11,132.0,2.0,2.0,1.0,1.0,770.0,0
18.0,38086.97,594.0,5.0,4.0,1.0,1.0,354.0,1
48.0,13633.0,476.0,13.0,4.0,0.0,1.0,517.0,1
27.0,19470.74,369.0,6.0,2.0,1.0,1.0,838.0,0
46.0,27382.06,269.0,13.0,0.0,1.0,1.0,573.0,0
41.0,38736.46,130.0,14.0,0.0,1.0,0.0,779.0,0
42.0,16227.38,489.0,13.0,2.0,1.0,1.0,802.0_err,0
63.0,,373.0,2.0,0.0,1.0,0.0,399.0,1
51.0,33529.32,71.0,5.0,4.0,0.0,1.0,460.0,0
22.0,545.45,203.0,1.0,0.0,1.0,0.0,714.0,0
34.0,42077.43,223.0,11.0,3.0,0.0,1.0,306.0,0
25.0,46733.74,591.0,5.0,3.0,0.0,1.0,581.0,1
39.0,17017.73,66.0,6.0,4.0,0.0,1.0,693.0,1
44.0,10963.33,318.0,11.0,3.0,1.0,0.0,516.0,1
20.0,26704.9,364.0,5.0,1.0,0.0,0.0,839.0,1
24.0,33492.44,584.0,6.0,0.0,0.0,1.0,691.0,1
52.0,11798.59,482.0,10.0,2.0,0.0,1.0,426.0,1
52.0,29241.42,362.0,14.0,0.0,1.0,0.0,,0
48.0,49552.13,530.0,3.0,2.0,0.0,1.0,461.0,1
58.0,29681.82,436.0,5.0,1.0,1.0,0.0,695.0,1
20.0,21467.38,432.0,2.0,1.0,1.0,0.0,489.0,1
45.0,38299.91,510.0,13.0,4.0,1.0,1.0,640.0,1
54.0,5657.37,380.0,2.0,0.0,,1.0,786.0,1
42.0,30960.56,597.0,11.0,4.0,0.0,1.0,,1
19.0,37446.22,271.0,,0.0,0.0,1.0,849.0,1
61.0,23031.96,512.0,5.0,4.0,0.0,0.0,662.0,1
37.0,49981.08,407.0,13.0,2.0,0.0,1.0,605.0,0
35.0,7284.59,279.0,7.0,0.0,0.0,0.0,491.0,0
39.0,8026.81,42.0,11.0,1.0,0.0,0.0,634.0,0
33.0,34780.54,319.0,3.0,0.0,1.0,1.0,529.0,1
26.0,2139.02,65.0,5.0,0.0,1.0,0.0,465.0,0
60.0,37732.75,558.0,14.0,0.0,0.0,0.0,734.0,1
59.0,13217.86,393.0,6.0,0.0,0.0,0.0,543.0,1
46.0,4641.56,335.0,4.0,2.0,1.0,,561.0,0
21.0,4948.15,541.0,4.0,0.0,1.0,1.0,840.0,1
45.0,32343.65,349.0,13.0,4.0,0.0,0.0,731.0,1
41.0,39310.1,467.0,1.0,0.0,0.0,1.0,456.0,1
36.0,29301.56,464.0,6.0,1.0,1.0,1.0,569.0,1
63.0,44819.77,,6.0,1.0,0.0,1.0,352.0,0
43.0,49018.35,417.0,14.0,4.0,1.0,1.0,848.0,1
32.0,6300.77,352.0,2.0,1.0,1.0,0.0,637.0,1
29.0,32002.54,372.0,1.0,2.0,0.0,1.0,431.0,1
45.0,22089.36,300.0,14.0,3.0,0.0,0.0,488.0,0
35.0,41850.21,107.0,12.0,3.0,0.0,1.0,489.0,0
50.0,17944.34,514.0,4.0,3.0,1.0,1.0,777.0,1
61.0,29991.73,133.0,4.0,2.0,0.0,1.0,,0
51.0,10532.48,382.0,3.0,1.0,0.0,1.0,555.0,1
59.0,39882.55,235.0,14.0,4.0,0.0,1.0,609.0,0
33.0,4205.83,123.0,13.0,2.0,0.0,1.0,452.0,0
49.0,12011.65,301.0,2.0,2.0,0.0,1.0,620.0,1
21.0,18714.66,562.0,3.0,2.0,1.0,1.0,670.0,1
23.0,43870.86,508.0,7.0,2.0,0.0,0.0,509.0,1
21.0,8156.4,60.0,10.0,1.0,,1.0,607.0,0
34.0,9623.29,281.0,12.0,4.0,1.0,0.0,412.0,0
30.0,28325.06,280.0,12.0,2.0,0.0,0.0,667.0,1
47.0,2874.69,400.0,6.0,1.0,1.0,0.0,561.0,0
41.0,61.52,23.0,1.0,0.0,0.0,1.0,845.0,0
68.0,44778.5,459.0,7.0,2.0,0.0,1.0,303.0,1
54.0,41871.07,32.0,3.0,2.0,0.0,0.0,602.0,0
28.0,20529.08,584.0,5.0,1.0,0.0,0.0,738.0,1
66.0,27492.77,127.0,8.0,3.0,0.0,1.0,797.0,1
22.0,45145.21,168.0,13.0,0.0,0.0,0.0,624.0,0
24.0,7104.26,583.0,6.0,0.0,0.0,0.0,,0
28.0,13390.34,514.0,6.0,1.0,1.0,0.0,336.0,1
62.0,33340.92,309.0,3.0,0.0,0.0,1.0,833.0,1
26.0,42891.98,417.0,3.0,2.0,1.0,0.0,510.0,1
62.0,35132.47,150.0,4.0,1.0,0.0,0.0,,0
48.0,32950.78,108.0,3.0,0.0,0.0,0.0,607.0,1
28.0,38691.45,106.0,13.0,0.0,0.0,0.0,538.0,0
26.0,6921.4,178.0,6.0,4.0,1.0,1.0,725.0,0
46.0,36910.3,203.0,14.0,3.0,0.0,0.0,491.0,0
46.0,36614.95,170.0,6.0,0.0,0.0,0.0,702.0,0
20.0,22498.54,568.0,7.0,3.0,0.0,1.0,406.0,1
47.0,47050.93,79.0,6.0,2.0,0.0,0.0,790.0,1
27.0,17511.08,298.0,13.0,0.0,1.0,0.0,757.0,0
50.0,48075.8,440.0,4.0,3.0,0.0,1.0,579.0,1
27.0,9668.81,494.0,3.0,4.0,1.0,0.0,411.0,1
35.0,2083.52,18.0,6.0,3.0,0.0,1.0,775.0,0
32.0,45046.69,585.0,2.0,3.0,1.0,0.0,734.0,1
20.0,27879.11,380.0,12.0,1.0,0.0,0.0,747.0,1
64.0,17317.27,93.0,14.0,0.0,0.0,1.0,832.0,0
29.0,19794.47,196.0,2.0,1.0,1.0,1.0,600.0,0
30.0,36983.55,326.0,3.0,2.0,0.0,0.0,577.0,1
52.0,43914.13,583.0,12.0,1.0,1.0,0.0,403.0,1
24.0,3324.79,145.0,6.0,3.0,0.0,0.0,432.0,0
19.0,6619.09,242.0,13.0,1.0,0.0,1.0,584.0,0
18.0,5528.38,34.0,5.0,4.0,0.0,0.0,377.0,0
63.0,3029.48,485.0,6.0,4.0,0.0,1.0,472.0,1
25.0,10895.77,381.0,11.0,3.0,0.0,1.0,351.0,0
18.0,45057.9,44.0,3.0,0.0,0.0,0.0,522.0,0
23.0,38452.33,182.0,10.0,2.0,0.0,1.0,756.0,0
57.0,45793.35,574.0,3.0,1.0,0.0,0.0,311.0,1
23.0,27808.08,129.0,1.0,4.0,0.0,1.0,818.0,1
33.0,23500.98,102.0,10.0,1.0,0.0,1.0,747.0,0
25.0,46657.81,94.0,7.0,2.0,1.0,0.0,,0
62.0,15733.97,561.0,11.0,3.0,0.0,0.0,463.0,1
37.0,31404.59,9.0,5.0,4.0,0.0,0.0,778.0,0
25.0,25892.59,396.0,2.0,3.0,,1.0,801.0,1
21.0,10717.24,111.0,7.0,4.0,0.0,1.0,306.0,0
22.0,49188.23,492.0,2.0,1.0,1.0,1.0,592.0,1
21.0,39113.45,565.0,2.0,,0.0,0.0,627.0,1
21.0,27782.77,520.0,5.0,1.0,0.0,1.0,783.0,1
18.0,10840.13,475.0,5.0,2.0,1.0,0.0,511.0,0
25.0,7104.15,305.0,4.0,4.0,0.0,0.0,350.0,0
43.0,41320.3,142.0,6.0,3.0,0.0,0.0,828.0,1
30.0,47133.9,316.0,13.0,,0.0,0.0,398.0,0
51.0,21210.45,140.0,11.0,3.0,,1.0,646.0_err,0
31.0,26262.12,295.0,1.0,0.0,0.0,1.0,772.0,1
61.0,23625.22,144.0,5.0,2.0,,0.0,696.0,0
50.0,9376.67,504.0,8.0,4.0,1.0,1.0,301.0,0
56.0,5541.54,150.0,3.0,3.0,1.0,1.0,,1
20.0,19178.19,4.0,1.0,1.0,1.0,1.0,374.0,0
29.0,25132.18,361.0,9.0,3.0,1.0,1.0,342.0,0
64.0,9321.43,384.0,12.0,4.0,0.0,0.0,652.0,1
,41234.69,414.0,11.0,3.0,1.0,1.0,730.0,1
20.0,48792.11,541.0,13.0,0.0,1.0,0.0,387.0,1
68.0,34240.97,463.0,6.0,3.0,0.0,0.0,658.0,1
27.0,17560.11,121.0,12.0,1.0,1.0,1.0,699.0,0
21.0,48142.06,348.0,13.0,3.0,0.0,0.0,518.0,1
51.0,19775.14,329.0,3.0,1.0,1.0,0.0,427.0,1
20.0,295.95,136.0,7.0,0.0,0.0,1.0,664.0,0
53.0,47360.75,434.0,3.0,1.0,0.0,0.0,727.0,1
39.0,45782.16,401.0,2.0,1.0,0.0,1.0,,0
48.0,2868.69,153.0,12.0,4.0,0.0,,614.0,0
40.0,14735.63,178.0,14.0,2.0,1.0,1.0,586.0,0
23.0,49863.94,90.0,13.0,3.0,0.0,1.0,449.0,0
69.0,10984.33,172.0,13.0,4.0,0.0,0.0,730.0,0
21.0,14202.62,192.0,8.0,1.0,0.0,0.0,716.0,0
25.0,37801.52,,1.0,1.0,1.0,1.0,649.0,1
69.0,10561.23,572.0,5.0,1.0,0.0,0.0,620.0,1
52.0,6093.69,346.0,12.0,1.0,0.0,0.0,561.0,0
67.0,35254.88,408.0,14.0,0.0,1.0,1.0,334.0,1
41.0,48965.14,145.0,9.0,3.0,0.0,1.0,369.0,1
62.0,34122.13,142.0,1.0,3.0,1.0,0.0,345.0,1
29.0,39916.88,304.0,8.0,0.0,0.0,1.0,596.0,0
67.0,39170.03,454.0,,4.0,0.0,1.0,721.0,1
64.0,2104.8,7.0,14.0,3.0,0.0,1.0,332.0,0
38.0,48974.72,153.0,12.0,3.0,0.0,1.0,624.0,0
60.0,43956.36,523.0,14.0,4.0,0.0,1.0,412.0,1
46.0,48037.59,190.0,12.0,1.0,1.0,1.0,657.0,1
28.0,28864.77,278.0,11.0,0.0,0.0,1.0,440.0,0
36.0,25513.71,153.0,2.0,1.0,0.0,0.0,556.0,1
30.0,34530.37,500.0,8.0,0.0,1.0,0.0,551.0,1
54.0,1732.9,415.0,13.0,1.0,0.0,0.0,492.0,0
53.0,23248.55,340.0,1.0,3.0,0.0,0.0,509.0,1
60.0,47789.25,416.0,3.0,2.0,0.0,1.0,374.0,0
43.0,41348.09,359.0,9.0,4.0,1.0,0.0,603.0,1
32.0,29429.72,491.0,2.0,1.0,0.0,0.0,614.0,1
67.0,42822.45,476.0,1.0,3.0,0.0,0.0,576.0,1
47.0,44300.74,38.0,10.0,4.0,0.0,0.0,778.0,1
52.0,47113.43,363.0,6.0,3.0,1.0,0.0,580.0,1
41.0,48920.56,536.0,2.0,0.0,1.0,1.0,335.0,1
56.0,2638.42,533.0,11.0,3.0,0.0,1.0,688.0,1
24.0,1336.74,39.0,7.0,0.0,0.0,1.0,455.0,0
53.0,42020.14,24.0,6.0,2.0,0.0,1.0,709.0,0
24.0,8730.36,34.0,1.0,4.0,0.0,1.0,826.0,0
46.0,48395.84,289.0,3.0,2.0,0.0,0.0,531.0,1
66.0,36661.19,429.0,1.0,1.0,1.0,1.0,689.0,1
48.0,2731.16,191.0,3.0,3.0,0.0,0.0,333.0,1
,37945.31,400.0,14.0,0.0,0.0,0.0,331.0,1
28.0,34409.09,131.0,7.0,3.0,0.0,1.0,733.0,1
43.0,36226.33,435.0,11.0,3.0,0.0,0.0,391.0,1
23.0,16203.13,55.0,11.0,3.0,0.0,1.0,789.0,0
67.0,29328.83,519.0,6.0,2.0,1.0,,465.0,1
40.0,20044.16,68.0,5.0,0.0,1.0,0.0,629.0,0
33.0,31705.34,9.0,3.0,1.0,0.0,1.0,653.0,0
50.0,7221.11,35.0,2.0,1.0,0.0,1.0,706.0,0
53.0,30154.24,535.0,8.0,3.0,0.0,1.0,523.0,1
54.0,40613.6,246.0,7.0,3.0,0.0,0.0,493.0,0
29.0,23774.82,121.0,11.0,0.0,0.0,1.0,764.0,0
20.0,25826.07,381.0,9.0,2.0,0.0,1.0,385.0,0
42.0,38034.62,143.0,9.0,2.0,1.0,1.0,536.0,0
58.0,41335.72,6.0,4.0,2.0,0.0,1.0,367.0,0
61.0,46988.08,165.0,14.0,1.0,0.0,0.0,420.0,0
68.0,41544.32,570.0,4.0,1.0,0.0,0.0,770.0,1
68.0,8774.99,149.0,9.0,4.0,0.0,0.0,434.0,0
62.0,,120.0,9.0,1.0,1.0,1.0,840.0,0
59.0,34662.97,416.0,10.0,4.0,1.0,1.0,538.0,1
60.0,1242.17,,1.0,4.0,1.0,1.0,764.0,1
50.0,8516.73,597.0,9.0,0.0,1.0,0.0,353.0,1
27.0,17704.9,374.0,2.0,3.0,0.0,0.0,331.0,1
67.0,47922.83,228.0,1.0,3.0,1.0,1.0,674.0,1
57.0,46473.1,46.0,13.0,3.0,0.0,1.0,474.0,0
27.0,39688.74,311.0,12.0,0.0,0.0,1.0,749.0,0
,44703.86,393.0,7.0,1.0,0.0,1.0,786.0,1
55.0,14878.59,482.0,5.0,1.0,1.0,1.0,636.0,1
52.0,14889.82,18.0,12.0,3.0,0.0,1.0,345.0,0
47.0,45914.96,563.0,2.0,,0.0,0.0,797.0,1
55.0,18298.79,332.0,5.0,3.0,0.0,1.0,661.0,1
46.0,13250.68,252.0,1.0,4.0,1.0,1.0,493.0,1
56.0,49080.81,111.0,7.0,2.0,1.0,0.0,630.0,0
49.0,37409.34,31.0,2.0,2.0,0.0,0.0,640.0,0
19.0,9303.93,457.0,1.0,2.0,,1.0,745.0,1
66.0,28072.8,566.0,1.0,4.0,0.0,,634.0,1
45.0,16156.1,389.0,5.0,1.0,0.0,1.0,577.0,1
62.0,31971.06,246.0,9.0,0.0,0.0,1.0,539.0,1
19.0,49877.2,295.0,5.0,4.0,0.0,0.0,759.0,1
69.0,9447.71,538.0,4.0,0.0,0.0,0.0,797.0,1
61.0,40757.91,446.0,6.0,4.0,0.0,0.0,,1
21.0,16948.53,140.0,3.0,3.0,0.0,1.0,461.0,0
28.0,20914.84,455.0,10.0,0.0,0.0,0.0,627.0,1
36.0,15162.23,82.0,13.0,2.0,0.0,1.0,395.0,0
55.0,41456.9,496.0,6.0,4.0,0.0,1.0,658.0,1
47.0,47100.93,161.0,6.0,4.0,0.0,1.0,730.0,0
30.0,19194.52,471.0,14.0,1.0,0.0,0.0,774.0,1
30.0,21391.02,436.0,2.0,0.0,1.0,0.0,655.0,0
59.0,18708.13,122.0,8.0,0.0,1.0,1.0,765.0,0
47.0,31823.4,251.0,8.0,0.0,1.0,0.0,354.0,0
48.0,40693.79,100.0,10.0,2.0,0.0,1.0,406.0,0
40.0,37707.59,292.0,13.0,4.0,0.0,0.0,648.0,0
,36316.33,,3.0,0.0,1.0,0.0,655.0,0
44.0,40631.68,101.0,2.0,3.0,0.0,0.0,433.0,0
26.0,9334.71,45.0,13.0,1.0,1.0,1.0,807.0,0
21.0,,101.0,4.0,4.0,0.0,1.0,628.0,0
45.0,3733.6,532.0,13.0,0.0,0.0,1.0,805.0,0
65.0,9983.13,258.0,5.0,1.0,1.0,1.0,444.0,0
33.0,14497.32,59.0,9.0,3.0,1.0,0.0,442.0,0
40.0,31778.35,82.0,11.0,4.0,0.0,1.0,540.0,0
57.0,39342.13,155.0,2.0,0.0,0.0,1.0,391.0,0
54.0,16597.85,353.0,4.0,0.0,0.0,1.0,818.0,1
27.0,31267.6,548.0,13.0,0.0,1.0,0.0,467.0,1
52.0,44020.92,512.0,3.0,1.0,0.0,0.0,304.0,1
25.0,44605.5,50.0,9.0,4.0,0.0,1.0,324.0,0
69.0,24764.73,473.0,14.0,2.0,0.0,0.0,314.0,1
53.0,28868.57,18.0,7.0,3.0,1.0,1.0,375.0,0
30.0,2209.83,12.0,6.0,4.0,0.0,0.0,389.0,0
39.0,23403.57,593.0,3.0,0.0,0.0,0.0,448.0,1
22.0,48090.2,560.0,6.0,1.0,0.0,1.0,612.0,1
34.0,49881.07,396.0,9.0,0.0,0.0,1.0,420.0,0
35.0,32805.71,228.0,3.0,4.0,0.0,0.0,574.0,1
44.0,16721.81,340.0,7.0,0.0,0.0,1.0,751.0,1
31.0,9748.05,239.0,14.0,0.0,1.0,1.0,652.0,0
26.0,31687.78,274.0,12.0,0.0,0.0,1.0,577.0,0
40.0,32355.98,60.0,3.0,2.0,1.0,0.0,754.0,0
23.0,11070.32,260.0,12.0,1.0,,0.0,642.0,0
22.0,11309.33,495.0,1.0,1.0,0.0,1.0,571.0,1
45.0,26102.43,545.0,10.0,4.0,0.0,1.0,621.0,1
43.0,44548.83,208.0,13.0,2.0,0.0,0.0,449.0,0
27.0,13460.75,368.0,12.0,0.0,0.0,1.0,535.0,0
32.0,443.83,252.0,14.0,3.0,1.0,1.0,814.0,0
19.0,27754.91,571.0,2.0,4.0,0.0,0.0,614.0,1
44.0,40345.85,408.0,12.0,4.0,1.0,1.0,734.0,1
57.0,17186.45,368.0,4.0,4.0,0.0,1.0,806.0,1
54.0,7288.37,250.0,12.0,3.0,0.0,0.0,523.0,0
32.0,48005.09,300.0,,0.0,0.0,0.0,630.0,0
44.0,32844.81,467.0,12.0,0.0,1.0,0.0,589.0,1
23.0,28858.82,,10.0,0.0,1.0,0.0,388.0,1
50.0,23247.93,72.0,7.0,1.0,0.0,0.0,420.0,0
50.0,49304.62,283.0,8.0,3.0,0.0,1.0,525.0,1
19.0,1554.66,500.0,14.0,3.0,0.0,1.0,632.0,0
52.0,2750.95,172.0,9.0,3.0,0.0,0.0,340.0,0
40.0,39093.67,578.0,4.0,4.0,0.0,0.0,698.0,1
53.0,31596.66,93.0,14.0,4.0,0.0,1.0,614.0,0
22.0,,256.0,7.0,4.0,0.0,1.0,521.0,0
60.0,36662.76,57.0,7.0,1.0,,0.0,613.0,0
31.0,31272.53,475.0,5.0,3.0,1.0,0.0,417.0,1
27.0,11418.27,543.0,,1.0,0.0,0.0,746.0,1
41.0,16638.42,190.0,13.0,0.0,0.0,,,0
61.0,672.95,465.0,12.0,2.0,1.0,1.0,708.0,0
36.0,93.33,127.0,12.0,4.0,1.0,0.0,736.0,0
40.0,16727.62,467.0,3.0,1.0,0.0,,719.0,1
28.0,27153.13,58.0,7.0,0.0,0.0,1.0,390.0,0
47.0,25088.99,44.0,2.0,2.0,0.0,0.0,655.0,1
64.0,9826.52,576.0,11.0,1.0,1.0,1.0,802.0,1
28.0,20638.41,367.0,13.0,2.0,0.0,0.0,,0
41.0,47300.29,422.0,6.0,1.0,0.0,0.0,316.0,0
63.0,39238.77,401.0,3.0,0.0,0.0,1.0,497.0,1
65.0,16129.36,421.0,6.0,3.0,0.0,1.0,807.0,1
52.0,,569.0,4.0,1.0,1.0,0.0,758.0,1
43.0,49189.33,65.0,9.0,0.0,0.0,0.0,697.0,0
36.0,14332.29,197.0,7.0,1.0,0.0,0.0,703.0,0
69.0,39687.56,393.0,3.0,2.0,0.0,1.0,830.0,1
29.0,24122.3,519.0,13.0,4.0,0.0,0.0,320.0,1
27.0,32025.32,332.0,8.0,4.0,0.0,0.0,798.0,0
68.0,41976.06,252.0,10.0,2.0,0.0,0.0,627.0,1
38.0,14869.47,408.0,2.0,3.0,0.0,1.0,337.0,1
69.0,45655.25,511.0,7.0,2.0,0.0,1.0,737.0,1
19.0,42317.53,175.0,7.0,4.0,0.0,0.0,483.0,0
38.0,30245.26,587.0,14.0,0.0,1.0,1.0,762.0,1
23.0,46734.08,446.0,12.0,1.0,0.0,1.0,463.0,1
36.0,15683.57,338.0,6.0,1.0,1.0,1.0,674.0,0
30.0,41374.59,92.0,7.0,3.0,1.0,1.0,759.0,0
44.0,4206.62,72.0,10.0,3.0,0.0,0.0,599.0,0
64.0,48896.14,63.0,8.0,4.0,1.0,0.0,367.0,0
43.0,35470.97,581.0,5.0,0.0,0.0,1.0,378.0,1
25.0,13649.96,228.0,1.0,0.0,1.0,,783.0,1
67.0,38289.64,528.0,6.0,3.0,1.0,0.0,422.0,1
32.0,1678.03,520.0,4.0,4.0,0.0,1.0,680.0,1
44.0,1965.84,480.0,9.0,0.0,1.0,1.0,574.0,0
38.0,30719.64,29.0,4.0,2.0,0.0,1.0,533.0,0
26.0,,230.0,7.0,2.0,0.0,1.0,502.0,0
34.0,10095.18,82.0,14.0,1.0,1.0,0.0,416.0,0
66.0,9205.62,354.0,3.0,4.0,1.0,1.0,738.0,1
21.0,48577.06,268.0,5.0,4.0,0.0,1.0,,1
21.0,33661.92,464.0,1.0,,0.0,0.0,371.0,0
69.0,31598.31,281.0,4.0,3.0,0.0,1.0,365.0,1
52.0,10150.69,460.0,5.0,0.0,1.0,1.0,549.0,1
69.0,12733.34,404.0,1.0,1.0,1.0,1.0,643.0,1
59.0,21370.04,318.0,5.0,4.0,0.0,1.0,720.0,1
45.0,27354.45,525.0,2.0,4.0,0.0,0.0,631.0,1
39.0,1544.32,298.0,6.0,2.0,0.0,0.0,351.0,1
56.0,24451.85,304.0,13.0,1.0,0.0,1.0,736.0,0
56.0,45200.7,42.0,,1.0,0.0,1.0,503.0,0
58.0,19737.35,50.0,9.0,0.0,0.0,1.0,417.0,0
31.0,30241.1,331.0,7.0,3.0,0.0,0.0,656.0,0
63.0,14436.26,356.0,8.0,4.0,0.0,0.0,641.0,1
66.0,49811.32,,2.0,2.0,0.0,0.0,379.0,0
42.0,8046.77,11.0,5.0,1.0,1.0,1.0,568.0,0
59.0,23827.75,213.0,9.0,3.0,0.0,0.0,645.0,1
60.0,31624.49,169.0,5.0,4.0,1.0,1.0,352.0,1
27.0,46535.91,568.0,6.0,2.0,0.0,0.0,486.0,1
34.0,18796.12,489.0,3.0,3.0,0.0,1.0,763.0,1
24.0,6654.1,481.0,13.0,4.0,0.0,1.0,375.0,1
33.0,26757.03,533.0,11.0,1.0,1.0,1.0,481.0,1
59.0,20145.65,249.0,3.0,3.0,0.0,1.0,359.0,1
38.0,32046.32,223.0,9.0,4.0,0.0,0.0,581.0,0
46.0,19301.92,58.0,4.0,2.0,,0.0,694.0,0
46.0,48007.52,383.0,6.0,4.0,0.0,0.0,501.0,1
36.0,45570.79,209.0,5.0,0.0,0.0,0.0,584.0,1
25.0,32078.01,66.0,9.0,1.0,0.0,1.0,785.0,0
35.0,19150.74,188.0,7.0,2.0,0.0,1.0,564.0,0
54.0,48201.04,406.0,7.0,3.0,0.0,0.0,436.0,1
40.0,43790.13,275.0,4.0,2.0,0.0,1.0,463.0,1
69.0,22471.01,131.0,14.0,4.0,1.0,1.0,331.0,0
52.0,1273.96,442.0,4.0,0.0,0.0,1.0,501.0,1
61.0,35612.16,118.0,13.0,1.0,1.0,0.0,808.0_err,1
61.0,13076.04,216.0,5.0,0.0,0.0,0.0,446.0,0
28.0,46134.77,373.0,4.0,3.0,1.0,1.0,315.0,1
23.0,20599.16,525.0,5.0,3.0,1.0,0.0,507.0,1
23.0,40234.96,566.0,3.0,3.0,0.0,0.0,580.0,1
65.0,42067.18,574.0,11.0,1.0,0.0,0.0,673.0,1
45.0,15936.62,228.0,8.0,2.0,0.0,1.0,630.0,0
54.0,36229.72,34.0,14.0,2.0,0.0,1.0,633.0,0
65.0,37048.43,587.0,6.0,0.0,0.0,1.0,600.0,1
61.0,37580.38,57.0,4.0,1.0,1.0,0.0,512.0,0
44.0,21208.63,452.0,3.0,3.0,0.0,0.0,643.0,1
59.0,39372.96,271.0,6.0,3.0,0.0,0.0,456.0,1
65.0,23937.23,70.0,9.0,0.0,0.0,1.0,739.0,0
50.0,43428.55,52.0,5.0,2.0,0.0,1.0,807.0,0
28.0,19094.0,198.0,11.0,4.0,0.0,1.0,405.0,0
48.0,25738.56,185.0,6.0,0.0,0.0,1.0,656.0,0
57.0,29009.25,447.0,1.0,4.0,0.0,0.0,431.0,1
39.0,44311.81,63.0,10.0,4.0,0.0,0.0,300.0,0
53.0,8836.66,353.0,3.0,0.0,0.0,0.0,330.0,1
54.0,38313.37,479.0,4.0,2.0,0.0,0.0,498.0,1
38.0,14546.86,592.0,12.0,3.0,,1.0,328.0,0
36.0,22800.3,135.0,14.0,4.0,0.0,1.0,664.0,0
34.0,30309.28,566.0,4.0,1.0,1.0,0.0,556.0,1
64.0,39282.47,521.0,10.0,1.0,0.0,1.0,667.0,1
22.0,8448.16,166.0,6.0,4.0,1.0,0.0,778.0,1
49.0,39748.33,537.0,2.0,0.0,0.0,1.0,428.0,1
39.0,5641.37,222.0,3.0,1.0,0.0,0.0,452.0,1
44.0,7169.16,579.0,5.0,0.0,1.0,1.0,549.0,1
39.0,29645.88,516.0,1.0,2.0,1.0,1.0,610.0,1
26.0,35353.77,592.0,2.0,1.0,1.0,1.0,482.0,1
32.0,4268.53,581.0,4.0,3.0,1.0,1.0,479.0,1
49.0,38777.03,503.0,9.0,3.0,0.0,0.0,703.0,1
21.0,38893.52,260.0,7.0,2.0,0.0,0.0,451.0,0
34.0,40061.11,9.0,11.0,2.0,1.0,0.0,709.0,0
23.0,1763.74,8.0,12.0,4.0,0.0,1.0,471.0,0
33.0,40233.02,548.0,5.0,0.0,1.0,1.0,839.0,1
23.0,46933.14,443.0,5.0,0.0,0.0,0.0,427.0,1
50.0,15443.24,108.0,2.0,0.0,1.0,1.0,752.0,0
36.0,32919.41,335.0,3.0,3.0,0.0,0.0,542.0,1
48.0,16225.08,473.0,7.0,1.0,1.0,1.0,634.0,0
25.0,8243.26,289.0,6.0,3.0,0.0,1.0,724.0,0
19.0,45763.13,558.0,6.0,1.0,0.0,0.0,476.0,1
57.0,,115.0,1.0,4.0,0.0,0.0,615.0,1
51.0,45401.65,115.0,1.0,0.0,0.0,1.0,520.0,1
33.0,11459.61,258.0,6.0,3.0,0.0,1.0,403.0,1
69.0,10176.89,314.0,1.0,3.0,0.0,0.0,793.0,1
66.0,1934.03,375.0,14.0,4.0,,0.0,465.0,0
23.0,34135.94,288.0,9.0,1.0,0.0,0.0,635.0,0
41.0,3452.18,282.0,5.0,4.0,1.0,0.0,712.0_err,1
23.0,19182.01,535.0,11.0,3.0,0.0,0.0,658.0,0
21.0,,457.0,1.0,0.0,0.0,1.0,542.0,1
58.0,26872.19,152.0,13.0,2.0,0.0,1.0,686.0,0
23.0,22690.61,408.0,12.0,4.0,0.0,1.0,757.0,1
46.0,44717.85,372.0,9.0,4.0,0.0,1.0,503.0,1
48.0,6075.86,,13.0,3.0,1.0,1.0,345.0,0
69.0,8059.45,463.0,5.0,1.0,0.0,0.0,637.0,1
,11487.13,288.0,12.0,0.0,1.0,1.0,453.0,0
32.0,1041.27,71.0,11.0,2.0,1.0,1.0,514.0,0
56.0,6243.58,490.0,8.0,0.0,1.0,1.0,826.0,1
23.0,35420.59,380.0,12.0,4.0,0.0,1.0,761.0,0
53.0,28956.59,64.0,12.0,1.0,1.0,0.0,557.0,0
25.0,15795.26,473.0,11.0,2.0,0.0,0.0,418.0,0
58.0,34351.21,239.0,10.0,4.0,1.0,0.0,610.0,1
67.0,1073.18,110.0,6.0,2.0,1.0,0.0,649.0,0
42.0,20043.48,45.0,1.0,3.0,0.0,1.0,585.0,0
58.0,22903.84,276.0,6.0,3.0,1.0,1.0,479.0,0
40.0,32270.22,445.0,7.0,1.0,1.0,0.0,805.0,1
28.0,3770.72,357.0,8.0,0.0,0.0,0.0,685.0,1
41.0,16110.88,152.0,11.0,1.0,1.0,1.0,379.0,0
40.0,26399.05,383.0,4.0,3.0,0.0,1.0,305.0,0
39.0,43474.51,410.0,6.0,3.0,0.0,1.0,755.0,1
40.0,45757.85,185.0,13.0,,0.0,1.0,312.0,0
62.0,38183.0,392.0,5.0,0.0,0.0,1.0,541.0,1
51.0,38091.7,309.0,3.0,1.0,0.0,1.0,733.0,1
22.0,8652.88,331.0,7.0,4.0,1.0,1.0,544.0,0
67.0,9044.6,,1.0,4.0,0.0,1.0,653.0,1
32.0,20517.73,313.0,1.0,2.0,,0.0,352.0,0
26.0,7627.56,535.0,10.0,0.0,0.0,1.0,447.0,0
47.0,49918.0,577.0,13.0,2.0,1.0,,556.0,1
26.0,14835.59,434.0,13.0,3.0,0.0,0.0,619.0,0
44.0,7437.08,381.0,6.0,0.0,0.0,1.0,342.0,0
32.0,18549.34,,9.0,4.0,0.0,0.0,580.0,1
23.0,28530.26,206.0,2.0,3.0,0.0,1.0,,0
25.0,4103.74,466.0,7.0,4.0,1.0,0.0,,1
18.0,22771.65,472.0,,2.0,1.0,0.0,653.0,1
25.0,16213.8,581.0,1.0,0.0,0.0,1.0,617.0,1
55.0,21831.07,354.0,14.0,4.0,0.0,0.0,404.0,0
59.0,10155.86,35.0,4.0,3.0,0.0,1.0,562.0,1
21.0,11966.02,167.0,1.0,4.0,0.0,1.0,740.0,0
43.0,29741.12,427.0,4.0,4.0,0.0,0.0,428.0,1
19.0,27742.35,555.0,1.0,2.0,,0.0,344.0,1
,30588.38,155.0,7.0,0.0,0.0,1.0,442.0,0
66.0,2766.56,308.0,12.0,3.0,0.0,1.0,755.0,1
60.0,1237.73,73.0,2.0,1.0,0.0,1.0,651.0,0
60.0,4801.85,403.0,11.0,2.0,1.0,1.0,752.0,1
44.0,16417.92,467.0,5.0,3.0,0.0,0.0,311.0,1
46.0,3507.82,53.0,1.0,4.0,0.0,1.0,658.0,0
32.0,41310.36,285.0,4.0,2.0,1.0,0.0,665.0,1
21.0,5873.52,67.0,1.0,4.0,1.0,0.0,673.0,0
63.0,876.38,397.0,12.0,2.0,1.0,0.0,499.0,0
35.0,8090.15,60.0,,2.0,0.0,0.0,611.0,0
44.0,13166.23,414.0,7.0,2.0,1.0,0.0,756.0,1
35.0,16595.32,38.0,9.0,3.0,1.0,1.0,552.0,0
25.0,6499.42,553.0,14.0,1.0,1.0,1.0,829.0,1
22.0,33664.76,221.0,13.0,1.0,1.0,1.0,518.0,0
33.0,13932.9,372.0,5.0,4.0,1.0,1.0,475.0,1
28.0,46294.48,597.0,13.0,4.0,0.0,1.0,628.0_err,1
52.0,23465.18,,3.0,1.0,0.0,1.0,736.0,1
39.0,23314.69,111.0,5.0,0.0,0.0,1.0,573.0,0
41.0,,239.0,8.0,1.0,1.0,0.0,839.0,1
64.0,,351.0,5.0,1.0,0.0,1.0,646.0,0
43.0,23760.25,516.0,11.0,1.0,1.0,0.0,751.0,1
32.0,44812.85,526.0,10.0,1.0,1.0,0.0,442.0,1
19.0,41257.32,72.0,1.0,4.0,1.0,0.0,491.0,0
51.0,5531.24,481.0,8.0,2.0,1.0,0.0,625.0,1
57.0,38998.23,591.0,14.0,1.0,0.0,1.0,602.0,1
66.0,30716.23,87.0,3.0,3.0,1.0,1.0,331.0,0
69.0,6359.44,139.0,11.0,1.0,0.0,1.0,562.0,0
63.0,25450.76,549.0,6.0,4.0,1.0,0.0,427.0,1
58.0,,239.0,7.0,4.0,0.0,0.0,776.0,0
43.0,43475.34,246.0,9.0,3.0,0.0,1.0,711.0,0
39.0,,183.0,4.0,3.0,1.0,0.0,618.0,0
65.0,44460.62,231.0,12.0,0.0,0.0,0.0,648.0,0
59.0,19169.61,26.0,13.0,4.0,1.0,0.0,525.0,1
52.0,,333.0,10.0,1.0,0.0,1.0,711.0,0
37.0,39751.18,308.0,12.0,0.0,1.0,0.0,690.0,0
20.0,27361.91,457.0,12.0,3.0,0.0,1.0,382.0,1
40.0,28263.3,263.0,2.0,0.0,1.0,0.0,828.0,1
22.0,41548.45,249.0,14.0,1.0,0.0,0.0,369.0,0
58.0,21662.64,149.0,5.0,4.0,0.0,1.0,800.0,1
33.0,15592.46,153.0,7.0,4.0,0.0,0.0,,0
65.0,11846.03,339.0,,1.0,0.0,0.0,539.0,0
51.0,,261.0,10.0,2.0,1.0,1.0,709.0,0
24.0,21154.97,294.0,12.0,1.0,0.0,0.0,435.0,0
22.0,46454.98,587.0,4.0,1.0,1.0,1.0,338.0,1
23.0,3784.38,214.0,14.0,2.0,0.0,0.0,542.0,0
62.0,5081.66,279.0,2.0,4.0,0.0,0.0,826.0,1
32.0,36138.84,333.0,13.0,3.0,1.0,0.0,732.0,0
41.0,36989.84,450.0,12.0,0.0,0.0,1.0,727.0,0
61.0,5722.43,376.0,12.0,1.0,0.0,0.0,343.0,1
56.0,24286.01,586.0,1.0,4.0,1.0,1.0,698.0,1
28.0,45270.11,248.0,2.0,2.0,0.0,1.0,445.0,1
33.0,10014.15,126.0,2.0,3.0,0.0,1.0,740.0,0
38.0,39508.18,351.0,12.0,3.0,1.0,0.0,538.0,0
50.0,40637.69,85.0,14.0,0.0,1.0,1.0,680.0,0
45.0,34636.34,67.0,11.0,1.0,1.0,0.0,422.0,0
61.0,44054.82,149.0,10.0,1.0,1.0,0.0,526.0,0
22.0,1274.98,565.0,10.0,4.0,1.0,1.0,538.0,1
33.0,6896.37,111.0,1.0,,1.0,0.0,397.0,0
64.0,18689.26,514.0,9.0,4.0,0.0,0.0,403.0,1
39.0,32374.96,507.0,4.0,2.0,0.0,0.0,353.0,1
,9310.31,96.0,10.0,2.0,0.0,1.0,653.0,0
32.0,7893.26,68.0,6.0,4.0,1.0,1.0,836.0,0
26.0,1913.68,571.0,7.0,4.0,0.0,0.0,843.0,1
52.0,12566.71,426.0,12.0,4.0,1.0,1.0,308.0,0
34.0,14660.49,306.0,14.0,4.0,0.0,0.0,466.0,0
69.0,23862.41,464.0,3.0,0.0,0.0,1.0,374.0,0
23.0,35563.18,206.0,12.0,2.0,1.0,1.0,502.0,0
36.0,35569.56,325.0,,4.0,0.0,0.0,349.0,1
53.0,13382.83,535.0,14.0,4.0,0.0,0.0,573.0,1
24.0,37972.53,315.0,6.0,2.0,0.0,0.0,542.0,1
27.0,17587.77,162.0,6.0,0.0,0.0,0.0,599.0,0
30.0,2026.47,539.0,10.0,4.0,1.0,1.0,644.0,1
32.0,9527.51,359.0,12.0,3.0,0.0,0.0,395.0,0
54.0,44810.66,163.0,13.0,0.0,0.0,1.0,686.0,0
68.0,11452.95,147.0,6.0,4.0,0.0,0.0,644.0,1
34.0,45658.27,327.0,10.0,4.0,0.0,1.0,358.0,0
21.0,7696.03,99.0,4.0,1.0,0.0,0.0,478.0,0
27.0,13324.29,184.0,1.0,2.0,0.0,0.0,803.0,1
55.0,25006.41,156.0,1.0,4.0,1.0,0.0,757.0,1
49.0,39969.32,431.0,6.0,4.0,0.0,1.0,341.0,1
48.0,13633.12,138.0,5.0,0.0,0.0,1.0,775.0,0
21.0,28585.72,61.0,5.0,2.0,0.0,0.0,689.0,0
51.0,37860.73,371.0,8.0,4.0,0.0,1.0,522.0,1
30.0,9794.99,427.0,1.0,2.0,0.0,0.0,725.0,1
54.0,6038.5,446.0,14.0,0.0,0.0,1.0,676.0,0
32.0,16976.24,523.0,5.0,3.0,1.0,0.0,742.0,1
68.0,45532.24,187.0,10.0,,1.0,1.0,510.0,0
54.0,25906.12,203.0,2.0,1.0,0.0,0.0,413.0,0
66.0,36909.98,405.0,10.0,2.0,0.0,1.0,339.0,0
21.0,44520.31,423.0,10.0,1.0,0.0,1.0,785.0,1
39.0,3176.29,407.0,6.0,2.0,0.0,1.0,510.0,1
27.0,37870.94,468.0,4.0,3.0,1.0,0.0,659.0,1
23.0,45158.15,565.0,6.0,3.0,0.0,1.0,526.0,1
47.0,46841.0,219.0,11.0,4.0,1.0,0.0,787.0,0
52.0,33966.01,540.0,11.0,4.0,0.0,1.0,561.0,1
26.0,24289.87,75.0,10.0,2.0,0.0,1.0,795.0,0
42.0,28026.29,409.0,6.0,4.0,0.0,0.0,613.0,0
61.0,27068.52,480.0,12.0,4.0,1.0,0.0,729.0,1
44.0,41933.86,71.0,2.0,0.0,0.0,0.0,728.0,0
65.0,49818.24,267.0,5.0,0.0,0.0,0.0,364.0,0
64.0,12431.9,564.0,14.0,0.0,1.0,1.0,586.0,1
52.0,30702.25,469.0,7.0,1.0,1.0,1.0,740.0,1
55.0,21696.82,270.0,9.0,1.0,1.0,0.0,693.0,0
64.0,14408.62,37.0,3.0,3.0,0.0,0.0,685.0,1
65.0,10183.49,496.0,12.0,4.0,0.0,0.0,340.0,0
53.0,11543.66,417.0,13.0,3.0,1.0,1.0,389.0,0
41.0,30015.11,492.0,7.0,3.0,0.0,0.0,783.0,1
69.0,39445.79,267.0,10.0,3.0,1.0,1.0,769.0,0
22.0,39270.0,495.0,7.0,1.0,1.0,0.0,584.0,1
57.0,5061.11,151.0,2.0,2.0,0.0,1.0,388.0,0
24.0,45709.4,73.0,11.0,4.0,0.0,1.0,495.0,0
28.0,23298.18,253.0,2.0,0.0,1.0,1.0,477.0,1
38.0,37174.39,240.0,13.0,4.0,1.0,0.0,476.0,0
44.0,7656.65,230.0,13.0,3.0,1.0,0.0,848.0,0
40.0,33957.86,186.0,6.0,3.0,0.0,1.0,579.0,1
69.0,17711.1,367.0,4.0,3.0,1.0,0.0,639.0,0
67.0,669.67,116.0,7.0,1.0,1.0,1.0,796.0,0
26.0,44672.5,82.0,7.0,2.0,0.0,,441.0,0
19.0,5950.67,67.0,9.0,1.0,0.0,1.0,480.0,0
59.0,27152.49,381.0,12.0,1.0,0.0,1.0,709.0,1
28.0,49140.69,62.0,6.0,4.0,0.0,1.0,389.0,0
35.0,11561.18,220.0,5.0,1.0,0.0,0.0,474.0,0
34.0,49349.4,215.0,5.0,1.0,0.0,0.0,348.0,0
34.0,18852.48,121.0,1.0,2.0,0.0,1.0,734.0,1
68.0,26782.29,212.0,12.0,2.0,1.0,0.0,801.0,0
61.0,1273.14,192.0,3.0,0.0,0.0,1.0,525.0,0
69.0,1972.02,488.0,1.0,4.0,0.0,0.0,709.0,1
38.0,3545.62,384.0,5.0,2.0,1.0,1.0,571.0,1
69.0,29741.56,120.0,10.0,1.0,1.0,1.0,486.0,0
20.0,6541.3,152.0,6.0,0.0,1.0,1.0,783.0,0
36.0,36539.58,165.0,8.0,0.0,0.0,1.0,690.0,0
22.0,30065.26,56.0,4.0,1.0,1.0,0.0,,0
20.0,,455.0,2.0,2.0,1.0,0.0,833.0,1
62.0,26120.36,561.0,9.0,4.0,1.0,0.0,621.0,1
19.0,28493.42,263.0,8.0,4.0,0.0,1.0,808.0,1
33.0,22585.36,189.0,6.0,1.0,0.0,1.0,769.0,1
38.0,2895.9,187.0,1.0,0.0,0.0,0.0,493.0,0
36.0,18260.18,303.0,5.0,3.0,0.0,0.0,704.0,0
62.0,34278.27,317.0,10.0,1.0,0.0,1.0,841.0,0
45.0,10788.76,64.0,13.0,0.0,0.0,1.0,382.0,0
27.0,26307.62,590.0,14.0,4.0,1.0,1.0,792.0,1
42.0,30277.74,599.0,1.0,0.0,0.0,0.0,754.0,1
69.0,34659.41,562.0,5.0,2.0,0.0,0.0,653.0,1
26.0,48798.03,460.0,1.0,0.0,0.0,1.0,764.0,1
40.0,41667.14,157.0,13.0,3.0,1.0,0.0,811.0,0
51.0,40972.85,382.0,14.0,0.0,0.0,1.0,335.0,1
54.0,1111.0,369.0,10.0,3.0,0.0,1.0,493.0,0
32.0,8498.29,412.0,7.0,0.0,0.0,0.0,742.0,1
24.0,5809.08,429.0,7.0,1.0,0.0,1.0,647.0,1
22.0,36999.16,91.0,5.0,2.0,0.0,1.0,463.0,0
58.0,46788.07,283.0,11.0,3.0,0.0,,491.0,0
52.0,2918.04,411.0,13.0,1.0,1.0,1.0,813.0,0
,16914.68,199.0,6.0,,0.0,0.0,643.0,1
54.0,37338.45,382.0,8.0,2.0,0.0,1.0,797.0,1
54.0,25442.95,252.0,2.0,2.0,0.0,0.0,826.0,1
44.0,43152.3,401.0,5.0,4.0,1.0,1.0,317.0,1
18.0,33065.94,398.0,13.0,0.0,0.0,1.0,713.0,1
32.0,48084.24,308.0,2.0,,0.0,0.0,771.0,1
51.0,13133.03,560.0,6.0,4.0,,0.0,706.0,1
29.0,,338.0,7.0,,1.0,0.0,703.0,1
30.0,23817.05,,,4.0,0.0,0.0,584.0,0
18.0,42766.64,51.0,12.0,0.0,0.0,0.0,386.0,0
25.0,43016.96,493.0,5.0,0.0,0.0,0.0,543.0,1
55.0,18505.93,490.0,6.0,4.0,1.0,0.0,674.0,1
27.0,14596.97,413.0,3.0,0.0,0.0,1.0,832.0,1
19.0,11075.7,372.0,9.0,2.0,0.0,0.0,509.0,1
69.0,15023.83,56.0,8.0,4.0,1.0,0.0,,0
25.0,15493.18,91.0,9.0,1.0,0.0,1.0,429.0,0
60.0,19102.26,291.0,14.0,1.0,,1.0,796.0,0
58.0,20880.92,311.0,8.0,3.0,0.0,1.0,777.0,1
38.0,11572.95,3.0,13.0,2.0,0.0,1.0,435.0,0
37.0,48777.62,372.0,1.0,2.0,1.0,0.0,646.0,1
67.0,33048.16,572.0,13.0,4.0,1.0,0.0,373.0,1
62.0,43904.69,401.0,14.0,2.0,0.0,1.0,382.0,0
65.0,30335.98,516.0,2.0,4.0,0.0,1.0,318.0,1
28.0,42724.52,550.0,5.0,3.0,0.0,0.0,497.0,1
30.0,16273.67,441.0,13.0,1.0,0.0,0.0,503.0,0
47.0,43850.58,219.0,11.0,3.0,0.0,0.0,434.0,1
54.0,9276.88,447.0,7.0,1.0,1.0,1.0,831.0,1
25.0,46378.29,224.0,1.0,4.0,0.0,1.0,483.0,1
55.0,37918.02,425.0,5.0,0.0,,0.0,502.0,1
54.0,1025.49,47.0,2.0,1.0,0.0,0.0,582.0,0
49.0,6806.67,367.0,13.0,1.0,0.0,0.0,541.0,1
35.0,13393.53,382.0,13.0,2.0,0.0,1.0,559.0,1
26.0,31850.49,146.0,11.0,1.0,0.0,1.0,342.0,0
59.0,2247.85,4.0,10.0,3.0,1.0,0.0,744.0,0
41.0,365.88,271.0,10.0,2.0,0.0,1.0,830.0,1
43.0,46221.99,320.0,8.0,3.0,0.0,0.0,346.0,1
24.0,34334.95,476.0,8.0,0.0,0.0,0.0,437.0,1
49.0,28586.9,107.0,7.0,0.0,1.0,0.0,588.0,0
37.0,19318.4,410.0,13.0,2.0,0.0,0.0,737.0,1
46.0,15225.36,212.0,4.0,4.0,0.0,1.0,819.0,1
19.0,36088.93,507.0,3.0,4.0,0.0,1.0,835.0,1
38.0,13840.5,486.0,6.0,0.0,1.0,1.0,409.0,1
53.0,12761.69,455.0,2.0,1.0,1.0,1.0,616.0,1
27.0,28046.96,128.0,1.0,4.0,0.0,0.0,844.0,1
54.0,16102.25,,1.0,4.0,0.0,1.0,356.0,1
54.0,29654.59,568.0,5.0,4.0,0.0,1.0,685.0,1
67.0,43374.31,159.0,1.0,3.0,0.0,0.0,330.0,0
52.0,13902.28,39.0,5.0,2.0,1.0,1.0,745.0,0
60.0,39212.48,469.0,1.0,2.0,0.0,0.0,392.0,1
59.0,17272.41,366.0,7.0,1.0,1.0,1.0,446.0,0
35.0,19811.8,376.0,1.0,1.0,0.0,0.0,339.0,1
26.0,5492.87,89.0,3.0,4.0,0.0,1.0,552.0,1
69.0,20535.77,337.0,7.0,1.0,0.0,1.0,419.0,0
32.0,35194.45,440.0,11.0,4.0,0.0,1.0,456.0,1
41.0,36192.86,465.0,10.0,4.0,0.0,1.0,631.0,1
36.0,1600.31,12.0,5.0,2.0,0.0,1.0,358.0,0
32.0,43395.61,40.0,11.0,3.0,0.0,0.0,641.0,0
31.0,38602.35,71.0,9.0,1.0,0.0,0.0,757.0,0
29.0,28615.47,87.0,3.0,3.0,0.0,1.0,606.0,0
20.0,27618.62,479.0,9.0,3.0,0.0,1.0,700.0,1
32.0,25751.39,401.0,1.0,2.0,0.0,0.0,633.0,1
34.0,2017.54,579.0,9.0,4.0,1.0,1.0,815.0,1
29.0,26098.14,285.0,2.0,0.0,0.0,1.0,718.0,1
36.0,17855.42,3.0,1.0,2.0,0.0,1.0,821.0,0
43.0,14147.76,71.0,4.0,4.0,0.0,0.0,488.0,0
39.0,16042.16,118.0,13.0,2.0,0.0,0.0,363.0,0
62.0,38287.05,482.0,1.0,0.0,0.0,1.0,,1
60.0,18475.24,413.0,4.0,1.0,0.0,1.0,812.0,1
,43425.46,,5.0,3.0,0.0,1.0,403.0,1
47.0,48972.29,335.0,7.0,0.0,0.0,1.0,824.0,1
30.0,36465.65,311.0,10.0,4.0,0.0,0.0,671.0,1
18.0,44882.38,318.0,11.0,0.0,0.0,0.0,564.0,1
35.0,30592.83,257.0,2.0,2.0,0.0,1.0,438.0,0
34.0,29233.08,273.0,6.0,2.0,1.0,1.0,518.0,0
39.0,16638.73,85.0,7.0,1.0,1.0,0.0,641.0,0
23.0,19717.45,467.0,1.0,3.0,1.0,0.0,639.0,1
48.0,11753.99,499.0,2.0,2.0,0.0,0.0,380.0,1
41.0,38590.42,382.0,2.0,0.0,1.0,1.0,414.0,1
26.0,45677.75,292.0,9.0,3.0,0.0,1.0,669.0,0
40.0,6163.41,148.0,8.0,3.0,1.0,1.0,730.0,0
58.0,10705.26,429.0,10.0,3.0,0.0,0.0,825.0,1
39.0,30427.41,541.0,6.0,4.0,0.0,0.0,551.0,1
38.0,10546.35,64.0,10.0,2.0,0.0,0.0,539.0,0
22.0,46112.01,441.0,13.0,1.0,0.0,1.0,644.0,1
19.0,48645.58,568.0,,4.0,1.0,0.0,331.0,1
23.0,35672.72,80.0,3.0,0.0,0.0,1.0,319.0,0
57.0,6907.86,121.0,9.0,2.0,0.0,1.0,458.0,0
67.0,31325.86,495.0,12.0,1.0,0.0,0.0,574.0,1
50.0,15804.19,302.0,4.0,1.0,1.0,0.0,318.0,0
55.0,24829.89,22.0,11.0,2.0,0.0,1.0,,0
37.0,12503.2,528.0,4.0,1.0,0.0,1.0,410.0,0
53.0,36676.99,521.0,2.0,4.0,0.0,0.0,345.0,1
22.0,45056.67,107.0,5.0,3.0,0.0,1.0,331.0,0
29.0,18117.44,337.0,5.0,3.0,1.0,0.0,310.0,0
37.0,2223.99,190.0,,1.0,1.0,1.0,494.0,0
66.0,19465.58,23.0,1.0,0.0,1.0,1.0,638.0,0
55.0,10474.89,180.0,14.0,4.0,0.0,1.0,790.0,0
36.0,6355.33,470.0,13.0,1.0,1.0,1.0,504.0,0
21.0,26299.76,4.0,4.0,0.0,1.0,1.0,800.0,0
37.0,,361.0,10.0,4.0,0.0,0.0,425.0,1
63.0,48859.59,83.0,8.0,3.0,0.0,0.0,,1
31.0,14164.53,380.0,6.0,3.0,1.0,1.0,496.0,0
18.0,12974.36,332.0,1.0,3.0,0.0,0.0,480.0,1
26.0,22679.06,284.0,9.0,4.0,1.0,0.0,730.0,1
57.0,28779.92,4.0,3.0,,1.0,0.0,437.0,0
59.0,8101.86,207.0,13.0,2.0,0.0,1.0,823.0,0
58.0,11825.62,,12.0,4.0,0.0,0.0,367.0,1
39.0,40459.2,500.0,2.0,1.0,1.0,1.0,514.0,1
35.0,459.15,354.0,10.0,3.0,0.0,0.0,667.0,1
21.0,30426.52,586.0,4.0,3.0,0.0,,760.0,1
25.0,19509.78,278.0,9.0,,0.0,0.0,547.0,0
61.0,22580.79,562.0,13.0,4.0,1.0,1.0,760.0,1
29.0,36809.66,463.0,4.0,4.0,0.0,1.0,678.0,1
47.0,45932.85,204.0,14.0,4.0,0.0,0.0,780.0,0
51.0,9564.35,50.0,5.0,4.0,0.0,0.0,679.0,0
62.0,35415.39,346.0,7.0,3.0,0.0,0.0,324.0,1
25.0,27565.56,533.0,14.0,1.0,0.0,1.0,525.0,1
59.0,49438.84,135.0,3.0,3.0,0.0,0.0,319.0,1
27.0,43301.24,275.0,9.0,4.0,0.0,1.0,844.0,0
23.0,41541.51,502.0,9.0,1.0,0.0,1.0,557.0,1
38.0,28734.65,285.0,10.0,2.0,1.0,0.0,530.0,0
19.0,23131.68,384.0,9.0,4.0,0.0,0.0,617.0,1
28.0,25903.72,587.0,7.0,2.0,1.0,1.0,495.0,1
64.0,8305.81,326.0,14.0,1.0,0.0,1.0,704.0,1
46.0,9415.19,475.0,5.0,3.0,0.0,1.0,603.0,1
56.0,41328.38,,11.0,1.0,0.0,1.0,687.0,1
25.0,25366.17,465.0,4.0,4.0,,0.0,401.0,1
21.0,12498.48,558.0,8.0,2.0,0.0,0.0,521.0,1
48.0,30804.26,257.0,8.0,2.0,0.0,1.0,518.0,0
42.0,18914.59,57.0,13.0,1.0,1.0,1.0,708.0,0
57.0,23878.93,168.0,5.0,3.0,0.0,0.0,385.0,0
48.0,28921.73,307.0,8.0,0.0,0.0,1.0,413.0,0
43.0,33514.0,479.0,1.0,2.0,0.0,0.0,313.0,1
29.0,23932.84,520.0,11.0,4.0,0.0,0.0,692.0,1
33.0,13141.69,575.0,9.0,3.0,1.0,1.0,583.0,1
18.0,,514.0,1.0,0.0,0.0,0.0,446.0,0
63.0,16632.33,372.0,11.0,4.0,1.0,0.0,664.0,0
33.0,20504.64,205.0,9.0,1.0,0.0,0.0,795.0,0
59.0,16846.07,203.0,1.0,1.0,0.0,0.0,559.0,1
60.0,2961.13,278.0,11.0,2.0,0.0,0.0,388.0,0
46.0,16065.84,8.0,2.0,4.0,1.0,,661.0,0
32.0,1488.25,145.0,7.0,4.0,0.0,1.0,772.0,0
37.0,5207.0,405.0,3.0,0.0,0.0,1.0,302.0,0
38.0,25437.2,425.0,3.0,1.0,1.0,0.0,412.0,1
60.0,46270.24,425.0,2.0,1.0,1.0,1.0,,1
56.0,34566.17,568.0,8.0,2.0,1.0,0.0,412.0,1
65.0,38261.48,195.0,7.0,4.0,1.0,0.0,,1
64.0,43577.89,515.0,3.0,2.0,0.0,1.0,674.0,1
20.0,8988.45,121.0,10.0,0.0,0.0,1.0,589.0,0
61.0,6621.63,454.0,2.0,3.0,0.0,1.0,442.0,1
56.0,45518.13,38.0,2.0,3.0,1.0,0.0,611.0,0
55.0,44939.25,544.0,6.0,2.0,0.0,0.0,685.0,1
22.0,20753.32,0.0,1.0,4.0,0.0,1.0,641.0,1
44.0,16567.47,585.0,11.0,4.0,0.0,1.0,813.0,1
22.0,840.44,256.0,11.0,1.0,1.0,0.0,494.0,0
69.0,9144.65,113.0,5.0,0.0,0.0,1.0,753.0,0
50.0,20728.44,228.0,1.0,0.0,1.0,0.0,387.0,0
37.0,636.07,414.0,3.0,3.0,0.0,0.0,781.0,1
50.0,1074.06,15.0,9.0,0.0,1.0,1.0,340.0,0
32.0,37242.11,582.0,4.0,4.0,0.0,1.0,672.0,1
29.0,19213.11,564.0,11.0,0.0,1.0,1.0,822.0,1
44.0,38286.73,409.0,5.0,3.0,1.0,1.0,332.0,0
69.0,33346.35,172.0,8.0,4.0,0.0,0.0,715.0,1
20.0,27862.27,69.0,3.0,0.0,1.0,1.0,472.0,0
66.0,24259.83,207.0,10.0,0.0,0.0,0.0,825.0,0
24.0,11291.65,523.0,10.0,1.0,1.0,0.0,587.0,0
27.0,7469.56,547.0,11.0,1.0,0.0,1.0,307.0,1
59.0,18865.41,189.0,3.0,3.0,0.0,1.0,359.0,1
26.0,45369.76,239.0,3.0,2.0,1.0,1.0,403.0,0
49.0,18291.67,132.0,1.0,3.0,1.0,0.0,832.0,1
19.0,17103.96,104.0,13.0,3.0,1.0,0.0,738.0,0
55.0,46683.12,,10.0,0.0,0.0,0.0,328.0,0
51.0,46379.11,359.0,9.0,0.0,1.0,0.0,614.0,1
54.0,26420.33,182.0,12.0,2.0,1.0,,654.0,0
34.0,46942.68,173.0,8.0,1.0,0.0,0.0,420.0,0
45.0,19448.34,272.0,11.0,0.0,0.0,0.0,559.0,0
37.0,3853.83,309.0,1.0,3.0,0.0,0.0,422.0,0
23.0,48117.41,122.0,5.0,3.0,1.0,0.0,665.0,0
45.0,31586.48,584.0,13.0,2.0,0.0,0.0,837.0,1
35.0,2633.43,518.0,10.0,1.0,0.0,1.0,475.0,0
63.0,,222.0,3.0,0.0,0.0,1.0,627.0,1
35.0,,482.0,7.0,3.0,0.0,0.0,613.0,1
36.0,5248.78,389.0,10.0,0.0,1.0,1.0,651.0,0
36.0,47140.26,,9.0,2.0,0.0,1.0,615.0,0
61.0,12206.14,98.0,12.0,4.0,0.0,0.0,436.0,0
48.0,39217.14,515.0,14.0,2.0,0.0,1.0,812.0,1
35.0,12435.09,103.0,14.0,4.0,0.0,1.0,512.0,0
,27593.71,486.0,14.0,2.0,0.0,0.0,646.0,1
61.0,20218.28,298.0,7.0,1.0,0.0,0.0,332.0,0
63.0,21874.79,256.0,3.0,3.0,1.0,0.0,778.0,1
56.0,26914.63,410.0,6.0,1.0,0.0,0.0,432.0,1
33.0,26830.15,74.0,6.0,4.0,0.0,0.0,525.0,0
62.0,31917.31,2.0,13.0,1.0,0.0,1.0,511.0,0
33.0,24059.27,156.0,1.0,0.0,1.0,1.0,700.0,0
28.0,8487.57,564.0,7.0,3.0,1.0,0.0,533.0,1
21.0,5906.05,225.0,12.0,2.0,1.0,1.0,504.0,0
62.0,,531.0,7.0,3.0,1.0,1.0,472.0,1
53.0,32725.92,38.0,13.0,3.0,1.0,1.0,592.0,0
62.0,8931.03,463.0,9.0,1.0,0.0,0.0,783.0,0
43.0,38976.37,81.0,12.0,3.0,0.0,1.0,796.0,0
60.0,17579.43,163.0,10.0,0.0,1.0,0.0,703.0,0
28.0,8737.33,254.0,2.0,1.0,0.0,0.0,561.0,0
45.0,25156.01,208.0,8.0,4.0,0.0,0.0,587.0,1
59.0,4218.43,,4.0,1.0,0.0,1.0,606.0,1
33.0,27924.99,520.0,14.0,1.0,1.0,0.0,445.0,0
53.0,32242.47,102.0,10.0,0.0,0.0,0.0,306.0,0
19.0,46403.31,377.0,7.0,3.0,1.0,1.0,518.0,1
43.0,36176.17,406.0,12.0,1.0,0.0,1.0,814.0,1
33.0,29143.47,439.0,11.0,0.0,0.0,0.0,481.0,1
60.0,26653.57,177.0,,4.0,1.0,1.0,774.0,1
27.0,14998.67,506.0,8.0,0.0,0.0,1.0,376.0,0
69.0,8399.13,214.0,7.0,2.0,0.0,0.0,543.0,0
36.0,10934.92,84.0,2.0,4.0,0.0,0.0,519.0,0
62.0,49742.75,160.0,10.0,4.0,,1.0,369.0,0
57.0,46739.78,583.0,5.0,1.0,0.0,0.0,779.0,1
23.0,620.81,507.0,7.0,1.0,0.0,0.0,495.0,0
66.0,42303.12,199.0,9.0,2.0,0.0,1.0,479.0,0
45.0,49172.92,363.0,3.0,3.0,0.0,0.0,374.0,1
33.0,37421.9,189.0,9.0,0.0,1.0,0.0,677.0,1
52.0,15135.08,555.0,7.0,4.0,0.0,1.0,713.0,1
57.0,26096.18,187.0,4.0,4.0,1.0,1.0,835.0,1
21.0,732.81,223.0,9.0,4.0,1.0,0.0,515.0,0
54.0,38790.46,478.0,8.0,4.0,1.0,1.0,641.0,1
22.0,16754.41,275.0,12.0,4.0,0.0,0.0,475.0,0
49.0,18128.58,356.0,11.0,4.0,0.0,0.0,349.0,0
,46491.04,289.0,7.0,0.0,0.0,1.0,403.0,0
48.0,38387.45,583.0,2.0,3.0,0.0,1.0,509.0,1
37.0,11409.85,,6.0,2.0,0.0,0.0,395.0,1
49.0,14835.7,288.0,,0.0,0.0,1.0,708.0,0
19.0,19661.73,407.0,13.0,0.0,0.0,1.0,725.0,0
45.0,18443.75,347.0,8.0,0.0,1.0,0.0,311.0,0
35.0,25059.89,417.0,9.0,1.0,0.0,0.0,318.0,0
50.0,13140.17,342.0,7.0,0.0,0.0,0.0,404.0,0
,307.26,229.0,2.0,4.0,0.0,0.0,425.0,1
22.0,554.66,418.0,13.0,0.0,0.0,1.0,351.0,0
49.0,29826.44,283.0,2.0,1.0,0.0,1.0,361.0,1
34.0,45854.39,92.0,8.0,3.0,0.0,1.0,461.0,0
25.0,18736.73,569.0,7.0,2.0,0.0,1.0,667.0,1
52.0,3411.41,552.0,12.0,3.0,0.0,1.0,659.0,1
33.0,9544.95,296.0,1.0,4.0,1.0,1.0,419.0,0
61.0,7527.97,289.0,6.0,4.0,0.0,1.0,333.0,0
57.0,27983.79,570.0,11.0,3.0,1.0,1.0,438.0,1
25.0,39211.59,299.0,13.0,,0.0,1.0,636.0,0
41.0,44727.1,31.0,2.0,4.0,0.0,0.0,599.0,1
20.0,5377.95,325.0,6.0,2.0,0.0,0.0,745.0,1
52.0,28789.41,502.0,2.0,-2.0,0.0,1.0,769.0,1
51.0,13002.19,475.0,8.0,3.0,,0.0,763.0,1
34.0,29219.66,563.0,10.0,3.0,0.0,1.0,756.0,1
35.0,48914.26,557.0,2.0,2.0,1.0,0.0,497.0,1
47.0,26154.25,74.0,1.0,3.0,0.0,0.0,754.0,1
20.0,5326.14,18.0,5.0,0.0,0.0,1.0,460.0,0
26.0,17049.19,94.0,7.0,3.0,0.0,0.0,609.0,0
50.0,16522.33,108.0,12.0,2.0,0.0,0.0,789.0,0
51.0,21182.93,430.0,4.0,2.0,1.0,1.0,317.0,1
58.0,18827.54,306.0,5.0,0.0,,0.0,485.0,1
34.0,13987.1,466.0,1.0,3.0,0.0,1.0,818.0,1
25.0,41636.64,487.0,11.0,3.0,1.0,1.0,497.0,1
30.0,21072.3,222.0,10.0,2.0,1.0,0.0,795.0,1
50.0,24358.17,59.0,14.0,0.0,0.0,1.0,321.0,0
39.0,48548.69,419.0,6.0,1.0,0.0,1.0,653.0,1
55.0,13577.77,475.0,13.0,0.0,0.0,1.0,427.0,0
51.0,35993.17,229.0,9.0,4.0,1.0,1.0,598.0,0
29.0,31301.08,495.0,13.0,4.0,0.0,1.0,396.0,0
26.0,388.28,382.0,3.0,4.0,1.0,1.0,330.0,1
65.0,15094.43,417.0,1.0,3.0,0.0,0.0,775.0,1
41.0,27102.33,423.0,4.0,3.0,0.0,1.0,435.0,1
42.0,23460.21,199.0,7.0,2.0,1.0,0.0,486.0,0
47.0,42143.99,62.0,5.0,0.0,0.0,0.0,786.0,1
54.0,8864.68,304.0,8.0,0.0,0.0,0.0,555.0,1
41.0,5447.95,12.0,1.0,3.0,0.0,1.0,424.0,0
55.0,44180.03,372.0,11.0,3.0,1.0,0.0,319.0,0
61.0,13370.69,508.0,1.0,1.0,,1.0,790.0,1
54.0,14906.9,367.0,12.0,1.0,1.0,0.0,564.0,0
29.0,9579.68,176.0,13.0,4.0,0.0,1.0,829.0,0
22.0,22315.74,212.0,9.0,4.0,1.0,0.0,314.0,0
64.0,21766.45,510.0,12.0,0.0,0.0,1.0,754.0,1
23.0,591.93,247.0,1.0,2.0,0.0,1.0,770.0,1
56.0,,115.0,14.0,0.0,1.0,1.0,461.0,0
47.0,14032.1,257.0,7.0,1.0,0.0,0.0,807.0,0
27.0,28656.56,428.0,7.0,2.0,1.0,0.0,814.0,0
66.0,44358.32,158.0,6.0,2.0,0.0,0.0,790.0,1
20.0,21551.81,482.0,12.0,3.0,0.0,1.0,453.0,1
57.0,25950.45,9.0,5.0,2.0,1.0,1.0,577.0,1
21.0,47806.17,516.0,8.0,1.0,1.0,1.0,712.0,0
58.0,31226.18,59.0,9.0,4.0,0.0,1.0,725.0,1
61.0,710.15,287.0,2.0,3.0,0.0,0.0,314.0,0
18.0,3405.62,166.0,12.0,2.0,1.0,0.0,570.0,0
43.0,1051.23,324.0,4.0,4.0,1.0,0.0,844.0,1
18.0,25975.21,545.0,2.0,3.0,0.0,1.0,430.0,1
33.0,18476.46,219.0,13.0,3.0,0.0,1.0,577.0,0
50.0,32277.32,72.0,8.0,3.0,1.0,0.0,320.0,0
52.0,42058.96,568.0,12.0,0.0,0.0,1.0,,1
67.0,18842.4,261.0,14.0,3.0,0.0,,668.0,0
68.0,29469.94,422.0,,4.0,0.0,0.0,,1
69.0,44052.15,590.0,10.0,0.0,0.0,1.0,318.0,1
26.0,30782.83,176.0,6.0,1.0,0.0,0.0,369.0,0
23.0,33511.88,499.0,10.0,4.0,1.0,1.0,302.0,0
53.0,18322.99,405.0,9.0,1.0,0.0,1.0,,1
22.0,48068.42,576.0,10.0,0.0,1.0,1.0,380.0,1
25.0,40724.5,559.0,9.0,4.0,1.0,0.0,304.0,0
,33863.37,108.0,8.0,0.0,1.0,0.0,824.0,0
59.0,48565.78,16.0,9.0,1.0,1.0,0.0,371.0,0
55.0,32877.04,581.0,7.0,4.0,0.0,0.0,524.0,1
58.0,17715.33,337.0,4.0,2.0,0.0,0.0,792.0,1
35.0,849.84,200.0,12.0,4.0,0.0,1.0,474.0,0
23.0,24510.74,475.0,7.0,0.0,0.0,0.0,511.0,1
18.0,41621.75,271.0,14.0,1.0,0.0,1.0,618.0,1
42.0,21917.77,540.0,13.0,3.0,1.0,1.0,403.0,0
44.0,35361.31,42.0,5.0,4.0,0.0,1.0,300.0,0
32.0,46981.28,476.0,13.0,2.0,0.0,0.0,627.0,0
47.0,48766.37,424.0,12.0,1.0,0.0,1.0,516.0,1
38.0,49028.19,295.0,6.0,2.0,0.0,1.0,347.0,0
54.0,29784.37,42.0,5.0,2.0,0.0,0.0,341.0,0
68.0,10611.21,402.0,2.0,2.0,0.0,1.0,635.0,1
35.0,16047.57,139.0,4.0,2.0,0.0,1.0,520.0,0
,20919.3,583.0,12.0,4.0,1.0,0.0,722.0,1
26.0,11670.51,158.0,13.0,4.0,1.0,0.0,570.0,0
46.0,18778.67,413.0,7.0,1.0,0.0,1.0,597.0,1
35.0,6147.02,467.0,8.0,4.0,0.0,1.0,469.0,1
38.0,46528.58,81.0,8.0,3.0,1.0,1.0,621.0,0
40.0,39953.84,566.0,4.0,2.0,1.0,0.0,307.0,1
52.0,46606.59,443.0,13.0,0.0,0.0,0.0,672.0,0
64.0,28448.32,562.0,10.0,3.0,1.0,1.0,336.0,1
48.0,43103.28,181.0,13.0,1.0,0.0,1.0,723.0,0
28.0,31007.1,139.0,11.0,4.0,0.0,0.0,683.0,0
62.0,26977.2,270.0,8.0,0.0,1.0,1.0,409.0,0
35.0,695.15,1.0,9.0,2.0,0.0,1.0,721.0,0
24.0,6919.78,525.0,5.0,0.0,0.0,1.0,767.0,1
20.0,1602.16,589.0,13.0,2.0,0.0,0.0,802.0,1
40.0,14447.18,225.0,8.0,1.0,0.0,0.0,322.0,0
32.0,9666.3,413.0,12.0,1.0,0.0,0.0,800.0,1
44.0,18875.34,49.0,14.0,2.0,,1.0,587.0,0
61.0,19638.86,13.0,11.0,0.0,0.0,0.0,497.0,0
29.0,18409.79,255.0,10.0,0.0,0.0,0.0,450.0,0
28.0,4284.48,358.0,4.0,0.0,0.0,1.0,686.0,1
36.0,48189.62,62.0,14.0,1.0,0.0,1.0,407.0,0
19.0,42879.82,480.0,8.0,0.0,1.0,1.0,762.0,0
60.0,21653.12,189.0,11.0,0.0,0.0,1.0,713.0,0
67.0,36279.08,252.0,2.0,0.0,0.0,0.0,461.0,1
53.0,20302.36,379.0,11.0,3.0,0.0,1.0,808.0,1
25.0,431.6,210.0,9.0,0.0,0.0,0.0,669.0,0
55.0,15259.68,230.0,7.0,1.0,1.0,1.0,588.0,0
57.0,36921.04,286.0,12.0,0.0,0.0,1.0,436.0,0
48.0,31226.82,289.0,2.0,3.0,0.0,0.0,357.0,0
40.0,23443.16,333.0,1.0,1.0,0.0,1.0,518.0,0
21.0,22147.64,49.0,8.0,,0.0,1.0,312.0,0
61.0,44069.58,574.0,7.0,3.0,0.0,1.0,309.0,1
18.0,33877.67,478.0,8.0,0.0,1.0,1.0,771.0,1
36.0,28851.06,172.0,1.0,2.0,0.0,0.0,819.0,1
69.0,18484.6,142.0,4.0,3.0,0.0,0.0,770.0,0
59.0,39989.32,471.0,9.0,0.0,1.0,0.0,368.0,1
36.0,20266.38,13.0,12.0,4.0,0.0,1.0,376.0,0
44.0,21941.15,155.0,10.0,1.0,1.0,0.0,385.0,0
33.0,6072.88,308.0,8.0,1.0,0.0,1.0,713.0,0
33.0,7623.49,227.0,11.0,1.0,0.0,0.0,410.0,0
21.0,38949.81,587.0,11.0,0.0,0.0,1.0,309.0,0
36.0,34339.69,234.0,9.0,3.0,1.0,1.0,849.0,1
40.0,31396.97,546.0,13.0,4.0,0.0,0.0,797.0,1
55.0,3467.94,445.0,2.0,3.0,1.0,1.0,763.0,0
63.0,7953.36,489.0,13.0,4.0,0.0,0.0,407.0,0
25.0,30787.3,276.0,7.0,0.0,0.0,1.0,662.0,0
46.0,23613.55,332.0,12.0,4.0,0.0,1.0,371.0,0
20.0,7905.93,326.0,13.0,3.0,1.0,0.0,557.0,0
54.0,20957.11,243.0,8.0,,0.0,1.0,481.0,0
49.0,701.29,588.0,4.0,4.0,0.0,0.0,532.0,1
33.0,25531.36,456.0,10.0,4.0,0.0,0.0,424.0,1
44.0,33324.08,42.0,14.0,3.0,0.0,1.0,474.0,0
67.0,8063.31,137.0,6.0,3.0,1.0,1.0,513.0,0
30.0,16960.38,,12.0,2.0,1.0,0.0,712.0,0
67.0,45357.96,573.0,12.0,2.0,0.0,0.0,319.0,1
47.0,247.6,131.0,2.0,1.0,0.0,0.0,750.0,1
23.0,48705.68,180.0,8.0,2.0,0.0,0.0,522.0,0
46.0,9319.44,573.0,1.0,4.0,0.0,1.0,597.0,1
25.0,19872.18,566.0,11.0,4.0,0.0,1.0,532.0,1
69.0,1211.41,32.0,7.0,4.0,0.0,,545.0,0
45.0,44783.2,335.0,10.0,4.0,0.0,0.0,368.0,1
26.0,11183.21,250.0,2.0,4.0,1.0,1.0,831.0,1
30.0,3418.94,430.0,12.0,3.0,0.0,1.0,339.0,0
30.0,23480.15,269.0,3.0,3.0,0.0,0.0,493.0,0
55.0,17438.04,448.0,13.0,4.0,0.0,0.0,325.0,0
53.0,31191.09,386.0,11.0,4.0,0.0,1.0,374.0,0
51.0,13512.1,505.0,1.0,0.0,0.0,1.0,543.0,1
33.0,49659.04,599.0,12.0,4.0,0.0,0.0,532.0,1
64.0,14402.27,583.0,12.0,0.0,0.0,1.0,598.0,0
29.0,39882.19,23.0,7.0,3.0,1.0,1.0,822.0,0
31.0,5967.93,383.0,13.0,0.0,1.0,0.0,734.0,0
43.0,48907.78,257.0,8.0,2.0,1.0,1.0,547.0,0
56.0,18952.65,23.0,3.0,1.0,,1.0,359.0,0
31.0,23466.15,345.0,6.0,1.0,0.0,0.0,345.0,0
24.0,13534.39,15.0,6.0,1.0,0.0,0.0,820.0,0
24.0,4497.45,407.0,10.0,2.0,0.0,0.0,417.0,0
20.0,13829.37,228.0,3.0,3.0,1.0,1.0,436.0,0
41.0,33238.65,104.0,3.0,2.0,0.0,0.0,752.0,0
66.0,46224.48,284.0,13.0,4.0,0.0,1.0,469.0,1
23.0,30677.69,217.0,11.0,3.0,1.0,0.0,621.0,1
48.0,970.95,176.0,6.0,3.0,0.0,1.0,754.0,1
66.0,31041.29,301.0,4.0,3.0,0.0,1.0,366.0,1
40.0,9604.65,255.0,6.0,3.0,0.0,0.0,602.0,1
59.0,29256.5,511.0,10.0,1.0,1.0,0.0,516.0,1
63.0,9056.05,134.0,4.0,2.0,0.0,0.0,440.0,1
62.0,6355.85,86.0,14.0,1.0,0.0,0.0,681.0,0
44.0,41781.7,261.0,7.0,2.0,1.0,0.0,420.0,0
54.0,46891.6,87.0,3.0,0.0,0.0,1.0,328.0,0
46.0,22065.02,5.0,4.0,2.0,1.0,0.0,619.0,0
58.0,47806.28,433.0,6.0,,0.0,1.0,557.0,1
30.0,21757.55,576.0,9.0,2.0,1.0,0.0,381.0,1
20.0,46748.25,448.0,7.0,1.0,0.0,0.0,489.0,1
68.0,25524.31,325.0,14.0,2.0,0.0,1.0,768.0,1
24.0,43302.14,570.0,13.0,3.0,0.0,1.0,739.0,1
62.0,37811.59,542.0,6.0,1.0,0.0,1.0,776.0,1
64.0,47265.5,29.0,9.0,4.0,0.0,1.0,515.0,0
52.0,15521.2,410.0,11.0,4.0,0.0,0.0,479.0,1
19.0,17947.33,137.0,4.0,0.0,1.0,1.0,612.0,0
35.0,6874.29,96.0,3.0,0.0,1.0,1.0,588.0,0
41.0,19060.78,346.0,7.0,4.0,1.0,1.0,521.0,0
48.0,16582.0,531.0,13.0,1.0,0.0,0.0,453.0,1
18.0,14876.48,427.0,14.0,0.0,0.0,0.0,331.0,0
49.0,3849.84,361.0,12.0,3.0,0.0,0.0,308.0,0
42.0,10559.2,223.0,7.0,2.0,0.0,0.0,658.0,0
32.0,23097.77,64.0,1.0,1.0,1.0,0.0,442.0,0
47.0,46282.93,545.0,7.0,3.0,0.0,0.0,498.0,1
51.0,35586.18,323.0,6.0,2.0,0.0,0.0,819.0,0
52.0,10117.62,30.0,14.0,2.0,0.0,1.0,675.0,0
50.0,3461.28,293.0,6.0,3.0,0.0,0.0,464.0,1
51.0,39948.88,550.0,4.0,3.0,0.0,1.0,840.0,1
46.0,9705.06,339.0,4.0,2.0,1.0,0.0,826.0,1
41.0,38894.97,245.0,11.0,3.0,1.0,0.0,486.0,0
58.0,36688.98,446.0,2.0,1.0,1.0,1.0,704.0,1
51.0,11295.4,455.0,9.0,1.0,0.0,1.0,606.0,1
64.0,47038.94,439.0,10.0,2.0,0.0,1.0,536.0,1
56.0,26472.07,589.0,4.0,0.0,1.0,0.0,335.0,1
54.0,48423.14,196.0,12.0,2.0,1.0,0.0,803.0,1
59.0,14954.11,241.0,7.0,4.0,1.0,1.0,324.0,0
66.0,39585.51,303.0,6.0,1.0,1.0,0.0,691.0,0
67.0,10913.13,332.0,9.0,1.0,0.0,1.0,681.0,0
69.0,20628.33,187.0,12.0,3.0,0.0,0.0,592.0,0
54.0,2958.99,577.0,14.0,2.0,0.0,1.0,804.0,1
41.0,45854.59,556.0,9.0,1.0,0.0,1.0,535.0,1
20.0,38392.63,201.0,8.0,1.0,1.0,0.0,701.0,0
22.0,15353.48,301.0,5.0,4.0,0.0,0.0,569.0,1
25.0,40197.68,48.0,1.0,0.0,0.0,0.0,772.0,0
31.0,16039.05,170.0,7.0,4.0,0.0,1.0,798.0,0
29.0,15893.38,358.0,5.0,1.0,0.0,,433.0,1
33.0,30047.9,100.0,5.0,1.0,0.0,1.0,780.0,0
50.0,,255.0,12.0,2.0,0.0,0.0,390.0,0
29.0,,37.0,1.0,1.0,0.0,0.0,810.0,0
50.0,1686.17,371.0,7.0,0.0,,,663.0,0
21.0,4141.41,237.0,4.0,3.0,0.0,0.0,420.0,0
64.0,19221.87,165.0,6.0,3.0,0.0,1.0,721.0,0
59.0,35344.53,141.0,8.0,4.0,1.0,1.0,345.0,0
34.0,48506.19,204.0,7.0,2.0,0.0,1.0,373.0,0
52.0,8581.05,281.0,,3.0,1.0,1.0,562.0,0
55.0,44158.89,321.0,10.0,1.0,,0.0,712.0,0
28.0,26126.17,586.0,4.0,4.0,0.0,0.0,538.0,1
51.0,38624.58,565.0,10.0,1.0,1.0,1.0,757.0,1
21.0,15387.54,453.0,13.0,3.0,0.0,1.0,428.0,1
49.0,24051.38,107.0,5.0,0.0,0.0,0.0,707.0,1
26.0,27826.78,318.0,3.0,0.0,0.0,0.0,395.0,0
69.0,42944.56,256.0,3.0,0.0,0.0,0.0,650.0,1
28.0,21745.9,520.0,6.0,3.0,1.0,0.0,317.0,1
36.0,49796.67,596.0,6.0,3.0,0.0,1.0,389.0,1
50.0,17904.42,257.0,14.0,1.0,1.0,1.0,362.0,0
52.0,29323.59,417.0,1.0,4.0,0.0,0.0,,1
67.0,26962.44,587.0,7.0,4.0,0.0,1.0,705.0,1
38.0,47879.89,177.0,14.0,1.0,0.0,0.0,397.0,0
39.0,20557.81,263.0,7.0,0.0,0.0,0.0,323.0,0
55.0,25758.49,116.0,4.0,0.0,0.0,0.0,691.0,1
41.0,41738.83,443.0,13.0,3.0,1.0,0.0,821.0,1
68.0,26999.84,38.0,10.0,2.0,0.0,1.0,594.0,0
44.0,3110.59,447.0,2.0,4.0,0.0,1.0,414.0,1
35.0,2896.2,0.0,5.0,2.0,1.0,1.0,790.0,0
66.0,14707.23,429.0,11.0,3.0,0.0,1.0,560.0,1
24.0,44564.3,353.0,14.0,2.0,0.0,0.0,302.0,0
57.0,31535.19,256.0,5.0,4.0,0.0,0.0,646.0,1
55.0,24572.04,512.0,6.0,4.0,1.0,1.0,734.0,1
53.0,37998.58,338.0,1.0,2.0,0.0,1.0,648.0,1
25.0,7477.11,498.0,4.0,3.0,0.0,0.0,493.0,1
21.0,18091.26,210.0,5.0,1.0,0.0,,515.0,0
37.0,45143.23,433.0,11.0,3.0,0.0,0.0,397.0,1
24.0,4867.61,104.0,1.0,0.0,1.0,0.0,776.0,0
40.0,23959.18,388.0,10.0,0.0,0.0,0.0,566.0,0
34.0,49533.7,193.0,1.0,2.0,0.0,0.0,821.0,1
46.0,14925.86,191.0,6.0,0.0,1.0,0.0,532.0,0
49.0,20372.56,499.0,1.0,4.0,0.0,1.0,473.0,1
65.0,10264.54,477.0,4.0,2.0,0.0,1.0,539.0,0
52.0,43108.22,11.0,8.0,1.0,0.0,1.0,347.0,0
23.0,5428.16,539.0,10.0,3.0,0.0,1.0,545.0,1
19.0,7753.49,504.0,10.0,2.0,0.0,0.0,381.0,1
48.0,1373.69,554.0,2.0,2.0,0.0,1.0,321.0,1
64.0,37783.34,523.0,7.0,1.0,0.0,0.0,623.0,1
45.0,14049.94,539.0,7.0,1.0,0.0,0.0,764.0,1
47.0,21184.19,264.0,13.0,1.0,0.0,1.0,488.0,0
49.0,36494.26,20.0,9.0,3.0,0.0,0.0,689.0,0
27.0,25710.49,230.0,6.0,4.0,1.0,0.0,633.0,0
42.0,45268.89,437.0,12.0,3.0,1.0,1.0,753.0,1
63.0,34396.64,172.0,9.0,1.0,0.0,1.0,635.0,0
52.0,15336.79,527.0,1.0,0.0,0.0,0.0,794.0,1
58.0,46087.75,514.0,12.0,2.0,0.0,1.0,430.0,1
31.0,41376.27,126.0,10.0,3.0,1.0,0.0,689.0,0
22.0,7968.86,137.0,3.0,2.0,1.0,1.0,512.0,0
28.0,39350.65,289.0,12.0,4.0,0.0,1.0,375.0,1
32.0,47117.17,273.0,8.0,2.0,1.0,0.0,619.0,0
22.0,22065.51,473.0,5.0,1.0,0.0,1.0,708.0,1
39.0,29634.57,598.0,4.0,1.0,0.0,,711.0,1
23.0,4788.96,320.0,5.0,3.0,0.0,0.0,529.0,0
22.0,11065.0,355.0,14.0,4.0,0.0,0.0,578.0,0
43.0,9949.05,111.0,1.0,0.0,0.0,1.0,679.0,0
30.0,27134.21,506.0,6.0,1.0,0.0,1.0,471.0,1
,12648.87,345.0,14.0,1.0,0.0,1.0,802.0,0
24.0,22929.58,260.0,7.0,2.0,0.0,0.0,684.0,0
42.0,28813.15,81.0,8.0,2.0,1.0,1.0,391.0,0
67.0,40925.7,57.0,14.0,3.0,0.0,0.0,791.0,0
33.0,20641.66,316.0,11.0,3.0,0.0,0.0,374.0,0
43.0,6266.06,21.0,4.0,3.0,0.0,1.0,609.0,0
,38200.51,353.0,7.0,,0.0,0.0,442.0,1
59.0,49176.96,587.0,4.0,2.0,,,464.0,1
52.0,8784.18,,3.0,1.0,,0.0,849.0,1
27.0,34040.99,268.0,11.0,4.0,0.0,1.0,706.0,1
21.0,28249.77,71.0,12.0,2.0,0.0,1.0,825.0,0
48.0,25754.27,160.0,3.0,1.0,0.0,1.0,340.0,0
18.0,34157.25,118.0,12.0,1.0,0.0,1.0,613.0,0
18.0,46715.8,462.0,2.0,1.0,,0.0,608.0,1
51.0,7509.16,,5.0,3.0,1.0,1.0,504.0,0
25.0,44639.58,114.0,10.0,2.0,1.0,1.0,796.0,0
29.0,30290.11,305.0,5.0,3.0,0.0,1.0,686.0,0
31.0,11422.67,289.0,8.0,2.0,1.0,0.0,398.0,0
43.0,38739.63,58.0,10.0,0.0,0.0,0.0,514.0,0
64.0,26020.8,21.0,7.0,1.0,0.0,1.0,540.0,0
26.0,41559.91,102.0,7.0,0.0,0.0,1.0,415.0,0
60.0,39156.44,597.0,10.0,4.0,1.0,1.0,528.0,1
,14901.29,294.0,12.0,0.0,0.0,1.0,458.0,0
41.0,28812.04,78.0,4.0,2.0,0.0,0.0,301.0,0
39.0,24758.8,180.0,2.0,0.0,0.0,1.0,438.0,1
65.0,47820.96,133.0,14.0,2.0,0.0,0.0,379.0,0
22.0,31488.57,171.0,7.0,3.0,0.0,1.0,447.0,0
55.0,27998.35,158.0,13.0,1.0,0.0,0.0,552.0,0
30.0,22189.8,102.0,9.0,1.0,0.0,1.0,729.0,0
40.0,45618.83,270.0,13.0,2.0,1.0,1.0,798.0,0
65.0,22779.2,425.0,14.0,2.0,0.0,1.0,499.0,0
42.0,7671.43,244.0,10.0,1.0,0.0,0.0,494.0,0
33.0,44894.16,209.0,1.0,3.0,0.0,0.0,808.0,1
37.0,16949.96,231.0,8.0,3.0,0.0,1.0,338.0,0
63.0,31574.41,,1.0,2.0,0.0,0.0,530.0,1
40.0,33363.74,416.0,10.0,4.0,0.0,0.0,779.0,1
27.0,16918.8,497.0,10.0,2.0,0.0,1.0,536.0,0
41.0,,477.0,10.0,4.0,0.0,0.0,696.0,1
42.0,37310.58,584.0,6.0,1.0,1.0,1.0,356.0,1
32.0,44286.63,390.0,9.0,2.0,1.0,1.0,730.0,1
52.0,12338.9,274.0,5.0,4.0,0.0,0.0,822.0,1
65.0,23148.51,149.0,9.0,1.0,1.0,0.0,627.0,0
66.0,44712.37,245.0,3.0,3.0,1.0,0.0,485.0,1
32.0,46069.49,555.0,6.0,3.0,0.0,0.0,716.0,1
36.0,32305.44,194.0,5.0,1.0,1.0,1.0,843.0,0
41.0,10068.53,370.0,2.0,2.0,1.0,0.0,799.0,1
44.0,38029.48,187.0,14.0,1.0,0.0,0.0,539.0,0
26.0,23395.01,568.0,10.0,4.0,1.0,0.0,823.0,1
38.0,,244.0,12.0,4.0,0.0,1.0,320.0,0
36.0,16782.82,466.0,2.0,1.0,0.0,1.0,300.0,1
67.0,11854.09,338.0,3.0,4.0,1.0,0.0,751.0,0
54.0,19798.25,73.0,2.0,4.0,0.0,0.0,436.0,0
39.0,9071.53,,6.0,3.0,0.0,0.0,575.0,0
20.0,7187.35,409.0,1.0,3.0,0.0,0.0,509.0,1
61.0,30500.09,536.0,14.0,1.0,0.0,1.0,527.0,1
28.0,39867.85,456.0,12.0,3.0,0.0,1.0,558.0,1
52.0,23901.92,299.0,11.0,2.0,1.0,0.0,670.0,0
57.0,41765.06,83.0,2.0,1.0,0.0,1.0,845.0,1
20.0,35043.96,116.0,7.0,3.0,1.0,0.0,471.0,0
37.0,2712.48,169.0,11.0,2.0,1.0,0.0,803.0,0
52.0,9761.15,113.0,10.0,2.0,0.0,1.0,328.0,0
67.0,21251.06,347.0,10.0,1.0,0.0,1.0,712.0,1
40.0,17821.15,366.0,8.0,4.0,0.0,1.0,383.0,1
44.0,14550.27,196.0,12.0,4.0,0.0,0.0,708.0_err,0
42.0,29106.29,354.0,,3.0,0.0,1.0,457.0,1
53.0,7871.08,542.0,12.0,1.0,1.0,1.0,510.0,0
19.0,34793.33,519.0,4.0,4.0,1.0,0.0,510.0,1
41.0,47544.38,412.0,2.0,2.0,,1.0,668.0,1
37.0,43380.46,80.0,10.0,3.0,0.0,1.0,784.0,0
,4904.73,281.0,6.0,3.0,0.0,0.0,464.0,0
24.0,12656.04,45.0,3.0,4.0,1.0,0.0,697.0,0
35.0,12115.89,227.0,14.0,4.0,1.0,1.0,612.0,0
32.0,33143.69,19.0,3.0,0.0,0.0,1.0,572.0,0
49.0,40311.78,181.0,11.0,0.0,0.0,0.0,568.0,0
59.0,36649.37,290.0,9.0,3.0,0.0,1.0,797.0,1
46.0,25772.83,226.0,9.0,3.0,,1.0,,0
,40413.89,483.0,11.0,0.0,0.0,0.0,733.0,1
65.0,31030.52,341.0,3.0,2.0,1.0,1.0,672.0,0
59.0,13919.4,368.0,1.0,3.0,0.0,1.0,760.0,1
39.0,41838.58,479.0,2.0,4.0,0.0,0.0,567.0,1
45.0,23793.93,,12.0,1.0,1.0,0.0,685.0,0
61.0,26084.09,202.0,6.0,3.0,1.0,1.0,496.0,0
55.0,4457.77,228.0,10.0,3.0,0.0,0.0,487.0,1
44.0,4726.62,25.0,6.0,3.0,1.0,1.0,677.0,0
64.0,27482.22,269.0,13.0,1.0,0.0,1.0,505.0,0
47.0,15864.34,557.0,9.0,1.0,,0.0,422.0,0
59.0,6432.86,1.0,2.0,4.0,,1.0,717.0,0
46.0,18891.95,338.0,2.0,3.0,1.0,0.0,839.0,1
64.0,22447.07,326.0,10.0,0.0,1.0,1.0,690.0,1
58.0,37794.73,565.0,1.0,1.0,0.0,0.0,554.0,1
21.0,36418.94,173.0,5.0,0.0,0.0,0.0,628.0,0
57.0,6912.44,280.0,11.0,3.0,0.0,1.0,661.0,1
29.0,35163.74,8.0,8.0,4.0,1.0,1.0,720.0,0
44.0,38550.73,546.0,10.0,4.0,1.0,0.0,730.0,1
54.0,24973.0,226.0,6.0,4.0,0.0,0.0,498.0,1
21.0,11832.08,81.0,2.0,2.0,0.0,1.0,438.0,0
58.0,43331.66,389.0,10.0,3.0,0.0,1.0,815.0,1
63.0,11124.32,296.0,6.0,4.0,0.0,1.0,789.0,1
57.0,20226.84,484.0,5.0,1.0,1.0,,351.0,1
32.0,3155.74,495.0,6.0,2.0,0.0,1.0,594.0,1
57.0,25158.59,296.0,8.0,0.0,0.0,1.0,752.0,0
43.0,,235.0,11.0,1.0,0.0,0.0,686.0,1
32.0,27327.88,534.0,10.0,1.0,0.0,1.0,458.0,1
,8435.18,369.0,7.0,2.0,0.0,0.0,512.0,0
56.0,,563.0,11.0,3.0,0.0,1.0,678.0,1
25.0,15010.77,334.0,12.0,4.0,0.0,1.0,593.0,0
18.0,16424.1,211.0,13.0,4.0,1.0,0.0,502.0,0
23.0,11485.05,267.0,5.0,3.0,1.0,1.0,552.0,0
61.0,32256.9,410.0,3.0,4.0,0.0,,461.0,1
38.0,41460.12,541.0,,4.0,1.0,0.0,529.0,1
32.0,47820.07,153.0,8.0,0.0,1.0,0.0,773.0,0
30.0,24253.82,90.0,5.0,3.0,1.0,1.0,397.0,0
44.0,41851.23,426.0,8.0,4.0,0.0,1.0,819.0,1
30.0,31419.43,196.0,5.0,1.0,0.0,1.0,396.0,0
62.0,48305.8,332.0,12.0,2.0,1.0,0.0,535.0,1
48.0,26786.77,378.0,1.0,1.0,1.0,0.0,845.0,1
67.0,42219.68,76.0,8.0,,0.0,1.0,488.0,0
39.0,46009.39,451.0,2.0,2.0,0.0,0.0,604.0,1
47.0,29444.06,571.0,14.0,0.0,1.0,1.0,616.0,1
40.0,33697.95,62.0,3.0,4.0,1.0,1.0,590.0,0
23.0,24640.49,373.0,5.0,4.0,0.0,1.0,635.0,1
65.0,28387.76,263.0,10.0,3.0,0.0,0.0,373.0,0
52.0,31221.97,508.0,3.0,2.0,0.0,0.0,559.0,1
33.0,43360.5,487.0,10.0,3.0,0.0,0.0,480.0,1
56.0,48333.92,88.0,2.0,1.0,0.0,1.0,331.0,1
19.0,610.53,390.0,9.0,3.0,1.0,0.0,557.0,1
65.0,38218.5,406.0,10.0,1.0,0.0,0.0,369.0,0
45.0,46498.39,522.0,10.0,1.0,1.0,1.0,549.0,1
62.0,14198.34,599.0,3.0,4.0,0.0,0.0,437.0,1
40.0,41738.74,316.0,8.0,0.0,0.0,1.0,636.0,1
38.0,46979.03,398.0,13.0,3.0,0.0,0.0,846.0,1
68.0,46927.37,367.0,3.0,,0.0,1.0,325.0,0
24.0,11155.13,524.0,12.0,3.0,1.0,1.0,656.0,1
35.0,41409.31,475.0,3.0,1.0,1.0,1.0,640.0,1
35.0,26784.0,521.0,4.0,1.0,1.0,1.0,557.0,1
39.0,24063.75,331.0,11.0,3.0,0.0,1.0,411.0,1
59.0,27661.02,24.0,12.0,4.0,0.0,0.0,799.0,0
46.0,26484.41,584.0,5.0,3.0,1.0,1.0,466.0,1
41.0,31239.3,589.0,11.0,4.0,1.0,0.0,834.0,1
59.0,8443.33,383.0,,0.0,0.0,1.0,842.0,1
63.0,301.57,316.0,2.0,2.0,0.0,1.0,741.0,0
60.0,1709.2,319.0,9.0,3.0,0.0,0.0,732.0,1
19.0,34122.12,570.0,14.0,1.0,0.0,1.0,588.0,0
69.0,2494.3,554.0,10.0,1.0,0.0,0.0,646.0,1
61.0,28950.65,59.0,12.0,2.0,0.0,0.0,595.0,0
,37211.28,179.0,1.0,3.0,1.0,1.0,393.0,0
61.0,22638.75,242.0,8.0,0.0,0.0,0.0,599.0,0
51.0,17685.77,498.0,1.0,2.0,1.0,1.0,363.0,1
52.0,4117.61,560.0,4.0,0.0,1.0,0.0,662.0,1
56.0,4085.72,472.0,4.0,2.0,1.0,1.0,841.0,1
61.0,137.98,235.0,1.0,1.0,0.0,1.0,602.0,0
24.0,20686.58,332.0,9.0,2.0,0.0,1.0,757.0,1
35.0,39209.05,134.0,2.0,4.0,0.0,0.0,442.0,0
65.0,1861.8,77.0,5.0,0.0,0.0,0.0,626.0,0
68.0,3908.83,441.0,7.0,1.0,0.0,0.0,621.0,1
40.0,47047.88,279.0,13.0,3.0,1.0,1.0,364.0,0
30.0,6292.26,506.0,9.0,3.0,0.0,0.0,748.0,1
54.0,21729.92,337.0,4.0,1.0,1.0,0.0,827.0,1
40.0,35848.88,402.0,10.0,3.0,1.0,1.0,672.0,1
22.0,47137.65,574.0,1.0,2.0,0.0,1.0,683.0,1
50.0,18287.69,341.0,4.0,3.0,0.0,1.0,684.0,1
32.0,19965.34,565.0,4.0,0.0,0.0,1.0,729.0,1
36.0,43154.75,357.0,1.0,,0.0,0.0,343.0,1
18.0,35602.22,68.0,1.0,4.0,0.0,1.0,376.0,0
62.0,30015.0,449.0,13.0,0.0,0.0,0.0,528.0,0
45.0,31451.11,545.0,2.0,4.0,1.0,0.0,470.0,1
27.0,39705.2,443.0,12.0,1.0,1.0,1.0,692.0,0
,25530.74,584.0,,1.0,1.0,0.0,613.0,1
48.0,35424.82,456.0,8.0,4.0,0.0,1.0,322.0,1
63.0,35219.12,502.0,9.0,,0.0,1.0,329.0,0
,26314.21,509.0,8.0,3.0,0.0,1.0,743.0,1
46.0,42976.93,556.0,1.0,1.0,0.0,0.0,469.0,1
65.0,47658.66,443.0,14.0,1.0,0.0,0.0,824.0,1
39.0,34747.49,483.0,6.0,3.0,0.0,0.0,573.0,1
22.0,49570.61,483.0,7.0,4.0,0.0,0.0,,1
47.0,36670.77,193.0,5.0,4.0,0.0,0.0,449.0,1
33.0,5711.72,560.0,14.0,0.0,0.0,1.0,580.0,0
54.0,30618.68,8.0,2.0,2.0,0.0,0.0,594.0,0
62.0,38288.67,25.0,9.0,1.0,1.0,0.0,616.0,0
29.0,10772.08,77.0,2.0,4.0,1.0,1.0,819.0,0
53.0,,213.0,5.0,3.0,1.0,0.0,571.0,1
36.0,18573.84,20.0,3.0,1.0,0.0,1.0,695.0,0
44.0,37013.64,276.0,12.0,3.0,1.0,1.0,677.0,0
52.0,28329.69,574.0,7.0,0.0,1.0,1.0,310.0,1
19.0,35119.13,214.0,4.0,3.0,0.0,0.0,556.0,0
49.0,24155.88,534.0,,3.0,0.0,0.0,581.0,1
42.0,16020.03,227.0,11.0,3.0,0.0,0.0,829.0,1
43.0,27577.98,249.0,2.0,1.0,1.0,1.0,684.0,0
69.0,10969.22,166.0,9.0,0.0,1.0,1.0,342.0,0
21.0,5872.83,128.0,5.0,3.0,0.0,1.0,633.0,0
35.0,9047.39,249.0,8.0,4.0,0.0,0.0,467.0,1
21.0,40531.37,308.0,14.0,2.0,1.0,0.0,325.0,0
38.0,25603.96,125.0,1.0,0.0,1.0,,495.0,0
44.0,47419.75,262.0,14.0,1.0,0.0,1.0,304.0,0
66.0,28352.33,464.0,2.0,0.0,0.0,0.0,459.0,1
49.0,3782.72,,13.0,1.0,1.0,1.0,680.0,0
66.0,46151.78,338.0,11.0,4.0,1.0,0.0,362.0,0
19.0,11354.3,378.0,3.0,0.0,0.0,0.0,605.0,0
38.0,,94.0,8.0,4.0,0.0,,488.0,0
69.0,37703.54,1.0,6.0,,0.0,0.0,624.0,0
47.0,44698.52,159.0,11.0,3.0,0.0,1.0,615.0,1
62.0,16430.76,562.0,11.0,3.0,1.0,0.0,494.0,0
59.0,39348.45,,6.0,0.0,1.0,0.0,379.0,0
58.0,17447.68,328.0,6.0,2.0,0.0,1.0,695.0,0
49.0,22800.39,518.0,3.0,1.0,1.0,0.0,488.0,1
43.0,46072.1,336.0,6.0,1.0,0.0,0.0,310.0,1
63.0,,452.0,9.0,0.0,0.0,1.0,717.0,1
39.0,35392.43,535.0,14.0,2.0,0.0,1.0,569.0,1
31.0,7290.42,264.0,2.0,3.0,1.0,1.0,634.0,1
65.0,23375.92,104.0,9.0,3.0,0.0,0.0,431.0,0
42.0,28703.7,227.0,6.0,0.0,0.0,1.0,438.0,0
60.0,7190.4,385.0,12.0,2.0,0.0,1.0,552.0,0
33.0,27492.77,71.0,8.0,1.0,1.0,0.0,701.0,0
18.0,,479.0,9.0,3.0,0.0,0.0,368.0,1
34.0,5266.5,210.0,7.0,2.0,0.0,0.0,,0
68.0,785.97,134.0,8.0,3.0,0.0,1.0,656.0,0
69.0,5243.4,336.0,3.0,3.0,1.0,1.0,444.0,1
44.0,21387.21,461.0,11.0,1.0,1.0,0.0,711.0,0
49.0,30172.72,247.0,14.0,0.0,0.0,1.0,719.0,0
57.0,48081.9,141.0,8.0,1.0,0.0,1.0,513.0,1
18.0,27923.51,172.0,3.0,4.0,0.0,0.0,313.0,1
42.0,34916.4,269.0,8.0,4.0,1.0,1.0,382.0,0
22.0,21386.92,464.0,6.0,2.0,0.0,,639.0,1
30.0,42342.92,91.0,9.0,3.0,0.0,0.0,845.0,1
20.0,41305.06,307.0,2.0,2.0,0.0,0.0,514.0,1
33.0,48366.88,128.0,1.0,2.0,0.0,1.0,723.0,1
62.0,39172.41,336.0,6.0,2.0,0.0,1.0,549.0,1
62.0,28190.11,83.0,4.0,4.0,1.0,0.0,746.0,1
45.0,482.6,18.0,7.0,0.0,0.0,0.0,359.0,0
47.0,24317.58,514.0,5.0,0.0,1.0,0.0,442.0,1
18.0,27766.87,173.0,2.0,4.0,1.0,0.0,766.0,1
35.0,11771.8,497.0,10.0,1.0,1.0,1.0,733.0,1
41.0,43083.52,,9.0,1.0,0.0,1.0,477.0,1
62.0,,248.0,13.0,1.0,0.0,0.0,664.0,1
52.0,4295.37,346.0,7.0,0.0,1.0,1.0,770.0,1
27.0,23559.07,345.0,5.0,0.0,1.0,0.0,815.0,0
29.0,30099.43,441.0,6.0,2.0,0.0,1.0,743.0,1
56.0,10674.57,256.0,2.0,0.0,0.0,0.0,450.0,0
57.0,26373.91,250.0,11.0,4.0,0.0,1.0,708.0,0
32.0,30221.56,189.0,14.0,4.0,0.0,0.0,,0
60.0,2079.03,254.0,11.0,1.0,1.0,1.0,639.0,0
54.0,25165.28,447.0,8.0,3.0,1.0,1.0,667.0,1
23.0,34788.5,276.0,12.0,3.0,0.0,1.0,657.0,1
67.0,30974.87,426.0,6.0,1.0,0.0,0.0,657.0,1
53.0,44407.95,432.0,5.0,2.0,1.0,1.0,323.0,1
56.0,26329.95,537.0,4.0,4.0,1.0,1.0,444.0,1
55.0,22094.22,549.0,9.0,1.0,1.0,1.0,484.0,1
52.0,4267.58,417.0,1.0,3.0,0.0,0.0,560.0,1
39.0,41229.1,174.0,10.0,1.0,0.0,1.0,597.0,0
22.0,26335.97,180.0,12.0,3.0,0.0,1.0,488.0,0
37.0,35263.69,310.0,12.0,2.0,0.0,0.0,796.0,1
34.0,,372.0,10.0,0.0,0.0,0.0,609.0,0
27.0,29620.18,451.0,10.0,4.0,0.0,0.0,499.0,1
21.0,14215.9,385.0,5.0,2.0,0.0,0.0,647.0,1
,29472.26,517.0,2.0,2.0,0.0,1.0,649.0,1
,8035.77,147.0,14.0,,0.0,1.0,838.0,0
25.0,30809.51,2.0,8.0,1.0,0.0,0.0,827.0,0
54.0,25416.67,312.0,5.0,3.0,1.0,0.0,623.0,0
40.0,30050.08,592.0,7.0,2.0,1.0,0.0,506.0,1
21.0,10232.78,571.0,12.0,0.0,1.0,1.0,714.0,0
25.0,651.6,151.0,13.0,3.0,0.0,1.0,371.0,0
19.0,34409.13,492.0,3.0,,0.0,1.0,602.0,1
60.0,10867.26,565.0,13.0,3.0,0.0,0.0,511.0,1
49.0,16368.52,,14.0,1.0,0.0,0.0,763.0,0
30.0,41362.08,74.0,5.0,1.0,0.0,1.0,310.0,0
31.0,1917.04,98.0,13.0,2.0,0.0,0.0,473.0,0
68.0,30635.63,537.0,5.0,0.0,0.0,0.0,369.0,1
31.0,49966.9,199.0,9.0,4.0,0.0,1.0,619.0,0
30.0,2947.75,102.0,11.0,1.0,1.0,1.0,585.0,0
32.0,45547.31,468.0,13.0,4.0,1.0,0.0,531.0,1
32.0,9252.24,129.0,2.0,2.0,0.0,0.0,516.0,0
20.0,16693.71,258.0,6.0,3.0,0.0,0.0,669.0,1
20.0,35605.85,395.0,9.0,2.0,0.0,1.0,764.0,1
61.0,6753.81,196.0,10.0,2.0,1.0,1.0,504.0,0
37.0,7936.8,145.0,12.0,4.0,1.0,1.0,819.0,0
46.0,1811.77,,13.0,1.0,0.0,1.0,656.0,0
31.0,25811.94,469.0,12.0,2.0,0.0,0.0,671.0,1
30.0,12710.09,63.0,12.0,2.0,1.0,1.0,471.0,0
23.0,33262.56,344.0,4.0,2.0,0.0,0.0,,1
33.0,25803.71,48.0,4.0,0.0,1.0,1.0,504.0,0
34.0,4834.94,598.0,5.0,3.0,1.0,0.0,635.0,1
34.0,21647.5,496.0,7.0,0.0,0.0,0.0,328.0,0
58.0,28532.26,382.0,5.0,0.0,0.0,0.0,610.0,0
46.0,29503.52,9.0,12.0,0.0,1.0,0.0,764.0,0
36.0,39683.8,121.0,10.0,4.0,0.0,0.0,777.0,1
26.0,7619.56,184.0,12.0,1.0,0.0,0.0,637.0,0
61.0,3258.47,472.0,2.0,2.0,0.0,1.0,622.0,1
18.0,48228.67,529.0,5.0,1.0,0.0,1.0,634.0,1
61.0,9907.37,12.0,12.0,3.0,0.0,1.0,517.0,0
69.0,18173.17,386.0,1.0,2.0,0.0,0.0,827.0,1
40.0,19991.4,209.0,10.0,,1.0,1.0,569.0,0
47.0,35262.67,453.0,6.0,1.0,0.0,0.0,448.0,1
,28230.84,43.0,6.0,0.0,0.0,0.0,763.0,1
39.0,29001.11,64.0,,3.0,0.0,0.0,535.0,0
41.0,20992.12,368.0,3.0,0.0,0.0,0.0,571.0,0
28.0,35613.95,474.0,11.0,2.0,0.0,0.0,544.0,1
54.0,18087.03,500.0,11.0,4.0,1.0,0.0,306.0,1
54.0,28835.94,269.0,14.0,3.0,1.0,1.0,671.0,1
47.0,26306.02,245.0,6.0,4.0,0.0,1.0,724.0,1
35.0,282.95,10.0,10.0,2.0,0.0,0.0,580.0,0
60.0,44913.56,401.0,8.0,0.0,0.0,0.0,767.0,1
43.0,30579.1,514.0,7.0,3.0,0.0,1.0,808.0,1
50.0,23448.11,456.0,6.0,4.0,1.0,1.0,546.0,1
26.0,15149.39,399.0,13.0,4.0,0.0,1.0,327.0,0
62.0,8783.05,50.0,14.0,0.0,0.0,0.0,774.0,0
32.0,43620.47,182.0,1.0,1.0,0.0,0.0,493.0,1
35.0,35514.83,120.0,4.0,1.0,0.0,1.0,847.0,0
25.0,44911.92,588.0,5.0,4.0,0.0,0.0,775.0,1
66.0,14732.16,519.0,2.0,2.0,0.0,1.0,326.0,1
,11513.61,465.0,5.0,0.0,0.0,1.0,,1
46.0,7179.15,462.0,4.0,4.0,0.0,1.0,837.0,1
25.0,5071.39,191.0,12.0,1.0,1.0,0.0,,0
48.0,41586.03,102.0,8.0,1.0,0.0,1.0,685.0,0
58.0,2789.09,349.0,7.0,3.0,0.0,1.0,841.0,1
55.0,6435.65,593.0,6.0,1.0,0.0,1.0,554.0,1
39.0,29902.09,54.0,7.0,0.0,0.0,0.0,805.0,0
39.0,23063.58,290.0,1.0,0.0,0.0,0.0,395.0,0
40.0,8732.94,383.0,4.0,3.0,0.0,0.0,647.0,1
18.0,48527.5,172.0,5.0,2.0,0.0,0.0,481.0,0
37.0,26771.33,336.0,14.0,2.0,0.0,1.0,371.0,0
64.0,20707.81,57.0,12.0,4.0,0.0,1.0,476.0,0
63.0,23385.6,1.0,7.0,4.0,1.0,1.0,,0
58.0,2497.66,373.0,14.0,1.0,0.0,1.0,339.0,0
50.0,10751.91,8.0,7.0,2.0,0.0,0.0,757.0,0
40.0,37846.87,240.0,4.0,1.0,0.0,1.0,606.0,1
57.0,9596.0,221.0,10.0,1.0,0.0,1.0,717.0,0
56.0,16275.89,560.0,3.0,0.0,1.0,,480.0,1
40.0,23661.86,306.0,2.0,3.0,0.0,1.0,627.0,1
38.0,32413.79,523.0,3.0,2.0,0.0,0.0,829.0,1
37.0,18972.37,118.0,2.0,2.0,1.0,1.0,613.0,1
27.0,33878.07,,10.0,3.0,0.0,0.0,825.0,0
64.0,12840.67,396.0,11.0,1.0,0.0,1.0,491.0,1
22.0,5058.18,147.0,5.0,1.0,0.0,0.0,,0
48.0,49096.4,515.0,2.0,1.0,0.0,1.0,475.0,1
42.0,20755.23,256.0,14.0,3.0,0.0,0.0,676.0,0
39.0,37154.77,47.0,10.0,0.0,0.0,0.0,831.0,0
18.0,11565.44,431.0,11.0,2.0,0.0,0.0,839.0,1
53.0,41860.7,62.0,14.0,3.0,0.0,0.0,684.0,0
26.0,13788.6,562.0,10.0,3.0,1.0,0.0,401.0,1
43.0,44589.99,312.0,12.0,0.0,0.0,0.0,846.0,1
,19371.68,102.0,3.0,4.0,0.0,0.0,328.0,0
68.0,22823.0,265.0,7.0,0.0,0.0,0.0,370.0,0
47.0,3590.64,202.0,10.0,1.0,1.0,0.0,493.0,0
68.0,17162.71,380.0,10.0,3.0,0.0,1.0,781.0,1
42.0,23733.98,155.0,12.0,1.0,0.0,1.0,,0
28.0,35450.95,194.0,5.0,1.0,0.0,0.0,354.0,0
63.0,24884.02,119.0,14.0,3.0,0.0,1.0,727.0,0
36.0,25170.48,505.0,3.0,3.0,0.0,0.0,766.0,1
24.0,25360.11,420.0,7.0,0.0,0.0,1.0,827.0,0
50.0,37195.22,598.0,2.0,0.0,0.0,1.0,579.0,1
67.0,37364.15,305.0,6.0,0.0,1.0,0.0,444.0,1
36.0,38379.63,269.0,12.0,3.0,0.0,1.0,360.0,1
37.0,49817.99,386.0,8.0,1.0,0.0,0.0,498.0,1
69.0,34267.74,372.0,7.0,3.0,1.0,1.0,448.0,0
41.0,49030.23,452.0,1.0,1.0,0.0,,304.0,1
28.0,5501.64,297.0,,2.0,1.0,1.0,460.0,1
29.0,49661.04,332.0,4.0,2.0,0.0,1.0,660.0,1
40.0,16870.87,497.0,8.0,3.0,0.0,0.0,750.0,1
33.0,48233.47,146.0,9.0,2.0,0.0,1.0,542.0,0
41.0,7423.39,254.0,10.0,2.0,0.0,0.0,398.0,0
58.0,27967.26,73.0,1.0,3.0,0.0,1.0,444.0,0
57.0,48137.3,130.0,9.0,4.0,0.0,0.0,730.0,1
,,549.0,12.0,2.0,0.0,1.0,810.0,1
20.0,18073.85,136.0,9.0,0.0,0.0,0.0,748.0,0
28.0,21224.88,288.0,12.0,2.0,1.0,0.0,445.0,0
65.0,36566.45,66.0,8.0,1.0,1.0,0.0,506.0,0
43.0,5586.81,10.0,1.0,2.0,0.0,0.0,500.0,0
40.0,19318.82,,11.0,1.0,1.0,1.0,811.0,1
59.0,35092.25,428.0,10.0,1.0,0.0,1.0,689.0,1
59.0,33434.86,244.0,1.0,1.0,0.0,1.0,316.0,0
26.0,19425.66,80.0,1.0,1.0,0.0,0.0,307.0,0
18.0,16575.01,382.0,13.0,1.0,1.0,1.0,358.0,0
18.0,21350.56,498.0,1.0,4.0,0.0,,552.0,1
49.0,41101.89,149.0,4.0,0.0,0.0,0.0,418.0,1
53.0,1151.44,405.0,7.0,0.0,0.0,0.0,416.0,0
59.0,22180.9,305.0,13.0,0.0,0.0,1.0,537.0,0
60.0,18961.34,205.0,5.0,0.0,0.0,0.0,475.0,0
38.0,29724.72,254.0,9.0,0.0,1.0,1.0,764.0,0
32.0,3361.3,326.0,13.0,0.0,0.0,0.0,632.0,0
42.0,10171.41,31.0,2.0,4.0,0.0,0.0,677.0,0
37.0,49886.21,341.0,3.0,4.0,0.0,1.0,377.0,1
18.0,45486.98,406.0,1.0,0.0,0.0,1.0,667.0,1
67.0,29573.05,418.0,4.0,3.0,0.0,0.0,443.0,1
41.0,41467.13,591.0,8.0,2.0,0.0,,312.0,1
57.0,27788.42,528.0,13.0,2.0,0.0,0.0,754.0,1
27.0,23666.99,421.0,1.0,3.0,0.0,1.0,388.0,1
62.0,33081.49,33.0,14.0,3.0,1.0,1.0,466.0,0
54.0,44768.74,506.0,9.0,3.0,0.0,1.0,515.0,1
35.0,13390.9,347.0,8.0,2.0,0.0,0.0,811.0,1
61.0,2742.39,536.0,12.0,0.0,0.0,1.0,382.0,0
66.0,45467.93,175.0,13.0,0.0,1.0,0.0,558.0,0
35.0,33473.16,5.0,4.0,3.0,0.0,1.0,823.0,0
60.0,45428.22,315.0,14.0,4.0,0.0,1.0,631.0,1
56.0,20586.97,385.0,9.0,2.0,0.0,0.0,793.0,1
64.0,27548.79,170.0,5.0,,0.0,0.0,446.0,0
60.0,49536.52,434.0,3.0,,1.0,0.0,404.0,1
57.0,46672.03,409.0,8.0,1.0,1.0,0.0,772.0,1
26.0,45666.06,13.0,11.0,0.0,1.0,0.0,431.0,0
59.0,40924.63,140.0,1.0,4.0,0.0,0.0,628.0,1
42.0,8562.59,247.0,6.0,0.0,0.0,0.0,397.0,0
34.0,19394.81,288.0,1.0,4.0,1.0,1.0,774.0,1
60.0,28287.33,98.0,1.0,1.0,0.0,0.0,341.0,0
54.0,44576.98,316.0,5.0,1.0,1.0,0.0,817.0,1
23.0,1648.24,54.0,10.0,1.0,0.0,0.0,814.0,1
30.0,9398.04,52.0,12.0,0.0,0.0,1.0,697.0,0
37.0,45853.66,479.0,7.0,1.0,0.0,0.0,306.0,1
38.0,45674.46,123.0,12.0,3.0,0.0,1.0,791.0,0
50.0,13698.61,381.0,8.0,0.0,0.0,0.0,503.0,0
26.0,13993.44,222.0,12.0,4.0,1.0,0.0,815.0,0
27.0,28936.96,167.0,4.0,4.0,0.0,0.0,368.0,0
50.0,22761.97,313.0,13.0,4.0,1.0,1.0,544.0,1
47.0,3854.44,533.0,7.0,4.0,1.0,0.0,606.0,0
28.0,22191.47,376.0,14.0,4.0,0.0,1.0,636.0,0
40.0,20688.11,270.0,5.0,2.0,0.0,1.0,501.0,0
28.0,37296.55,37.0,6.0,1.0,0.0,0.0,,0
68.0,13628.61,285.0,8.0,2.0,0.0,1.0,575.0,1
65.0,48521.71,322.0,5.0,4.0,1.0,1.0,837.0,1
43.0,8453.13,354.0,11.0,4.0,1.0,0.0,367.0,0
67.0,6534.81,231.0,7.0,2.0,1.0,1.0,829.0,0
61.0,1116.65,278.0,13.0,4.0,0.0,1.0,552.0,0
54.0,12840.87,88.0,2.0,2.0,1.0,1.0,787.0,0
,22340.02,83.0,,4.0,1.0,1.0,677.0,0
42.0,35602.32,274.0,8.0,1.0,0.0,0.0,534.0,1
28.0,37551.04,546.0,11.0,1.0,0.0,1.0,534.0,1
45.0,25011.21,304.0,6.0,1.0,0.0,1.0,554.0,0
35.0,14968.07,417.0,11.0,4.0,1.0,0.0,460.0,0
52.0,23471.83,,12.0,1.0,0.0,0.0,811.0,1
23.0,35901.5,57.0,12.0,1.0,0.0,1.0,646.0,0
28.0,40841.67,420.0,9.0,0.0,0.0,0.0,574.0,0
49.0,4851.97,482.0,11.0,0.0,0.0,1.0,579.0,1
43.0,31060.54,118.0,3.0,2.0,0.0,0.0,614.0,0
55.0,29802.45,356.0,11.0,0.0,0.0,0.0,487.0,0
44.0,10435.84,573.0,9.0,2.0,0.0,1.0,335.0,1
63.0,41700.57,396.0,1.0,3.0,0.0,1.0,488.0,1
22.0,38940.93,,5.0,3.0,1.0,1.0,525.0,1
51.0,17710.8,46.0,14.0,4.0,0.0,0.0,454.0,0
34.0,5715.04,526.0,1.0,3.0,0.0,1.0,313.0,1
48.0,10636.4,194.0,9.0,2.0,0.0,0.0,385.0,0
50.0,47529.2,503.0,10.0,3.0,0.0,1.0,394.0,1
37.0,31635.03,584.0,4.0,2.0,0.0,1.0,312.0,1
66.0,8445.91,347.0,6.0,0.0,0.0,1.0,383.0,1
54.0,3571.43,234.0,11.0,1.0,0.0,1.0,674.0,0
24.0,4843.36,264.0,14.0,1.0,0.0,0.0,331.0,0
59.0,42670.41,52.0,9.0,4.0,0.0,0.0,600.0,0
51.0,41642.27,260.0,14.0,3.0,0.0,1.0,521.0,1
39.0,45311.37,39.0,14.0,2.0,1.0,0.0,553.0,0
53.0,39308.66,1.0,5.0,1.0,0.0,1.0,602.0,1
61.0,42434.09,549.0,5.0,4.0,0.0,,509.0,1
28.0,12754.54,589.0,6.0,0.0,1.0,0.0,515.0,1
30.0,37567.4,313.0,2.0,4.0,1.0,1.0,575.0,1
57.0,26328.04,131.0,1.0,0.0,0.0,0.0,621.0,1
44.0,22652.75,184.0,8.0,1.0,1.0,0.0,358.0,1
18.0,40646.84,445.0,11.0,0.0,1.0,0.0,456.0,0
20.0,39055.55,158.0,14.0,4.0,0.0,0.0,342.0,0
42.0,24705.21,201.0,7.0,1.0,0.0,1.0,545.0,0
19.0,37787.5,177.0,1.0,3.0,0.0,1.0,470.0,1
45.0,12909.37,144.0,3.0,0.0,,1.0,401.0,0
41.0,29204.02,191.0,3.0,0.0,0.0,1.0,642.0,1
37.0,30130.8,293.0,8.0,2.0,0.0,1.0,595.0,1
25.0,43814.21,110.0,7.0,4.0,0.0,1.0,657.0,0
40.0,4643.97,27.0,8.0,1.0,1.0,0.0,826.0,0
59.0,4524.99,294.0,11.0,0.0,0.0,1.0,706.0,0
41.0,18297.97,504.0,3.0,1.0,0.0,0.0,536.0,0
34.0,43279.35,598.0,10.0,3.0,0.0,0.0,461.0,1
67.0,24486.36,282.0,2.0,,1.0,1.0,611.0,1
46.0,32400.28,141.0,9.0,2.0,0.0,1.0,788.0,0
43.0,21890.02,223.0,9.0,2.0,0.0,1.0,495.0,0
51.0,28248.11,591.0,13.0,2.0,0.0,0.0,479.0,1
58.0,6179.43,81.0,2.0,3.0,0.0,0.0,480.0,0
39.0,15033.24,133.0,5.0,0.0,0.0,1.0,660.0,0
55.0,29013.18,58.0,3.0,0.0,1.0,1.0,478.0,0
66.0,4136.62,343.0,10.0,4.0,0.0,1.0,652.0,0
66.0,36265.6,515.0,2.0,2.0,0.0,1.0,485.0,1
43.0,38149.2,386.0,11.0,2.0,0.0,0.0,549.0,1
61.0,38844.35,145.0,3.0,3.0,0.0,0.0,460.0,0
66.0,43286.31,406.0,13.0,3.0,0.0,0.0,775.0,1
56.0,18827.14,549.0,12.0,4.0,0.0,1.0,789.0,1
63.0,,59.0,12.0,2.0,0.0,1.0,631.0,0
32.0,15615.41,75.0,11.0,0.0,0.0,1.0,454.0,0
43.0,45918.86,599.0,5.0,4.0,0.0,1.0,742.0,1
39.0,41643.86,372.0,11.0,2.0,0.0,0.0,732.0,1
39.0,35992.67,446.0,5.0,3.0,0.0,0.0,840.0,1
36.0,14716.2,69.0,2.0,0.0,0.0,0.0,374.0,0
69.0,48342.65,368.0,9.0,3.0,0.0,1.0,553.0,1
53.0,10174.33,446.0,13.0,2.0,1.0,1.0,760.0,1
19.0,43829.81,507.0,12.0,4.0,1.0,1.0,,1
22.0,27468.35,14.0,5.0,4.0,1.0,1.0,584.0,0
65.0,30144.3,264.0,11.0,4.0,0.0,0.0,716.0,1
36.0,28512.81,59.0,14.0,4.0,0.0,1.0,300.0,0
18.0,41342.3,161.0,4.0,4.0,0.0,1.0,450.0,0
24.0,33894.72,558.0,8.0,1.0,0.0,0.0,637.0,1
38.0,26669.38,203.0,3.0,4.0,0.0,0.0,303.0,0
39.0,39564.71,519.0,14.0,4.0,0.0,1.0,330.0,0
53.0,14943.29,366.0,6.0,4.0,1.0,1.0,697.0,1
69.0,44954.93,102.0,8.0,4.0,0.0,1.0,768.0,0
24.0,9887.91,188.0,14.0,2.0,0.0,1.0,542.0,0
29.0,11152.71,581.0,4.0,0.0,0.0,1.0,732.0,1
37.0,7321.2,223.0,6.0,2.0,,0.0,580.0,1
32.0,4694.07,274.0,8.0,0.0,0.0,1.0,745.0,0
34.0,2920.85,119.0,2.0,4.0,1.0,1.0,840.0,1
58.0,2322.44,325.0,12.0,4.0,0.0,0.0,557.0,0
26.0,11104.52,563.0,11.0,0.0,0.0,1.0,377.0,1
,8957.7,59.0,7.0,2.0,0.0,0.0,802.0,0
57.0,17974.85,220.0,,4.0,0.0,0.0,690.0,1
49.0,6957.55,269.0,10.0,3.0,0.0,1.0,414.0,0
19.0,42432.83,20.0,1.0,4.0,0.0,0.0,335.0,1
35.0,17654.47,169.0,9.0,2.0,0.0,1.0,675.0,0
48.0,8123.91,76.0,3.0,1.0,0.0,0.0,520.0,0
19.0,19641.9,159.0,8.0,1.0,0.0,0.0,513.0,0
51.0,41228.01,252.0,3.0,2.0,0.0,1.0,564.0,1
61.0,7115.38,344.0,8.0,0.0,1.0,0.0,460.0,0
18.0,5840.03,,13.0,3.0,0.0,1.0,609.0,0
18.0,2930.87,383.0,8.0,2.0,0.0,1.0,308.0,0
48.0,47904.6,210.0,11.0,3.0,0.0,0.0,578.0,0
29.0,8673.55,108.0,11.0,4.0,0.0,1.0,741.0,1
58.0,6505.36,273.0,9.0,4.0,0.0,0.0,477.0,0
40.0,21366.64,418.0,2.0,0.0,0.0,1.0,717.0,1
37.0,49166.92,473.0,13.0,0.0,0.0,0.0,343.0,0
39.0,31752.31,295.0,5.0,1.0,0.0,0.0,477.0,0
44.0,,313.0,7.0,0.0,0.0,1.0,337.0,0
23.0,23574.63,110.0,12.0,0.0,,1.0,585.0,0
38.0,22961.53,587.0,14.0,2.0,1.0,,816.0,1
44.0,21811.87,304.0,9.0,4.0,1.0,0.0,408.0,0
54.0,46309.28,505.0,1.0,0.0,0.0,1.0,827.0,1
29.0,40106.81,434.0,5.0,1.0,1.0,0.0,506.0,0
42.0,38613.24,548.0,8.0,4.0,1.0,1.0,778.0,1
47.0,28710.6,545.0,13.0,1.0,0.0,0.0,833.0,1
50.0,22967.4,344.0,10.0,4.0,0.0,0.0,470.0,1
21.0,1266.16,510.0,9.0,1.0,0.0,1.0,661.0,1
65.0,36248.43,462.0,12.0,2.0,0.0,0.0,343.0,1
35.0,23130.47,205.0,13.0,1.0,1.0,1.0,816.0,1
57.0,25276.01,160.0,4.0,2.0,0.0,0.0,370.0,1
49.0,28282.85,392.0,10.0,3.0,0.0,0.0,748.0,1
22.0,35407.84,306.0,10.0,3.0,0.0,1.0,826.0,1
69.0,15526.76,207.0,7.0,3.0,0.0,1.0,585.0,0
56.0,28959.22,248.0,14.0,2.0,0.0,,339.0,0
29.0,7467.76,516.0,11.0,0.0,0.0,1.0,396.0,0
46.0,3758.3,532.0,5.0,0.0,1.0,1.0,411.0,0
56.0,19242.17,586.0,4.0,4.0,1.0,0.0,383.0,1
34.0,33119.82,342.0,12.0,1.0,0.0,1.0,357.0,0
18.0,21626.3,538.0,4.0,4.0,,0.0,762.0,1
46.0,45777.43,411.0,7.0,1.0,0.0,0.0,458.0,1
34.0,47993.22,568.0,,2.0,0.0,0.0,562.0,1
56.0,12966.13,349.0,14.0,1.0,0.0,1.0,464.0,0
29.0,49198.12,258.0,6.0,4.0,0.0,0.0,555.0,1
27.0,19173.45,162.0,,3.0,0.0,1.0,318.0,0
61.0,43388.29,237.0,2.0,4.0,1.0,1.0,798.0,1
41.0,8407.69,196.0,6.0,3.0,0.0,0.0,656.0,1
46.0,33478.3,47.0,5.0,2.0,0.0,1.0,507.0,0
54.0,,351.0,5.0,1.0,1.0,1.0,515.0,1
62.0,32657.22,204.0,13.0,0.0,0.0,1.0,624.0,0
29.0,19316.91,445.0,2.0,1.0,0.0,,316.0,1
35.0,29837.59,431.0,3.0,3.0,0.0,1.0,794.0,1
69.0,1688.86,298.0,10.0,2.0,0.0,1.0,303.0,0
29.0,36108.95,391.0,3.0,4.0,1.0,1.0,811.0,1
22.0,31511.78,5.0,4.0,2.0,0.0,1.0,685.0,0
27.0,40007.12,154.0,3.0,2.0,1.0,1.0,374.0,0
39.0,38137.08,234.0,1.0,0.0,0.0,0.0,494.0,1
36.0,23042.68,302.0,7.0,2.0,0.0,0.0,754.0,1
38.0,3256.81,320.0,2.0,0.0,0.0,0.0,678.0,0
51.0,44573.76,526.0,8.0,0.0,0.0,1.0,382.0,1
42.0,4990.23,573.0,1.0,3.0,1.0,0.0,520.0,1
37.0,12074.31,592.0,8.0,3.0,0.0,0.0,780.0,1
26.0,11216.93,313.0,5.0,0.0,0.0,0.0,581.0,0
68.0,8271.16,82.0,10.0,3.0,0.0,0.0,434.0,0
,39711.98,435.0,7.0,4.0,0.0,1.0,375.0,1
30.0,22655.74,91.0,11.0,3.0,0.0,1.0,318.0,0
55.0,35593.65,502.0,9.0,4.0,0.0,0.0,576.0,1
39.0,49884.76,484.0,5.0,4.0,0.0,1.0,332.0,1
48.0,37443.1,543.0,7.0,0.0,1.0,1.0,310.0,1
21.0,47107.9,562.0,12.0,4.0,0.0,0.0,563.0,1
31.0,39205.06,533.0,11.0,3.0,1.0,1.0,669.0,1
62.0,,413.0,3.0,4.0,0.0,0.0,666.0,1
21.0,42955.67,311.0,3.0,1.0,0.0,1.0,439.0,1
23.0,40548.61,432.0,5.0,2.0,1.0,1.0,679.0,1
,47344.59,269.0,14.0,1.0,0.0,0.0,599.0,1
48.0,22193.73,510.0,3.0,2.0,0.0,0.0,814.0,1
26.0,12357.23,6.0,14.0,1.0,1.0,1.0,764.0,0
57.0,48724.15,241.0,2.0,1.0,0.0,1.0,328.0,1
32.0,8034.57,312.0,3.0,2.0,0.0,1.0,334.0,0
53.0,28922.35,176.0,13.0,0.0,0.0,1.0,608.0,0
25.0,1537.71,529.0,7.0,1.0,0.0,1.0,549.0,1
60.0,19993.73,350.0,1.0,0.0,1.0,1.0,827.0,1
23.0,37438.31,254.0,,2.0,0.0,0.0,538.0,0
29.0,42745.08,31.0,3.0,2.0,0.0,1.0,753.0,0
50.0,49954.07,535.0,9.0,0.0,1.0,1.0,689.0,1
66.0,22758.84,570.0,9.0,1.0,1.0,1.0,388.0,1
51.0,14729.76,335.0,12.0,4.0,0.0,0.0,740.0,1
27.0,44052.68,82.0,8.0,4.0,1.0,0.0,603.0,0
58.0,6880.76,414.0,8.0,0.0,0.0,1.0,506.0,0
58.0,,164.0,4.0,0.0,1.0,1.0,429.0,0
23.0,34726.95,448.0,1.0,0.0,0.0,0.0,429.0,1
59.0,48105.07,372.0,8.0,1.0,0.0,1.0,331.0,1
31.0,,240.0,12.0,2.0,1.0,1.0,653.0,0
23.0,11301.04,200.0,10.0,3.0,0.0,1.0,430.0,0
33.0,25551.01,227.0,9.0,2.0,0.0,1.0,738.0,0
48.0,44245.17,500.0,6.0,3.0,1.0,0.0,584.0,1
47.0,,327.0,12.0,1.0,0.0,0.0,674.0,0
66.0,13775.46,132.0,11.0,3.0,0.0,0.0,415.0,0
20.0,3895.72,531.0,10.0,3.0,0.0,0.0,529.0,1
22.0,34585.1,565.0,1.0,4.0,1.0,0.0,325.0,1
45.0,13409.24,298.0,6.0,3.0,0.0,1.0,423.0,0
58.0,46848.29,354.0,14.0,1.0,0.0,0.0,650.0,1
41.0,3106.46,238.0,4.0,3.0,1.0,1.0,499.0,1
43.0,5615.19,238.0,14.0,3.0,1.0,1.0,746.0,1
66.0,14556.78,296.0,10.0,4.0,0.0,0.0,459.0,0
49.0,32017.38,382.0,14.0,3.0,1.0,1.0,559.0,1
21.0,467.51,496.0,5.0,1.0,1.0,0.0,538.0,1
66.0,2277.59,,12.0,3.0,0.0,0.0,617.0,0
39.0,11434.15,337.0,11.0,4.0,1.0,0.0,692.0,1
63.0,897.0,321.0,7.0,1.0,0.0,1.0,,0
61.0,11409.88,48.0,,4.0,1.0,0.0,509.0,0
69.0,27096.35,35.0,4.0,2.0,0.0,0.0,315.0,0
53.0,35296.73,573.0,5.0,2.0,0.0,1.0,616.0,1
60.0,9840.02,,9.0,0.0,0.0,1.0,361.0,0
29.0,45625.64,222.0,7.0,2.0,0.0,1.0,424.0,0
65.0,26295.96,415.0,11.0,2.0,0.0,1.0,416.0,1
21.0,9409.86,68.0,10.0,3.0,0.0,1.0,602.0,0
42.0,10515.2,459.0,14.0,4.0,0.0,1.0,677.0,1
60.0,4330.98,277.0,14.0,1.0,1.0,0.0,654.0,0
21.0,1829.58,457.0,8.0,1.0,1.0,0.0,300.0,0
59.0,24388.65,115.0,9.0,2.0,1.0,1.0,502.0,0
47.0,11946.28,568.0,,2.0,0.0,0.0,682.0,1
51.0,25492.46,295.0,1.0,3.0,0.0,1.0,487.0,1
38.0,8026.19,135.0,7.0,0.0,0.0,1.0,778.0,0
67.0,49410.71,,1.0,2.0,0.0,0.0,331.0,0
35.0,22276.66,525.0,3.0,1.0,0.0,1.0,344.0,1
22.0,623.3,470.0,6.0,0.0,0.0,1.0,410.0,0
63.0,9325.57,281.0,13.0,3.0,0.0,,381.0,0
60.0,5473.99,188.0,11.0,3.0,0.0,1.0,709.0,0
68.0,16793.92,73.0,14.0,3.0,0.0,0.0,766.0,0
45.0,23050.54,449.0,13.0,3.0,0.0,0.0,815.0,1
36.0,25863.68,257.0,7.0,0.0,0.0,1.0,636.0,0
36.0,29823.19,98.0,14.0,2.0,1.0,0.0,790.0,0
48.0,41748.11,337.0,2.0,2.0,0.0,1.0,688.0,1
69.0,1940.62,68.0,6.0,0.0,0.0,0.0,342.0,0
28.0,41864.83,66.0,9.0,0.0,0.0,1.0,763.0,0
37.0,15671.79,371.0,3.0,3.0,1.0,1.0,422.0,1
49.0,43399.08,480.0,2.0,0.0,1.0,0.0,602.0,1
47.0,40986.33,97.0,7.0,4.0,0.0,0.0,611.0,0
20.0,18693.12,305.0,2.0,2.0,0.0,1.0,694.0,1
67.0,21901.58,334.0,8.0,3.0,0.0,1.0,,0
,33342.26,307.0,9.0,3.0,0.0,1.0,849.0,1
44.0,9110.57,63.0,2.0,3.0,0.0,0.0,433.0,0
64.0,22967.27,474.0,5.0,4.0,1.0,0.0,692.0,1
61.0,9034.96,513.0,9.0,4.0,0.0,0.0,419.0,0
67.0,17851.58,47.0,14.0,2.0,0.0,1.0,390.0,0
44.0,26127.46,94.0,1.0,4.0,0.0,1.0,761.0,1
43.0,10048.84,430.0,2.0,2.0,,1.0,497.0,1
19.0,2227.74,422.0,14.0,1.0,0.0,0.0,596.0,0
49.0,18137.5,339.0,9.0,0.0,0.0,0.0,500.0,1
29.0,5644.59,385.0,9.0,0.0,0.0,0.0,490.0,0
46.0,592.62,434.0,3.0,2.0,0.0,0.0,478.0,1
32.0,47910.53,235.0,14.0,2.0,1.0,0.0,461.0,1
48.0,2314.93,103.0,2.0,1.0,0.0,1.0,356.0,0
52.0,49622.57,209.0,9.0,1.0,0.0,0.0,677.0,0
39.0,12034.77,60.0,,2.0,0.0,0.0,330.0,0
29.0,5388.9,88.0,5.0,1.0,0.0,0.0,435.0,0
59.0,4239.57,542.0,3.0,2.0,0.0,1.0,701.0,1
51.0,17890.05,404.0,8.0,4.0,0.0,1.0,574.0,1
53.0,39159.85,567.0,7.0,4.0,1.0,0.0,411.0,1
40.0,25683.46,11.0,13.0,3.0,1.0,1.0,709.0_err,0
61.0,18695.98,596.0,12.0,,0.0,0.0,557.0,1
68.0,7763.79,346.0,3.0,2.0,1.0,1.0,361.0,0
42.0,40992.67,339.0,7.0,1.0,0.0,1.0,840.0,1
43.0,27068.07,494.0,10.0,3.0,0.0,0.0,486.0,1
61.0,9386.52,241.0,4.0,0.0,1.0,0.0,497.0,1
32.0,34018.57,354.0,1.0,3.0,0.0,0.0,591.0,1
22.0,40186.39,49.0,,4.0,0.0,0.0,599.0,0
48.0,44868.61,562.0,6.0,3.0,0.0,0.0,608.0,1
21.0,22698.49,171.0,8.0,1.0,0.0,0.0,568.0,0
33.0,25085.28,249.0,12.0,1.0,1.0,1.0,664.0,1
62.0,647.26,543.0,4.0,2.0,0.0,1.0,743.0,1
62.0,21203.66,589.0,,1.0,0.0,0.0,332.0,1
44.0,32829.0,169.0,6.0,3.0,0.0,0.0,460.0,0
61.0,19089.88,3.0,3.0,4.0,1.0,1.0,634.0,0
55.0,17002.17,11.0,6.0,1.0,1.0,1.0,381.0,0
41.0,7930.03,449.0,3.0,1.0,0.0,1.0,539.0,1
59.0,17291.28,203.0,12.0,1.0,0.0,1.0,361.0,0
43.0,1179.23,194.0,13.0,4.0,0.0,1.0,447.0,0
57.0,11648.79,334.0,8.0,4.0,0.0,1.0,569.0,0
40.0,49543.06,343.0,5.0,2.0,0.0,0.0,447.0,1
22.0,2346.23,269.0,12.0,4.0,1.0,0.0,690.0,0
63.0,15155.29,107.0,12.0,0.0,0.0,0.0,322.0,0
52.0,4686.46,210.0,14.0,0.0,0.0,0.0,469.0,0
65.0,24047.88,139.0,2.0,2.0,0.0,1.0,426.0,0
28.0,14415.79,199.0,12.0,3.0,0.0,0.0,324.0,0
54.0,,547.0,10.0,1.0,0.0,1.0,512.0,1
55.0,31735.17,188.0,11.0,1.0,0.0,0.0,396.0,0
23.0,28134.7,68.0,11.0,4.0,0.0,0.0,611.0,0
45.0,5575.35,351.0,2.0,4.0,0.0,0.0,724.0,1
53.0,6127.29,1.0,8.0,0.0,0.0,0.0,533.0,0
66.0,48397.73,403.0,4.0,0.0,1.0,1.0,,1
63.0,5431.84,397.0,7.0,3.0,0.0,1.0,695.0,1
34.0,30034.03,124.0,1.0,0.0,0.0,1.0,464.0,0
19.0,25913.44,397.0,9.0,1.0,0.0,1.0,313.0,1
42.0,148.43,210.0,1.0,1.0,1.0,0.0,624.0,1
18.0,17241.48,454.0,1.0,4.0,1.0,1.0,601.0,1
60.0,35955.73,320.0,3.0,0.0,0.0,1.0,779.0,1
56.0,2551.24,294.0,8.0,3.0,1.0,1.0,469.0,0
26.0,43369.78,489.0,13.0,0.0,0.0,0.0,569.0,0
41.0,41879.68,556.0,4.0,1.0,0.0,0.0,605.0,1
55.0,40639.34,,8.0,3.0,0.0,0.0,489.0,0
34.0,18727.35,116.0,8.0,2.0,0.0,0.0,328.0,0
45.0,24372.55,186.0,14.0,0.0,0.0,1.0,682.0,0
69.0,19897.48,139.0,6.0,2.0,1.0,1.0,449.0,0
26.0,49622.03,42.0,9.0,1.0,0.0,0.0,846.0,0
62.0,7805.09,98.0,5.0,0.0,1.0,0.0,351.0,0
52.0,26692.01,288.0,12.0,2.0,1.0,0.0,655.0,1
46.0,11281.16,418.0,14.0,4.0,1.0,0.0,400.0,0
25.0,12588.59,118.0,11.0,1.0,1.0,1.0,712.0,0
35.0,38238.48,61.0,8.0,4.0,1.0,0.0,355.0,0
48.0,19660.74,527.0,9.0,1.0,0.0,0.0,382.0,1
47.0,45546.16,453.0,2.0,3.0,,0.0,366.0,1
35.0,12478.72,321.0,10.0,3.0,1.0,0.0,407.0,0
59.0,23940.37,66.0,3.0,1.0,0.0,0.0,798.0,0
19.0,22949.47,210.0,11.0,2.0,0.0,1.0,547.0,0
31.0,9652.31,104.0,11.0,0.0,0.0,1.0,462.0,0
47.0,33001.51,233.0,5.0,,0.0,1.0,770.0,0
52.0,46769.85,,3.0,0.0,,0.0,711.0,1
23.0,25662.42,196.0,14.0,,0.0,0.0,476.0,0
44.0,1356.77,440.0,4.0,4.0,0.0,1.0,476.0,1
25.0,,524.0,12.0,3.0,1.0,1.0,325.0,0
51.0,43640.16,493.0,3.0,4.0,1.0,0.0,586.0,1
44.0,12282.23,232.0,10.0,2.0,0.0,1.0,458.0,0
31.0,26017.5,496.0,4.0,1.0,0.0,0.0,548.0,1
67.0,10518.94,473.0,14.0,2.0,0.0,1.0,612.0,1
39.0,38334.87,242.0,1.0,4.0,0.0,1.0,789.0,1
64.0,5098.59,461.0,12.0,2.0,0.0,,399.0,0
20.0,31866.18,417.0,1.0,0.0,1.0,1.0,733.0,1
34.0,32285.88,164.0,12.0,0.0,0.0,0.0,543.0,0
29.0,46695.66,249.0,2.0,1.0,1.0,1.0,729.0,1
42.0,34134.24,124.0,1.0,2.0,0.0,0.0,312.0,0
33.0,7745.54,464.0,1.0,1.0,0.0,0.0,446.0,1
55.0,43091.39,186.0,2.0,1.0,0.0,0.0,387.0,1
39.0,3052.16,149.0,3.0,0.0,1.0,1.0,644.0,0
31.0,17479.39,356.0,8.0,0.0,0.0,1.0,,0
54.0,3336.01,504.0,6.0,3.0,0.0,1.0,302.0,1
,4512.62,301.0,5.0,2.0,1.0,1.0,313.0,0
22.0,29393.75,514.0,5.0,3.0,1.0,1.0,660.0,1
33.0,4820.21,358.0,13.0,3.0,0.0,1.0,815.0,1
37.0,40387.78,338.0,8.0,2.0,0.0,1.0,474.0,1
35.0,31015.75,262.0,9.0,1.0,1.0,0.0,465.0,0
59.0,40677.81,477.0,13.0,0.0,0.0,1.0,644.0,1
60.0,29419.01,114.0,7.0,1.0,0.0,1.0,400.0,0
38.0,7637.6,469.0,10.0,1.0,,0.0,306.0,0
45.0,47993.47,398.0,9.0,3.0,0.0,0.0,687.0,1
44.0,4045.83,322.0,13.0,2.0,1.0,1.0,665.0,0
25.0,28995.75,161.0,11.0,2.0,0.0,0.0,339.0,0
68.0,13351.36,,5.0,4.0,0.0,1.0,484.0,0
41.0,41963.66,447.0,3.0,4.0,0.0,0.0,791.0,1
52.0,37254.91,344.0,12.0,0.0,0.0,1.0,515.0,0
65.0,11721.37,503.0,12.0,0.0,1.0,1.0,654.0,0
32.0,19175.85,150.0,4.0,3.0,0.0,1.0,383.0,0
39.0,21768.74,,,0.0,0.0,,738.0,1
30.0,6675.6,339.0,9.0,0.0,0.0,,616.0,0
61.0,25962.89,176.0,3.0,4.0,0.0,1.0,607.0,1
52.0,13364.68,126.0,2.0,4.0,1.0,0.0,340.0,0
58.0,14362.8,138.0,4.0,0.0,1.0,1.0,783.0,0
45.0,22810.46,283.0,11.0,2.0,0.0,0.0,319.0,0
58.0,19460.93,18.0,12.0,3.0,0.0,1.0,386.0,0
26.0,34203.65,299.0,4.0,2.0,0.0,0.0,351.0_err,1
22.0,16794.52,22.0,4.0,3.0,0.0,0.0,441.0,0
37.0,2271.76,254.0,3.0,3.0,0.0,0.0,508.0,1
18.0,31466.8,343.0,3.0,1.0,0.0,,339.0,1
39.0,40911.89,576.0,10.0,0.0,0.0,,586.0,1
23.0,2927.53,519.0,6.0,3.0,0.0,0.0,842.0,1
37.0,2241.01,528.0,7.0,1.0,0.0,0.0,620.0,1
67.0,48048.6,296.0,8.0,2.0,1.0,1.0,614.0,1
44.0,34993.51,56.0,11.0,0.0,0.0,1.0,471.0,0
53.0,30265.3,97.0,1.0,1.0,0.0,0.0,712.0,0
64.0,20975.2,41.0,13.0,1.0,0.0,0.0,386.0,0
40.0,40224.62,328.0,4.0,4.0,0.0,1.0,678.0,1
43.0,25233.29,311.0,3.0,2.0,0.0,0.0,379.0,0
27.0,39297.45,87.0,13.0,0.0,1.0,0.0,441.0,0
66.0,25041.36,589.0,3.0,4.0,1.0,1.0,574.0,1
47.0,39588.37,47.0,8.0,3.0,0.0,1.0,658.0,0
51.0,46470.18,426.0,12.0,2.0,0.0,0.0,525.0,1
43.0,29267.75,417.0,3.0,4.0,0.0,1.0,822.0,1
62.0,36344.29,78.0,2.0,2.0,0.0,0.0,475.0,1
54.0,42150.51,402.0,8.0,0.0,0.0,,525.0,1
56.0,32949.72,499.0,3.0,4.0,0.0,1.0,525.0,1
55.0,2605.05,83.0,9.0,0.0,0.0,0.0,323.0,0
49.0,23746.89,576.0,3.0,2.0,0.0,0.0,835.0,1
36.0,20436.71,148.0,7.0,4.0,0.0,0.0,760.0,0
35.0,37117.58,194.0,10.0,1.0,0.0,0.0,678.0,0
31.0,1958.07,19.0,8.0,3.0,0.0,1.0,731.0,0
20.0,39480.77,557.0,13.0,1.0,0.0,1.0,666.0,1
46.0,7923.46,75.0,3.0,1.0,0.0,1.0,481.0,0
51.0,31620.35,19.0,14.0,0.0,0.0,0.0,684.0,0
32.0,576.37,523.0,14.0,4.0,0.0,0.0,820.0,1
32.0,33645.85,99.0,8.0,1.0,0.0,1.0,717.0,0
,33571.5,21.0,2.0,1.0,,0.0,487.0,0
54.0,47595.26,357.0,12.0,3.0,0.0,0.0,,1
43.0,30518.82,238.0,3.0,1.0,0.0,0.0,368.0,0
44.0,17967.12,468.0,12.0,3.0,0.0,0.0,572.0,1
35.0,756.08,204.0,3.0,2.0,0.0,1.0,491.0,1
31.0,5973.54,129.0,9.0,0.0,0.0,1.0,375.0,0
30.0,21201.86,,9.0,0.0,0.0,0.0,569.0,0
47.0,,11.0,9.0,3.0,0.0,1.0,417.0,0
18.0,45781.1,193.0,6.0,3.0,1.0,0.0,617.0,0
18.0,11253.4,9.0,9.0,0.0,1.0,1.0,616.0,0
37.0,47948.92,104.0,2.0,1.0,0.0,1.0,724.0,1
64.0,7436.33,573.0,4.0,1.0,0.0,0.0,395.0,1
61.0,46945.86,369.0,9.0,2.0,0.0,0.0,556.0,1
54.0,27126.5,219.0,13.0,2.0,0.0,0.0,748.0,1
56.0,18244.21,,14.0,4.0,0.0,0.0,635.0,1
69.0,42282.93,382.0,4.0,1.0,0.0,1.0,800.0,1
31.0,32188.66,594.0,9.0,0.0,0.0,0.0,416.0,1
49.0,22871.64,454.0,12.0,1.0,1.0,1.0,840.0,1
22.0,9829.74,419.0,12.0,4.0,0.0,0.0,480.0,1
61.0,11695.38,73.0,6.0,3.0,0.0,1.0,451.0,0
57.0,48535.66,33.0,14.0,2.0,0.0,1.0,467.0,0
53.0,41618.45,563.0,2.0,2.0,1.0,0.0,540.0,1
48.0,19333.5,142.0,13.0,3.0,0.0,0.0,823.0,0
,30604.18,212.0,11.0,2.0,0.0,1.0,809.0,0
,15370.14,161.0,6.0,2.0,0.0,1.0,301.0,0
21.0,8110.15,420.0,13.0,3.0,0.0,0.0,640.0,0
20.0,7328.59,4.0,7.0,2.0,1.0,0.0,698.0,0
37.0,6233.97,124.0,10.0,0.0,1.0,0.0,762.0,0
50.0,43035.93,45.0,1.0,1.0,0.0,0.0,698.0,0
67.0,27157.19,562.0,11.0,4.0,1.0,0.0,423.0,1
57.0,20436.78,255.0,14.0,2.0,0.0,1.0,346.0,0
44.0,,408.0,7.0,1.0,0.0,1.0,494.0,1
37.0,25481.65,380.0,6.0,1.0,0.0,0.0,472.0,1
50.0,42374.66,314.0,14.0,4.0,0.0,1.0,358.0,1
57.0,25061.31,411.0,7.0,4.0,0.0,1.0,719.0,1
46.0,2268.35,344.0,4.0,4.0,0.0,1.0,660.0,0
65.0,36404.88,404.0,12.0,,0.0,1.0,553.0,0
60.0,36305.0,59.0,5.0,0.0,0.0,,816.0,0
27.0,47931.84,520.0,10.0,4.0,0.0,1.0,315.0,1
21.0,36208.71,472.0,2.0,4.0,0.0,1.0,490.0,1
42.0,38627.17,530.0,13.0,1.0,0.0,0.0,496.0,1
37.0,22396.66,237.0,7.0,0.0,0.0,1.0,347.0,0
33.0,49597.07,137.0,3.0,3.0,0.0,1.0,361.0,0
52.0,6182.53,266.0,10.0,4.0,0.0,1.0,635.0,1
69.0,39720.57,53.0,4.0,1.0,0.0,0.0,602.0,0
59.0,16131.65,203.0,8.0,1.0,0.0,0.0,797.0,0
19.0,25314.56,,12.0,3.0,1.0,0.0,,0
62.0,21722.37,550.0,3.0,0.0,0.0,1.0,594.0,1
26.0,18448.23,314.0,3.0,2.0,0.0,0.0,324.0,1
27.0,41929.86,430.0,2.0,3.0,1.0,1.0,422.0,1
27.0,27080.2,428.0,1.0,0.0,1.0,0.0,739.0,1
34.0,6308.7,26.0,2.0,3.0,1.0,1.0,501.0,0
19.0,15362.81,478.0,7.0,1.0,0.0,1.0,809.0,0
21.0,915.3,124.0,6.0,2.0,0.0,0.0,787.0,0
62.0,41505.35,510.0,1.0,4.0,0.0,1.0,535.0,1
18.0,34273.32,7.0,11.0,4.0,0.0,1.0,701.0,0
,21271.06,312.0,10.0,2.0,0.0,0.0,757.0,1
31.0,11892.63,47.0,11.0,4.0,0.0,1.0,310.0,0
50.0,,581.0,14.0,3.0,0.0,0.0,596.0,1
66.0,45984.47,165.0,1.0,4.0,0.0,1.0,616.0,0
56.0,43077.06,499.0,11.0,2.0,1.0,1.0,549.0,1
35.0,18932.17,33.0,7.0,1.0,0.0,1.0,738.0,0
55.0,26948.72,113.0,14.0,2.0,0.0,0.0,827.0,0
26.0,36050.28,553.0,13.0,3.0,0.0,1.0,699.0,1
33.0,48316.57,80.0,7.0,2.0,0.0,1.0,513.0,0
24.0,24271.01,320.0,13.0,0.0,0.0,1.0,538.0,0
57.0,15020.46,423.0,10.0,1.0,0.0,0.0,742.0,1
27.0,44458.91,192.0,2.0,4.0,1.0,0.0,786.0,1
,6082.32,326.0,8.0,1.0,0.0,1.0,471.0,0
,22298.09,7.0,2.0,3.0,1.0,0.0,793.0,0
63.0,48688.19,405.0,5.0,3.0,1.0,0.0,736.0,1
51.0,41890.43,50.0,8.0,0.0,0.0,1.0,,0
67.0,18148.91,394.0,1.0,1.0,1.0,1.0,568.0,1
35.0,1637.9,78.0,14.0,1.0,0.0,0.0,498.0,0
46.0,13036.9,118.0,10.0,0.0,1.0,1.0,436.0,0
37.0,29840.34,410.0,1.0,2.0,0.0,0.0,437.0,0
69.0,46571.89,506.0,7.0,0.0,0.0,1.0,337.0,1
27.0,24937.77,408.0,2.0,3.0,0.0,1.0,353.0,0
34.0,36604.3,177.0,6.0,4.0,1.0,0.0,841.0,1
51.0,12045.88,310.0,10.0,1.0,0.0,,735.0,0
57.0,33381.4,425.0,11.0,3.0,0.0,0.0,445.0,0
54.0,11907.86,73.0,4.0,2.0,0.0,1.0,567.0,0
46.0,47392.56,525.0,8.0,2.0,0.0,1.0,567.0,1
25.0,45954.88,22.0,1.0,3.0,0.0,0.0,507.0,0
66.0,32174.95,345.0,12.0,4.0,0.0,0.0,695.0,1
43.0,14864.16,364.0,11.0,2.0,0.0,0.0,,1
45.0,2510.08,193.0,3.0,4.0,1.0,0.0,632.0,0
59.0,13171.15,371.0,2.0,0.0,0.0,1.0,322.0,0
25.0,37450.45,596.0,11.0,4.0,0.0,0.0,755.0,1
50.0,7012.72,53.0,5.0,4.0,0.0,0.0,734.0,0
20.0,32964.4,173.0,5.0,2.0,0.0,0.0,372.0,0
53.0,12397.31,453.0,2.0,2.0,0.0,0.0,382.0,1
25.0,40295.24,599.0,,1.0,0.0,1.0,348.0,1
59.0,26133.53,448.0,14.0,4.0,0.0,0.0,687.0,1
27.0,11414.3,580.0,11.0,1.0,1.0,1.0,309.0,0
49.0,42884.26,470.0,13.0,1.0,1.0,0.0,331.0,0
51.0,11092.01,,4.0,4.0,,1.0,675.0,0
51.0,46999.3,,1.0,3.0,1.0,0.0,638.0,1
27.0,5794.15,477.0,12.0,2.0,0.0,1.0,640.0,1
25.0,8027.65,310.0,8.0,1.0,0.0,1.0,827.0,1
20.0,32315.12,422.0,13.0,4.0,0.0,1.0,485.0,1
44.0,11578.02,130.0,2.0,0.0,1.0,,372.0,0
54.0,5429.86,150.0,2.0,3.0,0.0,0.0,577.0,1
60.0,31601.91,231.0,6.0,3.0,0.0,1.0,817.0,1
39.0,22611.14,260.0,1.0,0.0,0.0,1.0,604.0,0
54.0,34644.52,559.0,4.0,3.0,1.0,0.0,790.0,1
44.0,6909.25,591.0,4.0,0.0,1.0,0.0,454.0,0
19.0,32632.22,334.0,11.0,4.0,1.0,0.0,354.0,0
48.0,45264.62,41.0,4.0,4.0,1.0,1.0,359.0,0
39.0,19500.25,526.0,11.0,0.0,0.0,1.0,407.0,1
43.0,7632.82,318.0,3.0,1.0,0.0,0.0,382.0,0
38.0,18744.12,212.0,5.0,2.0,0.0,1.0,509.0,0
36.0,23360.93,9.0,8.0,,0.0,1.0,662.0,0
47.0,27379.24,538.0,14.0,2.0,0.0,0.0,753.0,1
27.0,12398.19,277.0,12.0,2.0,0.0,0.0,673.0,1
42.0,25307.94,582.0,5.0,1.0,0.0,0.0,497.0,1
41.0,18546.24,42.0,7.0,3.0,0.0,0.0,555.0,1
27.0,11946.17,28.0,7.0,3.0,0.0,0.0,556.0,0
50.0,49000.73,476.0,9.0,2.0,0.0,1.0,355.0,1
25.0,9721.19,548.0,3.0,4.0,0.0,1.0,766.0,1
53.0,6385.54,390.0,3.0,4.0,0.0,0.0,510.0,1
63.0,10817.95,428.0,8.0,2.0,0.0,0.0,575.0,1
69.0,28708.84,32.0,4.0,2.0,1.0,0.0,308.0,0
46.0,19967.95,471.0,2.0,3.0,0.0,1.0,561.0,1
60.0,26253.65,298.0,7.0,4.0,1.0,0.0,,0
42.0,229.67,16.0,9.0,3.0,0.0,1.0,835.0,0
67.0,23411.98,137.0,6.0,4.0,1.0,0.0,508.0,0
57.0,39840.58,105.0,7.0,4.0,0.0,1.0,485.0,0
52.0,,272.0,1.0,4.0,0.0,0.0,744.0,1
46.0,41083.96,441.0,2.0,2.0,0.0,1.0,607.0,1
68.0,6238.03,241.0,11.0,0.0,0.0,0.0,844.0,0
55.0,34115.56,3.0,11.0,3.0,0.0,1.0,773.0,0
63.0,46996.36,356.0,6.0,4.0,1.0,0.0,459.0,1
29.0,21687.07,31.0,1.0,3.0,0.0,1.0,434.0,0
25.0,26685.66,374.0,4.0,2.0,0.0,1.0,693.0,0
21.0,49022.06,22.0,7.0,1.0,0.0,0.0,758.0,0
49.0,18330.12,516.0,1.0,3.0,1.0,0.0,,1
45.0,21400.25,504.0,9.0,1.0,0.0,0.0,615.0,1
24.0,6569.84,397.0,10.0,4.0,0.0,0.0,717.0,1
57.0,35119.69,346.0,6.0,0.0,0.0,0.0,399.0,1
24.0,19839.29,514.0,,2.0,0.0,0.0,594.0,1
52.0,12381.01,251.0,7.0,1.0,0.0,1.0,810.0,1
28.0,38025.2,,13.0,1.0,0.0,0.0,659.0,1
55.0,2031.46,132.0,2.0,3.0,1.0,1.0,633.0,0
56.0,20253.59,149.0,12.0,4.0,0.0,1.0,765.0,1
55.0,14126.42,555.0,6.0,3.0,0.0,0.0,846.0,1
31.0,38430.59,462.0,2.0,1.0,0.0,0.0,621.0,1
36.0,1594.0,333.0,10.0,0.0,0.0,0.0,361.0,0
42.0,7813.61,385.0,9.0,3.0,1.0,1.0,478.0,0
60.0,7355.81,479.0,13.0,4.0,0.0,1.0,662.0,1
42.0,26324.74,63.0,6.0,4.0,1.0,1.0,532.0,0
25.0,34285.86,302.0,12.0,2.0,1.0,1.0,740.0,1
25.0,35835.82,307.0,11.0,2.0,0.0,1.0,688.0,0
44.0,19541.9,141.0,2.0,3.0,1.0,1.0,451.0,1
47.0,36799.7,545.0,12.0,2.0,0.0,1.0,679.0,1
51.0,5023.7,537.0,10.0,4.0,0.0,0.0,335.0,0
23.0,11326.91,235.0,8.0,2.0,1.0,1.0,585.0,0
24.0,35411.17,234.0,11.0,3.0,0.0,0.0,517.0,1
30.0,46541.12,,1.0,4.0,1.0,0.0,691.0,1
67.0,4420.66,101.0,14.0,1.0,0.0,0.0,724.0,0
43.0,43760.83,452.0,5.0,1.0,1.0,0.0,725.0,1
23.0,23481.04,461.0,11.0,0.0,0.0,0.0,554.0,1
20.0,6574.1,590.0,6.0,4.0,0.0,0.0,343.0,1
57.0,44028.35,308.0,1.0,3.0,0.0,0.0,489.0,1
43.0,32486.56,176.0,3.0,1.0,0.0,0.0,629.0,0
30.0,22165.9,8.0,6.0,0.0,0.0,0.0,338.0,0
22.0,44084.52,489.0,2.0,2.0,1.0,1.0,422.0,1
57.0,15250.44,170.0,1.0,2.0,1.0,1.0,629.0,0
42.0,8684.36,93.0,1.0,2.0,1.0,1.0,792.0,0
35.0,36500.64,46.0,12.0,0.0,0.0,1.0,780.0,0
30.0,9527.37,439.0,10.0,4.0,0.0,0.0,431.0_err,1
37.0,23428.06,199.0,2.0,,1.0,1.0,653.0,1
68.0,12524.55,477.0,12.0,2.0,1.0,1.0,618.0,0
36.0,44862.5,404.0,4.0,0.0,0.0,,814.0,1
46.0,38270.4,426.0,6.0,0.0,0.0,0.0,835.0,1
24.0,28714.87,383.0,13.0,1.0,1.0,0.0,608.0,0
41.0,7858.01,483.0,12.0,4.0,0.0,1.0,495.0,1
47.0,30803.34,190.0,3.0,3.0,0.0,0.0,544.0,1
34.0,22685.46,169.0,14.0,3.0,1.0,1.0,690.0,0
63.0,15918.51,261.0,11.0,1.0,1.0,1.0,481.0,0
69.0,73.95,210.0,6.0,4.0,0.0,1.0,739.0,1
28.0,31846.35,,4.0,4.0,0.0,0.0,314.0,1
19.0,13840.37,228.0,1.0,3.0,1.0,0.0,565.0,0
27.0,15059.03,288.0,11.0,1.0,0.0,1.0,638.0,0
29.0,15807.47,576.0,13.0,3.0,1.0,0.0,724.0,1
19.0,13530.79,528.0,10.0,1.0,0.0,0.0,706.0,1
67.0,35532.47,262.0,14.0,1.0,0.0,1.0,792.0,0
25.0,15879.34,564.0,4.0,0.0,0.0,0.0,583.0,1
61.0,31308.15,504.0,12.0,1.0,1.0,0.0,372.0,0
40.0,36012.27,237.0,1.0,4.0,0.0,0.0,360.0,1
37.0,15864.67,,8.0,1.0,0.0,0.0,787.0,1
47.0,5144.8,319.0,9.0,3.0,0.0,1.0,562.0,0
69.0,27860.85,316.0,12.0,2.0,0.0,1.0,594.0,1
42.0,19219.58,392.0,11.0,0.0,0.0,0.0,725.0,0
19.0,25399.53,588.0,13.0,0.0,1.0,1.0,403.0,0
39.0,36653.2,416.0,11.0,1.0,0.0,1.0,591.0,1
38.0,19598.03,458.0,14.0,4.0,0.0,1.0,523.0,0
41.0,38203.21,45.0,5.0,0.0,1.0,1.0,538.0,0
51.0,42250.74,280.0,5.0,2.0,1.0,0.0,376.0,1
28.0,16241.52,593.0,14.0,3.0,0.0,0.0,545.0,1
60.0,4756.19,60.0,5.0,1.0,1.0,1.0,592.0,0
32.0,7640.68,396.0,2.0,1.0,1.0,1.0,479.0,1
49.0,14494.33,7.0,2.0,1.0,0.0,1.0,351.0,0
42.0,37405.16,179.0,1.0,3.0,,1.0,745.0,1
41.0,48047.82,371.0,3.0,4.0,1.0,1.0,377.0,1
67.0,16677.47,494.0,9.0,,0.0,1.0,424.0,1
38.0,10649.49,109.0,10.0,3.0,0.0,1.0,778.0,0
69.0,27159.29,9.0,13.0,3.0,1.0,0.0,421.0,0
27.0,3464.96,341.0,11.0,0.0,0.0,1.0,513.0,0
50.0,41613.63,489.0,13.0,,0.0,0.0,722.0,1
47.0,40591.27,426.0,1.0,1.0,0.0,0.0,482.0,1
25.0,46193.44,55.0,6.0,1.0,0.0,1.0,718.0,0
49.0,14100.94,154.0,7.0,4.0,1.0,,666.0,0
57.0,38619.77,18.0,13.0,3.0,1.0,0.0,672.0,0
37.0,25709.61,468.0,4.0,0.0,0.0,1.0,687.0,1
19.0,22974.46,156.0,6.0,0.0,0.0,0.0,687.0,0
62.0,34161.9,371.0,5.0,2.0,0.0,0.0,382.0,0
45.0,47455.38,365.0,2.0,0.0,0.0,1.0,690.0,1
59.0,13346.3,419.0,5.0,3.0,0.0,1.0,685.0,1
34.0,19013.33,126.0,2.0,4.0,0.0,1.0,393.0,0
56.0,8459.12,268.0,2.0,4.0,,1.0,516.0,0
48.0,6372.9,238.0,8.0,3.0,0.0,0.0,545.0,0
,3613.44,48.0,4.0,3.0,0.0,1.0,594.0,0
24.0,21396.16,260.0,14.0,1.0,0.0,1.0,667.0,0
51.0,10902.13,256.0,5.0,2.0,0.0,1.0,825.0,1
53.0,9663.21,67.0,5.0,2.0,1.0,1.0,789.0,0
63.0,4104.51,81.0,1.0,3.0,1.0,0.0,451.0,0
62.0,25987.92,599.0,4.0,4.0,1.0,0.0,819.0,1
35.0,18666.95,381.0,8.0,1.0,1.0,0.0,731.0,1
19.0,6361.35,329.0,1.0,4.0,1.0,1.0,452.0,0
39.0,1764.73,161.0,9.0,2.0,0.0,1.0,722.0,0
69.0,32428.28,573.0,,0.0,0.0,1.0,653.0,1
47.0,41044.16,157.0,3.0,0.0,0.0,1.0,483.0,1
45.0,16266.87,418.0,8.0,2.0,0.0,1.0,704.0,1
59.0,24191.21,141.0,14.0,0.0,1.0,1.0,713.0,0
53.0,44762.22,363.0,10.0,3.0,0.0,1.0,585.0,1
26.0,6163.29,208.0,12.0,2.0,1.0,1.0,772.0,0
18.0,36150.82,312.0,3.0,1.0,0.0,0.0,802.0,1
63.0,39093.28,57.0,6.0,0.0,0.0,0.0,346.0,0
65.0,36330.72,377.0,5.0,2.0,0.0,0.0,605.0,1
33.0,30794.74,431.0,9.0,2.0,1.0,0.0,432.0,0
50.0,15352.74,41.0,5.0,4.0,0.0,1.0,328.0,0
25.0,29059.09,453.0,14.0,1.0,1.0,0.0,490.0,0
47.0,13622.88,530.0,10.0,3.0,0.0,0.0,718.0,1
24.0,31695.71,419.0,7.0,1.0,0.0,1.0,631.0,1
32.0,13560.2,150.0,8.0,0.0,0.0,0.0,640.0,0
66.0,19646.89,238.0,14.0,2.0,0.0,1.0,,1
39.0,2465.25,370.0,7.0,4.0,0.0,0.0,661.0,0
53.0,11907.88,282.0,13.0,0.0,1.0,0.0,693.0,0
68.0,38559.29,229.0,14.0,1.0,0.0,1.0,596.0,1
18.0,26351.73,147.0,3.0,3.0,0.0,0.0,714.0,0
61.0,33735.27,540.0,2.0,4.0,0.0,,458.0,1
48.0,815.81,503.0,13.0,0.0,0.0,1.0,479.0,1
18.0,20230.38,364.0,3.0,3.0,0.0,0.0,447.0,1
49.0,37980.57,199.0,3.0,2.0,0.0,0.0,517.0,1
59.0,11714.83,445.0,14.0,3.0,0.0,1.0,528.0,1
23.0,36190.68,425.0,5.0,4.0,0.0,1.0,466.0,1
18.0,12123.71,437.0,4.0,,0.0,1.0,744.0,0
33.0,36471.54,266.0,8.0,0.0,0.0,1.0,651.0,0
19.0,45903.71,406.0,8.0,3.0,1.0,0.0,353.0,0
41.0,47388.04,546.0,5.0,0.0,0.0,1.0,516.0,1
46.0,32055.64,447.0,1.0,1.0,1.0,1.0,390.0,1
36.0,22464.06,427.0,7.0,1.0,,1.0,435.0,1
35.0,1972.89,245.0,10.0,2.0,0.0,1.0,322.0,0
40.0,43679.24,172.0,,2.0,0.0,,842.0,0
42.0,5119.07,549.0,14.0,1.0,1.0,1.0,624.0,0
40.0,15507.11,63.0,7.0,0.0,0.0,1.0,748.0,0
31.0,9325.54,255.0,12.0,3.0,0.0,1.0,688.0,0
42.0,,428.0,3.0,2.0,0.0,1.0,815.0,1
55.0,14300.13,562.0,3.0,2.0,0.0,1.0,845.0,1
41.0,49623.51,78.0,13.0,3.0,1.0,1.0,370.0,0
52.0,22968.47,554.0,10.0,3.0,1.0,1.0,672.0,1
,2837.4,432.0,14.0,3.0,0.0,0.0,760.0,0
68.0,12524.33,591.0,14.0,3.0,0.0,0.0,599.0,1
42.0,49312.36,382.0,1.0,3.0,0.0,0.0,743.0,1
46.0,39862.28,296.0,8.0,0.0,0.0,0.0,492.0,0
23.0,1457.79,381.0,11.0,4.0,1.0,0.0,571.0,1
69.0,11013.7,227.0,10.0,4.0,0.0,1.0,364.0,0
66.0,17170.29,84.0,10.0,0.0,,1.0,831.0,0
20.0,10519.18,316.0,9.0,3.0,1.0,0.0,393.0,1
42.0,25225.35,33.0,,1.0,0.0,1.0,413.0,0
47.0,3353.07,556.0,3.0,1.0,1.0,1.0,740.0,1
19.0,9091.43,104.0,7.0,4.0,0.0,1.0,325.0,0
26.0,27155.21,268.0,13.0,3.0,0.0,0.0,507.0,1
55.0,44155.05,119.0,8.0,2.0,0.0,0.0,533.0,0
63.0,28313.07,149.0,9.0,3.0,0.0,1.0,644.0,0
45.0,42274.6,155.0,7.0,4.0,1.0,0.0,556.0,1
28.0,13988.41,107.0,4.0,0.0,0.0,0.0,832.0,0
36.0,20297.87,440.0,1.0,1.0,0.0,0.0,391.0,1
68.0,33371.91,418.0,1.0,4.0,1.0,0.0,320.0,1
66.0,9040.41,98.0,4.0,1.0,0.0,0.0,389.0,0
51.0,5830.54,144.0,13.0,2.0,1.0,1.0,829.0,0
67.0,22436.02,222.0,2.0,0.0,1.0,0.0,574.0,1
38.0,10783.31,548.0,1.0,2.0,0.0,0.0,760.0,1
65.0,37302.52,21.0,9.0,1.0,1.0,0.0,618.0,0
42.0,49577.05,138.0,5.0,2.0,0.0,0.0,426.0,1
25.0,22768.2,53.0,10.0,0.0,0.0,0.0,817.0,0
38.0,15443.49,49.0,14.0,2.0,0.0,1.0,353.0,0
65.0,28285.5,495.0,5.0,4.0,0.0,1.0,338.0,1
45.0,19501.24,551.0,3.0,3.0,0.0,1.0,776.0,1
37.0,45825.89,64.0,3.0,2.0,0.0,0.0,325.0,0
26.0,35911.0,478.0,8.0,3.0,1.0,0.0,309.0,0
51.0,43268.76,593.0,12.0,2.0,1.0,1.0,625.0,1
37.0,19501.33,221.0,14.0,1.0,1.0,0.0,722.0,0
60.0,48017.99,455.0,8.0,3.0,0.0,0.0,360.0,1
64.0,38326.19,423.0,11.0,0.0,0.0,1.0,369.0,0
31.0,38962.34,325.0,7.0,1.0,0.0,0.0,566.0,1
37.0,40002.74,324.0,10.0,4.0,1.0,1.0,682.0,0
41.0,49176.9,65.0,2.0,2.0,0.0,1.0,814.0,1
22.0,3475.06,178.0,2.0,1.0,1.0,0.0,758.0,0
18.0,7108.78,552.0,6.0,4.0,0.0,1.0,567.0,1
60.0,12312.25,267.0,14.0,2.0,0.0,1.0,682.0,0
29.0,24321.75,196.0,4.0,0.0,1.0,1.0,640.0,0
57.0,33836.37,325.0,9.0,2.0,0.0,1.0,550.0,1
38.0,23689.69,350.0,7.0,2.0,1.0,1.0,503.0,1
39.0,23308.01,305.0,12.0,4.0,0.0,1.0,420.0,1
21.0,36431.29,133.0,7.0,1.0,1.0,0.0,573.0,0
30.0,42132.97,370.0,10.0,1.0,0.0,1.0,572.0,1
58.0,29750.76,301.0,6.0,3.0,0.0,1.0,593.0,1
63.0,12569.81,577.0,14.0,2.0,0.0,1.0,308.0,0
51.0,29897.87,568.0,13.0,1.0,0.0,1.0,622.0,1
20.0,3078.96,6.0,14.0,2.0,1.0,0.0,327.0,0
54.0,15998.05,67.0,10.0,0.0,1.0,1.0,833.0,0
46.0,1233.18,567.0,14.0,0.0,1.0,1.0,678.0,1
44.0,3150.46,167.0,12.0,4.0,0.0,1.0,438.0,0
43.0,29086.48,384.0,2.0,4.0,0.0,1.0,496.0,1
51.0,21661.88,20.0,6.0,4.0,1.0,0.0,575.0,0
41.0,48072.7,454.0,13.0,1.0,0.0,0.0,355.0,0
41.0,41406.78,173.0,10.0,2.0,0.0,1.0,327.0,0
54.0,7605.54,264.0,14.0,0.0,0.0,0.0,444.0,1
22.0,25393.01,275.0,1.0,3.0,0.0,1.0,794.0,1
68.0,40404.43,287.0,8.0,4.0,0.0,1.0,307.0,0
38.0,2330.47,441.0,6.0,4.0,0.0,1.0,527.0,1
61.0,,590.0,1.0,2.0,0.0,0.0,627.0,1
22.0,33814.65,453.0,6.0,4.0,1.0,0.0,315.0,1
48.0,802.06,52.0,3.0,0.0,0.0,1.0,665.0,0
20.0,16571.61,424.0,5.0,3.0,0.0,0.0,589.0,1
25.0,25722.96,555.0,10.0,1.0,0.0,1.0,574.0,1
56.0,33553.31,233.0,13.0,0.0,1.0,1.0,367.0,0
53.0,45473.76,589.0,14.0,1.0,0.0,0.0,483.0,1
38.0,12048.11,468.0,8.0,2.0,0.0,0.0,357.0,1
60.0,12661.21,312.0,11.0,1.0,0.0,1.0,713.0,1
36.0,31433.34,72.0,10.0,2.0,0.0,1.0,637.0,0
52.0,396.22,524.0,9.0,0.0,1.0,0.0,803.0,1
29.0,49819.96,489.0,1.0,2.0,0.0,0.0,500.0,1
38.0,33851.88,298.0,11.0,3.0,0.0,0.0,773.0,1
20.0,3777.09,409.0,1.0,2.0,0.0,1.0,440.0,1
39.0,26448.04,501.0,2.0,1.0,0.0,1.0,309.0,1
48.0,13562.27,98.0,3.0,2.0,0.0,,671.0,1
44.0,22731.34,88.0,7.0,1.0,0.0,0.0,794.0,0
48.0,26064.12,250.0,6.0,2.0,0.0,1.0,695.0,1
52.0,13520.15,290.0,12.0,4.0,0.0,1.0,,0
21.0,9280.02,492.0,4.0,1.0,0.0,0.0,816.0,1
40.0,13576.93,440.0,7.0,0.0,0.0,1.0,488.0,1
30.0,36165.77,460.0,4.0,4.0,1.0,1.0,507.0,0
67.0,48586.4,77.0,,1.0,0.0,1.0,300.0,1
21.0,47088.33,252.0,9.0,1.0,1.0,1.0,473.0,0
49.0,42021.39,465.0,12.0,0.0,0.0,1.0,666.0,1
63.0,5778.09,154.0,3.0,3.0,0.0,1.0,574.0,1
29.0,33574.59,88.0,9.0,4.0,0.0,1.0,330.0,0
26.0,21477.56,105.0,8.0,4.0,0.0,0.0,501.0,0
20.0,40655.02,217.0,10.0,0.0,1.0,0.0,716.0,0
26.0,45796.08,297.0,10.0,0.0,0.0,0.0,418.0,1
34.0,,432.0,3.0,2.0,1.0,0.0,704.0,1
36.0,37037.81,546.0,3.0,1.0,0.0,1.0,685.0,1
64.0,26674.46,535.0,2.0,2.0,0.0,1.0,694.0,1
33.0,21513.3,344.0,7.0,2.0,0.0,1.0,846.0,0
69.0,32138.42,567.0,7.0,3.0,0.0,0.0,306.0,1
69.0,16641.49,314.0,11.0,4.0,0.0,1.0,817.0,1
23.0,23303.07,289.0,6.0,0.0,0.0,0.0,633.0,0
45.0,5041.89,110.0,5.0,3.0,,0.0,714.0,0
36.0,36178.18,221.0,8.0,3.0,0.0,1.0,720.0,1
36.0,,182.0,8.0,3.0,0.0,0.0,421.0,0
51.0,,122.0,11.0,0.0,0.0,0.0,601.0,0
23.0,34642.5,471.0,7.0,0.0,0.0,0.0,451.0,1
46.0,13972.19,395.0,8.0,,0.0,1.0,385.0,0
53.0,45805.18,99.0,3.0,4.0,0.0,1.0,716.0,1
57.0,39913.28,108.0,14.0,0.0,0.0,0.0,403.0,0
65.0,21927.08,159.0,13.0,3.0,0.0,1.0,771.0,0
67.0,38115.91,328.0,9.0,4.0,0.0,1.0,551.0,1
24.0,8828.72,142.0,7.0,2.0,0.0,1.0,,0
22.0,20824.61,346.0,13.0,1.0,0.0,0.0,393.0,0
29.0,37186.84,301.0,1.0,0.0,1.0,0.0,387.0,1
36.0,30847.7,227.0,5.0,2.0,0.0,0.0,530.0,1
40.0,12367.56,447.0,,2.0,0.0,1.0,577.0,1
43.0,49918.7,376.0,2.0,4.0,0.0,,667.0,1
48.0,15118.67,240.0,14.0,0.0,0.0,1.0,589.0,1
44.0,47998.76,330.0,4.0,1.0,0.0,0.0,365.0,0
47.0,40594.48,468.0,7.0,1.0,1.0,1.0,714.0,1
28.0,30403.99,126.0,8.0,0.0,0.0,0.0,456.0,0
36.0,17524.74,372.0,3.0,1.0,0.0,1.0,366.0,1
21.0,38410.57,450.0,12.0,1.0,0.0,1.0,793.0,1
46.0,47869.75,470.0,9.0,4.0,0.0,0.0,681.0,1
54.0,46883.93,554.0,5.0,,0.0,1.0,820.0,1
48.0,25019.6,486.0,6.0,0.0,1.0,0.0,525.0,1
59.0,45303.47,128.0,5.0,1.0,1.0,,478.0,0
21.0,39028.06,574.0,1.0,0.0,0.0,0.0,466.0,1
67.0,20728.83,168.0,5.0,4.0,0.0,0.0,307.0,0
18.0,17166.24,280.0,12.0,0.0,0.0,1.0,835.0,0
65.0,41052.92,49.0,8.0,2.0,0.0,1.0,538.0,0
63.0,34479.48,207.0,1.0,4.0,1.0,0.0,705.0,1
36.0,25762.0,83.0,10.0,,0.0,1.0,468.0,0
19.0,37132.54,485.0,7.0,2.0,0.0,1.0,789.0,1
33.0,41504.11,370.0,11.0,0.0,0.0,0.0,344.0,0
64.0,42098.61,504.0,9.0,1.0,0.0,0.0,546.0,1
18.0,42770.05,560.0,11.0,0.0,0.0,0.0,359.0,1
66.0,14059.09,345.0,6.0,2.0,0.0,0.0,518.0,1
44.0,39185.1,164.0,14.0,2.0,0.0,0.0,660.0,0
51.0,7324.17,,7.0,4.0,,0.0,417.0,1
36.0,48131.8,384.0,1.0,0.0,0.0,1.0,786.0,1
25.0,43344.77,193.0,4.0,1.0,1.0,1.0,489.0,0
58.0,8861.3,598.0,10.0,1.0,1.0,0.0,778.0,1
65.0,38701.66,580.0,9.0,2.0,0.0,0.0,559.0,1
38.0,27208.15,592.0,13.0,2.0,1.0,0.0,836.0,1
42.0,19674.32,33.0,10.0,2.0,0.0,1.0,657.0,0
18.0,3183.92,236.0,8.0,1.0,0.0,1.0,494.0,0
61.0,25516.94,309.0,9.0,3.0,0.0,1.0,777.0,0
20.0,19365.48,540.0,1.0,3.0,0.0,0.0,529.0,1
54.0,24255.57,396.0,14.0,0.0,0.0,1.0,834.0,0
51.0,2728.3,290.0,13.0,2.0,1.0,,425.0,0
67.0,43194.96,435.0,10.0,3.0,0.0,1.0,,1
55.0,15460.28,58.0,14.0,1.0,0.0,0.0,572.0,0
50.0,25910.22,34.0,2.0,,0.0,1.0,727.0,0
31.0,26280.18,531.0,2.0,0.0,0.0,0.0,305.0,1
46.0,21762.37,552.0,8.0,1.0,0.0,0.0,414.0,1
69.0,40366.63,180.0,7.0,2.0,0.0,0.0,539.0,1
57.0,23322.55,128.0,8.0,3.0,1.0,0.0,369.0,0
64.0,15458.01,22.0,4.0,4.0,0.0,0.0,450.0,1
43.0,38326.71,170.0,13.0,0.0,0.0,0.0,741.0,0
18.0,6985.42,217.0,8.0,1.0,0.0,0.0,366.0,0
27.0,41934.73,99.0,10.0,0.0,1.0,0.0,680.0,0
37.0,5822.03,497.0,6.0,2.0,1.0,1.0,785.0,1
61.0,47172.45,388.0,12.0,4.0,0.0,0.0,349.0,1
39.0,33034.82,97.0,14.0,1.0,1.0,1.0,597.0,0
20.0,9613.59,250.0,6.0,4.0,0.0,1.0,843.0,1
38.0,8210.3,,5.0,2.0,1.0,1.0,438.0,0
,11442.39,8.0,3.0,2.0,1.0,1.0,303.0,0
59.0,23330.0,290.0,10.0,4.0,1.0,1.0,366.0,0
39.0,10904.6,449.0,1.0,1.0,1.0,1.0,740.0,1
32.0,38166.26,193.0,8.0,0.0,1.0,1.0,803.0,0
63.0,12202.62,540.0,11.0,3.0,0.0,1.0,,1
51.0,16876.47,411.0,8.0,0.0,1.0,1.0,305.0,0
42.0,38717.8,15.0,8.0,4.0,1.0,0.0,357.0,0
68.0,6484.71,145.0,6.0,2.0,0.0,1.0,512.0,0
65.0,48775.84,432.0,13.0,2.0,0.0,0.0,602.0,1
27.0,17123.73,476.0,12.0,3.0,0.0,0.0,372.0,1
49.0,5486.63,192.0,13.0,1.0,0.0,1.0,596.0,0
54.0,38440.92,567.0,14.0,3.0,0.0,1.0,628.0,1
52.0,3723.89,303.0,11.0,4.0,1.0,0.0,790.0,1
38.0,24687.69,468.0,2.0,0.0,0.0,0.0,363.0,1
65.0,30103.76,504.0,3.0,1.0,0.0,0.0,709.0,1
38.0,19722.73,128.0,4.0,0.0,0.0,1.0,526.0,0
62.0,45076.04,102.0,14.0,2.0,1.0,1.0,333.0,0
36.0,49345.96,306.0,7.0,1.0,1.0,1.0,706.0,1
49.0,39300.27,474.0,7.0,2.0,0.0,1.0,344.0,1
19.0,45317.91,520.0,8.0,3.0,0.0,1.0,562.0,1
54.0,13580.03,88.0,10.0,2.0,1.0,0.0,403.0,0
18.0,10626.27,147.0,2.0,4.0,1.0,1.0,840.0,1
52.0,3467.92,109.0,14.0,0.0,0.0,1.0,731.0,0
39.0,31062.87,390.0,13.0,4.0,0.0,0.0,338.0,0
56.0,22566.53,4.0,7.0,4.0,0.0,1.0,785.0,0
27.0,1466.72,14.0,1.0,1.0,1.0,0.0,457.0,0
67.0,22818.89,243.0,11.0,1.0,0.0,0.0,684.0,0
37.0,34807.69,188.0,14.0,2.0,0.0,0.0,302.0,0
,29354.01,567.0,6.0,1.0,1.0,1.0,307.0,1
57.0,8306.24,394.0,8.0,3.0,1.0,0.0,815.0,1
38.0,36919.98,541.0,6.0,1.0,1.0,0.0,812.0,1
20.0,20544.37,440.0,9.0,0.0,0.0,1.0,839.0,1
59.0,41754.76,267.0,4.0,0.0,0.0,0.0,384.0,1
43.0,5630.03,514.0,2.0,3.0,0.0,1.0,668.0,1
51.0,42800.15,358.0,3.0,0.0,0.0,1.0,789.0,1
60.0,41164.91,164.0,14.0,1.0,1.0,,402.0,0
49.0,2426.15,410.0,7.0,2.0,0.0,0.0,357.0,0
19.0,1179.78,512.0,7.0,0.0,1.0,0.0,,0
33.0,48388.1,299.0,2.0,0.0,0.0,1.0,818.0,1
69.0,13928.27,494.0,12.0,0.0,1.0,1.0,484.0,0
56.0,18218.68,224.0,9.0,1.0,0.0,1.0,362.0,0
21.0,31407.48,485.0,3.0,3.0,0.0,0.0,696.0,1
28.0,7350.65,500.0,12.0,3.0,0.0,0.0,677.0,1
40.0,8751.31,542.0,13.0,2.0,0.0,1.0,487.0,1
40.0,6655.3,495.0,6.0,4.0,0.0,1.0,748.0,1
37.0,35739.84,476.0,12.0,4.0,0.0,1.0,492.0,1
36.0,49485.71,486.0,3.0,0.0,0.0,0.0,789.0,1
52.0,17750.45,316.0,9.0,1.0,0.0,0.0,488.0,0
63.0,24230.61,306.0,13.0,0.0,0.0,0.0,369.0,0
23.0,24752.06,80.0,5.0,0.0,1.0,1.0,750.0,0
30.0,29202.64,282.0,1.0,4.0,1.0,1.0,549.0,1
44.0,40463.19,246.0,7.0,4.0,0.0,1.0,691.0,1
55.0,5132.34,151.0,4.0,4.0,0.0,1.0,515.0,0
30.0,4357.63,236.0,1.0,4.0,0.0,0.0,480.0,0
23.0,5529.81,454.0,8.0,,0.0,0.0,314.0,1
38.0,43633.03,6.0,3.0,4.0,0.0,0.0,427.0,0
21.0,21064.78,128.0,10.0,0.0,0.0,1.0,655.0,0
48.0,30401.13,413.0,8.0,3.0,0.0,0.0,599.0,1
59.0,9280.95,182.0,12.0,3.0,0.0,1.0,536.0,0
34.0,13077.91,139.0,7.0,1.0,1.0,1.0,741.0,0
37.0,2386.57,109.0,11.0,2.0,1.0,0.0,809.0,0
64.0,16350.5,49.0,9.0,2.0,0.0,0.0,636.0,0
25.0,40031.8,589.0,14.0,4.0,1.0,1.0,790.0,1
51.0,8178.95,121.0,9.0,2.0,,0.0,498.0,0
63.0,43381.51,201.0,8.0,1.0,0.0,0.0,820.0,1
32.0,17728.29,452.0,8.0,4.0,1.0,1.0,434.0,0
27.0,6592.4,528.0,12.0,1.0,0.0,1.0,392.0,0
52.0,30572.28,100.0,7.0,1.0,1.0,1.0,404.0,0
35.0,23124.03,112.0,12.0,0.0,0.0,0.0,393.0,0
41.0,45061.24,358.0,8.0,3.0,0.0,0.0,394.0,1
66.0,28132.1,293.0,8.0,,0.0,0.0,775.0,1
43.0,29379.13,241.0,8.0,1.0,1.0,1.0,493.0,0
22.0,35315.9,316.0,13.0,0.0,0.0,,358.0,0
24.0,44299.66,242.0,10.0,3.0,1.0,1.0,603.0,0
43.0,45802.74,14.0,14.0,2.0,0.0,1.0,517.0,0
21.0,13843.74,370.0,14.0,0.0,1.0,1.0,745.0,0
57.0,29445.7,562.0,10.0,,1.0,0.0,384.0,1
44.0,7447.7,159.0,5.0,2.0,0.0,0.0,450.0,0
59.0,10594.33,435.0,3.0,1.0,0.0,1.0,307.0,1
62.0,39325.96,344.0,9.0,0.0,0.0,1.0,551.0,1
49.0,12812.89,363.0,5.0,0.0,0.0,0.0,625.0,0
58.0,12832.02,362.0,10.0,2.0,1.0,1.0,385.0,0
28.0,20696.82,318.0,13.0,4.0,0.0,0.0,444.0,1
64.0,15373.35,103.0,7.0,0.0,0.0,0.0,451.0,0
49.0,17848.41,547.0,8.0,2.0,0.0,1.0,,1
62.0,41711.06,92.0,8.0,3.0,0.0,0.0,715.0,0
64.0,27697.91,573.0,7.0,0.0,0.0,0.0,475.0,1
37.0,30979.85,348.0,,1.0,0.0,0.0,533.0,1
59.0,28550.17,427.0,4.0,1.0,0.0,0.0,641.0,1
61.0,284.15,582.0,1.0,1.0,0.0,1.0,562.0,1
31.0,21445.77,598.0,7.0,2.0,0.0,1.0,634.0,1
45.0,18735.61,307.0,5.0,2.0,0.0,0.0,642.0,0
65.0,49693.07,167.0,5.0,1.0,1.0,1.0,724.0,1
59.0,806.04,531.0,13.0,1.0,0.0,1.0,359.0,0
57.0,29578.04,394.0,14.0,0.0,1.0,1.0,404.0,0
36.0,15981.27,85.0,7.0,4.0,0.0,1.0,548.0,0
32.0,599.04,236.0,9.0,1.0,0.0,1.0,546.0,0
45.0,262.21,245.0,5.0,2.0,0.0,0.0,484.0,0
21.0,16968.2,584.0,14.0,3.0,0.0,1.0,341.0,0
60.0,15134.58,96.0,11.0,4.0,0.0,1.0,595.0,0
40.0,8433.57,249.0,6.0,0.0,,1.0,513.0,1
49.0,43071.15,361.0,14.0,3.0,0.0,0.0,838.0,1
64.0,1519.88,549.0,3.0,0.0,0.0,1.0,657.0,1
41.0,33423.86,308.0,11.0,3.0,0.0,1.0,686.0,1
27.0,142.26,353.0,1.0,0.0,0.0,1.0,737.0,1
22.0,21966.75,15.0,3.0,0.0,0.0,0.0,710.0,0
28.0,32512.36,32.0,6.0,0.0,0.0,0.0,369.0,0
39.0,8100.99,549.0,10.0,1.0,1.0,0.0,408.0,1
64.0,32477.46,353.0,7.0,3.0,0.0,1.0,677.0,1
36.0,30471.9,53.0,10.0,2.0,0.0,0.0,583.0,0
21.0,9922.57,83.0,11.0,4.0,0.0,0.0,840.0,1
46.0,36261.86,446.0,3.0,3.0,1.0,0.0,516.0,1
32.0,28500.01,25.0,3.0,4.0,0.0,1.0,409.0,0
30.0,29198.18,398.0,4.0,0.0,1.0,0.0,427.0,1
39.0,34454.65,133.0,12.0,4.0,1.0,1.0,641.0,0
59.0,3860.32,146.0,10.0,3.0,0.0,0.0,693.0,0
63.0,3445.44,474.0,,1.0,1.0,1.0,560.0,1
44.0,37126.18,361.0,2.0,2.0,0.0,0.0,789.0,1
50.0,11414.11,63.0,8.0,,0.0,1.0,565.0,0
26.0,20536.16,334.0,2.0,2.0,0.0,1.0,531.0,1
45.0,45833.12,425.0,1.0,1.0,0.0,1.0,658.0,1
69.0,21832.02,290.0,4.0,1.0,0.0,1.0,596.0,1
31.0,19922.11,1.0,2.0,0.0,0.0,1.0,756.0,0
58.0,23168.5,148.0,12.0,1.0,0.0,1.0,615.0,0
43.0,1295.97,500.0,14.0,4.0,1.0,1.0,408.0,1
41.0,24113.7,540.0,8.0,4.0,0.0,,547.0,1
53.0,10621.6,140.0,1.0,1.0,0.0,1.0,611.0,1
29.0,29500.86,115.0,8.0,1.0,1.0,1.0,749.0,0
40.0,7930.69,490.0,12.0,4.0,1.0,1.0,696.0,0
21.0,16642.86,588.0,3.0,3.0,0.0,0.0,497.0,1
55.0,48475.59,264.0,10.0,1.0,1.0,0.0,396.0,1
23.0,8288.01,263.0,14.0,1.0,1.0,0.0,828.0,0
51.0,11064.82,31.0,5.0,1.0,0.0,1.0,354.0,0
36.0,23430.47,323.0,8.0,1.0,1.0,0.0,429.0,0
62.0,27558.98,254.0,2.0,1.0,1.0,1.0,313.0,0
26.0,18826.19,71.0,4.0,3.0,0.0,1.0,325.0,0
,18758.68,92.0,12.0,3.0,0.0,1.0,622.0,0
64.0,23517.5,565.0,2.0,2.0,0.0,0.0,689.0,1
47.0,21186.11,457.0,10.0,4.0,1.0,1.0,383.0,1
60.0,,530.0,12.0,1.0,0.0,0.0,347.0,0
55.0,13595.21,25.0,7.0,1.0,0.0,0.0,771.0,0
64.0,46650.95,92.0,7.0,3.0,1.0,1.0,627.0,0
24.0,45784.52,261.0,12.0,2.0,1.0,1.0,604.0,0
,41858.61,32.0,12.0,1.0,0.0,0.0,767.0,0
61.0,47584.37,213.0,3.0,2.0,0.0,1.0,351.0,1
60.0,3143.24,195.0,6.0,0.0,0.0,,363.0,0
28.0,35825.77,502.0,13.0,1.0,,1.0,412.0,0
34.0,6715.72,585.0,11.0,3.0,0.0,1.0,588.0,0
67.0,36511.07,370.0,6.0,4.0,0.0,0.0,531.0,1
,29965.51,458.0,7.0,4.0,1.0,1.0,468.0,0
27.0,14397.91,296.0,14.0,2.0,1.0,1.0,691.0,0
50.0,16190.17,576.0,7.0,1.0,0.0,1.0,468.0,1
47.0,20431.82,281.0,6.0,4.0,0.0,0.0,752.0,1
18.0,21277.85,445.0,13.0,3.0,0.0,1.0,812.0,1
33.0,39724.89,590.0,7.0,2.0,1.0,1.0,510.0,1
32.0,29799.3,13.0,13.0,1.0,0.0,1.0,701.0,0
42.0,32075.0,288.0,12.0,2.0,0.0,1.0,300.0,0
29.0,28211.75,174.0,7.0,4.0,1.0,1.0,682.0,0
48.0,33364.38,479.0,9.0,1.0,0.0,0.0,310.0,1
31.0,11834.99,517.0,13.0,1.0,0.0,0.0,819.0,1
65.0,27926.58,10.0,9.0,2.0,0.0,0.0,421.0,0
50.0,595.67,142.0,1.0,,0.0,0.0,317.0,0
20.0,27661.11,573.0,4.0,4.0,0.0,1.0,814.0,1
27.0,18401.58,587.0,5.0,4.0,0.0,0.0,847.0,1
18.0,40615.57,345.0,4.0,2.0,0.0,1.0,359.0,0
62.0,36824.87,29.0,8.0,2.0,0.0,1.0,552.0,0
28.0,36118.9,413.0,14.0,1.0,1.0,1.0,744.0,1
52.0,6364.23,239.0,5.0,4.0,0.0,1.0,493.0,0
44.0,48301.36,126.0,6.0,1.0,1.0,0.0,556.0,0
55.0,33707.44,93.0,12.0,2.0,0.0,0.0,530.0,1
67.0,10180.98,558.0,12.0,0.0,0.0,0.0,423.0,0
,40257.48,504.0,7.0,4.0,0.0,0.0,600.0,1
64.0,22037.84,460.0,11.0,,0.0,1.0,372.0,0
68.0,,160.0,14.0,1.0,0.0,1.0,327.0,0
38.0,7562.12,,2.0,2.0,0.0,,452.0,1
22.0,33001.12,472.0,4.0,2.0,0.0,1.0,307.0,1
36.0,14028.92,567.0,2.0,1.0,1.0,1.0,470.0,1
19.0,,318.0,7.0,2.0,0.0,1.0,424.0,1
18.0,3285.37,546.0,12.0,4.0,1.0,1.0,308.0,0
40.0,48934.6,113.0,12.0,2.0,1.0,1.0,401.0,0
25.0,22053.17,563.0,6.0,2.0,1.0,0.0,733.0,1
43.0,5192.05,475.0,10.0,1.0,0.0,1.0,480.0,1
44.0,25025.92,313.0,13.0,4.0,0.0,0.0,709.0,0
31.0,7996.67,119.0,14.0,2.0,0.0,0.0,559.0,0
31.0,13422.46,98.0,5.0,1.0,1.0,1.0,365.0,0
33.0,35155.79,104.0,12.0,2.0,0.0,0.0,823.0,0
67.0,26698.05,,10.0,0.0,0.0,1.0,527.0,1
57.0,43978.82,294.0,10.0,2.0,0.0,0.0,517.0,0
29.0,28838.78,556.0,11.0,0.0,0.0,1.0,379.0,1
41.0,102.87,546.0,12.0,0.0,1.0,1.0,335.0,0
24.0,18772.63,78.0,10.0,3.0,0.0,0.0,649.0,0
49.0,43423.23,320.0,6.0,3.0,1.0,1.0,511.0,0
49.0,9101.96,202.0,13.0,3.0,0.0,1.0,325.0,0
62.0,20137.44,442.0,9.0,4.0,1.0,1.0,522.0,1
,46733.91,408.0,2.0,0.0,0.0,1.0,366.0,1
33.0,9238.66,22.0,11.0,4.0,0.0,0.0,578.0,0
22.0,25969.54,359.0,14.0,3.0,0.0,0.0,830.0,1
52.0,44218.15,367.0,3.0,2.0,0.0,1.0,654.0,1
66.0,38385.02,237.0,1.0,4.0,0.0,1.0,798.0,1
45.0,21019.21,328.0,3.0,0.0,1.0,1.0,724.0,1
59.0,13292.42,9.0,3.0,2.0,0.0,0.0,431.0,0
26.0,49466.52,504.0,9.0,2.0,0.0,0.0,631.0,1
53.0,33221.08,597.0,6.0,2.0,1.0,1.0,511.0,0
53.0,3896.12,550.0,2.0,1.0,0.0,1.0,394.0,1
46.0,44152.72,393.0,14.0,2.0,1.0,0.0,402.0,0
42.0,23451.27,319.0,11.0,3.0,0.0,1.0,742.0,0
26.0,19822.99,498.0,5.0,4.0,0.0,0.0,658.0,1
45.0,31346.24,468.0,8.0,4.0,0.0,1.0,812.0,1
52.0,17594.64,258.0,8.0,1.0,0.0,1.0,653.0,0
59.0,26596.72,420.0,8.0,0.0,0.0,0.0,418.0,1
42.0,24453.46,521.0,,,0.0,0.0,780.0,1
26.0,16158.07,120.0,7.0,2.0,1.0,1.0,397.0,0
43.0,7373.86,426.0,7.0,2.0,0.0,1.0,833.0,1
60.0,12524.26,336.0,2.0,3.0,0.0,0.0,572.0,1
47.0,49358.6,599.0,7.0,3.0,0.0,0.0,476.0,1
61.0,11218.23,160.0,8.0,1.0,0.0,1.0,682.0,1
36.0,46987.03,286.0,1.0,3.0,0.0,1.0,561.0,1
48.0,4099.61,88.0,13.0,0.0,0.0,1.0,682.0,0
59.0,,427.0,13.0,4.0,1.0,0.0,350.0,1
59.0,23931.68,590.0,2.0,4.0,1.0,0.0,340.0,1
39.0,46186.12,351.0,13.0,0.0,0.0,0.0,830.0,0
67.0,9657.54,53.0,4.0,1.0,1.0,0.0,715.0,0
,24841.17,293.0,3.0,4.0,0.0,1.0,379.0,1
64.0,24853.87,444.0,4.0,2.0,0.0,0.0,565.0,1
44.0,29081.43,137.0,7.0,0.0,0.0,0.0,340.0,0
35.0,16726.03,463.0,1.0,4.0,0.0,0.0,586.0,1
31.0,19753.75,510.0,14.0,1.0,0.0,0.0,413.0,1
30.0,45651.77,396.0,1.0,3.0,0.0,0.0,790.0,1
30.0,30393.1,19.0,3.0,3.0,0.0,1.0,634.0,1
69.0,22299.4,409.0,2.0,4.0,0.0,1.0,716.0,1
31.0,19487.06,254.0,3.0,1.0,0.0,0.0,317.0,0
23.0,8540.37,150.0,12.0,0.0,0.0,0.0,361.0,0
52.0,28711.83,38.0,14.0,2.0,1.0,1.0,361.0,0
68.0,39820.79,153.0,10.0,0.0,1.0,,686.0,1
37.0,3093.8,77.0,12.0,2.0,0.0,1.0,656.0,0
45.0,30068.92,321.0,4.0,2.0,1.0,1.0,699.0,1
21.0,12550.66,271.0,3.0,4.0,0.0,1.0,682.0,0
29.0,1599.76,367.0,14.0,2.0,0.0,1.0,569.0,0
,46211.76,546.0,9.0,2.0,0.0,0.0,533.0,1
,45465.15,388.0,12.0,1.0,0.0,1.0,735.0,1
55.0,37786.25,358.0,5.0,0.0,1.0,1.0,645.0,1
26.0,22204.59,150.0,12.0,0.0,0.0,0.0,555.0,0
59.0,44291.64,8.0,6.0,1.0,0.0,1.0,,0
45.0,11899.86,555.0,2.0,1.0,0.0,0.0,601.0,1
69.0,26547.43,131.0,9.0,0.0,0.0,0.0,367.0,0
42.0,44671.57,436.0,7.0,0.0,0.0,0.0,786.0,0
27.0,45525.85,19.0,7.0,1.0,0.0,0.0,606.0,0
23.0,11034.12,193.0,10.0,0.0,0.0,0.0,755.0,0
69.0,42760.75,454.0,14.0,1.0,0.0,0.0,,1
41.0,12756.34,585.0,6.0,3.0,1.0,1.0,616.0,1
62.0,10160.36,555.0,9.0,1.0,0.0,0.0,575.0,1
58.0,34110.84,387.0,13.0,2.0,1.0,0.0,634.0,0
37.0,15114.39,98.0,4.0,3.0,0.0,1.0,744.0,0
24.0,32146.8,577.0,11.0,4.0,1.0,0.0,455.0,1
18.0,45749.59,79.0,12.0,0.0,0.0,1.0,647.0,0
24.0,18432.48,135.0,11.0,3.0,0.0,0.0,824.0,0
19.0,14587.41,115.0,11.0,4.0,0.0,1.0,545.0,0
41.0,3744.78,401.0,10.0,4.0,1.0,,595.0,1
69.0,47306.63,266.0,14.0,1.0,1.0,0.0,831.0,0
49.0,14696.11,16.0,12.0,1.0,0.0,1.0,656.0,0
28.0,2528.02,135.0,5.0,2.0,0.0,0.0,526.0,0
59.0,14972.91,253.0,12.0,0.0,0.0,1.0,462.0,0
51.0,44858.72,287.0,2.0,1.0,0.0,,609.0,1
34.0,37377.54,254.0,13.0,4.0,1.0,1.0,623.0,1
22.0,27517.05,270.0,6.0,2.0,0.0,0.0,590.0,1
43.0,12867.92,184.0,4.0,4.0,0.0,0.0,665.0,0
69.0,6333.08,54.0,1.0,1.0,0.0,0.0,800.0,0
55.0,10381.11,362.0,5.0,3.0,0.0,1.0,804.0,1
65.0,39502.55,176.0,13.0,2.0,0.0,0.0,476.0,0
58.0,15697.07,261.0,14.0,4.0,0.0,0.0,478.0,0
21.0,34750.19,144.0,5.0,0.0,1.0,0.0,565.0,0
26.0,9943.52,189.0,8.0,4.0,1.0,0.0,801.0,0
24.0,20042.56,571.0,1.0,0.0,0.0,0.0,612.0,1
53.0,19882.65,390.0,2.0,0.0,0.0,0.0,421.0,1
58.0,20753.77,336.0,11.0,3.0,0.0,0.0,573.0,1
59.0,26950.57,448.0,14.0,4.0,0.0,0.0,599.0,1
33.0,47262.97,157.0,12.0,4.0,1.0,1.0,319.0,0
40.0,45135.63,144.0,6.0,0.0,1.0,0.0,793.0,0
52.0,31399.08,28.0,9.0,3.0,1.0,0.0,486.0,0
51.0,20468.27,481.0,10.0,3.0,0.0,1.0,344.0,1
31.0,24677.36,165.0,13.0,,0.0,0.0,775.0,0
67.0,27523.26,315.0,3.0,1.0,0.0,1.0,786.0,1
44.0,9586.53,,14.0,4.0,1.0,1.0,390.0,0
67.0,3950.98,334.0,11.0,1.0,1.0,1.0,736.0,1
28.0,7060.67,473.0,3.0,4.0,0.0,0.0,468.0,0
22.0,15868.46,167.0,5.0,2.0,0.0,1.0,473.0,0
60.0,3091.09,179.0,2.0,1.0,0.0,0.0,577.0,0
52.0,5496.41,334.0,3.0,0.0,0.0,1.0,546.0,1
46.0,38950.72,259.0,7.0,4.0,1.0,1.0,312.0,0
62.0,41556.1,491.0,2.0,1.0,0.0,0.0,761.0,1
38.0,23943.16,141.0,13.0,3.0,0.0,0.0,415.0,0
26.0,17927.79,579.0,11.0,4.0,1.0,0.0,460.0,1
33.0,37321.98,316.0,2.0,0.0,0.0,0.0,498.0,0
43.0,44522.03,359.0,9.0,2.0,0.0,0.0,338.0,0
50.0,33763.93,530.0,7.0,3.0,0.0,0.0,570.0,1
58.0,6231.32,219.0,,0.0,1.0,1.0,504.0,0
56.0,47906.29,53.0,6.0,2.0,0.0,0.0,755.0,1
20.0,,299.0,4.0,0.0,0.0,1.0,716.0,1
30.0,27530.34,532.0,3.0,3.0,0.0,0.0,458.0,1
40.0,14199.46,148.0,13.0,2.0,0.0,1.0,656.0,0
45.0,46538.21,132.0,13.0,4.0,1.0,1.0,737.0,1
55.0,47364.39,361.0,5.0,1.0,1.0,0.0,718.0,1
,8681.3,555.0,12.0,3.0,1.0,0.0,485.0,1
48.0,12966.43,,9.0,2.0,1.0,1.0,524.0,0
50.0,23668.15,391.0,11.0,0.0,0.0,1.0,455.0,0
58.0,32310.36,546.0,6.0,0.0,1.0,1.0,404.0,1
57.0,31978.56,432.0,14.0,2.0,0.0,1.0,664.0,1
26.0,21112.59,516.0,9.0,1.0,0.0,1.0,472.0,1
48.0,44347.4,27.0,8.0,1.0,0.0,0.0,652.0,0
27.0,42773.28,21.0,11.0,3.0,0.0,1.0,682.0,0
39.0,24962.9,111.0,6.0,0.0,0.0,0.0,354.0,0
66.0,13979.81,537.0,8.0,1.0,0.0,0.0,554.0,1
22.0,1179.5,321.0,9.0,1.0,0.0,0.0,404.0,1
21.0,28107.29,532.0,13.0,3.0,0.0,0.0,588.0,1
52.0,12917.7,81.0,1.0,3.0,0.0,1.0,625.0,0
39.0,17237.58,248.0,3.0,3.0,0.0,1.0,307.0,0
38.0,32970.23,478.0,6.0,4.0,0.0,0.0,373.0,1
26.0,45337.9,473.0,2.0,2.0,0.0,0.0,825.0,1
68.0,24402.7,189.0,14.0,4.0,0.0,0.0,792.0,0
37.0,30612.49,457.0,9.0,4.0,1.0,0.0,741.0,1
58.0,3943.71,353.0,7.0,,0.0,0.0,840.0,1
50.0,47061.8,485.0,14.0,0.0,1.0,0.0,534.0,0
25.0,10264.0,534.0,7.0,3.0,0.0,1.0,488.0,1
24.0,16866.56,460.0,1.0,2.0,0.0,1.0,546.0,1
59.0,18153.41,520.0,3.0,2.0,0.0,0.0,388.0,1
53.0,34084.24,365.0,8.0,2.0,0.0,0.0,364.0,1
52.0,2793.66,120.0,6.0,0.0,1.0,0.0,451.0,0
44.0,18456.78,465.0,13.0,0.0,0.0,1.0,586.0,0
60.0,13291.38,538.0,13.0,0.0,1.0,0.0,318.0_err,1
20.0,5190.46,220.0,4.0,2.0,1.0,0.0,684.0,1
21.0,15661.83,352.0,3.0,3.0,0.0,1.0,751.0,1
39.0,35653.6,49.0,14.0,0.0,0.0,0.0,773.0,0
40.0,47794.96,325.0,9.0,2.0,1.0,1.0,701.0,0
35.0,11035.57,221.0,13.0,3.0,0.0,0.0,499.0,0
56.0,8805.46,56.0,11.0,2.0,0.0,0.0,325.0,0
49.0,33188.45,531.0,3.0,4.0,0.0,1.0,498.0,1
59.0,39374.49,187.0,5.0,1.0,0.0,1.0,320.0,1
50.0,12201.45,345.0,13.0,2.0,1.0,0.0,342.0,0
53.0,13535.92,469.0,4.0,4.0,1.0,0.0,447.0,1
56.0,1932.35,351.0,8.0,4.0,1.0,0.0,836.0,1
33.0,3784.51,251.0,9.0,3.0,0.0,0.0,690.0,0
54.0,41690.82,461.0,1.0,4.0,1.0,1.0,608.0,1
62.0,5853.97,478.0,14.0,1.0,0.0,1.0,602.0,0
67.0,36189.59,228.0,13.0,0.0,1.0,0.0,681.0,0
67.0,46021.9,333.0,11.0,4.0,0.0,1.0,601.0,1
19.0,17040.94,359.0,10.0,0.0,1.0,0.0,545.0,0
65.0,6365.35,408.0,6.0,0.0,0.0,0.0,368.0,0
27.0,43849.69,509.0,10.0,2.0,0.0,0.0,362.0,1
37.0,3224.66,289.0,14.0,4.0,0.0,1.0,656.0,0
55.0,31611.33,277.0,6.0,0.0,1.0,1.0,821.0,1
33.0,14881.19,306.0,12.0,0.0,0.0,0.0,604.0,0
62.0,42262.38,,2.0,1.0,1.0,0.0,611.0,0
42.0,7224.15,146.0,8.0,1.0,1.0,0.0,571.0,0
69.0,30357.26,287.0,12.0,3.0,0.0,1.0,665.0,1
56.0,47179.83,197.0,7.0,3.0,0.0,0.0,680.0,1
28.0,24176.41,355.0,6.0,1.0,0.0,0.0,728.0,1
69.0,17255.76,299.0,9.0,4.0,1.0,1.0,794.0,0
45.0,35371.24,394.0,6.0,4.0,1.0,1.0,806.0,1
20.0,19538.3,286.0,3.0,0.0,0.0,1.0,722.0,0
28.0,10685.33,565.0,9.0,1.0,0.0,1.0,387.0,1
47.0,49916.18,444.0,,2.0,0.0,1.0,750.0,1
43.0,49597.88,220.0,3.0,3.0,1.0,1.0,341.0_err,0
21.0,39257.19,129.0,7.0,1.0,0.0,1.0,743.0,0
33.0,21944.3,143.0,5.0,3.0,0.0,1.0,625.0,0
57.0,40579.08,496.0,10.0,0.0,0.0,1.0,672.0,1
61.0,29294.89,301.0,10.0,2.0,1.0,,794.0,0
66.0,25729.8,235.0,7.0,1.0,0.0,1.0,607.0,0
38.0,21467.93,231.0,7.0,0.0,1.0,0.0,654.0,0
18.0,42109.02,51.0,3.0,0.0,0.0,0.0,711.0,0
37.0,22452.11,234.0,7.0,3.0,0.0,1.0,461.0,0
66.0,289.75,484.0,1.0,3.0,0.0,0.0,747.0,1
54.0,3570.68,16.0,4.0,4.0,0.0,1.0,622.0,0
33.0,44162.41,267.0,1.0,1.0,1.0,0.0,552.0,1
47.0,14782.71,140.0,6.0,2.0,0.0,0.0,318.0,0
50.0,16149.5,597.0,12.0,3.0,0.0,1.0,783.0,1
33.0,983.38,19.0,13.0,0.0,0.0,1.0,469.0,0
56.0,35791.21,426.0,6.0,3.0,1.0,0.0,590.0,1
43.0,29798.55,90.0,5.0,3.0,0.0,0.0,717.0,1
56.0,34865.12,135.0,8.0,2.0,0.0,1.0,496.0,0
44.0,35407.64,157.0,3.0,1.0,0.0,0.0,332.0,0
27.0,6753.02,207.0,13.0,4.0,1.0,0.0,301.0,0
37.0,49004.38,250.0,13.0,2.0,0.0,1.0,677.0,1
21.0,21005.35,591.0,5.0,2.0,1.0,0.0,390.0,1
52.0,10578.23,320.0,4.0,3.0,0.0,1.0,383.0,0
42.0,724.76,329.0,4.0,3.0,0.0,1.0,347.0,0
52.0,21523.1,542.0,12.0,4.0,0.0,1.0,460.0,0
51.0,25371.69,455.0,7.0,1.0,0.0,1.0,607.0,1
44.0,13653.82,462.0,4.0,2.0,1.0,1.0,542.0,1
69.0,6705.04,209.0,2.0,1.0,1.0,1.0,604.0,0
67.0,37231.02,468.0,5.0,0.0,1.0,1.0,431.0,1
64.0,19505.85,535.0,13.0,0.0,0.0,1.0,569.0,1
20.0,,237.0,4.0,2.0,0.0,1.0,563.0,0
27.0,7711.73,519.0,8.0,3.0,0.0,0.0,,1
29.0,14105.59,395.0,4.0,4.0,0.0,0.0,460.0,1
24.0,16030.3,473.0,1.0,3.0,1.0,0.0,418.0,0
60.0,28202.38,228.0,2.0,1.0,0.0,1.0,444.0,1
61.0,19387.71,16.0,5.0,4.0,1.0,0.0,547.0,0
38.0,30784.41,252.0,14.0,4.0,1.0,1.0,770.0,0
51.0,33430.96,479.0,1.0,1.0,0.0,1.0,424.0,1
65.0,44478.89,136.0,9.0,1.0,0.0,1.0,750.0,0
55.0,48192.11,178.0,8.0,4.0,0.0,0.0,818.0,1
46.0,34440.76,505.0,11.0,2.0,0.0,1.0,486.0,1
21.0,3484.03,35.0,3.0,3.0,0.0,0.0,537.0,0
38.0,669.3,205.0,9.0,2.0,1.0,0.0,762.0,0
18.0,48246.79,264.0,13.0,1.0,1.0,0.0,405.0,0
27.0,44156.48,288.0,13.0,1.0,0.0,1.0,777.0,0
18.0,28692.87,15.0,7.0,4.0,0.0,1.0,702.0,0
22.0,32960.21,498.0,8.0,3.0,0.0,1.0,385.0,1
52.0,6107.95,550.0,7.0,1.0,0.0,1.0,541.0,1
,34070.55,162.0,11.0,3.0,1.0,0.0,408.0,1
53.0,30718.47,284.0,4.0,4.0,0.0,0.0,344.0,1
26.0,10581.19,69.0,10.0,0.0,1.0,0.0,428.0,0
25.0,27334.82,216.0,10.0,0.0,0.0,1.0,384.0,0
39.0,2532.0,69.0,7.0,4.0,0.0,1.0,488.0,0
67.0,18302.32,165.0,3.0,0.0,1.0,1.0,693.0,0
37.0,49160.85,378.0,7.0,1.0,1.0,1.0,,1
44.0,41576.79,172.0,1.0,0.0,0.0,1.0,503.0,0
,36255.31,20.0,4.0,3.0,0.0,0.0,418.0,0
57.0,6808.87,363.0,4.0,2.0,0.0,0.0,429.0,1
63.0,42479.87,368.0,,4.0,0.0,0.0,644.0,1
55.0,40173.06,291.0,10.0,1.0,1.0,0.0,616.0,0
62.0,4567.56,277.0,3.0,2.0,1.0,1.0,438.0,0
22.0,4297.24,178.0,4.0,0.0,0.0,1.0,582.0,0
31.0,22671.63,137.0,2.0,1.0,0.0,1.0,665.0,0
41.0,43989.75,177.0,8.0,2.0,0.0,0.0,506.0,0
38.0,29779.33,37.0,6.0,2.0,0.0,1.0,337.0,0
35.0,39879.96,407.0,8.0,2.0,1.0,1.0,512.0,1
53.0,2946.05,309.0,4.0,4.0,0.0,1.0,578.0,1
33.0,6461.63,278.0,2.0,4.0,0.0,0.0,537.0,1
23.0,19850.5,356.0,,2.0,0.0,1.0,642.0,1
60.0,32119.28,299.0,3.0,2.0,0.0,1.0,677.0,0
,38205.59,464.0,10.0,4.0,0.0,0.0,617.0,1
24.0,7104.78,135.0,8.0,4.0,1.0,1.0,464.0,0
44.0,47562.96,521.0,14.0,1.0,0.0,1.0,833.0,1
24.0,33279.16,426.0,4.0,1.0,0.0,0.0,734.0,1
66.0,12308.9,196.0,8.0,,0.0,1.0,377.0,0
24.0,756.36,324.0,2.0,2.0,,1.0,655.0,0
64.0,37394.52,42.0,6.0,0.0,1.0,0.0,524.0,0
34.0,4031.47,471.0,2.0,1.0,0.0,0.0,404.0,1
26.0,9070.44,92.0,12.0,4.0,1.0,0.0,464.0,0
21.0,3622.66,354.0,4.0,1.0,0.0,0.0,409.0,0
51.0,25956.28,87.0,9.0,0.0,0.0,0.0,529.0,0
54.0,31626.25,242.0,2.0,1.0,1.0,1.0,678.0,0
52.0,21062.34,314.0,2.0,0.0,,1.0,491.0,1
38.0,42791.18,548.0,10.0,,0.0,0.0,732.0,1
67.0,9786.62,126.0,12.0,0.0,0.0,1.0,710.0,0
48.0,520.22,511.0,11.0,3.0,0.0,0.0,464.0,1
58.0,23514.86,230.0,8.0,3.0,0.0,0.0,691.0,0
60.0,1003.63,348.0,8.0,1.0,1.0,0.0,585.0,0
26.0,44394.62,70.0,13.0,1.0,1.0,0.0,643.0,0
31.0,45063.52,242.0,3.0,3.0,0.0,1.0,382.0,0
59.0,35352.59,546.0,10.0,1.0,0.0,0.0,777.0,1
52.0,29996.02,288.0,11.0,3.0,0.0,1.0,353.0,0
47.0,40798.19,566.0,7.0,0.0,0.0,0.0,804.0,1
57.0,26018.64,451.0,2.0,3.0,0.0,1.0,706.0,1
66.0,8380.67,597.0,2.0,0.0,0.0,0.0,804.0,1
42.0,13537.5,82.0,13.0,2.0,0.0,1.0,834.0,0
52.0,22450.61,449.0,2.0,0.0,1.0,0.0,784.0,1
58.0,38224.97,116.0,4.0,0.0,0.0,0.0,636.0,1
21.0,21498.57,,2.0,2.0,0.0,0.0,438.0,1
23.0,46641.63,169.0,8.0,0.0,0.0,0.0,672.0,0
67.0,40959.36,292.0,4.0,0.0,0.0,1.0,840.0,1
61.0,32857.7,9.0,14.0,0.0,1.0,0.0,535.0,0
66.0,5069.79,357.0,4.0,3.0,1.0,0.0,813.0,1
31.0,11747.91,343.0,7.0,4.0,0.0,1.0,541.0,0
65.0,42884.77,531.0,3.0,1.0,1.0,1.0,795.0,1
60.0,38560.79,151.0,10.0,4.0,0.0,1.0,,0
67.0,20788.06,321.0,6.0,4.0,1.0,1.0,334.0,0
59.0,30398.81,50.0,8.0,3.0,0.0,0.0,579.0,0
43.0,11656.85,46.0,11.0,1.0,0.0,1.0,314.0,0
49.0,27961.15,446.0,11.0,1.0,0.0,1.0,626.0,1
36.0,49523.86,235.0,13.0,0.0,0.0,0.0,796.0,0
45.0,38273.88,21.0,5.0,3.0,0.0,0.0,324.0,0
41.0,6239.16,430.0,13.0,4.0,0.0,0.0,685.0,1
45.0,36613.63,342.0,5.0,2.0,0.0,0.0,409.0,1
63.0,7232.38,501.0,3.0,4.0,0.0,0.0,583.0,1
29.0,44742.8,479.0,5.0,4.0,0.0,1.0,360.0,1
20.0,23387.47,466.0,12.0,4.0,0.0,0.0,693.0,1
20.0,31462.75,446.0,12.0,0.0,0.0,1.0,502.0,1
66.0,6050.78,473.0,7.0,0.0,0.0,0.0,708.0,1
43.0,7859.22,,8.0,0.0,0.0,1.0,432.0,0
63.0,6286.66,137.0,7.0,4.0,0.0,0.0,506.0,0
61.0,25382.11,357.0,11.0,2.0,0.0,1.0,612.0_err,0
20.0,8725.31,519.0,11.0,1.0,1.0,1.0,726.0,1
38.0,37057.61,549.0,11.0,2.0,0.0,1.0,524.0,1
28.0,33478.45,361.0,11.0,2.0,0.0,0.0,367.0,0
37.0,12307.19,194.0,13.0,0.0,0.0,1.0,447.0,0
28.0,24418.36,395.0,3.0,2.0,1.0,0.0,345.0,0
,39466.81,378.0,8.0,4.0,0.0,1.0,751.0,1
46.0,9403.31,189.0,6.0,1.0,1.0,1.0,738.0,0
33.0,12208.48,96.0,5.0,2.0,0.0,0.0,472.0,0
24.0,21698.84,485.0,10.0,3.0,0.0,1.0,775.0,1
64.0,8519.59,10.0,6.0,1.0,1.0,0.0,318.0,0
44.0,5291.59,142.0,12.0,4.0,1.0,1.0,741.0,0
52.0,31330.9,527.0,3.0,4.0,0.0,1.0,630.0,1
56.0,22054.58,11.0,9.0,3.0,1.0,0.0,632.0,0
51.0,48158.06,193.0,14.0,1.0,0.0,1.0,739.0,0
66.0,39821.93,14.0,11.0,2.0,0.0,1.0,349.0,0
36.0,43468.28,169.0,7.0,2.0,0.0,1.0,503.0,0
19.0,3663.93,512.0,8.0,4.0,0.0,1.0,345.0,1
66.0,26404.72,19.0,7.0,1.0,0.0,1.0,697.0,0
63.0,12176.73,85.0,12.0,0.0,1.0,0.0,833.0,0
58.0,13445.9,532.0,3.0,4.0,1.0,1.0,660.0,1
41.0,,585.0,6.0,2.0,1.0,1.0,660.0,1
55.0,20282.5,89.0,4.0,4.0,0.0,,785.0,0
60.0,45481.96,332.0,8.0,1.0,0.0,0.0,392.0,1
35.0,26318.23,242.0,8.0,3.0,0.0,0.0,,1
58.0,48008.04,138.0,10.0,1.0,0.0,1.0,301.0,0
42.0,39952.58,362.0,9.0,0.0,0.0,0.0,366.0,0
61.0,46637.62,275.0,10.0,2.0,0.0,0.0,312.0,0
63.0,7339.07,132.0,7.0,1.0,1.0,1.0,470.0,0
52.0,1231.01,70.0,8.0,2.0,0.0,0.0,814.0,0
38.0,47427.48,591.0,,2.0,0.0,1.0,845.0,1
30.0,5347.56,182.0,1.0,3.0,0.0,1.0,319.0,0
45.0,40728.22,42.0,12.0,1.0,0.0,1.0,845.0,0
21.0,18921.47,572.0,12.0,3.0,1.0,1.0,563.0,1
43.0,1334.53,210.0,3.0,3.0,1.0,1.0,627.0,0
60.0,31446.26,512.0,8.0,1.0,1.0,1.0,561.0,1
67.0,42263.65,159.0,5.0,0.0,1.0,0.0,678.0,1
56.0,48169.57,54.0,4.0,0.0,0.0,1.0,566.0,0
68.0,31336.61,292.0,14.0,4.0,1.0,1.0,660.0,0
67.0,49414.75,294.0,5.0,,0.0,1.0,587.0,1
69.0,20234.39,530.0,4.0,2.0,0.0,1.0,630.0,1
65.0,45448.2,493.0,4.0,4.0,0.0,1.0,757.0,1
37.0,45252.18,452.0,3.0,2.0,0.0,1.0,427.0,1
64.0,38671.78,466.0,5.0,0.0,0.0,0.0,534.0,1
21.0,16275.66,188.0,12.0,0.0,1.0,1.0,849.0,0
66.0,4449.11,218.0,13.0,4.0,1.0,1.0,764.0,0
48.0,29590.58,407.0,2.0,3.0,0.0,1.0,564.0,1
24.0,3925.24,564.0,10.0,3.0,1.0,1.0,436.0,0
31.0,39807.27,167.0,14.0,2.0,1.0,0.0,455.0,0
45.0,17100.8,217.0,3.0,3.0,1.0,0.0,848.0,1
43.0,26573.83,280.0,5.0,0.0,0.0,0.0,631.0,1
21.0,47476.01,166.0,4.0,0.0,0.0,0.0,303.0,0
42.0,38828.38,495.0,12.0,1.0,1.0,1.0,762.0,1
28.0,8514.56,175.0,2.0,2.0,1.0,0.0,517.0,0
33.0,47891.84,364.0,,2.0,0.0,0.0,520.0,1
46.0,19356.4,,9.0,2.0,1.0,,549.0,0
50.0,42728.53,441.0,4.0,2.0,1.0,0.0,519.0,1
61.0,29557.37,433.0,3.0,1.0,0.0,1.0,655.0,1
46.0,17415.11,128.0,9.0,1.0,0.0,0.0,810.0,0
58.0,20836.94,356.0,4.0,2.0,1.0,0.0,440.0,1
59.0,15324.32,118.0,3.0,1.0,0.0,1.0,479.0,0
28.0,45965.66,291.0,14.0,0.0,0.0,0.0,801.0,1
22.0,45877.65,335.0,9.0,3.0,1.0,1.0,568.0,1
47.0,29929.66,551.0,1.0,,0.0,1.0,631.0,1
33.0,39429.9,116.0,13.0,2.0,0.0,1.0,518.0,0
18.0,11170.63,3.0,2.0,3.0,1.0,,734.0,0
56.0,28822.72,20.0,5.0,3.0,0.0,0.0,428.0,0
67.0,,216.0,6.0,1.0,0.0,1.0,382.0,0
49.0,32550.97,343.0,10.0,3.0,0.0,1.0,673.0,1
57.0,29764.13,583.0,3.0,3.0,1.0,0.0,679.0,1
63.0,19015.48,582.0,2.0,3.0,1.0,0.0,560.0,1
33.0,30043.55,197.0,6.0,0.0,0.0,,817.0,1
20.0,16568.12,218.0,1.0,3.0,0.0,1.0,796.0,1
51.0,29731.91,25.0,3.0,2.0,0.0,1.0,798.0,1
32.0,18556.6,457.0,11.0,3.0,1.0,0.0,378.0,0
34.0,37617.19,512.0,13.0,4.0,0.0,0.0,424.0,1
53.0,17183.54,346.0,9.0,3.0,0.0,0.0,585.0,1
32.0,37449.56,515.0,12.0,1.0,0.0,0.0,781.0,1
,35794.27,140.0,6.0,3.0,1.0,,487.0,1
42.0,15812.57,157.0,8.0,4.0,0.0,1.0,690.0,0
54.0,31653.93,94.0,12.0,0.0,1.0,0.0,634.0,0
37.0,27612.73,398.0,13.0,2.0,0.0,1.0,630.0,0
66.0,17283.73,491.0,13.0,3.0,0.0,1.0,645.0,1
24.0,7413.11,556.0,6.0,4.0,0.0,1.0,353.0,0
27.0,36306.14,98.0,9.0,0.0,1.0,0.0,302.0,0
51.0,2368.55,308.0,11.0,0.0,1.0,1.0,645.0,0
24.0,7380.51,36.0,1.0,0.0,0.0,1.0,471.0,0
44.0,1044.49,517.0,11.0,3.0,0.0,,441.0,1
67.0,48471.35,143.0,11.0,3.0,0.0,1.0,836.0,1
55.0,33438.38,507.0,1.0,2.0,1.0,1.0,629.0,1
45.0,20898.15,413.0,5.0,3.0,,0.0,,1
61.0,7751.95,177.0,1.0,3.0,0.0,1.0,675.0,0
22.0,37241.94,10.0,3.0,3.0,0.0,1.0,714.0,0
42.0,34318.28,64.0,4.0,4.0,0.0,1.0,805.0,1
45.0,46050.35,281.0,12.0,4.0,0.0,0.0,671.0,1
33.0,1325.06,279.0,13.0,0.0,0.0,1.0,683.0,0
54.0,,83.0,1.0,2.0,0.0,1.0,425.0,1
52.0,16651.84,509.0,14.0,0.0,0.0,1.0,426.0,0
63.0,5825.1,576.0,14.0,2.0,0.0,1.0,377.0,1
50.0,7257.91,201.0,4.0,2.0,0.0,0.0,407.0,0
68.0,12926.77,584.0,14.0,3.0,0.0,1.0,509.0,0
36.0,39451.92,405.0,8.0,2.0,1.0,1.0,367.0,0
55.0,47416.82,361.0,5.0,3.0,1.0,1.0,844.0,1
42.0,27116.87,177.0,2.0,0.0,1.0,1.0,517.0,0
56.0,16422.5,358.0,3.0,0.0,0.0,,787.0,1
49.0,3873.99,125.0,14.0,4.0,0.0,1.0,803.0,0
32.0,43132.3,62.0,10.0,2.0,1.0,1.0,649.0,0
19.0,40138.18,513.0,3.0,4.0,0.0,,761.0,1
25.0,26364.99,10.0,2.0,0.0,0.0,1.0,307.0,0
62.0,11499.88,378.0,13.0,0.0,0.0,1.0,490.0,1
25.0,18072.3,303.0,10.0,0.0,0.0,1.0,376.0,0
62.0,8355.76,303.0,,0.0,1.0,1.0,382.0,0
,30260.06,285.0,4.0,0.0,0.0,1.0,624.0,0
25.0,48624.65,373.0,8.0,1.0,1.0,0.0,616.0,1
55.0,29641.96,83.0,13.0,0.0,1.0,0.0,427.0,0
48.0,22550.57,440.0,6.0,3.0,1.0,0.0,386.0,0
,9568.8,505.0,14.0,3.0,1.0,0.0,665.0,0
58.0,30529.63,339.0,4.0,0.0,0.0,0.0,591.0,1
47.0,15219.04,490.0,7.0,0.0,1.0,1.0,581.0,1
37.0,46985.02,545.0,5.0,4.0,1.0,1.0,507.0,1
36.0,12441.43,70.0,,3.0,1.0,0.0,574.0,0
29.0,,518.0,11.0,3.0,0.0,0.0,688.0,1
50.0,13907.52,255.0,14.0,0.0,0.0,0.0,556.0,0
32.0,36674.24,44.0,12.0,3.0,0.0,1.0,510.0,0
60.0,30776.56,546.0,10.0,4.0,0.0,0.0,510.0,1
29.0,24324.67,363.0,14.0,0.0,1.0,0.0,433.0,0
43.0,46836.34,115.0,2.0,4.0,0.0,1.0,534.0,1
39.0,22131.45,45.0,4.0,3.0,0.0,1.0,715.0,1
29.0,22830.54,46.0,11.0,0.0,1.0,1.0,451.0,0
49.0,42275.71,234.0,12.0,0.0,1.0,0.0,409.0,0
29.0,28784.71,170.0,6.0,0.0,0.0,1.0,666.0,1
68.0,16134.47,461.0,3.0,3.0,1.0,1.0,651.0,1
47.0,48816.82,493.0,14.0,3.0,0.0,1.0,809.0,1
35.0,22899.28,26.0,5.0,,0.0,0.0,346.0,0
39.0,45608.55,63.0,4.0,4.0,1.0,1.0,684.0,0
27.0,22212.47,51.0,14.0,4.0,0.0,0.0,,0
38.0,25526.53,383.0,7.0,,0.0,0.0,730.0,1
40.0,38289.77,290.0,13.0,1.0,0.0,1.0,514.0,0
38.0,47893.75,295.0,8.0,2.0,0.0,1.0,674.0,0
43.0,41702.79,296.0,2.0,2.0,0.0,0.0,694.0,1
38.0,29100.72,590.0,11.0,3.0,0.0,0.0,368.0,1
28.0,37612.77,452.0,5.0,4.0,0.0,1.0,412.0,0
57.0,40117.95,557.0,12.0,3.0,0.0,0.0,329.0,0
41.0,2334.9,582.0,11.0,2.0,0.0,1.0,748.0,1
66.0,30860.03,232.0,9.0,1.0,0.0,0.0,729.0,0
65.0,33689.18,112.0,11.0,2.0,0.0,1.0,328.0,0
39.0,38978.92,122.0,12.0,3.0,0.0,1.0,510.0,0
51.0,8178.95,563.0,4.0,4.0,,1.0,376.0,1
34.0,4238.28,69.0,5.0,4.0,1.0,0.0,532.0,0
20.0,15261.81,93.0,3.0,4.0,0.0,1.0,487.0,0
57.0,48682.65,190.0,7.0,1.0,0.0,0.0,744.0,1
38.0,30070.96,599.0,12.0,1.0,0.0,0.0,838.0,1
21.0,13519.81,18.0,7.0,3.0,0.0,1.0,543.0,0
34.0,10121.67,384.0,13.0,4.0,0.0,1.0,798.0,1
44.0,24254.76,388.0,4.0,1.0,1.0,0.0,573.0,0
44.0,33525.79,31.0,8.0,4.0,0.0,1.0,729.0,0
33.0,11335.83,494.0,12.0,0.0,0.0,0.0,482.0,0
32.0,44305.51,104.0,13.0,4.0,1.0,0.0,768.0,0
42.0,31835.91,339.0,,4.0,1.0,0.0,416.0,0
66.0,18872.73,119.0,7.0,4.0,0.0,0.0,466.0,0
20.0,48262.42,346.0,5.0,2.0,0.0,0.0,588.0,1
38.0,29579.9,304.0,4.0,4.0,0.0,0.0,430.0,1
25.0,17891.04,394.0,2.0,4.0,0.0,0.0,328.0,0
59.0,10227.83,284.0,2.0,4.0,1.0,1.0,436.0,1
56.0,,552.0,10.0,2.0,0.0,0.0,430.0,1
47.0,33274.97,433.0,13.0,2.0,1.0,0.0,833.0,1
46.0,4731.07,552.0,11.0,2.0,0.0,1.0,531.0,1
49.0,22500.6,542.0,14.0,3.0,0.0,0.0,312.0,1
37.0,40650.79,25.0,11.0,2.0,0.0,1.0,371.0,0
28.0,13055.55,295.0,7.0,0.0,1.0,0.0,813.0,0
,36427.76,518.0,8.0,0.0,0.0,0.0,572.0,1
58.0,6694.93,397.0,1.0,2.0,0.0,0.0,586.0,1
56.0,42161.52,58.0,3.0,3.0,0.0,1.0,742.0,1
68.0,13954.79,319.0,14.0,2.0,0.0,0.0,391.0,1
27.0,29248.66,265.0,10.0,3.0,0.0,0.0,355.0,0
39.0,19086.89,18.0,12.0,0.0,0.0,1.0,345.0,0
26.0,18566.58,149.0,10.0,1.0,0.0,1.0,530.0,0
58.0,789.84,195.0,11.0,1.0,0.0,0.0,807.0,1
67.0,3591.96,126.0,4.0,3.0,1.0,0.0,802.0,0
47.0,,231.0,13.0,2.0,0.0,0.0,750.0,0
20.0,12792.6,547.0,3.0,4.0,0.0,1.0,575.0,1
40.0,28706.5,76.0,1.0,2.0,1.0,1.0,567.0,0
,31783.63,513.0,2.0,4.0,0.0,0.0,322.0,1
42.0,43513.46,287.0,3.0,2.0,0.0,0.0,544.0,1
38.0,16940.11,101.0,1.0,4.0,1.0,0.0,594.0,1
24.0,32728.49,473.0,8.0,0.0,0.0,0.0,594.0,1
22.0,29958.21,124.0,5.0,3.0,0.0,0.0,403.0,0
29.0,48862.86,499.0,1.0,2.0,1.0,0.0,811.0,1
48.0,42046.37,372.0,13.0,4.0,0.0,0.0,404.0,0
68.0,36890.99,429.0,11.0,2.0,0.0,1.0,581.0,0
69.0,24312.99,242.0,14.0,2.0,0.0,0.0,315.0,0
26.0,46698.31,376.0,8.0,0.0,0.0,0.0,671.0,1
32.0,37909.81,303.0,5.0,2.0,0.0,1.0,578.0,1
63.0,5290.34,49.0,8.0,3.0,0.0,0.0,567.0,0
25.0,25522.63,585.0,11.0,0.0,0.0,1.0,523.0,1
58.0,8159.49,247.0,8.0,4.0,1.0,0.0,758.0,0
66.0,,296.0,14.0,3.0,0.0,1.0,348.0,0
63.0,1306.22,341.0,4.0,4.0,1.0,0.0,536.0,1
59.0,6520.98,596.0,10.0,0.0,0.0,1.0,829.0,1
56.0,1950.64,336.0,4.0,2.0,0.0,0.0,481.0,1
47.0,48620.42,466.0,,2.0,1.0,,456.0,1
67.0,48678.75,377.0,12.0,4.0,0.0,1.0,444.0,1
36.0,41493.74,423.0,1.0,1.0,1.0,0.0,800.0,1
60.0,8457.81,418.0,7.0,2.0,0.0,0.0,780.0,1
30.0,17285.42,423.0,9.0,2.0,0.0,0.0,463.0,0
64.0,25915.8,515.0,13.0,0.0,0.0,0.0,315.0,0
37.0,19335.0,268.0,9.0,3.0,1.0,1.0,717.0,0
55.0,48951.79,41.0,11.0,4.0,1.0,1.0,480.0,0
63.0,24115.88,,11.0,2.0,0.0,1.0,635.0,0
29.0,31052.68,86.0,11.0,0.0,0.0,0.0,452.0,0
48.0,35050.03,261.0,2.0,1.0,0.0,1.0,354.0,1
35.0,16025.58,187.0,7.0,2.0,1.0,1.0,777.0,0
36.0,8017.87,87.0,5.0,0.0,0.0,1.0,339.0,0
47.0,25523.19,541.0,10.0,0.0,1.0,1.0,442.0,0
44.0,25128.66,585.0,10.0,0.0,0.0,1.0,598.0,1
68.0,36438.43,27.0,4.0,2.0,,0.0,696.0,0
45.0,35620.03,387.0,2.0,2.0,0.0,0.0,760.0,1
61.0,32713.58,451.0,7.0,1.0,0.0,0.0,,1
19.0,4891.71,84.0,7.0,4.0,0.0,0.0,671.0,0
44.0,24791.37,101.0,1.0,4.0,0.0,0.0,683.0,1
38.0,32013.09,371.0,5.0,3.0,0.0,1.0,809.0,1
53.0,43245.56,393.0,9.0,0.0,1.0,0.0,713.0,1
42.0,24523.16,271.0,10.0,3.0,0.0,0.0,538.0,0
45.0,27000.4,278.0,13.0,0.0,0.0,1.0,361.0,0
57.0,33902.42,429.0,5.0,1.0,1.0,0.0,490.0,1
26.0,24361.58,378.0,1.0,0.0,0.0,1.0,494.0,1
27.0,23235.31,315.0,7.0,0.0,0.0,,551.0,0
54.0,13425.17,308.0,11.0,3.0,0.0,0.0,586.0,1
62.0,4657.75,142.0,12.0,4.0,0.0,0.0,750.0,0
47.0,,175.0,4.0,0.0,0.0,0.0,456.0,0
47.0,24791.43,346.0,6.0,1.0,0.0,0.0,759.0,0
43.0,47301.67,599.0,5.0,2.0,1.0,0.0,667.0,1
46.0,3196.13,120.0,9.0,4.0,0.0,0.0,638.0,0
67.0,27906.46,514.0,3.0,1.0,1.0,1.0,452.0,1
57.0,1081.31,292.0,2.0,0.0,0.0,0.0,626.0,1
39.0,40808.65,67.0,9.0,0.0,0.0,0.0,692.0,0
28.0,33615.54,267.0,5.0,4.0,1.0,0.0,405.0,1
31.0,49096.28,445.0,1.0,3.0,0.0,1.0,639.0,1
51.0,2407.83,112.0,12.0,4.0,0.0,0.0,709.0,0
69.0,17096.8,311.0,,1.0,0.0,1.0,528.0,1
43.0,1523.19,95.0,11.0,0.0,0.0,1.0,516.0,0
42.0,4620.04,198.0,13.0,3.0,0.0,1.0,422.0,0
69.0,8376.16,595.0,7.0,,0.0,1.0,675.0,1
33.0,25531.87,109.0,6.0,4.0,0.0,1.0,807.0,0
36.0,18149.33,311.0,8.0,0.0,0.0,1.0,324.0,0
50.0,39602.22,58.0,9.0,1.0,1.0,1.0,304.0,0
48.0,13373.83,140.0,4.0,0.0,1.0,0.0,684.0,0
34.0,22445.65,414.0,11.0,3.0,0.0,1.0,330.0,0
53.0,16890.32,310.0,10.0,2.0,0.0,0.0,,0
39.0,47246.84,94.0,2.0,2.0,0.0,1.0,356.0,1
21.0,30140.96,262.0,3.0,0.0,1.0,0.0,676.0,1
32.0,8831.31,593.0,14.0,1.0,0.0,0.0,445.0,0
58.0,36022.4,256.0,4.0,2.0,0.0,0.0,711.0,1
31.0,,466.0,14.0,2.0,1.0,1.0,538.0,1
30.0,13671.16,350.0,7.0,3.0,0.0,0.0,308.0,0
44.0,10919.32,199.0,9.0,2.0,0.0,0.0,598.0,0
19.0,15249.35,495.0,7.0,2.0,0.0,0.0,776.0,1
25.0,21785.82,155.0,5.0,3.0,0.0,0.0,684.0,0
48.0,21352.15,575.0,7.0,3.0,0.0,0.0,529.0,1
50.0,47305.98,572.0,11.0,0.0,1.0,0.0,489.0,1
31.0,3849.76,42.0,8.0,3.0,1.0,1.0,406.0,0
45.0,5392.03,539.0,7.0,3.0,1.0,1.0,802.0,1
36.0,19847.27,,4.0,2.0,0.0,1.0,534.0,1
27.0,40774.17,503.0,11.0,0.0,0.0,1.0,348.0,1
24.0,17973.13,,1.0,3.0,0.0,1.0,638.0,1
18.0,49227.44,304.0,7.0,3.0,0.0,1.0,705.0,1
29.0,44557.33,260.0,3.0,0.0,1.0,0.0,452.0,0
32.0,22689.95,423.0,7.0,1.0,0.0,0.0,655.0,1
37.0,12195.19,569.0,7.0,3.0,0.0,1.0,428.0,1
44.0,15754.86,159.0,7.0,4.0,0.0,1.0,728.0,0
65.0,8130.08,0.0,13.0,3.0,0.0,0.0,499.0,0
47.0,25733.82,365.0,7.0,1.0,0.0,1.0,764.0,1
22.0,24177.62,272.0,8.0,2.0,0.0,1.0,493.0,0
30.0,27328.96,583.0,1.0,1.0,1.0,1.0,711.0,1
37.0,48131.33,171.0,3.0,3.0,1.0,1.0,383.0,1
68.0,10600.88,593.0,10.0,4.0,1.0,1.0,314.0,0
26.0,36895.85,67.0,4.0,2.0,0.0,0.0,526.0,0
37.0,46672.66,207.0,13.0,2.0,1.0,1.0,447.0,0
35.0,17567.45,162.0,7.0,2.0,0.0,1.0,406.0,0
28.0,33603.24,333.0,3.0,0.0,0.0,1.0,829.0,1
33.0,9781.38,327.0,5.0,0.0,1.0,1.0,394.0,0
56.0,46029.02,535.0,2.0,4.0,0.0,0.0,366.0,1
21.0,32378.9,237.0,12.0,1.0,0.0,1.0,804.0,1
50.0,8150.27,540.0,8.0,0.0,0.0,1.0,463.0,0
38.0,42385.51,391.0,1.0,1.0,0.0,1.0,723.0,1
40.0,28322.3,202.0,11.0,2.0,0.0,1.0,577.0,0
53.0,32896.37,574.0,6.0,0.0,1.0,1.0,478.0,1
44.0,21691.79,253.0,1.0,3.0,0.0,0.0,723.0,1
19.0,7559.72,135.0,3.0,3.0,1.0,1.0,750.0,1
54.0,40352.36,292.0,4.0,3.0,,1.0,584.0,1
56.0,21212.02,420.0,8.0,4.0,1.0,1.0,500.0,1
31.0,43813.45,371.0,4.0,2.0,1.0,0.0,426.0,1
29.0,30969.32,0.0,1.0,2.0,0.0,0.0,745.0,0
22.0,2776.82,231.0,5.0,0.0,1.0,0.0,683.0,0
40.0,49207.43,109.0,1.0,2.0,0.0,0.0,749.0,1
23.0,39452.7,567.0,2.0,,0.0,0.0,693.0,1
45.0,12539.43,282.0,8.0,3.0,0.0,0.0,562.0,0
19.0,48319.9,544.0,,3.0,1.0,0.0,786.0,1
23.0,4669.91,207.0,3.0,0.0,0.0,0.0,319.0,0
35.0,31045.37,93.0,13.0,0.0,0.0,1.0,349.0,0
60.0,12612.22,315.0,1.0,1.0,,1.0,644.0,1
50.0,33838.35,235.0,11.0,2.0,0.0,1.0,468.0,1
,41276.84,575.0,11.0,1.0,0.0,0.0,841.0,1
55.0,42822.46,164.0,13.0,,0.0,1.0,464.0,0
18.0,26050.32,332.0,12.0,3.0,1.0,1.0,678.0,1
46.0,48778.33,290.0,8.0,4.0,0.0,1.0,789.0,1
23.0,34052.24,465.0,6.0,0.0,0.0,,719.0,1
20.0,,487.0,12.0,2.0,,0.0,437.0,1
42.0,2213.75,322.0,5.0,4.0,0.0,1.0,583.0,0
18.0,17416.64,583.0,5.0,,0.0,0.0,418.0,1
43.0,25911.12,189.0,13.0,1.0,1.0,1.0,757.0,0
57.0,11834.38,399.0,5.0,4.0,0.0,1.0,824.0,1
61.0,47159.87,564.0,12.0,4.0,0.0,1.0,737.0,1
33.0,43562.47,263.0,11.0,4.0,0.0,0.0,433.0,1
42.0,16860.81,,1.0,1.0,0.0,0.0,391.0,1
65.0,40428.92,185.0,8.0,1.0,0.0,0.0,527.0,0
56.0,13809.39,261.0,8.0,4.0,1.0,1.0,536.0,0
68.0,45144.79,295.0,4.0,3.0,0.0,0.0,327.0,1
35.0,16898.34,12.0,6.0,3.0,0.0,1.0,428.0,0
38.0,41886.02,432.0,6.0,3.0,0.0,0.0,496.0,1
37.0,38224.07,544.0,13.0,0.0,0.0,0.0,427.0,1
33.0,3786.75,511.0,6.0,1.0,0.0,,462.0,0
33.0,14939.13,374.0,4.0,,0.0,0.0,309.0,1
68.0,20881.44,341.0,1.0,1.0,0.0,1.0,482.0,1
58.0,19040.62,290.0,14.0,3.0,0.0,0.0,752.0,1
64.0,37754.02,501.0,11.0,2.0,0.0,1.0,716.0,1
27.0,40317.07,321.0,12.0,2.0,1.0,0.0,696.0,0
18.0,3934.47,339.0,12.0,0.0,0.0,1.0,682.0,0
29.0,46471.07,177.0,10.0,4.0,0.0,1.0,526.0,0
67.0,29035.61,48.0,10.0,2.0,0.0,1.0,836.0,0
64.0,27213.24,234.0,6.0,1.0,0.0,1.0,372.0,0
43.0,42690.54,560.0,1.0,4.0,0.0,0.0,665.0,1
54.0,506.84,319.0,9.0,4.0,1.0,1.0,744.0,1
63.0,46992.35,143.0,1.0,2.0,0.0,1.0,517.0,0
26.0,21381.53,556.0,1.0,1.0,0.0,1.0,812.0,1
39.0,8124.05,578.0,9.0,1.0,0.0,1.0,658.0,1
48.0,45799.48,161.0,8.0,,0.0,1.0,426.0,1
20.0,11849.47,558.0,1.0,0.0,1.0,0.0,465.0,0
32.0,14988.86,317.0,13.0,0.0,0.0,1.0,322.0,0
62.0,31115.14,73.0,8.0,1.0,1.0,0.0,455.0,0
18.0,21535.04,335.0,,3.0,0.0,0.0,414.0,1
68.0,5050.52,405.0,13.0,2.0,1.0,0.0,665.0,1
47.0,6303.07,202.0,9.0,2.0,0.0,1.0,746.0,0
55.0,36269.03,23.0,10.0,2.0,0.0,0.0,767.0,0
48.0,20277.67,406.0,7.0,1.0,0.0,1.0,773.0,1
62.0,43278.03,365.0,1.0,3.0,0.0,1.0,699.0,1
49.0,36277.87,141.0,6.0,0.0,1.0,0.0,673.0,0
28.0,46836.49,489.0,9.0,1.0,1.0,0.0,484.0,1
33.0,7028.78,521.0,13.0,0.0,1.0,1.0,601.0,0
50.0,34981.23,147.0,8.0,3.0,0.0,1.0,764.0,0
68.0,2158.13,86.0,7.0,4.0,0.0,0.0,658.0,1
53.0,30112.72,35.0,9.0,1.0,0.0,1.0,603.0,0
28.0,15786.54,385.0,1.0,3.0,1.0,0.0,772.0,1
47.0,34369.47,94.0,13.0,2.0,0.0,1.0,344.0,0
48.0,20755.24,310.0,11.0,1.0,0.0,0.0,580.0,0
33.0,31412.58,334.0,1.0,4.0,0.0,1.0,331.0,1
33.0,24955.99,41.0,6.0,3.0,0.0,0.0,649.0,0
20.0,45808.86,169.0,9.0,0.0,1.0,0.0,417.0,0
24.0,11945.73,396.0,9.0,,0.0,1.0,763.0,1
33.0,30953.49,55.0,8.0,3.0,,0.0,476.0,0
42.0,49211.96,31.0,9.0,3.0,1.0,1.0,431.0,0
54.0,18185.59,28.0,11.0,3.0,0.0,0.0,620.0,0
62.0,41849.11,473.0,5.0,1.0,1.0,1.0,546.0,1
18.0,37748.91,,12.0,3.0,0.0,0.0,,0
64.0,31541.18,82.0,11.0,3.0,0.0,0.0,703.0,0
27.0,18295.52,411.0,7.0,4.0,0.0,1.0,575.0,1
33.0,46186.78,533.0,6.0,3.0,0.0,0.0,686.0,1
22.0,49534.27,390.0,8.0,0.0,0.0,0.0,300.0,1
48.0,9795.84,343.0,5.0,4.0,0.0,1.0,407.0,1
39.0,44741.3,246.0,11.0,1.0,1.0,1.0,636.0,1
52.0,6971.65,351.0,12.0,2.0,1.0,0.0,558.0,0
,38672.67,148.0,4.0,4.0,1.0,1.0,750.0,0
41.0,4536.18,37.0,6.0,4.0,0.0,1.0,601.0,0
44.0,12486.34,,10.0,1.0,0.0,0.0,625.0,0
53.0,14850.37,295.0,12.0,3.0,1.0,0.0,811.0,1
62.0,26438.73,130.0,9.0,3.0,1.0,0.0,313.0,0
62.0,37759.74,75.0,5.0,2.0,1.0,1.0,817.0,0
47.0,27666.32,438.0,2.0,0.0,0.0,1.0,693.0,1
36.0,4980.14,374.0,3.0,0.0,1.0,0.0,740.0,1
58.0,37648.93,474.0,13.0,0.0,0.0,1.0,451.0,1
29.0,6357.68,562.0,9.0,0.0,,1.0,499.0,1
59.0,37405.09,399.0,6.0,2.0,0.0,0.0,782.0,1
63.0,20965.83,478.0,3.0,0.0,1.0,0.0,670.0,1
39.0,4802.49,202.0,4.0,2.0,0.0,0.0,365.0,0
64.0,39621.43,84.0,2.0,0.0,0.0,1.0,508.0,1
29.0,33576.34,215.0,14.0,2.0,0.0,0.0,749.0,0
59.0,11729.56,363.0,9.0,4.0,0.0,0.0,616.0,0
25.0,24776.92,594.0,13.0,3.0,0.0,1.0,575.0,1
31.0,42984.39,44.0,9.0,4.0,1.0,0.0,502.0,0
63.0,22375.28,132.0,14.0,3.0,0.0,0.0,682.0,0
61.0,3556.39,146.0,13.0,2.0,0.0,0.0,561.0,0
41.0,11796.15,90.0,6.0,2.0,0.0,0.0,468.0,0
19.0,32094.62,408.0,7.0,1.0,0.0,0.0,369.0,1
57.0,17547.58,442.0,12.0,4.0,0.0,1.0,789.0,1
34.0,18066.02,200.0,9.0,4.0,0.0,1.0,548.0,0
54.0,21737.56,476.0,8.0,0.0,1.0,1.0,696.0,1
44.0,18870.56,170.0,11.0,2.0,1.0,1.0,776.0,0
30.0,28140.46,419.0,1.0,2.0,0.0,1.0,421.0,1
68.0,27752.94,398.0,3.0,,0.0,1.0,777.0,1
44.0,41609.42,433.0,10.0,2.0,1.0,0.0,421.0,1
56.0,10472.3,362.0,13.0,3.0,0.0,0.0,672.0,1
48.0,1795.41,103.0,7.0,0.0,0.0,1.0,523.0,0
26.0,38766.05,155.0,1.0,1.0,1.0,0.0,311.0,0
35.0,24675.65,252.0,5.0,2.0,1.0,,795.0,0
21.0,27841.29,75.0,8.0,1.0,0.0,,555.0,0
19.0,16338.38,87.0,8.0,0.0,0.0,1.0,739.0,1
44.0,11396.88,415.0,7.0,4.0,0.0,0.0,704.0,1
24.0,20744.05,2.0,7.0,4.0,1.0,0.0,,0
20.0,16168.17,417.0,,4.0,1.0,1.0,620.0,1
59.0,16063.61,36.0,6.0,3.0,0.0,0.0,837.0,0
38.0,47088.05,160.0,8.0,4.0,0.0,0.0,799.0,1
63.0,29973.77,352.0,3.0,4.0,0.0,1.0,827.0,1
46.0,29527.09,329.0,3.0,0.0,0.0,1.0,571.0,1
30.0,30945.22,416.0,4.0,2.0,0.0,1.0,560.0,1
26.0,10407.49,158.0,6.0,0.0,0.0,1.0,423.0,0
37.0,38329.9,64.0,7.0,0.0,0.0,1.0,662.0,0
67.0,41863.79,296.0,14.0,2.0,0.0,0.0,579.0,1
36.0,27183.38,444.0,8.0,4.0,1.0,1.0,752.0,1
50.0,8360.7,95.0,7.0,0.0,1.0,0.0,305.0,0
56.0,21868.79,327.0,12.0,1.0,0.0,0.0,555.0,0
34.0,30764.83,499.0,13.0,3.0,0.0,1.0,536.0,1
61.0,42874.2,537.0,6.0,1.0,0.0,1.0,491.0,1
33.0,5838.81,68.0,5.0,1.0,1.0,0.0,404.0,0
55.0,24399.26,356.0,12.0,2.0,0.0,1.0,553.0,0
65.0,34437.4,597.0,9.0,3.0,0.0,0.0,300.0,1
33.0,47375.81,305.0,13.0,2.0,0.0,1.0,675.0,1
48.0,4395.08,580.0,11.0,3.0,1.0,0.0,327.0,0
31.0,38537.73,263.0,8.0,4.0,0.0,1.0,843.0,1
52.0,33422.24,538.0,10.0,3.0,0.0,1.0,831.0,1
68.0,5379.0,313.0,9.0,2.0,0.0,1.0,683.0,1
48.0,11553.27,91.0,14.0,4.0,1.0,0.0,320.0,0
19.0,44658.1,474.0,7.0,2.0,1.0,1.0,486.0,1
68.0,1192.23,424.0,7.0,2.0,0.0,0.0,819.0,1
33.0,7600.54,42.0,14.0,2.0,0.0,1.0,501.0,0
,10426.36,,2.0,2.0,0.0,0.0,357.0,0
30.0,8598.43,508.0,13.0,2.0,0.0,0.0,801.0,1
31.0,47320.71,178.0,12.0,4.0,1.0,1.0,320.0,0
55.0,15945.46,552.0,6.0,0.0,1.0,0.0,504.0,1
46.0,20939.86,499.0,5.0,3.0,0.0,1.0,652.0,1
42.0,39167.12,186.0,,4.0,1.0,1.0,485.0,0
63.0,34767.88,417.0,7.0,4.0,0.0,0.0,372.0,1
20.0,10763.47,236.0,4.0,2.0,0.0,0.0,400.0,0
61.0,65.61,276.0,9.0,1.0,0.0,0.0,,0
52.0,40525.66,507.0,7.0,0.0,1.0,1.0,798.0,1
40.0,40336.26,235.0,8.0,3.0,1.0,0.0,526.0,1
69.0,2731.64,68.0,,0.0,0.0,0.0,747.0,0
27.0,26403.48,464.0,4.0,0.0,1.0,0.0,697.0,1
30.0,20658.83,42.0,2.0,3.0,1.0,1.0,330.0,0
21.0,48894.62,339.0,9.0,3.0,0.0,0.0,693.0,1
41.0,45223.63,281.0,2.0,3.0,0.0,0.0,707.0,1
67.0,27628.23,281.0,9.0,1.0,0.0,1.0,813.0,1
66.0,17735.05,403.0,7.0,3.0,,1.0,610.0,1
66.0,44051.48,568.0,7.0,4.0,1.0,1.0,599.0,1
,27913.57,258.0,3.0,2.0,0.0,1.0,694.0,0
42.0,37666.48,252.0,2.0,4.0,1.0,0.0,631.0,1
27.0,27005.12,53.0,11.0,2.0,1.0,1.0,716.0,0
20.0,25347.19,209.0,4.0,2.0,1.0,1.0,807.0,1
54.0,9744.04,442.0,11.0,0.0,0.0,0.0,315.0,0
68.0,19946.13,446.0,3.0,0.0,1.0,1.0,398.0,1
51.0,18080.65,400.0,5.0,2.0,0.0,1.0,392.0,1
18.0,13006.75,244.0,9.0,1.0,0.0,0.0,539.0,0
27.0,43080.68,465.0,1.0,2.0,0.0,1.0,685.0,1
24.0,35952.58,541.0,1.0,2.0,0.0,0.0,584.0,1
68.0,41767.89,340.0,6.0,2.0,0.0,1.0,460.0,1
37.0,27657.84,295.0,11.0,4.0,0.0,0.0,836.0,1
50.0,20101.5,74.0,13.0,2.0,1.0,1.0,769.0,0
48.0,34487.39,329.0,4.0,3.0,0.0,1.0,839.0,1
67.0,6175.25,96.0,9.0,1.0,0.0,1.0,526.0,0
53.0,10109.3,354.0,3.0,3.0,0.0,0.0,652.0,1
60.0,32069.93,182.0,14.0,3.0,0.0,1.0,827.0,0
28.0,32817.58,254.0,13.0,0.0,0.0,1.0,816.0,1
41.0,13886.57,437.0,5.0,4.0,0.0,1.0,382.0,1
20.0,3598.16,214.0,11.0,1.0,1.0,1.0,832.0,0
60.0,16486.27,232.0,4.0,2.0,0.0,0.0,774.0,0
48.0,49300.15,117.0,14.0,4.0,0.0,1.0,758.0,1
57.0,14767.82,210.0,8.0,1.0,1.0,0.0,590.0,0
28.0,11989.21,595.0,10.0,3.0,0.0,0.0,621.0,1
50.0,45577.36,279.0,1.0,3.0,1.0,0.0,798.0,1
41.0,8605.34,208.0,12.0,0.0,0.0,0.0,389.0,0
47.0,44397.92,142.0,13.0,0.0,0.0,1.0,514.0,0
22.0,49097.76,66.0,7.0,2.0,0.0,1.0,454.0_err,0
46.0,25213.72,52.0,2.0,4.0,0.0,1.0,508.0,0
66.0,26998.82,362.0,8.0,2.0,0.0,0.0,530.0,1
41.0,20172.53,582.0,6.0,0.0,0.0,1.0,771.0,1
34.0,,245.0,13.0,1.0,1.0,1.0,368.0,0
43.0,12305.35,13.0,3.0,3.0,0.0,1.0,634.0,0
52.0,1239.17,513.0,14.0,4.0,1.0,1.0,375.0,0
54.0,46157.93,366.0,11.0,4.0,1.0,1.0,678.0,1
51.0,48162.23,205.0,8.0,1.0,0.0,1.0,312.0,0
24.0,46582.53,553.0,8.0,1.0,1.0,0.0,573.0,1
18.0,17458.24,588.0,7.0,3.0,0.0,1.0,745.0,1
45.0,44010.39,97.0,7.0,4.0,0.0,1.0,618.0,0
20.0,48761.49,210.0,8.0,0.0,0.0,1.0,482.0,0
68.0,43586.99,486.0,8.0,1.0,0.0,0.0,398.0,1
50.0,9317.47,225.0,6.0,4.0,0.0,1.0,789.0,1
36.0,4933.99,217.0,5.0,4.0,1.0,0.0,761.0,0
35.0,1414.39,87.0,13.0,3.0,0.0,1.0,301.0,0
67.0,23984.53,451.0,2.0,4.0,0.0,1.0,767.0,1
25.0,14636.07,158.0,12.0,4.0,1.0,0.0,841.0,0
32.0,11391.49,35.0,3.0,3.0,0.0,0.0,440.0,0
20.0,7064.21,31.0,12.0,1.0,0.0,0.0,720.0,0
32.0,45180.06,191.0,3.0,1.0,0.0,1.0,615.0,1
33.0,31759.3,244.0,1.0,1.0,1.0,0.0,443.0,1
45.0,23385.73,245.0,11.0,0.0,1.0,1.0,576.0,0
29.0,49081.77,164.0,12.0,1.0,0.0,0.0,801.0,0
65.0,2413.37,225.0,7.0,4.0,0.0,0.0,408.0,0
49.0,40189.12,187.0,4.0,3.0,0.0,1.0,309.0,0
46.0,,323.0,3.0,1.0,0.0,0.0,784.0,0
69.0,8463.71,567.0,12.0,0.0,0.0,0.0,633.0,0
47.0,16631.59,150.0,8.0,4.0,0.0,1.0,611.0,1
66.0,219.07,229.0,1.0,0.0,0.0,0.0,565.0,0
19.0,40.82,200.0,10.0,4.0,1.0,0.0,337.0,0
40.0,20120.41,257.0,14.0,4.0,0.0,1.0,771.0,1
35.0,13384.19,214.0,13.0,4.0,0.0,0.0,464.0,0
55.0,17458.3,,1.0,3.0,0.0,0.0,570.0,0
30.0,29941.44,66.0,13.0,1.0,0.0,1.0,644.0,0
49.0,8979.35,595.0,3.0,0.0,0.0,1.0,689.0,1
54.0,46853.58,238.0,2.0,4.0,0.0,0.0,407.0,1
40.0,19032.46,110.0,9.0,2.0,1.0,1.0,529.0,0
46.0,24740.92,79.0,8.0,2.0,0.0,0.0,543.0,0
49.0,7445.9,135.0,1.0,2.0,0.0,0.0,670.0,1
48.0,47457.63,415.0,10.0,1.0,1.0,1.0,379.0,1
21.0,40366.17,488.0,4.0,3.0,0.0,1.0,691.0,1
19.0,46262.57,550.0,8.0,1.0,1.0,0.0,674.0,1
49.0,44772.97,72.0,9.0,2.0,0.0,1.0,387.0,0
46.0,21523.49,431.0,1.0,3.0,0.0,1.0,383.0,1
39.0,28553.95,475.0,12.0,0.0,0.0,1.0,350.0,0
53.0,34044.44,28.0,13.0,1.0,0.0,1.0,653.0,0
41.0,49686.08,254.0,11.0,0.0,0.0,0.0,507.0,0
26.0,1474.84,1.0,5.0,2.0,0.0,0.0,841.0,0
62.0,34741.59,92.0,1.0,4.0,0.0,0.0,,1
31.0,,594.0,12.0,2.0,1.0,1.0,436.0,1
36.0,32326.94,216.0,12.0,4.0,0.0,1.0,304.0,0
64.0,506.92,31.0,12.0,3.0,0.0,1.0,328.0,0
50.0,30460.62,506.0,5.0,4.0,1.0,1.0,705.0,1
45.0,24168.78,482.0,11.0,4.0,1.0,0.0,416.0,1
32.0,7614.96,152.0,3.0,2.0,1.0,0.0,847.0,0
44.0,26336.5,91.0,5.0,1.0,1.0,0.0,756.0,0
29.0,46547.16,307.0,3.0,0.0,0.0,0.0,515.0,1
53.0,4209.11,54.0,9.0,2.0,0.0,1.0,356.0,0
68.0,11351.86,434.0,5.0,0.0,0.0,0.0,331.0,1
20.0,33491.13,167.0,12.0,0.0,1.0,0.0,364.0,0
66.0,27515.35,174.0,12.0,3.0,1.0,1.0,451.0,0
21.0,47798.13,448.0,4.0,3.0,0.0,1.0,505.0,1
42.0,28180.47,383.0,9.0,2.0,0.0,1.0,326.0,0
43.0,46344.81,51.0,4.0,4.0,0.0,1.0,736.0,0
31.0,17374.05,419.0,14.0,0.0,0.0,1.0,711.0,1
42.0,21657.54,234.0,7.0,2.0,1.0,1.0,668.0,0
39.0,,285.0,1.0,2.0,0.0,1.0,753.0,1
66.0,29851.57,272.0,8.0,1.0,1.0,0.0,730.0,0
31.0,11881.48,546.0,6.0,0.0,0.0,1.0,679.0,1
34.0,28504.57,309.0,6.0,2.0,0.0,0.0,443.0,0
36.0,25947.4,535.0,10.0,4.0,0.0,1.0,482.0,1
46.0,33790.54,384.0,5.0,2.0,0.0,1.0,520.0,1
46.0,46798.31,517.0,7.0,2.0,0.0,0.0,723.0,1
35.0,602.85,46.0,10.0,1.0,0.0,0.0,373.0,0
31.0,12953.49,400.0,3.0,1.0,0.0,0.0,356.0,1
68.0,24964.47,199.0,4.0,1.0,1.0,0.0,823.0,1
61.0,27589.53,309.0,3.0,0.0,0.0,1.0,384.0,0
62.0,7580.13,186.0,10.0,3.0,1.0,0.0,581.0,0
38.0,49787.34,496.0,6.0,1.0,0.0,0.0,813.0,1
46.0,19420.29,111.0,8.0,,1.0,1.0,597.0,0
49.0,31938.27,158.0,12.0,1.0,0.0,0.0,459.0,0
62.0,3018.32,5.0,14.0,4.0,0.0,1.0,713.0,0
67.0,42812.52,543.0,2.0,1.0,1.0,0.0,420.0,1
23.0,25755.32,436.0,1.0,0.0,0.0,0.0,339.0,1
32.0,46778.59,447.0,3.0,2.0,1.0,1.0,418.0,0
58.0,12911.59,530.0,1.0,0.0,0.0,0.0,567.0,1
46.0,39078.31,475.0,8.0,3.0,1.0,1.0,715.0,1
41.0,43122.08,237.0,12.0,3.0,0.0,0.0,833.0,0
32.0,8508.03,142.0,6.0,2.0,1.0,0.0,589.0,0
59.0,48872.54,279.0,7.0,3.0,1.0,1.0,849.0,1
24.0,13976.97,427.0,5.0,1.0,0.0,0.0,587.0,1
36.0,16889.99,290.0,8.0,1.0,,1.0,770.0,1
55.0,41560.1,368.0,6.0,3.0,0.0,1.0,333.0,0
46.0,7236.85,375.0,14.0,3.0,1.0,0.0,457.0,0
53.0,38067.93,185.0,2.0,2.0,0.0,1.0,356.0,0
58.0,41718.57,322.0,1.0,1.0,,0.0,676.0,1
68.0,16637.46,275.0,4.0,1.0,0.0,0.0,368.0,0
,47140.2,346.0,13.0,1.0,1.0,1.0,462.0,0
69.0,26590.48,284.0,2.0,1.0,0.0,0.0,645.0,1
34.0,19819.33,42.0,7.0,1.0,1.0,1.0,509.0,0
46.0,5764.69,390.0,10.0,4.0,1.0,1.0,578.0,0
60.0,41285.49,289.0,5.0,0.0,0.0,1.0,708.0,1
18.0,592.29,526.0,11.0,2.0,0.0,0.0,681.0,0
22.0,23766.57,447.0,1.0,4.0,0.0,1.0,353.0,1
34.0,45636.55,106.0,9.0,3.0,1.0,1.0,731.0,0
37.0,34573.68,,5.0,2.0,1.0,0.0,529.0,0
46.0,32703.28,324.0,14.0,0.0,0.0,1.0,690.0,1
,46455.7,189.0,12.0,1.0,0.0,0.0,407.0,0
66.0,29532.56,216.0,1.0,3.0,0.0,0.0,478.0,1
44.0,,339.0,3.0,3.0,0.0,1.0,430.0,1
69.0,18644.35,499.0,2.0,4.0,0.0,0.0,773.0,1
35.0,47007.47,313.0,1.0,3.0,0.0,1.0,822.0,1
53.0,14642.33,547.0,3.0,3.0,1.0,1.0,389.0,1
68.0,38115.44,372.0,11.0,1.0,,0.0,693.0,1
53.0,41143.92,205.0,6.0,1.0,0.0,1.0,496.0,0
41.0,48432.65,174.0,6.0,1.0,0.0,0.0,578.0,1
41.0,41107.37,511.0,6.0,2.0,0.0,0.0,344.0,1
32.0,22964.06,206.0,11.0,2.0,0.0,1.0,463.0,0
,17259.77,94.0,10.0,2.0,0.0,1.0,460.0,0
39.0,11498.63,102.0,13.0,3.0,0.0,1.0,586.0,0
30.0,46738.12,359.0,9.0,4.0,0.0,1.0,496.0,0
29.0,24926.06,389.0,,3.0,1.0,0.0,790.0,1
21.0,36746.22,415.0,3.0,3.0,1.0,1.0,456.0,1
20.0,1512.91,183.0,4.0,1.0,1.0,1.0,650.0,0
57.0,2432.99,383.0,5.0,4.0,0.0,1.0,435.0,1
42.0,12320.89,25.0,,1.0,0.0,1.0,742.0,0
51.0,26650.45,251.0,1.0,4.0,0.0,1.0,417.0,1
69.0,19147.32,579.0,1.0,3.0,0.0,0.0,457.0,1
20.0,32093.19,139.0,12.0,4.0,0.0,,,0
39.0,49700.57,181.0,5.0,3.0,0.0,1.0,577.0,1
33.0,41559.31,12.0,14.0,4.0,0.0,0.0,343.0,0
43.0,27741.14,433.0,1.0,4.0,1.0,0.0,379.0,1
19.0,9937.58,189.0,12.0,0.0,0.0,0.0,674.0,0
40.0,37061.79,172.0,12.0,3.0,0.0,1.0,507.0,0
57.0,38158.92,453.0,14.0,2.0,0.0,1.0,,1
31.0,25686.15,62.0,3.0,3.0,0.0,0.0,576.0,0
23.0,18229.28,246.0,3.0,4.0,0.0,0.0,560.0,0
29.0,29707.86,167.0,6.0,1.0,0.0,1.0,606.0,0
65.0,4731.07,558.0,5.0,0.0,0.0,1.0,498.0,1
63.0,18935.58,221.0,2.0,3.0,0.0,0.0,794.0,1
,49997.29,274.0,2.0,3.0,0.0,0.0,720.0,1
49.0,47311.99,239.0,13.0,4.0,0.0,0.0,775.0,1
32.0,38626.95,527.0,2.0,0.0,1.0,0.0,745.0,1
39.0,28414.05,489.0,9.0,0.0,0.0,1.0,689.0,1
25.0,8984.95,382.0,11.0,0.0,1.0,0.0,832.0,0
42.0,13122.43,117.0,7.0,3.0,,1.0,426.0,0
55.0,7662.94,19.0,13.0,4.0,1.0,1.0,436.0,0
58.0,44989.27,271.0,14.0,4.0,0.0,1.0,376.0,1
59.0,3534.97,160.0,4.0,0.0,0.0,1.0,502.0,0
50.0,20354.64,112.0,3.0,3.0,0.0,1.0,513.0,1
41.0,6875.27,594.0,2.0,2.0,0.0,0.0,397.0,1
45.0,48062.15,565.0,1.0,3.0,0.0,0.0,535.0,1
67.0,39573.2,427.0,10.0,3.0,1.0,0.0,,1
22.0,23238.92,329.0,6.0,3.0,1.0,0.0,535.0,0
69.0,2360.07,594.0,6.0,1.0,0.0,0.0,397.0,1
28.0,17090.74,31.0,10.0,4.0,1.0,1.0,844.0,0
42.0,48623.26,197.0,14.0,3.0,1.0,1.0,570.0,0
22.0,23894.46,427.0,5.0,2.0,0.0,0.0,610.0,1
42.0,14150.61,115.0,8.0,1.0,0.0,1.0,614.0,0
67.0,43139.0,75.0,7.0,1.0,0.0,1.0,724.0,0
34.0,35749.27,473.0,1.0,1.0,0.0,1.0,805.0,1
45.0,10293.75,164.0,3.0,4.0,0.0,0.0,542.0,1
25.0,29600.01,292.0,13.0,1.0,,1.0,404.0,0
44.0,18717.9,564.0,2.0,1.0,0.0,1.0,,1
66.0,22429.3,215.0,9.0,3.0,1.0,1.0,547.0,0
54.0,19036.39,53.0,7.0,3.0,0.0,0.0,647.0,0
33.0,16382.12,482.0,9.0,3.0,0.0,0.0,576.0,1
24.0,6487.42,573.0,12.0,3.0,0.0,1.0,467.0,1
,44197.49,241.0,9.0,4.0,1.0,0.0,829.0,1
21.0,17722.84,311.0,4.0,0.0,0.0,1.0,303.0,0
57.0,7662.58,361.0,3.0,2.0,0.0,0.0,,1
32.0,38979.55,35.0,5.0,2.0,1.0,1.0,311.0,0
47.0,6657.62,342.0,6.0,2.0,0.0,1.0,674.0,1
65.0,46433.19,,8.0,3.0,0.0,1.0,398.0,0
35.0,26653.55,393.0,4.0,2.0,0.0,0.0,821.0,1
34.0,17580.99,445.0,1.0,3.0,0.0,1.0,525.0,1
48.0,41152.98,592.0,10.0,1.0,1.0,1.0,491.0,1
32.0,5445.69,337.0,,2.0,,0.0,406.0,0
47.0,39406.57,595.0,11.0,0.0,0.0,0.0,790.0,1
38.0,47946.06,457.0,8.0,4.0,0.0,0.0,347.0,1
23.0,38730.75,35.0,8.0,3.0,0.0,0.0,696.0,0
24.0,24860.68,99.0,10.0,1.0,1.0,1.0,576.0,0
62.0,35967.5,119.0,10.0,4.0,0.0,1.0,745.0,1
60.0,23881.31,217.0,8.0,0.0,1.0,1.0,425.0,0
47.0,49912.14,179.0,1.0,4.0,0.0,1.0,729.0,0
21.0,42739.36,118.0,6.0,4.0,0.0,0.0,675.0,0
51.0,29101.55,122.0,1.0,3.0,1.0,0.0,802.0,1
56.0,18414.74,560.0,13.0,0.0,1.0,0.0,531.0,0
23.0,31822.39,165.0,11.0,2.0,0.0,1.0,521.0,0
30.0,15637.89,210.0,12.0,1.0,0.0,0.0,724.0,0
65.0,42027.86,48.0,1.0,2.0,0.0,0.0,377.0,0
64.0,9057.45,598.0,10.0,4.0,0.0,0.0,313.0,1
34.0,17913.71,210.0,10.0,4.0,0.0,1.0,407.0,0
18.0,41904.2,580.0,10.0,4.0,1.0,1.0,632.0,1
24.0,4787.94,431.0,1.0,4.0,0.0,0.0,796.0,1
42.0,15960.7,3.0,11.0,4.0,1.0,0.0,520.0,0
23.0,13333.33,464.0,1.0,0.0,1.0,0.0,437.0,1
32.0,12177.13,5.0,4.0,3.0,0.0,1.0,483.0,0
24.0,40245.38,341.0,4.0,4.0,1.0,,758.0,1
28.0,38622.21,143.0,6.0,3.0,0.0,0.0,849.0,1
,39866.57,157.0,2.0,4.0,1.0,0.0,311.0,0
32.0,9171.7,416.0,6.0,4.0,0.0,0.0,478.0,1
18.0,12716.48,275.0,7.0,3.0,0.0,1.0,488.0,0
55.0,18545.51,495.0,9.0,0.0,0.0,1.0,360.0,0
19.0,40282.28,154.0,10.0,3.0,0.0,1.0,653.0,0
29.0,21337.92,498.0,8.0,3.0,0.0,1.0,715.0,1
55.0,26696.23,501.0,13.0,1.0,0.0,0.0,487.0,0
43.0,7526.44,15.0,6.0,4.0,0.0,1.0,,0
22.0,42874.7,96.0,4.0,1.0,0.0,0.0,505.0,0
65.0,2202.32,424.0,10.0,2.0,1.0,1.0,551.0,0
35.0,19663.22,312.0,14.0,4.0,1.0,0.0,781.0,0
44.0,38796.96,302.0,14.0,4.0,0.0,0.0,,1
28.0,11002.14,467.0,11.0,1.0,0.0,0.0,732.0,1
34.0,5515.82,577.0,3.0,2.0,0.0,1.0,562.0,1
21.0,34805.41,31.0,13.0,3.0,1.0,1.0,447.0,0
66.0,42126.51,106.0,4.0,0.0,1.0,0.0,634.0,1
60.0,41151.24,473.0,4.0,2.0,1.0,0.0,407.0,1
60.0,18056.33,551.0,3.0,3.0,0.0,0.0,426.0,1
49.0,20439.74,386.0,9.0,1.0,0.0,1.0,493.0,0
28.0,15442.72,421.0,13.0,4.0,0.0,0.0,784.0,1
23.0,15805.69,541.0,8.0,3.0,0.0,0.0,739.0,1
53.0,36271.93,404.0,5.0,1.0,0.0,0.0,810.0,1
25.0,,380.0,13.0,2.0,0.0,1.0,621.0,1
46.0,31829.13,94.0,4.0,0.0,0.0,1.0,337.0,0
40.0,37324.36,65.0,4.0,3.0,1.0,1.0,372.0,0
52.0,5736.97,241.0,6.0,2.0,0.0,0.0,621.0,0
23.0,44765.34,436.0,7.0,4.0,0.0,1.0,359.0,1
51.0,7025.71,296.0,5.0,3.0,0.0,1.0,454.0,0
44.0,18689.02,265.0,1.0,0.0,0.0,0.0,547.0,1
22.0,11865.83,180.0,13.0,3.0,1.0,1.0,326.0,0
24.0,25171.95,447.0,13.0,1.0,1.0,1.0,345.0,0
29.0,903.39,157.0,8.0,3.0,0.0,1.0,548.0,0
39.0,10470.24,226.0,13.0,0.0,1.0,1.0,595.0,0
,32382.79,138.0,12.0,3.0,0.0,0.0,727.0,0
,34912.7,560.0,13.0,0.0,0.0,1.0,634.0,1
61.0,4998.26,438.0,14.0,1.0,0.0,1.0,492.0,0
69.0,39949.74,328.0,4.0,1.0,0.0,1.0,666.0,1
59.0,42920.35,215.0,9.0,3.0,0.0,1.0,313.0,0
25.0,31613.07,510.0,1.0,1.0,0.0,0.0,302.0,1
18.0,566.72,101.0,1.0,0.0,1.0,0.0,832.0,0
46.0,37560.19,525.0,6.0,0.0,0.0,0.0,630.0,1
31.0,29437.21,48.0,8.0,2.0,0.0,0.0,816.0,0
31.0,46735.15,277.0,1.0,0.0,0.0,1.0,732.0,1
46.0,37447.5,419.0,8.0,4.0,0.0,0.0,491.0,1
48.0,39346.73,48.0,3.0,2.0,0.0,1.0,553.0,0
18.0,13045.24,213.0,13.0,0.0,1.0,1.0,507.0,0
58.0,38074.76,384.0,1.0,0.0,0.0,1.0,589.0,1
61.0,14632.75,477.0,6.0,0.0,0.0,0.0,403.0,0
35.0,24156.97,130.0,3.0,1.0,0.0,1.0,467.0,0
33.0,19506.53,527.0,10.0,4.0,1.0,0.0,733.0_err,1
29.0,32395.01,543.0,7.0,4.0,0.0,1.0,505.0,1
58.0,16697.1,224.0,9.0,1.0,1.0,0.0,671.0,0
55.0,22226.75,168.0,7.0,3.0,0.0,1.0,,1
45.0,11149.04,314.0,9.0,4.0,0.0,1.0,572.0,0
25.0,18384.39,442.0,14.0,4.0,0.0,0.0,335.0,0
49.0,26647.39,529.0,5.0,4.0,1.0,1.0,756.0,1
22.0,49412.88,354.0,2.0,3.0,0.0,0.0,740.0,1
20.0,21367.55,314.0,6.0,2.0,0.0,1.0,776.0,1
64.0,12292.51,186.0,7.0,2.0,0.0,1.0,717.0,1
41.0,9688.65,70.0,7.0,3.0,0.0,0.0,350.0,0
36.0,47681.81,165.0,3.0,1.0,0.0,1.0,581.0,0
18.0,4237.68,120.0,14.0,1.0,1.0,0.0,620.0,0
40.0,21503.66,255.0,13.0,1.0,0.0,1.0,414.0,0
21.0,23136.78,89.0,14.0,4.0,0.0,0.0,414.0,0
34.0,8413.18,443.0,9.0,4.0,,1.0,315.0,0
58.0,33259.06,162.0,1.0,0.0,0.0,0.0,541.0,0
57.0,41027.47,138.0,11.0,0.0,0.0,0.0,541.0,0
45.0,9605.42,517.0,12.0,2.0,1.0,1.0,615.0,1
49.0,43659.99,490.0,10.0,3.0,0.0,0.0,437.0,1
68.0,44002.0,261.0,5.0,3.0,1.0,0.0,327.0,0
63.0,33533.68,263.0,9.0,2.0,1.0,0.0,822.0,1
69.0,9164.79,128.0,3.0,4.0,0.0,0.0,825.0,1
56.0,5594.05,161.0,8.0,4.0,0.0,0.0,688.0,1
18.0,1105.62,493.0,14.0,1.0,1.0,1.0,374.0,0
31.0,11679.76,301.0,7.0,3.0,1.0,1.0,731.0,1
29.0,38351.84,130.0,10.0,2.0,0.0,1.0,789.0,0
42.0,6770.27,353.0,1.0,3.0,0.0,0.0,750.0,1
51.0,27753.91,43.0,14.0,1.0,,0.0,746.0,1
46.0,36461.84,22.0,2.0,1.0,0.0,1.0,421.0,0
50.0,7614.28,408.0,3.0,2.0,1.0,0.0,748.0,1
44.0,9435.56,129.0,11.0,4.0,0.0,1.0,611.0,0
49.0,40481.43,469.0,5.0,3.0,0.0,0.0,780.0,1
35.0,25803.48,188.0,2.0,2.0,1.0,1.0,367.0,0
48.0,,554.0,13.0,4.0,0.0,1.0,582.0,1
45.0,12994.9,591.0,14.0,1.0,0.0,1.0,600.0,1
56.0,19385.72,554.0,4.0,0.0,1.0,1.0,566.0,1
65.0,4715.97,56.0,6.0,1.0,0.0,0.0,488.0,0
41.0,10682.56,540.0,11.0,2.0,0.0,0.0,791.0,1
45.0,34448.61,507.0,12.0,0.0,1.0,1.0,378.0,1
52.0,43834.64,530.0,2.0,1.0,0.0,1.0,752.0,1
24.0,32944.84,396.0,3.0,3.0,0.0,1.0,819.0,1
34.0,4438.63,505.0,5.0,0.0,0.0,0.0,656.0,1
63.0,33740.75,93.0,9.0,3.0,1.0,0.0,563.0,0
55.0,947.06,4.0,14.0,3.0,0.0,0.0,726.0,0
42.0,46291.88,176.0,1.0,0.0,0.0,1.0,333.0,0
21.0,39871.38,389.0,14.0,1.0,0.0,0.0,397.0,1
38.0,3249.56,158.0,6.0,,0.0,0.0,511.0,0
52.0,30245.88,19.0,11.0,2.0,0.0,1.0,692.0,0
30.0,13381.26,37.0,,0.0,1.0,1.0,818.0,0
65.0,38323.5,38.0,14.0,2.0,1.0,1.0,319.0,0
32.0,12392.11,293.0,6.0,1.0,1.0,0.0,508.0,0
63.0,47834.7,186.0,12.0,4.0,0.0,0.0,372.0,0
20.0,10874.0,301.0,13.0,1.0,1.0,1.0,754.0,0
25.0,13004.15,425.0,11.0,4.0,0.0,0.0,810.0,1
66.0,21265.66,428.0,8.0,3.0,0.0,1.0,849.0,1
58.0,39544.61,271.0,7.0,4.0,0.0,1.0,801.0,1
41.0,14508.53,364.0,8.0,2.0,0.0,1.0,315.0,0
18.0,15224.6,343.0,7.0,0.0,0.0,0.0,494.0,0
25.0,36485.62,153.0,7.0,2.0,0.0,1.0,339.0,0
53.0,14296.48,319.0,6.0,0.0,1.0,1.0,792.0,1
31.0,40809.64,110.0,11.0,,0.0,0.0,320.0,0
31.0,42095.99,202.0,5.0,4.0,1.0,0.0,808.0,1
51.0,3329.23,376.0,3.0,4.0,0.0,0.0,386.0,1
54.0,39471.68,322.0,4.0,0.0,1.0,1.0,806.0,1
69.0,23783.62,405.0,12.0,3.0,1.0,0.0,733.0,1
31.0,21634.55,168.0,7.0,2.0,1.0,1.0,476.0,0
61.0,40432.17,394.0,11.0,2.0,0.0,0.0,574.0,1
38.0,10328.49,391.0,8.0,4.0,1.0,0.0,617.0,1
55.0,23215.75,318.0,8.0,4.0,0.0,1.0,452.0,1
49.0,22217.41,112.0,5.0,3.0,0.0,0.0,394.0,0
26.0,4800.97,30.0,8.0,2.0,0.0,1.0,666.0,0
26.0,26627.02,92.0,4.0,0.0,0.0,1.0,331.0,0
60.0,18142.83,497.0,14.0,4.0,1.0,1.0,393.0,1
51.0,23588.84,82.0,14.0,2.0,0.0,0.0,826.0,0
64.0,48116.07,444.0,7.0,1.0,0.0,0.0,337.0,1
53.0,19501.67,488.0,1.0,0.0,0.0,0.0,573.0,1
54.0,39330.74,5.0,13.0,1.0,0.0,0.0,785.0,0
42.0,42752.01,477.0,14.0,1.0,1.0,1.0,768.0,1
56.0,33496.57,444.0,1.0,3.0,0.0,1.0,526.0,1
20.0,811.99,153.0,1.0,1.0,0.0,0.0,650.0,0
66.0,,41.0,12.0,1.0,1.0,1.0,333.0,0
31.0,2262.45,567.0,4.0,3.0,0.0,0.0,308.0_err,1
19.0,20934.38,383.0,7.0,4.0,1.0,0.0,642.0,1
21.0,47986.12,251.0,9.0,2.0,1.0,0.0,634.0,1
58.0,32310.23,,7.0,0.0,0.0,0.0,631.0_err,0
35.0,9488.69,592.0,8.0,2.0,0.0,1.0,594.0,1
35.0,31032.49,140.0,14.0,2.0,0.0,1.0,584.0,0
63.0,49298.75,439.0,7.0,2.0,1.0,0.0,344.0,1
52.0,20813.38,76.0,13.0,4.0,0.0,0.0,642.0,0
19.0,44837.43,98.0,10.0,2.0,0.0,0.0,318.0,0
23.0,34222.44,355.0,6.0,2.0,0.0,0.0,456.0,1
61.0,45711.94,355.0,7.0,4.0,0.0,0.0,582.0,1
22.0,1499.83,512.0,6.0,4.0,0.0,1.0,750.0,1
53.0,47474.27,521.0,10.0,4.0,0.0,1.0,577.0,1
52.0,17602.19,268.0,3.0,2.0,0.0,1.0,342.0,0
55.0,3497.66,129.0,2.0,3.0,1.0,1.0,723.0,0
57.0,393.29,230.0,2.0,2.0,0.0,1.0,736.0,1
68.0,10353.89,492.0,7.0,2.0,0.0,1.0,680.0,1
60.0,7590.5,99.0,13.0,1.0,1.0,1.0,484.0,0
62.0,30318.48,157.0,12.0,1.0,1.0,0.0,349.0,0
63.0,49056.54,526.0,5.0,,0.0,1.0,558.0,1
59.0,21761.56,374.0,10.0,0.0,0.0,1.0,426.0,0
25.0,33780.72,299.0,7.0,2.0,1.0,0.0,387.0,0
37.0,18890.1,334.0,8.0,1.0,0.0,1.0,536.0,0
21.0,31773.06,507.0,9.0,0.0,0.0,1.0,491.0,0
58.0,33310.2,,7.0,2.0,0.0,0.0,602.0,1
36.0,15933.65,223.0,5.0,1.0,0.0,0.0,662.0,0
51.0,28334.77,546.0,8.0,2.0,0.0,0.0,510.0,1
56.0,16684.5,343.0,10.0,4.0,0.0,0.0,372.0,1
28.0,49919.84,47.0,11.0,0.0,0.0,0.0,418.0,0
51.0,15825.32,79.0,,2.0,0.0,0.0,,0
65.0,46010.51,304.0,1.0,4.0,0.0,,685.0,1
44.0,8806.26,179.0,10.0,0.0,0.0,0.0,671.0,0
28.0,9230.44,257.0,2.0,0.0,0.0,0.0,600.0,1
50.0,9596.76,326.0,1.0,0.0,0.0,1.0,617.0,1
55.0,5007.11,459.0,1.0,0.0,1.0,1.0,826.0,1
40.0,27067.65,384.0,14.0,0.0,0.0,0.0,423.0,0
67.0,9950.99,359.0,9.0,1.0,0.0,1.0,750.0,1
51.0,870.56,580.0,12.0,4.0,0.0,0.0,698.0,1
54.0,42620.1,467.0,8.0,3.0,1.0,1.0,310.0,1
38.0,26320.22,376.0,3.0,4.0,0.0,0.0,576.0,1
29.0,4547.67,247.0,14.0,3.0,1.0,1.0,,0
59.0,32915.09,362.0,11.0,3.0,0.0,0.0,329.0,0
21.0,29508.21,279.0,11.0,,0.0,1.0,504.0,0
,1235.04,264.0,8.0,0.0,0.0,1.0,350.0,0
69.0,2859.18,14.0,10.0,0.0,0.0,1.0,423.0,0
49.0,44953.51,,4.0,3.0,0.0,1.0,448.0,1
23.0,43134.14,279.0,10.0,1.0,0.0,0.0,848.0,1
39.0,49257.09,497.0,5.0,4.0,0.0,1.0,577.0,1
67.0,23703.88,419.0,14.0,4.0,1.0,1.0,419.0,1
18.0,48439.03,55.0,13.0,4.0,0.0,0.0,304.0,0
,29615.09,63.0,12.0,4.0,0.0,0.0,596.0,0
31.0,30536.63,585.0,14.0,2.0,1.0,1.0,736.0,1
38.0,9389.84,200.0,2.0,3.0,0.0,0.0,497.0,0
19.0,9057.17,67.0,3.0,1.0,0.0,1.0,487.0,0
69.0,6044.09,249.0,6.0,4.0,0.0,1.0,457.0,1
54.0,33198.27,106.0,10.0,1.0,1.0,0.0,479.0,0
59.0,12706.9,594.0,11.0,2.0,1.0,0.0,561.0,1
31.0,2339.37,58.0,10.0,2.0,0.0,0.0,653.0,0
43.0,6408.61,495.0,3.0,0.0,0.0,1.0,465.0,1
57.0,31832.15,44.0,11.0,1.0,0.0,1.0,800.0,0
47.0,49078.34,565.0,11.0,0.0,0.0,1.0,848.0,1
21.0,44439.61,317.0,8.0,1.0,1.0,1.0,379.0,0
54.0,26362.24,388.0,10.0,2.0,0.0,0.0,610.0,1
42.0,12859.75,522.0,5.0,3.0,0.0,1.0,800.0,1
65.0,19347.51,562.0,13.0,4.0,0.0,1.0,488.0,1
54.0,45234.9,197.0,12.0,1.0,1.0,0.0,360.0,0
38.0,7226.01,27.0,4.0,1.0,0.0,0.0,724.0,0
53.0,1076.29,501.0,10.0,1.0,0.0,0.0,599.0,0
18.0,28225.96,286.0,9.0,2.0,1.0,1.0,573.0,1
18.0,2568.18,11.0,10.0,4.0,0.0,1.0,727.0,0
57.0,45022.89,73.0,3.0,4.0,0.0,0.0,574.0,0
62.0,44015.11,473.0,4.0,1.0,0.0,0.0,475.0,1
51.0,32648.56,302.0,9.0,4.0,0.0,0.0,768.0,1
51.0,8720.14,248.0,1.0,0.0,0.0,1.0,765.0,1
38.0,20853.15,557.0,1.0,1.0,1.0,0.0,790.0,1
69.0,2169.96,23.0,8.0,3.0,0.0,1.0,433.0,0
63.0,47309.68,170.0,8.0,1.0,1.0,0.0,527.0,0
64.0,15820.47,2.0,11.0,4.0,0.0,0.0,464.0,0
43.0,2287.26,360.0,7.0,0.0,0.0,1.0,755.0,1
20.0,20363.97,167.0,8.0,2.0,0.0,0.0,459.0,0
60.0,44239.51,469.0,6.0,2.0,0.0,0.0,334.0,1
61.0,10698.57,581.0,5.0,0.0,0.0,1.0,841.0,1
59.0,12672.26,101.0,11.0,4.0,0.0,1.0,755.0,0
64.0,30961.69,5.0,11.0,0.0,0.0,0.0,764.0,0
22.0,20365.13,298.0,13.0,4.0,1.0,1.0,459.0,0
33.0,25128.73,292.0,13.0,1.0,0.0,1.0,303.0,0
57.0,45567.32,370.0,10.0,3.0,0.0,0.0,369.0,0
50.0,34638.43,219.0,3.0,3.0,1.0,0.0,553.0,0
28.0,15403.37,567.0,5.0,3.0,0.0,1.0,588.0,1
21.0,47335.61,452.0,5.0,4.0,1.0,1.0,,0
58.0,28233.51,,9.0,4.0,1.0,1.0,535.0,1
21.0,32480.22,218.0,11.0,0.0,1.0,0.0,518.0,0
25.0,12668.32,368.0,2.0,2.0,0.0,1.0,495.0,1
44.0,24414.17,143.0,6.0,2.0,1.0,1.0,643.0,1
43.0,32025.6,351.0,3.0,0.0,1.0,1.0,447.0,1
23.0,43957.57,581.0,11.0,4.0,0.0,0.0,760.0,1
30.0,35251.46,8.0,4.0,4.0,0.0,0.0,825.0,0
58.0,4042.02,401.0,12.0,4.0,0.0,0.0,541.0,0
45.0,4256.28,469.0,6.0,2.0,0.0,0.0,484.0,1
,28864.08,96.0,13.0,1.0,0.0,1.0,627.0,0
44.0,25405.71,550.0,10.0,2.0,0.0,1.0,626.0,1
29.0,15011.43,533.0,10.0,4.0,,0.0,808.0,1
32.0,6754.84,499.0,4.0,2.0,0.0,1.0,562.0,1
33.0,5928.76,523.0,11.0,0.0,1.0,0.0,302.0,1
66.0,37426.3,177.0,14.0,3.0,0.0,1.0,839.0,0
59.0,29170.03,107.0,8.0,4.0,0.0,0.0,312.0,0
49.0,46159.92,147.0,7.0,2.0,1.0,1.0,488.0,0
64.0,20926.26,51.0,6.0,4.0,0.0,0.0,828.0,0
29.0,,107.0,,2.0,0.0,0.0,688.0,0
42.0,49900.81,152.0,8.0,2.0,0.0,0.0,556.0,1
24.0,,337.0,8.0,0.0,0.0,0.0,313.0,0
57.0,48365.89,440.0,13.0,3.0,0.0,1.0,641.0,1
37.0,44912.64,255.0,1.0,2.0,0.0,1.0,356.0,0
26.0,22664.88,531.0,11.0,3.0,0.0,0.0,587.0,0
65.0,11892.47,192.0,12.0,3.0,0.0,1.0,353.0,0
49.0,30113.8,142.0,1.0,1.0,0.0,0.0,568.0,1
50.0,3010.16,58.0,12.0,1.0,0.0,1.0,733.0,0
19.0,15914.65,272.0,5.0,0.0,1.0,1.0,306.0,1
47.0,15204.3,425.0,9.0,0.0,1.0,1.0,496.0,1
43.0,26286.72,546.0,4.0,2.0,1.0,0.0,394.0,1
27.0,40846.48,196.0,,4.0,0.0,0.0,443.0,1
56.0,,124.0,6.0,3.0,1.0,1.0,316.0,0
36.0,44951.06,36.0,5.0,1.0,0.0,1.0,328.0,0
69.0,19603.3,90.0,3.0,0.0,1.0,0.0,377.0,0
61.0,11767.12,49.0,13.0,3.0,0.0,1.0,802.0,0
49.0,32198.73,279.0,11.0,3.0,0.0,1.0,450.0,0
29.0,20055.04,376.0,10.0,1.0,1.0,0.0,637.0,0
36.0,43102.19,37.0,10.0,3.0,1.0,1.0,646.0,0
24.0,34306.42,143.0,7.0,2.0,0.0,1.0,795.0,1
52.0,31352.0,373.0,5.0,2.0,0.0,1.0,675.0,1
66.0,45326.82,234.0,3.0,3.0,1.0,0.0,522.0,1
23.0,10600.74,153.0,4.0,2.0,0.0,1.0,523.0,0
,17245.53,487.0,5.0,1.0,,1.0,589.0,1
35.0,36713.56,133.0,4.0,1.0,0.0,1.0,388.0,0
51.0,44246.33,132.0,8.0,4.0,0.0,1.0,468.0,1
,28543.67,367.0,12.0,3.0,0.0,0.0,471.0,1
52.0,43275.44,337.0,10.0,2.0,0.0,1.0,763.0,1
68.0,7762.06,49.0,1.0,4.0,1.0,0.0,,0
59.0,41584.84,386.0,5.0,2.0,,1.0,784.0,1
20.0,42042.43,,6.0,0.0,1.0,1.0,347.0,0
33.0,31425.09,,13.0,1.0,1.0,1.0,831.0,0
53.0,12176.31,228.0,1.0,0.0,0.0,0.0,511.0,1
18.0,18816.76,208.0,7.0,0.0,0.0,1.0,364.0,0
47.0,28957.73,182.0,12.0,2.0,1.0,1.0,590.0,0
46.0,6990.32,489.0,12.0,0.0,0.0,0.0,536.0,0
28.0,39693.25,16.0,14.0,2.0,0.0,1.0,620.0,0
52.0,3176.68,496.0,12.0,0.0,0.0,1.0,838.0,1
58.0,16901.88,312.0,9.0,3.0,0.0,0.0,803.0,0
44.0,43132.17,420.0,7.0,1.0,0.0,0.0,689.0,1
28.0,5020.92,195.0,8.0,2.0,0.0,0.0,309.0,0
47.0,13630.9,86.0,11.0,2.0,0.0,1.0,705.0,0
65.0,6336.86,191.0,13.0,4.0,1.0,1.0,464.0,0
47.0,10032.61,556.0,8.0,2.0,0.0,1.0,526.0,1
40.0,49189.74,110.0,6.0,0.0,1.0,0.0,573.0,0
60.0,17062.42,101.0,12.0,3.0,1.0,1.0,762.0,0
43.0,21939.94,473.0,3.0,3.0,0.0,1.0,715.0,1
27.0,6948.07,552.0,12.0,0.0,0.0,1.0,763.0,1
41.0,3859.73,390.0,10.0,4.0,0.0,1.0,,0
36.0,750.52,518.0,13.0,4.0,0.0,1.0,645.0,0
64.0,42353.87,258.0,4.0,3.0,0.0,1.0,420.0,1
55.0,46820.27,42.0,6.0,4.0,0.0,1.0,491.0,0
61.0,27764.34,203.0,14.0,4.0,0.0,0.0,704.0,1
54.0,11928.22,102.0,7.0,3.0,0.0,0.0,688.0,0
41.0,10099.36,463.0,2.0,1.0,0.0,1.0,413.0,0
67.0,26131.82,439.0,9.0,2.0,0.0,1.0,558.0,1
41.0,17702.26,227.0,7.0,0.0,0.0,1.0,550.0,0
62.0,943.37,329.0,4.0,0.0,0.0,1.0,477.0,0
45.0,11204.79,,3.0,4.0,1.0,0.0,734.0,1
66.0,36741.95,325.0,13.0,4.0,1.0,0.0,311.0,1
56.0,38214.01,333.0,5.0,0.0,1.0,0.0,712.0,1
45.0,7202.83,61.0,13.0,2.0,0.0,0.0,812.0,0
55.0,6953.72,,13.0,1.0,0.0,0.0,654.0,1
23.0,11831.23,132.0,11.0,2.0,0.0,0.0,429.0,0
47.0,33736.81,510.0,13.0,1.0,0.0,0.0,349.0,1
69.0,20325.14,144.0,14.0,3.0,1.0,0.0,318.0,0
61.0,34058.63,406.0,6.0,1.0,0.0,1.0,509.0,0
66.0,45207.18,287.0,10.0,0.0,0.0,1.0,636.0,1
67.0,13143.35,71.0,12.0,3.0,1.0,1.0,528.0,0
51.0,47983.06,566.0,4.0,3.0,0.0,0.0,397.0,1
35.0,18935.93,381.0,14.0,3.0,0.0,0.0,436.0,0
41.0,40290.43,330.0,3.0,4.0,0.0,1.0,791.0,1
36.0,24698.99,134.0,12.0,1.0,1.0,1.0,662.0,0
26.0,1479.33,489.0,8.0,1.0,0.0,1.0,793.0,1
35.0,2579.52,298.0,11.0,3.0,0.0,0.0,437.0_err,0
51.0,20599.34,239.0,14.0,3.0,1.0,1.0,431.0,0
51.0,4804.59,463.0,8.0,1.0,0.0,1.0,384.0,1
27.0,7464.49,52.0,14.0,4.0,0.0,0.0,758.0,0
45.0,19161.02,536.0,6.0,1.0,0.0,1.0,494.0,1
35.0,14702.39,288.0,13.0,2.0,0.0,1.0,655.0,0
41.0,36801.32,496.0,3.0,2.0,0.0,1.0,600.0,1
69.0,37696.77,564.0,13.0,2.0,0.0,1.0,350.0,1
48.0,18946.38,260.0,13.0,3.0,0.0,1.0,413.0,0
58.0,7962.8,241.0,6.0,0.0,1.0,0.0,664.0,0
66.0,35362.95,175.0,6.0,1.0,1.0,0.0,313.0,1
53.0,20191.29,591.0,8.0,3.0,1.0,1.0,572.0,1
31.0,,540.0,14.0,4.0,0.0,0.0,455.0,1
38.0,46517.94,347.0,1.0,1.0,0.0,0.0,518.0,1
20.0,2613.82,261.0,3.0,1.0,1.0,0.0,713.0,0
26.0,28181.9,32.0,1.0,4.0,0.0,1.0,639.0,1
21.0,29781.74,318.0,12.0,2.0,0.0,1.0,589.0,0
57.0,49050.66,319.0,8.0,0.0,0.0,0.0,,1
21.0,8042.21,206.0,9.0,4.0,1.0,1.0,,0
31.0,11765.36,357.0,6.0,0.0,1.0,0.0,638.0,1
56.0,39329.31,388.0,2.0,1.0,0.0,1.0,608.0,1
54.0,46918.82,82.0,1.0,0.0,1.0,1.0,506.0,0
67.0,13984.96,196.0,14.0,1.0,0.0,1.0,733.0,0
54.0,36981.06,110.0,1.0,1.0,1.0,1.0,738.0,1
69.0,20217.66,386.0,7.0,4.0,1.0,1.0,567.0,1
21.0,34451.3,433.0,4.0,0.0,0.0,1.0,602.0,1
49.0,4372.69,560.0,11.0,3.0,0.0,1.0,611.0,1
31.0,10621.99,459.0,7.0,0.0,0.0,1.0,690.0,1
37.0,5617.97,89.0,1.0,2.0,0.0,0.0,680.0,0
61.0,19502.6,363.0,8.0,0.0,0.0,0.0,389.0,1
35.0,12110.06,485.0,9.0,4.0,0.0,1.0,841.0,1
19.0,41887.41,166.0,2.0,0.0,0.0,0.0,380.0,0
44.0,32764.94,204.0,4.0,1.0,,1.0,304.0,1
19.0,29612.22,312.0,11.0,3.0,0.0,1.0,420.0,0
36.0,34680.32,208.0,14.0,2.0,0.0,1.0,311.0,0
32.0,22719.09,,6.0,3.0,0.0,0.0,589.0,1
36.0,12257.73,362.0,6.0,2.0,1.0,1.0,781.0,0
52.0,443.92,257.0,5.0,4.0,1.0,0.0,334.0,0
52.0,17853.49,255.0,12.0,,0.0,0.0,573.0,0
31.0,38603.13,351.0,11.0,4.0,1.0,0.0,528.0,1
51.0,40359.7,19.0,5.0,1.0,0.0,1.0,716.0,0
,17094.57,6.0,1.0,2.0,1.0,0.0,476.0,0
36.0,34372.53,372.0,4.0,2.0,0.0,0.0,329.0,1
19.0,9966.72,581.0,5.0,4.0,1.0,1.0,772.0,1
26.0,31773.69,478.0,12.0,0.0,0.0,1.0,460.0,0
35.0,37424.37,81.0,6.0,3.0,0.0,0.0,493.0,0
63.0,367.79,120.0,11.0,,0.0,0.0,396.0,0
65.0,28306.38,430.0,11.0,2.0,0.0,1.0,823.0,1
30.0,30667.28,289.0,11.0,3.0,1.0,0.0,421.0,0
57.0,19499.78,271.0,6.0,3.0,0.0,0.0,699.0,1
26.0,24923.91,16.0,11.0,4.0,0.0,1.0,401.0,0
53.0,14185.27,,,4.0,0.0,1.0,811.0,0
40.0,3185.62,94.0,1.0,4.0,0.0,1.0,807.0,0
33.0,15655.98,281.0,5.0,4.0,0.0,1.0,354.0,0
50.0,33403.44,589.0,11.0,3.0,0.0,0.0,710.0,1
66.0,22552.3,124.0,11.0,2.0,0.0,1.0,405.0,0
61.0,4772.42,174.0,14.0,3.0,0.0,1.0,672.0,0
42.0,47379.28,455.0,6.0,0.0,0.0,0.0,443.0,1
62.0,49814.7,539.0,6.0,1.0,,1.0,619.0,1
29.0,29784.9,457.0,7.0,0.0,0.0,0.0,593.0,1
18.0,46050.56,256.0,2.0,0.0,0.0,1.0,341.0,1
50.0,203.33,123.0,4.0,1.0,0.0,1.0,798.0,0
37.0,,261.0,12.0,1.0,0.0,1.0,333.0,0
55.0,44413.68,178.0,13.0,0.0,0.0,1.0,760.0,1
47.0,47719.75,65.0,9.0,2.0,0.0,0.0,407.0_err,0
67.0,9837.7,283.0,5.0,0.0,0.0,1.0,674.0,0
,93.8,261.0,14.0,2.0,1.0,0.0,458.0,0
53.0,20801.98,47.0,4.0,0.0,0.0,0.0,693.0,0
58.0,9650.43,473.0,14.0,1.0,0.0,1.0,677.0,1
30.0,7816.49,182.0,7.0,0.0,0.0,1.0,333.0,0
69.0,13906.61,310.0,4.0,2.0,0.0,0.0,426.0,1
52.0,27267.81,193.0,8.0,1.0,0.0,0.0,473.0,0
47.0,47788.15,231.0,10.0,4.0,,0.0,674.0,0
56.0,49387.96,578.0,4.0,2.0,0.0,1.0,703.0,1
26.0,41227.43,145.0,2.0,0.0,0.0,0.0,418.0,0
19.0,7706.92,172.0,5.0,0.0,0.0,0.0,825.0,1
62.0,26682.35,5.0,4.0,2.0,0.0,1.0,338.0,0
18.0,9245.51,149.0,9.0,4.0,0.0,1.0,523.0,0
28.0,43565.91,585.0,12.0,1.0,0.0,1.0,743.0,1
33.0,30420.69,30.0,5.0,3.0,0.0,0.0,469.0,0
32.0,42773.97,521.0,9.0,1.0,0.0,,819.0,1
48.0,25534.6,221.0,7.0,4.0,0.0,,307.0_err,0
61.0,33369.7,300.0,14.0,4.0,1.0,0.0,656.0,0
24.0,1879.76,538.0,12.0,3.0,0.0,1.0,324.0,1
36.0,39777.28,436.0,10.0,0.0,1.0,0.0,666.0,1
50.0,35725.84,472.0,9.0,2.0,0.0,1.0,,1
36.0,38035.19,483.0,11.0,3.0,1.0,1.0,797.0,1
59.0,32888.72,129.0,9.0,1.0,0.0,0.0,831.0,0
68.0,25339.59,84.0,7.0,4.0,,0.0,322.0,0
59.0,26888.91,191.0,,2.0,0.0,0.0,439.0,0
30.0,21081.88,405.0,4.0,2.0,0.0,0.0,536.0,1
50.0,14401.88,218.0,12.0,1.0,0.0,1.0,390.0,0
22.0,49369.32,211.0,10.0,1.0,0.0,0.0,363.0,0
52.0,19458.88,57.0,14.0,2.0,1.0,1.0,581.0,0
62.0,18756.41,519.0,5.0,1.0,0.0,1.0,467.0,1
45.0,24398.26,188.0,14.0,4.0,0.0,0.0,769.0,0
68.0,14622.16,570.0,10.0,,0.0,0.0,377.0,1
68.0,22896.21,34.0,8.0,3.0,1.0,0.0,613.0,0
61.0,12198.09,182.0,14.0,1.0,1.0,0.0,664.0,0
61.0,13749.02,486.0,1.0,3.0,0.0,0.0,804.0,1
22.0,22909.25,242.0,2.0,0.0,1.0,,772.0,1
18.0,42946.45,192.0,8.0,2.0,1.0,1.0,646.0,0
30.0,27147.37,548.0,7.0,0.0,0.0,1.0,581.0,1
47.0,41801.86,71.0,11.0,1.0,0.0,1.0,361.0,0
59.0,10579.37,278.0,5.0,4.0,0.0,1.0,411.0,0
29.0,9713.57,380.0,14.0,0.0,0.0,1.0,476.0,0
20.0,48393.68,343.0,3.0,4.0,0.0,0.0,763.0,1
51.0,36977.93,298.0,11.0,3.0,0.0,0.0,696.0,1
55.0,44752.37,13.0,1.0,3.0,0.0,0.0,669.0,1
69.0,8407.62,116.0,,1.0,0.0,0.0,683.0,0
25.0,5587.91,84.0,6.0,4.0,1.0,0.0,413.0,0
48.0,,458.0,2.0,3.0,0.0,1.0,809.0,1
52.0,27425.15,351.0,10.0,4.0,1.0,1.0,392.0,1
47.0,13049.83,150.0,14.0,1.0,0.0,0.0,741.0,0
24.0,44621.38,361.0,,4.0,0.0,0.0,769.0,1
21.0,43650.98,439.0,4.0,0.0,0.0,1.0,669.0,1
52.0,29629.24,183.0,12.0,4.0,0.0,1.0,424.0,0
46.0,26406.44,526.0,12.0,3.0,1.0,0.0,470.0,0
61.0,833.43,388.0,11.0,2.0,1.0,1.0,804.0,0
27.0,48692.48,475.0,9.0,0.0,0.0,1.0,815.0,0
34.0,39805.02,524.0,12.0,0.0,0.0,1.0,335.0,1
53.0,43920.51,432.0,7.0,1.0,1.0,0.0,385.0,1
25.0,33218.83,556.0,5.0,1.0,0.0,0.0,815.0,1
25.0,1832.62,93.0,11.0,3.0,0.0,0.0,612.0,0
43.0,36262.92,316.0,4.0,1.0,0.0,1.0,454.0,0
57.0,35337.65,108.0,6.0,4.0,0.0,0.0,418.0,0
55.0,48853.79,238.0,11.0,0.0,1.0,,416.0,0
68.0,20241.7,7.0,7.0,4.0,0.0,1.0,565.0,0
30.0,33199.18,144.0,13.0,2.0,0.0,0.0,645.0,0
58.0,453.32,,12.0,2.0,0.0,0.0,485.0,0
56.0,27974.76,451.0,3.0,4.0,1.0,0.0,310.0,1
33.0,35582.23,62.0,11.0,3.0,0.0,0.0,726.0,0
43.0,15776.08,445.0,3.0,0.0,0.0,1.0,647.0,1
27.0,30990.65,157.0,3.0,1.0,0.0,0.0,659.0,1
31.0,21413.49,282.0,11.0,0.0,0.0,1.0,457.0,1
40.0,29020.31,343.0,11.0,4.0,1.0,0.0,501.0,0
46.0,5518.72,140.0,8.0,3.0,0.0,0.0,590.0,0
55.0,3627.72,247.0,6.0,2.0,,1.0,398.0,0
51.0,37835.07,184.0,5.0,4.0,1.0,0.0,418.0,0
33.0,25883.12,74.0,8.0,2.0,,,820.0,0
66.0,36504.54,283.0,11.0,3.0,0.0,0.0,681.0,0
47.0,31370.49,421.0,9.0,2.0,0.0,0.0,752.0,1
,37917.04,223.0,10.0,1.0,0.0,0.0,438.0,0
36.0,12737.28,140.0,9.0,2.0,0.0,0.0,498.0,0
35.0,14759.71,467.0,1.0,4.0,0.0,0.0,718.0,1
20.0,48011.5,368.0,9.0,4.0,0.0,1.0,779.0,1
63.0,41066.44,382.0,9.0,0.0,1.0,0.0,370.0,0
43.0,9641.07,239.0,3.0,0.0,1.0,1.0,826.0,0
51.0,15432.5,123.0,2.0,4.0,0.0,1.0,555.0,0
27.0,6267.28,76.0,14.0,2.0,0.0,0.0,477.0,0
64.0,9884.27,116.0,9.0,1.0,0.0,0.0,681.0,0
51.0,34743.64,156.0,11.0,4.0,0.0,0.0,509.0,0
,48492.04,34.0,2.0,1.0,0.0,1.0,610.0,0
65.0,12871.4,448.0,12.0,3.0,1.0,0.0,823.0,1
32.0,27089.74,158.0,7.0,4.0,0.0,0.0,637.0,0
37.0,39307.98,341.0,9.0,4.0,1.0,0.0,381.0,0
31.0,43587.6,548.0,7.0,3.0,0.0,1.0,420.0,1
56.0,,,11.0,3.0,0.0,0.0,343.0,0
,18489.66,61.0,10.0,3.0,0.0,1.0,645.0,0
33.0,20027.4,505.0,1.0,1.0,0.0,1.0,607.0,1
34.0,28289.82,384.0,1.0,2.0,0.0,0.0,485.0,0
59.0,21990.16,533.0,10.0,1.0,1.0,1.0,728.0,0
66.0,3483.0,215.0,14.0,4.0,0.0,0.0,815.0,1
27.0,2682.41,104.0,10.0,2.0,0.0,1.0,414.0,0
38.0,18998.79,576.0,14.0,1.0,0.0,1.0,687.0,1
34.0,7476.37,106.0,4.0,0.0,,0.0,417.0,0
62.0,669.38,221.0,9.0,0.0,0.0,0.0,687.0,0
24.0,16089.4,157.0,4.0,4.0,0.0,1.0,,0
43.0,44036.89,45.0,11.0,2.0,0.0,0.0,624.0,0
47.0,46419.46,166.0,5.0,4.0,1.0,1.0,521.0,1
32.0,21912.19,411.0,8.0,3.0,1.0,1.0,561.0,1
60.0,42700.46,48.0,8.0,0.0,0.0,0.0,513.0,0
43.0,12341.61,333.0,5.0,1.0,0.0,0.0,504.0,1
18.0,40593.35,,9.0,4.0,1.0,1.0,441.0,1
57.0,7494.39,300.0,1.0,4.0,1.0,1.0,572.0,1
58.0,1865.07,188.0,12.0,0.0,0.0,1.0,427.0,0
50.0,35438.64,257.0,1.0,4.0,1.0,1.0,605.0,1
52.0,,419.0,11.0,3.0,0.0,1.0,583.0,1
53.0,7408.76,382.0,12.0,2.0,1.0,0.0,730.0,1
50.0,24780.15,109.0,8.0,1.0,0.0,0.0,796.0,0
66.0,1833.68,298.0,1.0,4.0,0.0,0.0,347.0,1
45.0,10209.07,94.0,9.0,4.0,0.0,1.0,619.0,0
30.0,15421.79,416.0,5.0,2.0,0.0,0.0,311.0,0
64.0,46622.94,500.0,7.0,2.0,1.0,,432.0,1
38.0,28539.95,304.0,1.0,3.0,0.0,1.0,357.0,1
23.0,46882.47,244.0,11.0,0.0,0.0,0.0,376.0,0
24.0,25083.44,464.0,4.0,2.0,0.0,,557.0,1
30.0,15696.61,218.0,8.0,0.0,0.0,1.0,763.0,1
41.0,4465.42,153.0,2.0,1.0,0.0,1.0,406.0,0
58.0,23471.48,266.0,1.0,3.0,0.0,0.0,492.0,1
33.0,15296.13,289.0,10.0,0.0,0.0,0.0,796.0,0
23.0,29830.76,342.0,1.0,0.0,0.0,1.0,731.0,1
23.0,4400.67,1.0,5.0,0.0,1.0,0.0,534.0,0
60.0,41569.22,4.0,1.0,4.0,0.0,1.0,315.0,0
64.0,,377.0,3.0,3.0,0.0,0.0,766.0,1
57.0,282.06,164.0,4.0,3.0,1.0,0.0,506.0,0
37.0,8110.9,232.0,9.0,1.0,0.0,0.0,474.0,0
38.0,17266.18,193.0,14.0,3.0,0.0,1.0,524.0,0
68.0,1329.12,101.0,8.0,0.0,0.0,1.0,529.0,0
21.0,4795.94,597.0,12.0,4.0,0.0,1.0,716.0,1
36.0,33057.43,329.0,12.0,4.0,0.0,1.0,765.0,1
40.0,12107.59,504.0,13.0,4.0,0.0,0.0,368.0,1
65.0,29496.42,86.0,14.0,1.0,0.0,0.0,446.0,0
58.0,42992.11,155.0,5.0,4.0,1.0,1.0,586.0,0
19.0,24798.32,77.0,14.0,2.0,0.0,0.0,473.0,0
33.0,30031.42,175.0,10.0,3.0,0.0,0.0,537.0,0
24.0,16623.62,526.0,13.0,3.0,0.0,0.0,422.0,1
62.0,6232.51,383.0,14.0,1.0,1.0,1.0,731.0,0
58.0,25286.81,418.0,8.0,0.0,0.0,1.0,543.0,1
57.0,4715.82,92.0,3.0,3.0,0.0,0.0,843.0,0
38.0,45687.03,389.0,7.0,,0.0,0.0,535.0,1
59.0,14326.12,268.0,6.0,4.0,0.0,,400.0,0
25.0,15093.13,199.0,5.0,1.0,0.0,1.0,662.0,1
32.0,38718.18,301.0,1.0,3.0,0.0,1.0,612.0,1
30.0,12070.61,327.0,1.0,1.0,0.0,0.0,445.0,1
44.0,10307.39,512.0,12.0,,1.0,0.0,444.0,1
68.0,11523.57,536.0,4.0,3.0,1.0,0.0,722.0,1
44.0,26375.95,275.0,8.0,4.0,0.0,0.0,645.0,1
54.0,42155.97,342.0,12.0,,0.0,0.0,652.0,1
63.0,11653.2,2.0,6.0,3.0,0.0,0.0,696.0,0
68.0,15874.8,413.0,11.0,1.0,0.0,0.0,744.0,1
19.0,17495.11,77.0,7.0,4.0,1.0,0.0,417.0,0
28.0,44336.1,85.0,14.0,1.0,1.0,0.0,465.0,0
48.0,21985.75,433.0,3.0,4.0,0.0,0.0,433.0,1
46.0,48747.31,351.0,3.0,1.0,0.0,1.0,475.0,1
40.0,8908.0,317.0,3.0,0.0,0.0,0.0,350.0,0
53.0,34985.94,122.0,9.0,1.0,0.0,0.0,525.0,0
57.0,34916.73,338.0,10.0,2.0,0.0,0.0,622.0,1
40.0,5206.85,68.0,6.0,0.0,0.0,1.0,556.0,0
59.0,20685.2,340.0,12.0,2.0,1.0,0.0,432.0,1
52.0,32455.63,304.0,4.0,3.0,0.0,0.0,506.0,1
60.0,6916.01,13.0,5.0,1.0,1.0,0.0,452.0,0
54.0,20419.24,314.0,4.0,3.0,,0.0,355.0,0
50.0,44356.56,383.0,1.0,0.0,0.0,0.0,817.0,1
66.0,17829.36,,4.0,1.0,0.0,1.0,803.0,1
60.0,47047.81,212.0,4.0,1.0,0.0,1.0,565.0,1
49.0,14666.85,128.0,10.0,4.0,0.0,0.0,640.0,0
24.0,8161.56,475.0,7.0,0.0,0.0,0.0,711.0,1
67.0,38344.32,16.0,2.0,1.0,1.0,1.0,444.0,0
58.0,38116.21,408.0,6.0,3.0,1.0,0.0,391.0,1
59.0,40767.52,492.0,13.0,0.0,1.0,1.0,593.0,0
47.0,10601.41,77.0,1.0,4.0,0.0,0.0,485.0,0
46.0,33870.49,135.0,6.0,1.0,0.0,,508.0,0
25.0,31021.98,446.0,4.0,2.0,0.0,0.0,577.0,1
31.0,26812.15,398.0,1.0,2.0,0.0,1.0,757.0,1
35.0,457.44,223.0,,4.0,0.0,1.0,445.0,0
29.0,8755.43,453.0,10.0,2.0,0.0,0.0,360.0,0
18.0,4598.84,535.0,3.0,4.0,1.0,0.0,645.0,1
61.0,41633.61,38.0,8.0,0.0,0.0,1.0,500.0,0
49.0,39134.77,12.0,4.0,1.0,1.0,0.0,416.0,0
54.0,43490.16,541.0,5.0,1.0,1.0,1.0,768.0,1
27.0,205.0,362.0,13.0,3.0,0.0,0.0,705.0,0
27.0,8953.9,280.0,7.0,1.0,1.0,0.0,736.0,1
56.0,26363.35,415.0,10.0,0.0,0.0,0.0,306.0,0
53.0,44681.85,161.0,8.0,4.0,0.0,1.0,370.0,1
51.0,9047.31,358.0,13.0,1.0,0.0,1.0,329.0,0
,12151.46,490.0,8.0,1.0,0.0,1.0,414.0,0
38.0,9887.05,367.0,10.0,1.0,1.0,1.0,404.0,0
50.0,37772.71,590.0,10.0,4.0,0.0,0.0,325.0,1
61.0,378.59,361.0,2.0,2.0,1.0,1.0,699.0,1
41.0,35483.05,360.0,10.0,1.0,1.0,0.0,438.0,1
24.0,17756.68,492.0,11.0,2.0,0.0,0.0,461.0,0
41.0,20173.79,418.0,10.0,4.0,0.0,0.0,773.0,1
58.0,27372.79,63.0,2.0,3.0,0.0,0.0,734.0,1
23.0,8534.83,129.0,12.0,0.0,0.0,0.0,796.0,0
28.0,4776.3,408.0,11.0,1.0,1.0,0.0,,0
42.0,10713.91,163.0,2.0,4.0,1.0,1.0,374.0,0
50.0,39066.16,177.0,7.0,3.0,1.0,0.0,744.0,0
51.0,5510.67,88.0,1.0,3.0,0.0,0.0,339.0,0
36.0,7564.27,542.0,8.0,2.0,0.0,1.0,335.0,1
46.0,22454.54,524.0,14.0,3.0,0.0,0.0,,0
32.0,32620.02,228.0,2.0,1.0,1.0,0.0,345.0,0
27.0,36251.8,212.0,6.0,0.0,1.0,0.0,621.0,1
25.0,26568.04,145.0,9.0,1.0,0.0,0.0,369.0,0
57.0,33866.85,116.0,1.0,3.0,0.0,1.0,434.0,1
34.0,35445.5,364.0,12.0,,0.0,0.0,315.0,0
35.0,30022.17,117.0,8.0,4.0,0.0,1.0,678.0,1
19.0,46026.83,464.0,6.0,0.0,0.0,1.0,313.0,1
55.0,6343.28,196.0,10.0,4.0,0.0,0.0,769.0,0
26.0,3707.82,319.0,13.0,1.0,0.0,1.0,487.0,0
67.0,33826.96,485.0,11.0,0.0,0.0,1.0,350.0,0
62.0,20897.66,199.0,4.0,4.0,1.0,0.0,848.0,0
46.0,,581.0,1.0,4.0,1.0,1.0,582.0,1
,49249.04,319.0,2.0,3.0,1.0,1.0,576.0,1
50.0,38615.29,473.0,7.0,2.0,1.0,0.0,734.0,1
55.0,49644.36,8.0,3.0,2.0,0.0,1.0,423.0,0
58.0,42045.65,524.0,12.0,1.0,0.0,0.0,598.0,1
61.0,6509.13,295.0,3.0,0.0,0.0,0.0,435.0,0
54.0,47376.46,553.0,5.0,4.0,0.0,1.0,847.0,1
19.0,42079.43,274.0,9.0,3.0,0.0,0.0,718.0,0
57.0,25460.78,518.0,9.0,2.0,1.0,0.0,492.0,1
52.0,21578.48,170.0,8.0,2.0,0.0,1.0,722.0,1
31.0,36229.88,341.0,3.0,3.0,,1.0,387.0,0
20.0,5539.52,314.0,11.0,2.0,0.0,0.0,379.0,0
39.0,34566.26,341.0,7.0,1.0,1.0,1.0,496.0,1
49.0,39719.43,479.0,9.0,2.0,0.0,0.0,431.0,1
55.0,22479.31,157.0,13.0,1.0,0.0,1.0,392.0,0
68.0,24454.65,455.0,1.0,0.0,,1.0,779.0,1
47.0,8125.41,103.0,2.0,2.0,1.0,0.0,326.0,0
61.0,45177.53,395.0,13.0,,1.0,0.0,360.0,0
22.0,258.54,593.0,2.0,0.0,1.0,0.0,722.0,1
24.0,7637.27,258.0,4.0,3.0,1.0,0.0,804.0,1
56.0,33789.66,210.0,4.0,4.0,0.0,1.0,841.0,1
45.0,19639.43,549.0,1.0,,0.0,1.0,713.0,1
47.0,8535.43,457.0,11.0,2.0,1.0,0.0,312.0,0
31.0,12089.99,165.0,13.0,0.0,0.0,0.0,593.0,0
41.0,25317.49,457.0,8.0,1.0,1.0,1.0,455.0,0
21.0,1120.59,449.0,11.0,4.0,1.0,0.0,629.0,1
61.0,31512.12,550.0,2.0,4.0,0.0,0.0,629.0,1
31.0,2947.87,553.0,3.0,2.0,1.0,1.0,568.0,0
58.0,14730.02,434.0,2.0,4.0,0.0,,429.0,1
25.0,3309.44,378.0,6.0,0.0,0.0,0.0,399.0,0
32.0,9474.01,571.0,7.0,2.0,0.0,0.0,818.0,1
25.0,23259.86,204.0,13.0,4.0,0.0,1.0,761.0,1
34.0,8240.96,395.0,5.0,0.0,0.0,1.0,422.0,0
54.0,35200.12,497.0,3.0,3.0,0.0,0.0,499.0,1
,23915.02,23.0,12.0,0.0,0.0,1.0,402.0,0
26.0,11463.79,189.0,2.0,2.0,0.0,0.0,471.0,0
22.0,39546.8,388.0,7.0,0.0,1.0,0.0,609.0,0
27.0,11809.76,286.0,10.0,1.0,1.0,1.0,300.0,0
69.0,47000.87,197.0,6.0,4.0,0.0,1.0,337.0,1
65.0,32538.55,466.0,8.0,1.0,1.0,0.0,628.0,1
52.0,19470.38,289.0,7.0,0.0,0.0,,477.0,0
19.0,6516.9,272.0,7.0,3.0,1.0,0.0,374.0,0
52.0,20281.08,504.0,11.0,3.0,1.0,1.0,343.0,0
39.0,17304.79,45.0,6.0,1.0,0.0,1.0,735.0,1
29.0,16732.39,260.0,5.0,1.0,0.0,1.0,795.0,1
29.0,18987.76,584.0,13.0,4.0,0.0,0.0,810.0,1
52.0,34544.21,269.0,14.0,1.0,1.0,0.0,465.0,0
26.0,1421.21,36.0,10.0,3.0,0.0,0.0,735.0,0
51.0,24691.7,330.0,4.0,3.0,1.0,0.0,762.0,1
51.0,32143.06,483.0,3.0,1.0,0.0,0.0,741.0,1
25.0,12902.68,172.0,3.0,3.0,0.0,0.0,505.0,0
42.0,31758.62,6.0,11.0,1.0,1.0,1.0,622.0,0
63.0,3325.64,217.0,11.0,0.0,0.0,1.0,563.0,0
51.0,42928.81,244.0,2.0,4.0,0.0,0.0,372.0,0
64.0,1027.84,102.0,4.0,4.0,0.0,0.0,509.0,0
55.0,45746.05,310.0,2.0,3.0,0.0,0.0,820.0,1
37.0,7412.24,281.0,11.0,2.0,0.0,0.0,312.0,1
31.0,9711.69,288.0,9.0,2.0,0.0,0.0,824.0,0
46.0,30624.42,325.0,2.0,1.0,0.0,1.0,631.0,1
57.0,17717.9,199.0,10.0,1.0,0.0,1.0,673.0,0
54.0,28878.69,146.0,9.0,1.0,0.0,1.0,,0
32.0,42395.04,265.0,6.0,4.0,0.0,1.0,532.0,1
27.0,21566.98,295.0,2.0,4.0,1.0,1.0,723.0,1
23.0,9775.94,182.0,6.0,0.0,0.0,0.0,719.0,0
19.0,43437.61,207.0,10.0,4.0,0.0,0.0,365.0,0
49.0,4525.72,220.0,11.0,4.0,1.0,1.0,674.0,0
65.0,5842.72,,6.0,2.0,0.0,0.0,524.0,1
49.0,35332.42,348.0,8.0,4.0,1.0,1.0,516.0,0
53.0,5716.48,142.0,1.0,2.0,0.0,1.0,672.0,0
50.0,35572.17,155.0,4.0,0.0,0.0,1.0,664.0,0
65.0,30623.85,433.0,4.0,3.0,1.0,1.0,443.0,1
49.0,1838.21,294.0,11.0,0.0,1.0,0.0,538.0,0
54.0,33463.83,311.0,10.0,1.0,1.0,0.0,632.0,1
34.0,11052.43,294.0,7.0,1.0,0.0,0.0,324.0,1
27.0,14950.49,145.0,5.0,4.0,1.0,1.0,838.0,1
35.0,17684.49,498.0,2.0,2.0,1.0,1.0,825.0,1
36.0,22553.11,531.0,14.0,3.0,0.0,1.0,444.0,1
69.0,19309.95,413.0,3.0,1.0,0.0,0.0,801.0,1
26.0,13298.74,469.0,9.0,4.0,0.0,1.0,779.0,1
57.0,29899.55,536.0,8.0,3.0,1.0,0.0,368.0,0
40.0,46161.31,256.0,1.0,1.0,1.0,0.0,632.0,1
27.0,30671.04,228.0,12.0,2.0,1.0,1.0,656.0,0
51.0,16331.06,570.0,,0.0,1.0,1.0,657.0,1
52.0,46312.3,454.0,9.0,2.0,0.0,0.0,329.0,1
24.0,29762.41,547.0,13.0,4.0,0.0,0.0,571.0,1
23.0,1029.67,277.0,9.0,,0.0,1.0,409.0,0
23.0,34150.65,209.0,8.0,0.0,0.0,0.0,820.0,1
48.0,30329.51,84.0,7.0,3.0,0.0,0.0,367.0,0
54.0,9682.69,297.0,9.0,1.0,0.0,1.0,483.0,0
26.0,,401.0,12.0,0.0,0.0,0.0,782.0_err,1
26.0,16919.12,215.0,8.0,0.0,1.0,0.0,754.0,0
50.0,22598.0,528.0,3.0,,0.0,1.0,784.0,1
47.0,32797.14,580.0,8.0,1.0,0.0,0.0,764.0,1
61.0,3360.84,238.0,14.0,3.0,1.0,1.0,592.0,0
36.0,2921.66,78.0,5.0,1.0,0.0,1.0,666.0,0
22.0,9950.28,253.0,11.0,4.0,0.0,1.0,574.0,0
36.0,33598.47,62.0,1.0,1.0,0.0,1.0,500.0,0
39.0,31570.57,417.0,8.0,2.0,0.0,0.0,444.0,1
31.0,8912.3,154.0,3.0,1.0,0.0,1.0,711.0,0
53.0,11463.91,351.0,3.0,3.0,1.0,1.0,320.0,0
60.0,28333.95,159.0,1.0,1.0,1.0,0.0,427.0,0
29.0,47196.81,95.0,10.0,2.0,1.0,1.0,313.0,0
35.0,45874.34,443.0,6.0,2.0,0.0,0.0,776.0,1
53.0,47266.24,557.0,13.0,2.0,1.0,1.0,792.0,1
19.0,34429.26,365.0,13.0,0.0,1.0,0.0,462.0,0
51.0,26301.39,276.0,10.0,1.0,1.0,1.0,446.0,0
53.0,30823.93,308.0,7.0,0.0,1.0,1.0,707.0,1
51.0,,489.0,7.0,1.0,0.0,1.0,702.0,1
36.0,32973.1,470.0,13.0,4.0,1.0,0.0,479.0,1
52.0,22535.16,560.0,12.0,2.0,1.0,1.0,685.0,1
60.0,12353.58,370.0,1.0,4.0,0.0,0.0,734.0,1
46.0,325.2,185.0,9.0,4.0,0.0,0.0,575.0,0
56.0,38060.28,159.0,2.0,1.0,0.0,0.0,823.0,1
26.0,37937.55,369.0,2.0,2.0,0.0,1.0,505.0,1
46.0,11227.41,326.0,13.0,3.0,0.0,0.0,463.0,0
30.0,37768.83,68.0,5.0,2.0,1.0,0.0,610.0,0
27.0,36320.84,176.0,8.0,2.0,0.0,1.0,779.0,1
49.0,21634.82,581.0,4.0,1.0,0.0,0.0,351.0,1
43.0,40255.54,260.0,6.0,4.0,0.0,0.0,777.0,1
41.0,10624.69,90.0,4.0,0.0,0.0,1.0,356.0_err,0
39.0,511.82,453.0,5.0,0.0,1.0,1.0,301.0,0
33.0,38535.53,304.0,12.0,0.0,0.0,0.0,317.0,0
27.0,117.16,461.0,11.0,4.0,0.0,1.0,660.0,1
58.0,41754.71,447.0,3.0,1.0,0.0,1.0,827.0,1
37.0,43058.84,329.0,14.0,2.0,1.0,1.0,384.0,0
63.0,46249.44,523.0,7.0,2.0,0.0,1.0,330.0,1
57.0,45097.61,595.0,13.0,4.0,0.0,1.0,448.0,1
63.0,925.65,560.0,6.0,1.0,0.0,0.0,838.0,1
39.0,13229.83,438.0,5.0,2.0,1.0,1.0,389.0,0
30.0,8880.74,222.0,4.0,4.0,0.0,1.0,750.0,1
45.0,2021.87,430.0,14.0,3.0,0.0,1.0,481.0,0
36.0,42602.93,484.0,13.0,0.0,0.0,1.0,332.0,0
29.0,15886.66,,11.0,2.0,0.0,1.0,478.0,0
63.0,210.07,396.0,1.0,0.0,1.0,1.0,776.0,1
23.0,27349.45,330.0,1.0,2.0,1.0,1.0,410.0,1
64.0,47457.13,133.0,4.0,4.0,1.0,1.0,678.0,0
18.0,15055.36,218.0,12.0,4.0,1.0,0.0,304.0,0
37.0,2382.93,200.0,7.0,2.0,0.0,0.0,409.0,0
33.0,2394.22,155.0,9.0,,0.0,1.0,548.0,0
33.0,47467.27,444.0,7.0,0.0,1.0,0.0,436.0,1
19.0,20160.41,356.0,2.0,3.0,0.0,0.0,409.0,1
66.0,11685.34,37.0,10.0,4.0,0.0,0.0,310.0,0
59.0,6283.65,546.0,1.0,1.0,0.0,0.0,793.0,1
49.0,32600.0,276.0,9.0,2.0,0.0,1.0,392.0,0
42.0,11390.94,593.0,12.0,0.0,0.0,1.0,379.0,1
54.0,38698.26,216.0,6.0,0.0,0.0,1.0,,0
25.0,29914.08,0.0,7.0,1.0,0.0,0.0,802.0,0
48.0,16024.62,396.0,5.0,0.0,0.0,1.0,687.0,0
26.0,28690.28,557.0,13.0,4.0,0.0,0.0,806.0,1
50.0,19344.11,258.0,14.0,1.0,0.0,1.0,594.0,0
67.0,12490.65,521.0,11.0,4.0,0.0,1.0,680.0,1
60.0,15723.63,527.0,13.0,0.0,0.0,0.0,788.0,1
67.0,9675.63,469.0,2.0,0.0,0.0,1.0,849.0,1
18.0,14362.11,182.0,2.0,1.0,0.0,1.0,451.0,0
47.0,18871.22,394.0,8.0,2.0,1.0,1.0,596.0,1
65.0,31357.83,474.0,14.0,0.0,0.0,1.0,403.0,0
51.0,42117.08,12.0,14.0,4.0,0.0,0.0,628.0,0
32.0,32113.18,95.0,5.0,,0.0,0.0,493.0,0
39.0,26258.57,62.0,3.0,4.0,1.0,0.0,567.0,0
19.0,14574.6,582.0,13.0,4.0,0.0,1.0,778.0,1
19.0,19087.6,345.0,7.0,0.0,0.0,0.0,337.0,0
31.0,28399.42,107.0,9.0,3.0,0.0,0.0,301.0,0
48.0,45662.67,133.0,2.0,1.0,1.0,0.0,698.0,0
21.0,37568.36,217.0,12.0,0.0,0.0,1.0,443.0,0
66.0,43666.66,503.0,8.0,3.0,0.0,1.0,334.0,1
54.0,4690.45,172.0,,1.0,1.0,1.0,649.0,0
61.0,11212.08,139.0,13.0,0.0,0.0,0.0,610.0,0
39.0,9186.4,590.0,6.0,0.0,1.0,1.0,596.0,1
69.0,24556.57,583.0,10.0,0.0,0.0,1.0,479.0,1
,27805.27,10.0,1.0,3.0,1.0,1.0,324.0,0
47.0,46275.38,83.0,9.0,0.0,0.0,0.0,596.0,0
44.0,32164.12,267.0,11.0,2.0,1.0,0.0,406.0,0
27.0,14965.04,172.0,11.0,3.0,0.0,0.0,564.0,0
35.0,42194.45,486.0,10.0,1.0,0.0,0.0,561.0,1
43.0,,244.0,4.0,0.0,1.0,0.0,579.0,1
57.0,41502.1,596.0,1.0,1.0,1.0,0.0,787.0,1
25.0,45765.71,434.0,10.0,2.0,1.0,0.0,600.0,1
69.0,18139.0,154.0,13.0,2.0,0.0,0.0,378.0,0
20.0,43924.94,249.0,1.0,0.0,0.0,,707.0,0
35.0,12415.12,250.0,14.0,2.0,0.0,1.0,499.0,0
49.0,30987.87,383.0,12.0,3.0,1.0,1.0,352.0,0
56.0,43270.11,190.0,14.0,2.0,0.0,0.0,740.0,0
58.0,27088.48,475.0,12.0,1.0,0.0,1.0,556.0,1
34.0,17874.1,221.0,4.0,2.0,1.0,1.0,789.0,0
52.0,28886.61,550.0,13.0,0.0,0.0,0.0,444.0,1
68.0,24735.65,462.0,14.0,4.0,1.0,1.0,826.0,1
34.0,38245.13,378.0,10.0,3.0,0.0,0.0,818.0,1
59.0,19571.44,394.0,11.0,3.0,1.0,0.0,408.0,0
26.0,11307.85,388.0,10.0,4.0,0.0,1.0,515.0,0
45.0,49019.87,206.0,3.0,2.0,0.0,1.0,485.0,1
,18595.46,235.0,12.0,0.0,0.0,1.0,618.0,0
57.0,46177.82,46.0,13.0,1.0,1.0,1.0,463.0,0
59.0,17861.32,202.0,3.0,3.0,1.0,0.0,638.0,0
26.0,26402.62,133.0,7.0,2.0,0.0,1.0,667.0,0
58.0,2988.19,155.0,3.0,0.0,0.0,1.0,391.0,0
21.0,14242.2,252.0,14.0,1.0,0.0,0.0,411.0,0
57.0,41825.88,239.0,10.0,2.0,1.0,0.0,620.0,1
23.0,23504.13,274.0,12.0,4.0,1.0,1.0,722.0,0
,42777.71,542.0,3.0,2.0,1.0,1.0,660.0,1
37.0,37517.7,,3.0,3.0,0.0,0.0,493.0,1
28.0,36302.05,472.0,1.0,1.0,0.0,1.0,425.0,1
23.0,36515.95,421.0,7.0,0.0,0.0,0.0,514.0,1
52.0,23379.92,73.0,2.0,1.0,0.0,0.0,804.0,0
45.0,42922.72,45.0,5.0,4.0,0.0,0.0,811.0,1
23.0,7732.66,442.0,3.0,4.0,1.0,1.0,607.0,1
45.0,6801.77,511.0,5.0,1.0,0.0,0.0,356.0,1
46.0,41871.37,88.0,12.0,3.0,0.0,1.0,363.0,0
54.0,23540.48,83.0,9.0,3.0,1.0,1.0,688.0,1
44.0,39949.65,434.0,1.0,1.0,,1.0,595.0,1
32.0,43547.1,583.0,14.0,0.0,0.0,0.0,755.0,1
51.0,22475.93,424.0,13.0,1.0,1.0,1.0,350.0,1
40.0,38656.71,117.0,12.0,1.0,0.0,1.0,353.0,0
33.0,7609.47,35.0,11.0,0.0,0.0,1.0,687.0,0
58.0,8033.01,533.0,14.0,4.0,1.0,1.0,487.0,0
48.0,42179.71,168.0,8.0,0.0,0.0,0.0,311.0,0
65.0,29742.34,558.0,1.0,0.0,0.0,1.0,757.0,1
40.0,28557.97,518.0,14.0,2.0,1.0,0.0,700.0,0
51.0,6532.71,474.0,3.0,1.0,0.0,1.0,624.0,1
52.0,6120.55,450.0,5.0,0.0,1.0,0.0,683.0,1
34.0,19166.68,150.0,14.0,2.0,0.0,1.0,693.0,0
46.0,44592.72,354.0,10.0,0.0,1.0,1.0,332.0,0
40.0,31911.85,531.0,9.0,3.0,0.0,0.0,612.0,1
60.0,30339.89,404.0,11.0,2.0,0.0,1.0,814.0,1
45.0,17426.9,321.0,7.0,4.0,1.0,1.0,568.0,1
32.0,15013.09,432.0,4.0,4.0,0.0,0.0,819.0,1
58.0,568.01,580.0,13.0,0.0,1.0,1.0,617.0,1
51.0,27630.85,592.0,10.0,4.0,1.0,0.0,617.0,1
46.0,15032.71,351.0,14.0,4.0,0.0,1.0,792.0,0
21.0,854.57,507.0,10.0,0.0,0.0,0.0,791.0,1
35.0,27338.86,38.0,13.0,0.0,0.0,1.0,592.0,0
25.0,23153.26,113.0,10.0,4.0,0.0,0.0,742.0,0
28.0,941.54,443.0,3.0,0.0,1.0,0.0,583.0,1
24.0,46212.74,266.0,11.0,2.0,0.0,0.0,535.0,0
47.0,41886.98,519.0,6.0,2.0,1.0,0.0,522.0,1
61.0,44124.19,455.0,8.0,2.0,0.0,0.0,324.0,1
43.0,23587.46,179.0,12.0,4.0,1.0,0.0,640.0,0
25.0,17523.95,203.0,,2.0,0.0,0.0,497.0,0
22.0,6489.63,328.0,12.0,2.0,0.0,0.0,745.0,0
26.0,29042.08,6.0,8.0,3.0,0.0,1.0,796.0,0
53.0,11269.56,25.0,14.0,3.0,0.0,1.0,708.0,0
45.0,22978.22,79.0,4.0,1.0,0.0,1.0,382.0,0
,8162.57,395.0,9.0,0.0,0.0,0.0,591.0,0
26.0,,439.0,1.0,1.0,0.0,0.0,660.0,1
39.0,,188.0,,2.0,0.0,1.0,624.0,1
69.0,44154.21,258.0,1.0,2.0,0.0,0.0,,1
55.0,11.5,147.0,8.0,,0.0,1.0,839.0,1
56.0,31320.39,103.0,11.0,3.0,1.0,0.0,463.0,0
32.0,21505.55,131.0,10.0,3.0,1.0,0.0,314.0,0
64.0,465.78,237.0,11.0,1.0,0.0,1.0,,0
43.0,315.3,363.0,7.0,1.0,0.0,1.0,818.0,0
60.0,13764.19,391.0,9.0,,0.0,0.0,687.0,1
54.0,19276.28,273.0,,3.0,0.0,1.0,321.0,1
64.0,49970.06,246.0,7.0,4.0,0.0,0.0,709.0,0
67.0,11002.89,278.0,13.0,1.0,0.0,0.0,399.0,0
59.0,22943.24,454.0,5.0,0.0,1.0,1.0,731.0_err,1
37.0,10964.99,271.0,1.0,2.0,0.0,0.0,374.0,0
68.0,14363.49,21.0,8.0,1.0,1.0,1.0,706.0,0
59.0,26582.38,474.0,5.0,4.0,0.0,0.0,663.0,1
24.0,22013.32,203.0,,0.0,0.0,1.0,353.0,0
54.0,49452.48,352.0,14.0,0.0,0.0,0.0,652.0,1
36.0,43310.15,62.0,4.0,1.0,1.0,1.0,611.0,0
35.0,24331.35,108.0,9.0,2.0,0.0,1.0,437.0,0
28.0,39948.01,576.0,2.0,1.0,0.0,1.0,824.0,1
18.0,23073.84,319.0,11.0,0.0,0.0,1.0,824.0,1
,36239.29,311.0,3.0,4.0,1.0,1.0,427.0,0
51.0,41346.9,461.0,13.0,2.0,0.0,0.0,772.0,1
24.0,23497.29,545.0,9.0,0.0,0.0,1.0,699.0,1
65.0,21011.95,464.0,14.0,3.0,0.0,1.0,818.0,1
21.0,5842.16,,9.0,4.0,1.0,1.0,417.0,0
51.0,24868.07,310.0,3.0,2.0,1.0,1.0,324.0,0
47.0,31390.87,162.0,9.0,4.0,0.0,0.0,335.0,0
26.0,15610.1,147.0,7.0,2.0,1.0,0.0,313.0,0
65.0,32358.71,449.0,9.0,4.0,0.0,1.0,654.0,1
50.0,46566.0,319.0,13.0,2.0,0.0,0.0,796.0,1
37.0,36635.92,364.0,10.0,3.0,0.0,0.0,312.0,0
37.0,32587.17,594.0,4.0,2.0,0.0,1.0,437.0,1
49.0,22217.41,112.0,5.0,3.0,0.0,0.0,394.0,0
43.0,49018.35,417.0,14.0,4.0,1.0,1.0,848.0,1
67.0,33826.96,485.0,11.0,0.0,0.0,1.0,350.0,0
39.0,11498.63,102.0,13.0,3.0,0.0,1.0,586.0,0
33.0,13141.69,575.0,9.0,3.0,1.0,1.0,583.0,1
67.0,35532.47,262.0,14.0,1.0,0.0,1.0,792.0,0
57.0,38957.18,57.0,9.0,4.0,0.0,0.0,321.0,0
27.0,5274.59,114.0,5.0,4.0,0.0,1.0,602.0,0
68.0,6484.71,145.0,6.0,2.0,0.0,1.0,512.0,0
69.0,47306.63,266.0,14.0,1.0,1.0,0.0,831.0,0
20.0,27230.59,279.0,10.0,4.0,,1.0,844.0,1
30.0,34530.37,500.0,8.0,0.0,1.0,0.0,551.0,1
,38392.82,439.0,4.0,4.0,1.0,1.0,573.0,0
53.0,2388.7,584.0,7.0,1.0,0.0,1.0,667.0,0
67.0,9786.62,126.0,12.0,0.0,0.0,1.0,710.0,0
26.0,35353.77,592.0,2.0,1.0,1.0,1.0,482.0,1
57.0,23322.55,128.0,8.0,3.0,1.0,0.0,369.0,0
52.0,27267.81,193.0,8.0,1.0,0.0,0.0,473.0,0
34.0,35587.36,466.0,1.0,0.0,0.0,1.0,712.0,1
45.0,44783.2,335.0,10.0,4.0,0.0,0.0,368.0,1
45.0,34636.34,67.0,11.0,1.0,1.0,0.0,422.0,0
42.0,10559.2,223.0,7.0,2.0,0.0,0.0,658.0,0
51.0,10902.13,256.0,5.0,2.0,0.0,1.0,825.0,1
62.0,10383.27,373.0,6.0,2.0,0.0,0.0,380.0,1
20.0,10519.18,316.0,9.0,3.0,1.0,0.0,393.0,1
41.0,6125.03,312.0,12.0,3.0,0.0,0.0,630.0,0
49.0,4525.72,220.0,11.0,4.0,1.0,1.0,674.0,0
64.0,12292.51,186.0,7.0,2.0,0.0,1.0,717.0,1
45.0,33286.87,326.0,,0.0,0.0,0.0,725.0,1
34.0,8413.18,443.0,9.0,4.0,,1.0,315.0,0
24.0,4497.45,407.0,10.0,2.0,0.0,0.0,417.0,0
,30260.06,285.0,4.0,0.0,0.0,1.0,624.0,0
39.0,23063.58,290.0,1.0,0.0,0.0,0.0,395.0,0
63.0,39330.42,494.0,2.0,2.0,0.0,1.0,483.0,1
34.0,45854.39,92.0,8.0,3.0,0.0,1.0,461.0,0
28.0,16464.2,115.0,1.0,4.0,0.0,1.0,332.0,0
33.0,36386.66,30.0,12.0,0.0,1.0,0.0,740.0,0
19.0,35119.13,214.0,4.0,3.0,0.0,0.0,556.0,0
39.0,40808.65,67.0,9.0,0.0,0.0,0.0,692.0,0
68.0,16637.46,275.0,4.0,1.0,0.0,0.0,368.0,0
