word_freq_free,word_freq_money,word_freq_click,char_freq_exclaim,char_freq_dollar,capital_run_avg,capital_run_long,num_links,sender_reputation,is_spam
-2.0,3.78,0.8,0.268,0.283,47.7,35.0,4.0,2.6,1
1.98,1.92,2.01,0.786,0.236,500.0,38.0,7.0,9.5,0
0.21,3.4,2.56,0.41,0.224,1.28,5.0,10.0,15.0,1
4.63,3.56,2.04,0.32,0.267,29.54,11.0,-5.0,6.4,1
3.91,1.44,2.06,0.944,0.066,8.41,14.0,3.0,7.6,0
4.29,2.02,2.45,0.635,0.133,58.54,3.0,1.0,3.7,1
0.12,2.28,2.11,0.71,0.01,56.6,52.0,7.0,8.3,0
4.37,,,0.867,0.459,53.9_err,24.0,10.0,9.2,1
2.34,1.84,2.97,0.306,0.447,52.61,33.0,4.0,7.6,1
4.55,2.03,1.63,0.552,0.31,54.26,27.0,5.0,1.2,1
3.46,0.3,2.0,0.412,0.202,43.08,25.0,14.0,0.5,1
2.13,0.22,1.85,0.287,0.294,3.59,20.0,3.0,3.0,0
0.62,2.96,0.85,0.01,0.219,54.27,36.0,1.0,7.7,0
2.79,1.93,2.5,0.139,0.432,10.06,11.0,3.0,8.6,0
3.54,0.36,1.16,0.811,0.288,15.13,50.0,5.0,4.1,0
4.52,0.96,2.86,0.138,0.39,50.5,53.0,13.0,1.2,1
4.43,2.71,2.48,0.906,0.071,37.93,40.0,14.0,7.5,1
1.29,2.02,0.47,0.272,0.463,24.98,13.0,8.0,8.4,0
0.38,3.18,0.18,0.463,0.057,49.12,17.0,10.0,,0
2.35,1.57,0.42,0.866,0.376,21.4,51.0,1.0,4.2,1
1.38,0.46,2.34,0.347,0.216,25.44,48.0,13.0,6.4,0
1.59,1.07,2.19,0.23,0.336,1.93,39.0,5.0,7.5,0
3.34,0.44,1.81,0.031,0.443,45.54,6.0,11.0,9.5,0
3.73,1.92,0.54,0.951,0.249,11.42,57.0,9.0,2.0,1
3.67,1.9,1.35,0.405,0.467,11.67,10.0,4.0,9.1,0
4.09,0.3,1.61,0.89,0.12,,46.0,12.0,8.5,1
0.22,0.77,2.91,0.436,0.443,37.87,25.0,2.0,5.0,0
4.83,3.88,0.66,0.882,0.208,18.28,5.0,4.0,5.9,1
1.69,3.93,1.05,0.104,0.243,16.01,7.0,6.0,7.0,0
1.84,1.37,1.93,0.441,0.215,20.17,47.0,5.0,9.0,0
3.16,0.58,0.63,0.443,0.09,34.46,19.0,13.0,5.6,0
1.13,0.75,0.54,0.974,0.343,57.17,4.0,1.0,2.2,0
3.39,0.33,,0.493,0.269,54.26,10.0,9.0,4.3,0
1.31,0.34,1.56,0.105,0.404,2.62,44.0,5.0,3.3,0
3.51,0.77,2.06,0.908,0.458,18.95,48.0,1.0,9.5,0
4.09,1.88,2.28,0.95,0.126,24.05,18.0,0.0,1.0,0
4.5,2.85,2.61,0.408,0.361,1.33,47.0,2.0,4.7,1
2.04,0.63,1.02,0.797,0.135,56.17,25.0,8.0,9.9,0
4.04,1.67,1.51,0.07,0.35,29.82,30.0,9.0,5.0,1
2.33,0.34,2.59,0.406,0.164,35.22,28.0,8.0,,1
1.23,2.49,1.39,0.511,0.412,11.37,54.0,2.0,,0
3.66,1.72,0.41,0.871,0.401,20.49,25.0,12.0,2.3,1
1.47,3.2,1.31,0.101,0.1,44.41,30.0,0.0,8.5,0
0.85,3.53,2.31,0.407,0.462,1.54,3.0,,4.8,1
0.61,0.97,1.41,0.513,0.217,9.83,9.0,14.0,4.1,0
1.99,1.6,0.74,0.666,0.235,3.47,51.0,10.0,4.2,1
3.73,1.99,2.82,0.103,0.131,27.2,41.0,13.0,6.8,1
4.07,3.99,0.91,0.281,0.175,11.44,12.0,9.0,6.6,0
4.17,3.66,1.56,0.045,0.239,29.99,8.0,5.0,5.1,0
2.14,3.88,1.06,0.148,0.08,43.44,6.0,7.0,6.0,0
0.19,1.86,1.25,0.495,0.289,17.52,7.0,5.0,8.7,0
0.89,4.0,1.93,0.235,0.282,23.35,7.0,6.0,8.1,0
0.98,0.13,1.44,0.479,0.256,5.88,38.0,10.0,5.2,0
2.52,3.87,0.31,0.789,0.151,42.7,58.0,4.0,9.3,0
4.58,0.77,1.53,0.379,0.026,27.29,9.0,0.0,4.6,0
0.65,3.92,0.89,0.723,0.423,32.66,57.0,7.0,3.1,1
0.17,1.82,1.89,0.767,0.227,18.71,1.0,2.0,1.6,0
0.0,2.32,0.54,0.538,0.354,23.98,20.0,5.0,2.2,0
4.5,3.63,1.75,0.274,0.038,10.12,16.0,11.0,6.8,0
4.11,3.94,1.35,0.798,0.074,3.09,50.0,8.0,5.8,1
4.81,0.69,2.42,0.378,0.386,37.91,26.0,5.0,1.3,0
3.5,2.44,1.02,0.59,0.336,4.24,45.0,0.0,4.8,1
3.05,2.77,0.3,0.493,0.351,32.65,12.0,0.0,1.5,0
0.62,2.83,0.26,0.626,,3.99,20.0,13.0,4.0,0
2.88,0.84,1.35,0.852,0.191,44.88,48.0,7.0,2.4,1
3.95,0.28,1.55,0.355,0.157,4.39,54.0,8.0,4.9,0
4.35,1.5,1.13,0.916,0.4,57.14,30.0,12.0,8.6,1
4.35,3.25,2.36,0.109,0.195,27.92,23.0,9.0,3.0,1
1.52,3.88,2.0,0.261,0.004,16.78,37.0,0.0,9.7,0
0.95,1.78,1.7,0.92,0.203,10.49,30.0,11.0,5.0,0
0.74,3.66,,0.064,0.142,30.1,15.0,7.0,1.7,0
3.22,2.89,2.29,0.463,0.382,35.91,58.0,7.0,6.7,1
0.35,0.47,1.82,0.26,0.339,3.93,25.0,13.0,8.7,0
4.35,1.38,0.67,0.788,0.349,56.03,47.0,11.0,4.8,1
4.04,2.98,1.22,0.087,0.428,24.13,57.0,7.0,8.9,1
0.03,1.79,0.41,0.127,0.478,47.51,36.0,11.0,7.7,0
2.94,2.62,2.61,0.158,0.491,22.12,28.0,12.0,1.1,1
3.17,3.04,0.66,0.316,0.491,25.33,17.0,10.0,8.5,0
4.53,3.92,1.8,0.858,0.437,4.53,49.0,0.0,1.1,1
2.67,3.67,0.16,0.875,0.295,23.03,14.0,,3.9,0
0.26,1.38,0.95,0.201,0.124,16.68,49.0,9.0,9.3,0
3.42,3.21,2.69,0.52,0.005,47.28,35.0,11.0,2.7,1
1.75,1.49,2.38,0.665,0.176,13.67,59.0,10.0,0.1,1
2.55,2.59,0.28,0.412,0.412,57.86,18.0,14.0,4.3,1
1.2,0.25,1.67,0.949,0.353,44.03,9.0,9.0,9.4,1
4.3,3.14,1.15,0.548,0.07,34.8,53.0,8.0,4.2,1
2.94,3.96,0.41,0.435,0.0,26.65,41.0,14.0,1.1,1
3.73,2.16,2.45,0.625,0.131,39.06,26.0,13.0,4.2,1
0.75,3.73,2.61,0.821,0.385,57.55,37.0,11.0,9.9,1
2.83,3.49,1.51,0.26,0.333,59.19,31.0,1.0,2.0,1
1.51,0.05,0.57,0.921,0.329,2.82,28.0,8.0,9.1,0
0.13,0.36,1.26,,0.349,32.34,16.0,13.0,1.2,1
3.64,,0.1,0.634,0.136,29.79,44.0,12.0,1.1,1
4.9,1.06,2.11,0.718,0.296,51.09,48.0,11.0,0.5,1
3.64,1.61,2.71,0.902,0.49,52.33,46.0,3.0,1.6,1
0.42,2.04,0.05,0.627,0.14,39.03,23.0,6.0,9.4,0
3.15,1.91,1.96,0.94,0.433,32.87,3.0,4.0,8.2,1
4.14,0.65,0.27,0.713,0.453,3.82,37.0,11.0,3.3,1
0.81,0.59,0.69,0.793,0.199,50.18,44.0,6.0,1.4,0
4.9,1.65,1.61,0.779,0.037,7.12,57.0,3.0,5.6,1
3.12,2.76,0.96,0.602,0.497,,24.0,8.0,1.2,1
4.91,2.37,0.02,0.892,0.047,24.74,5.0,7.0,6.7,0
3.15,0.34,2.95,0.336,,32.83,44.0,13.0,8.8,0
3.34,1.13,0.51,0.212,0.174,10.41,2.0,1.0,5.2,0
3.8,1.66,1.58,0.168,0.305,4.82,31.0,3.0,2.3,0
4.02,1.33,1.55,0.527,0.15,52.42,40.0,5.0,3.1,1
4.39,1.79,2.85,0.924,0.187,9.35,30.0,0.0,3.8,1
3.76,1.76,2.31,0.576,0.142,12.74,27.0,13.0,9.6,1
2.3,3.33,1.67,0.876,0.103,2.95,39.0,11.0,8.6,1
1.27,3.34,2.21,0.143,0.181,19.85,9.0,6.0,5.5,0
1.99,3.76,2.54,0.722,0.433,21.48,41.0,5.0,6.8,1
4.6,2.09,0.97,0.983,0.041,25.07,29.0,2.0,1.0,1
4.32,1.11,0.36,0.546,0.006,34.22,37.0,2.0,1.8,0
1.81,2.77,2.43,0.796,0.118,49.5,57.0,14.0,5.5,1
2.12,3.06,0.57,0.526,0.423,35.81,15.0,0.0,1.3,1
1.47,1.4,1.02,0.867,0.465,41.31,54.0,3.0,0.2,1
3.11,3.3,2.64,0.59,0.406,34.72,30.0,8.0,1.1,1
1.8,2.78,2.0,0.197,0.019,49.73,48.0,3.0,1.0,0
4.02,3.88,0.26,0.233,0.098,26.87,23.0,8.0,7.4,0
2.38,1.38,0.73,0.357,0.165,20.15,44.0,7.0,8.5,0
1.1,3.69,0.47,0.969,0.342,35.25,50.0,5.0,8.1,1
2.23,1.39,,0.626,0.164,25.15,21.0,11.0,9.9,0
3.68,3.47,0.65,0.484,0.247,28.33,54.0,2.0,,0
2.27,1.31,1.94,0.367,0.02,30.75,47.0,0.0,4.3,1
2.86,3.63,0.04,0.879,0.018,28.66,19.0,6.0,4.5,0
4.57,0.07,2.89,0.303,0.366,16.84,14.0,8.0,3.1,1
,1.62,0.7,0.472,0.053,24.46,2.0,10.0,2.2,1
4.98,0.2,0.88,0.136,0.138,57.26,58.0,9.0,7.9,0
0.38,1.63,0.1,0.38,0.002,25.46,11.0,13.0,6.4,0
3.75,1.69,0.21,0.877,0.274,12.47,32.0,8.0,1.4,1
3.66,3.63,3.0,0.073,0.272,3.38,57.0,7.0,7.0,1
0.54,3.2,1.0,0.04,0.223,32.58,48.0,2.0,1.9,0
4.83,1.07,2.04,0.433,,40.51,9.0,3.0,4.1,1
4.23,3.34,2.25,0.668,0.192,31.05,30.0,6.0,8.9,1
2.56,,1.48,0.036,0.124,39.0,34.0,0.0,0.6,0
1.1,2.77,1.39,0.474,0.167,21.86,34.0,1.0,3.7,0
0.93,1.11,1.01,0.039,0.345,5.04,34.0,13.0,0.2,1
0.64,3.87,2.11,0.666,0.474,25.77,39.0,7.0,4.5,1
0.97,3.73,1.58,0.707,0.352,31.48,2.0,9.0,6.8,1
4.62,1.21,1.28,0.9,0.496,45.81,11.0,2.0,0.0,1
3.17,0.12,0.46,0.944,0.303,55.4,15.0,7.0,6.6,0
0.62,2.59,2.0,0.789,0.474,43.68,56.0,10.0,6.5,1
4.61,0.65,1.31,,,36.17,38.0,4.0,9.1,0
0.27,0.47,0.31,0.211,0.119,9.97,53.0,5.0,4.4,0
2.05,3.63,1.03,0.688,0.33,1.77,55.0,13.0,1.6,1
3.71,2.25,0.14,0.977,0.245,17.85,57.0,0.0,6.8,0
4.11,,0.37,0.869,0.182,9.96,25.0,13.0,3.9,1
4.22,1.06,2.98,0.59,0.177,,59.0,1.0,1.7,1
4.73,1.33,2.37,0.915,0.151,52.24,36.0,7.0,6.3,1
1.34,3.75,2.96,0.372,0.405,54.45,24.0,2.0,1.1,1
1.91,1.78,2.82,0.573,0.177,57.3,15.0,11.0,1.6,1
3.17,0.94,2.87,0.495,0.038,6.11,15.0,1.0,7.3,0
4.38,1.66,1.44,0.517,0.076,7.15,30.0,12.0,6.9,0
3.0,1.4,2.03,0.974,0.247,15.78,,6.0,6.0,1
1.36,3.15,0.04,0.241,,57.58,49.0,12.0,7.9,0
4.01,1.64,1.14,0.044,0.416,12.25,48.0,7.0,1.5,1
4.51,0.31,2.03,0.008,0.457,41.84,3.0,9.0,0.8,1
0.04,2.42,0.46,0.207,0.033,14.33,2.0,12.0,9.9,0
0.03,3.55,2.69,0.567,0.436,47.4,25.0,11.0,5.2,1
4.77,3.65,0.32,0.782,0.343,40.36,7.0,3.0,9.7,1
2.78,1.93,2.51,0.246,0.163,33.84,36.0,0.0,5.9,0
0.44,0.05,1.85,0.182,0.126,35.67,51.0,7.0,7.1,0
1.78,2.4,2.58,0.395,0.203,58.89,27.0,14.0,3.0,1
2.84,1.87,0.67,0.706,0.3,16.32,7.0,1.0,8.7,0
3.13,3.77,1.91,0.218,0.12,33.04,9.0,1.0,3.9,0
0.82,3.54,0.67,0.637,0.44,34.51,58.0,11.0,8.8,1
4.2,3.6,0.78,0.48,0.014,9.46,5.0,9.0,2.8,1
2.72,3.13,0.34,0.118,0.035,12.17,48.0,4.0,5.9,0
2.63,1.0,2.56,0.429,0.239,38.59,30.0,10.0,7.8,0
2.7,2.31,2.41,0.285,0.171,25.48,55.0,2.0,7.8,0
0.31,3.38,0.84,0.559,0.156,58.85,17.0,10.0,,1
3.76,,0.54,0.687,0.228,13.6,41.0,9.0,10.0,0
0.4,3.3,2.4,0.95,0.287,27.88,28.0,14.0,9.6,0
2.32,1.91,1.39,0.66,0.074,5.62,53.0,3.0,2.0,1
2.95,1.06,0.98,0.1,0.425,8.28,10.0,9.0,3.7,0
1.06,0.25,2.04,0.597,0.172,31.98,3.0,4.0,5.2,0
2.41,1.11,1.15,0.755,0.246,30.47,43.0,4.0,7.3,0
,0.08,2.18,0.456,0.283,46.12,55.0,7.0,6.8,0
3.55,1.31,0.63,0.599,0.324,14.88,54.0,9.0,,0
2.67,3.81,1.7,0.41,0.056,4.95,11.0,4.0,2.8,1
0.46,1.07,2.62,0.145,0.422,15.24,25.0,5.0,3.4,0
3.0,3.72,2.43,0.238,0.032,41.09,8.0,,2.1,1
0.68,,2.83,0.514,0.109,41.89,28.0,9.0,8.8,1
,0.41,0.06,0.723,0.049,22.81,47.0,1.0,4.2,0
0.73,3.25,2.79,0.541,0.382,28.62,56.0,12.0,4.7,1
0.02,3.8,0.72,0.557,0.357,59.17,13.0,0.0,9.6,0
4.94,0.84,2.83,0.418,0.149,53.1,48.0,5.0,9.2,0
3.17,1.54,0.77,0.214,0.391,34.62,22.0,3.0,2.8,0
3.13,3.35,0.56,0.353,0.455,19.7,5.0,11.0,8.9,0
4.67,0.56,1.88,0.178,0.092,51.64,54.0,13.0,5.5,0
0.64,2.24,2.18,0.675,0.184,36.26,33.0,0.0,6.5,0
0.14,0.97,2.89,0.657,0.265,51.5,42.0,6.0,4.3,0
3.41,3.06,0.9,0.712,0.152,41.47,34.0,5.0,9.8,0
3.09,2.47,1.36,0.11,0.332,21.17,54.0,9.0,6.8,0
4.52,2.47,1.81,0.367,0.417,47.16,5.0,13.0,3.5,1
1.62,3.66,2.47,0.721,0.365,27.57,32.0,12.0,5.7,1
2.76,2.69,2.34,0.819,0.472,11.39,13.0,4.0,8.7,1
2.82,0.59,2.83,0.989,0.194,41.18,33.0,10.0,0.6,1
1.28,0.7,1.63,0.945,0.091,35.83,6.0,3.0,2.2,0
1.8,1.1,2.47,0.126,0.435,34.47,44.0,13.0,,1
1.74,0.15,2.41,0.786,0.494,33.46,2.0,6.0,1.6,1
4.22,1.46,0.62,0.662,0.224,26.85,52.0,2.0,5.5,1
1.88,1.53,1.03,0.023,0.095,55.85,15.0,3.0,3.7,0
3.12,2.84,0.6,0.905,0.144,59.21,41.0,8.0,4.9,1
1.87,,0.13,,0.221,49.01,38.0,7.0,4.9,1
0.42,3.43,2.55,0.772,0.07,38.19,35.0,9.0,1.9,1
4.63,1.54,2.71,0.551,0.196,46.43,41.0,14.0,8.2,1
0.39,4.0,1.26,0.328,0.348,49.64,1.0,,3.4,1
0.05,1.9,1.09,0.488,0.26,14.93,51.0,8.0,8.4,0
1.36,3.55,1.41,0.831,0.392,24.61,37.0,4.0,1.9,1
1.39,0.88,1.89,0.208,0.053,55.41,3.0,12.0,3.4,0
1.45,0.01,2.96,0.552,0.419,17.11,38.0,7.0,6.4,0
4.01,2.05,2.61,0.626,0.167,51.62,37.0,11.0,3.3,1
1.43,2.06,0.49,0.586,0.177,34.8,10.0,0.0,2.2,0
3.16,3.82,2.63,0.395,0.296,41.09,44.0,9.0,9.4,1
0.04,0.78,1.45,0.165,0.36,48.71,34.0,8.0,4.5,0
4.46,,2.42,0.262,0.077,54.42,56.0,14.0,,0
1.3,1.68,2.54,0.457,0.01,38.28,34.0,10.0,9.9,0
2.69,2.07,1.13,0.207,0.138,37.75,58.0,1.0,3.7,0
2.84,2.57,0.08,0.729,0.164,44.1,10.0,3.0,3.5,0
1.2,1.18,1.09,0.278,0.076,11.55,50.0,8.0,2.1,0
2.95,1.06,0.09,0.198,0.384,38.03,22.0,7.0,5.1,0
4.33,3.36,1.54,0.356,0.328,46.32,51.0,7.0,2.2,1
1.66,1.98,2.85,0.226,,8.95,34.0,0.0,2.5,0
4.67,3.73,2.66,0.705,0.078,12.2,34.0,14.0,7.6,1
1.17,2.73,1.15,0.799,0.243,38.52,41.0,2.0,4.4,0
0.59,0.25,2.27,0.42,0.428,21.09,,,2.2,0
1.75,0.43,2.19,0.663,0.188,37.55,25.0,3.0,3.0,1
4.46,3.48,1.73,0.197,0.315,28.43,23.0,14.0,1.9,1
0.81,0.84,2.11,0.336,0.112,27.6,41.0,5.0,2.4,0
2.08,0.67,2.71,0.154,0.453,27.35,2.0,12.0,7.5,0
3.12,3.55,0.84,0.211,0.408,21.05,34.0,1.0,8.5,1
4.08,3.82,0.53,0.473,0.416,25.65,35.0,11.0,9.5,1
4.53,2.61,0.97,0.647,0.005,3.11,58.0,2.0,9.9,0
4.96,0.41,1.83,0.143,0.245,19.67,24.0,0.0,4.1,0
4.23,0.09,1.45,0.529,0.013,19.67,16.0,2.0,0.7,0
0.05,2.4,2.02,0.461,0.424,35.04,21.0,11.0,6.0,1
1.96,0.24,1.34,0.012,0.086,,17.0,6.0,0.7,0
4.27,2.19,1.95,0.875,0.362,26.83,32.0,12.0,7.0,1
4.88,1.61,0.27,0.579,0.124,7.16,14.0,4.0,7.0,0
,0.13,1.3,0.26,0.417,52.01,28.0,1.0,1.5,0
1.7,3.82,1.94,0.597,0.157,49.0,33.0,11.0,7.6,1
3.25,0.04,0.87,0.929,0.02,34.82,7.0,2.0,2.6,0
2.04,1.42,0.97,0.02,0.024,27.91,14.0,11.0,3.8,0
0.78,3.22,0.06,0.952,0.429,50.08,6.0,11.0,0.6,1
4.5,3.9,2.36,0.656,0.447,47.16,11.0,0.0,4.3,1
1.52,0.18,1.46,0.539,0.373,36.89,,1.0,3.0,1
1.28,3.8,0.5,0.397,0.486,20.94,54.0,1.0,6.4,1
2.86,1.35,1.89,0.132,0.457,37.23,26.0,3.0,,1
4.22,0.63,0.36,0.018,0.359,4.94,53.0,13.0,,0
2.38,3.29,1.39,0.435,0.006,11.97,34.0,10.0,3.0,1
0.56,2.57,,0.551,0.094,55.94,25.0,9.0,2.4,0
2.24,0.4,2.03,0.99,0.109,55.39,36.0,7.0,7.4,1
0.5,2.47,0.57,,0.14,23.16,18.0,14.0,3.1,0
0.87,3.27,2.86,0.705,0.135,16.11,51.0,2.0,2.1,0
2.18,2.2,1.8,0.632,0.095,51.98,28.0,11.0,9.6,0
,1.37,0.07,0.879,0.243,50.02,56.0,9.0,8.6,0
3.35,0.86,1.26,0.487,0.48,58.79,10.0,2.0,4.8,1
2.72,3.0,0.48,0.176,0.023,23.99,36.0,1.0,0.7,1
1.72,1.6,1.82,0.236,0.085,46.7,51.0,0.0,5.3,0
0.8,3.33,2.3,0.359,0.182,37.75,51.0,7.0,0.4,1
2.57,3.06,0.93,0.19,,6.81,42.0,3.0,8.3,1
3.99,3.01,2.03,0.792,0.067,45.03,58.0,10.0,4.2,1
3.75,3.18,2.61,0.37,0.28,13.51,38.0,1.0,2.1,1
4.86,2.22,2.72,0.381,0.067,15.82,42.0,3.0,7.6,0
2.5,3.12,0.37,0.5,0.102,54.58,47.0,14.0,1.7,1
3.16,3.52,1.07,0.287,0.009,23.94,58.0,3.0,7.0,0
1.22,1.2,0.82,0.125,0.48,49.89,9.0,11.0,6.4,1
3.86,1.01,,0.735,0.131,23.17,39.0,5.0,1.6,1
2.5,1.84,2.45,0.591,0.306,13.21,21.0,12.0,6.6,1
2.36,2.21,1.93,0.191,0.124,12.6,26.0,12.0,7.8,0
1.49,0.11,2.95,0.062,0.463,25.84,35.0,13.0,7.8,0
1.59,0.73,0.12,0.538,0.023,23.25,58.0,11.0,6.0,0
1.04,0.09,0.6,0.666,0.247,16.83,33.0,10.0,1.0,0
4.73,2.25,2.55,0.234,0.163,22.37,25.0,6.0,1.7,1
1.19,3.08,1.18,0.391,0.183,9.38,3.0,3.0,3.0,0
0.19,3.31,2.34,0.88,0.05,1.88,19.0,4.0,9.4,0
2.11,2.23,,0.506,0.196,35.59,12.0,10.0,1.0,1
4.84,0.16,1.77,0.859,0.367,59.28,56.0,10.0,5.5,1
0.15,,2.0,0.546,0.342,16.82,30.0,7.0,8.9,0
1.29,1.6,1.15,0.611,0.459,17.16,34.0,5.0,4.4,0
1.25,3.4,2.7,0.582,0.03,58.78,48.0,3.0,8.8,0
2.66,1.63,2.01,0.136,0.452,42.83,41.0,14.0,3.2,1
3.78,2.87,1.81,0.049,0.226,57.18,52.0,14.0,4.4,1
2.07,0.78,0.08,0.718,0.21,10.88,8.0,7.0,6.0,0
1.64,3.69,1.48,0.606,0.215,5.71,42.0,14.0,,1
1.42,1.18,2.99,0.349,0.347,,47.0,2.0,3.9,0
4.59,0.02,1.35,0.588,0.224,41.91,14.0,1.0,4.6,1
4.7,0.33,2.87,0.546,0.489,55.1,11.0,0.0,6.1,1
2.9,0.92,2.94,0.736,0.34,2.4,45.0,14.0,8.5,0
4.4,0.66,1.94,0.579,0.303,32.88,40.0,0.0,3.6,0
4.94,0.76,0.9,0.659,0.079,3.27,45.0,13.0,,1
2.83,2.32,0.59,0.547,0.119,56.62,44.0,11.0,7.6,0
1.49,1.89,1.64,0.159,0.34,20.74,55.0,1.0,9.6,0
1.68,2.85,0.31,0.856,0.189,47.86,8.0,11.0,1.2,1
3.06,3.16,1.52,,0.383,12.96,44.0,12.0,0.8,1
1.91,2.07,1.97,0.207,0.214,24.7,57.0,8.0,0.4,1
2.55,2.37,1.32,0.967,0.436,41.86,,14.0,,1
1.15,3.1,0.45,0.653,0.298,42.84,21.0,9.0,5.3,1
4.97,0.36,2.42,0.921,0.422,53.09,19.0,11.0,1.7,1
0.96,1.74,1.62,0.245,0.44,45.0,33.0,0.0,2.5,1
4.57,2.11,0.81,0.649,,21.57,22.0,3.0,1.6,1
4.34,2.39,0.05,0.432,0.197,24.45,41.0,5.0,8.8,0
4.05,2.17,1.63,0.043,0.362,38.21,49.0,7.0,8.7,0
4.69,1.4,,0.474,0.061,30.35,56.0,5.0,4.6,1
4.03,1.15,1.09,0.344,0.072,14.04,58.0,2.0,3.3,0
1.76,1.76,1.98,0.088,0.411,28.73,3.0,10.0,9.2,0
0.85,0.27,2.39,0.75,0.006,31.31,38.0,6.0,6.3,0
2.52,1.88,1.41,0.549,0.019,33.46,9.0,5.0,1.6,0
0.03,3.86,0.81,0.033,0.288,8.1,41.0,10.0,8.1,0
4.74,0.22,1.24,0.243,0.481,18.15,31.0,0.0,3.1,1
4.28,0.61,2.28,0.968,0.466,57.87,50.0,2.0,8.6,1
4.11,2.52,0.66,0.72,0.221,55.66,48.0,4.0,5.4,1
1.79,2.83,0.77,0.924,0.4,12.87,27.0,1.0,6.9,1
0.57,1.9,1.08,0.558,0.348,31.14,20.0,0.0,7.1,0
3.56,3.67,1.88,0.829,0.402,14.81,50.0,9.0,0.5,1
3.24,1.93,0.72,0.509,0.121,50.18,11.0,3.0,7.4,0
4.12,0.44,1.49,0.486,0.163,34.85,37.0,11.0,2.3,1
2.55,1.92,1.91,0.199,0.388,50.55,17.0,6.0,7.6,0
0.76,2.06,1.57,0.788,0.137,24.48,50.0,0.0,3.1,0
4.09,1.72,0.02,0.511,0.379,21.95,28.0,6.0,0.9,1
3.51,3.66,1.5,0.184,0.376,27.21,46.0,,6.0,0
4.79,1.92,1.07,0.442,0.382,29.25,50.0,14.0,9.9,1
0.45,2.77,0.14,0.472,0.218,47.02,3.0,4.0,0.2,0
2.93,2.03,2.75,0.036,0.096,17.8,3.0,10.0,0.2,0
3.18,2.91,1.95,0.736,0.048,31.34,22.0,4.0,,1
,0.44,2.74,0.02,0.097,54.06,16.0,1.0,1.4,0
4.16,3.78,0.92,0.557,0.245,24.82,10.0,,7.3,0
1.56,2.45,2.77,0.645,0.131,45.41,54.0,5.0,6.0,0
2.36,1.23,1.32,0.044,0.429,8.55,2.0,2.0,0.8,0
1.79,0.93,0.97,,0.367,6.89,49.0,0.0,1.2,0
4.59,2.95,2.52,0.77,0.37,19.22,46.0,14.0,7.6,1
2.62,1.07,0.13,0.144,0.148,24.25,45.0,1.0,2.1,0
4.51,1.8,2.19,0.494,0.235,27.33,12.0,5.0,1.5,1
1.81,2.47,2.59,0.114,0.317,37.41,36.0,2.0,0.6,0
0.9,3.43,2.61,0.96,0.222,52.72,56.0,2.0,7.9,1
2.71,3.32,0.1,0.232,0.397,10.8,14.0,0.0,9.4,0
4.94,2.67,,0.44,0.295,1.99,41.0,5.0,8.4,1
3.14,1.06,2.15,0.422,0.299,49.96,54.0,10.0,0.1,1
0.28,0.65,2.54,0.599,0.029,10.05,16.0,3.0,2.5,0
0.17,2.18,2.0,0.328,0.397,1.87,11.0,2.0,8.1,0
2.15,3.53,2.25,0.48,0.062,4.55,39.0,4.0,7.7,0
0.19,1.63,1.85,0.922,0.1,44.76,41.0,3.0,1.8,0
0.52,2.95,1.41,0.058,0.059,45.86,23.0,10.0,7.7,0
3.77,3.33,2.79,0.015,0.418,13.53,29.0,1.0,3.1,1
3.79,1.05,0.33,0.997,0.442,18.9,11.0,8.0,9.9,0
0.92,,0.19,0.468,0.489,29.94,10.0,11.0,9.1,1
4.26,1.02,2.0,0.332,0.083,16.38,37.0,6.0,8.8,0
0.88,2.36,2.02,0.216,0.425,52.36,44.0,3.0,4.7,0
3.82,2.67,2.53,0.68,0.291,17.88,16.0,3.0,5.3,1
3.01,2.21,1.95,0.626,0.451,39.54,15.0,10.0,6.8,1
4.28,2.49,0.26,0.262,0.146,7.02,56.0,4.0,1.7,0
3.77,0.84,2.64,0.243,0.139,27.42,56.0,10.0,5.6,0
0.0,0.58,0.3,0.833,0.403,3.81,25.0,14.0,7.7,0
0.3,0.06,1.35,0.739,0.124,28.48,34.0,3.0,0.5,0
0.16,2.44,1.89,0.764,0.036,1.06,4.0,0.0,2.2,0
4.17,3.7,1.9,0.456,0.22,2.26,12.0,3.0,8.3,1
2.98,2.72,1.34,0.31,0.302,32.56,16.0,11.0,4.1,1
4.84,2.6,0.99,0.498,0.353,1.65,22.0,9.0,1.6,1
1.94,2.13,0.9,0.594,0.071,48.41,58.0,9.0,2.9,1
,2.47,2.92,0.723,0.257,18.37,6.0,4.0,7.2,1
1.7,2.89,1.02,0.459,0.167,7.96,33.0,5.0,6.2,0
1.35,0.6,1.74,0.695,0.224,31.03,19.0,6.0,6.0,0
4.24,2.92,1.74,0.521,0.048,47.21,48.0,1.0,4.1,0
1.33,0.62,1.71,0.161,0.37,53.53,15.0,0.0,7.3,0
0.67,1.18,1.86,0.076,0.321,46.88,47.0,4.0,7.5,0
,1.36,0.79,0.561,0.265,35.18,28.0,5.0,7.2,0
3.99,1.14,1.02,0.463,0.09,55.75,16.0,10.0,8.0,0
2.0,2.1,0.21,0.381,0.086,27.45,39.0,11.0,2.8,0
3.08,2.22,1.71,0.57,0.101,41.32,53.0,14.0,9.1,1
1.03,3.28,0.72,0.701,0.394,14.84,44.0,4.0,3.4,1
0.38,2.31,0.51,0.232,0.18,25.4,52.0,3.0,2.8,0
1.17,3.99,2.5,0.545,0.187,25.86,46.0,1.0,6.6,1
4.1,2.78,1.75,0.219,0.178,2.43,7.0,2.0,9.6,0
3.44,2.92,1.67,0.64,0.064,15.45,45.0,12.0,2.6,1
0.41,3.99,0.47,0.556,0.426,25.34,25.0,1.0,1.9,0
1.07,0.94,1.33,0.7,0.284,26.02,36.0,9.0,0.5,1
1.16,2.59,1.67,0.836,0.497,55.02,12.0,13.0,4.7,1
1.41,3.55,1.31,,0.259,50.28,34.0,14.0,9.0,1
3.3,3.87,1.6,0.893,0.345,30.18,36.0,10.0,9.0,1
0.83,1.79,0.04,0.077,0.405,41.34,3.0,4.0,7.7,0
0.59,1.72,0.6,0.636,,21.78,51.0,3.0,2.5,0
2.56,0.38,0.65,0.306,0.219,12.63,58.0,0.0,4.9,0
1.64,3.62,1.13,0.747,0.19,11.47,41.0,8.0,1.2,1
1.11,3.75,2.82,0.008,0.074,4.85,48.0,14.0,5.8,0
0.87,3.54,1.62,0.83,0.385,29.03,12.0,10.0,9.6,1
1.31,0.9,0.77,0.833,0.313,47.8,41.0,14.0,,0
0.19,1.21,2.15,0.483,0.085,9.38,47.0,6.0,4.4,0
1.56,3.79,0.66,0.929,0.248,43.63,20.0,11.0,6.6,1
1.92,2.46,0.47,0.417,0.285,29.73,25.0,9.0,5.7,0
1.13,2.53,0.89,0.905,0.433,19.69,29.0,13.0,6.6,0
3.23,1.67,0.88,0.001,0.043,45.33,30.0,6.0,0.6,0
4.29,2.46,1.26,0.407,0.081,28.97,28.0,14.0,6.3,1
3.69,0.64,2.14,0.059,0.267,31.75,19.0,0.0,5.7,0
0.99,3.8,1.74,0.191,0.023,12.06,49.0,4.0,9.9,0
0.65,3.78,1.48,0.439,0.192,43.24,2.0,3.0,0.7,1
4.62,3.43,2.85,0.682,0.008,54.37,21.0,,3.7,1
2.27,1.02,0.1,0.31,0.129,5.02,59.0,1.0,8.5,0
4.32,3.5,1.21,0.232,0.081,18.4,13.0,7.0,4.1,1
3.26,2.8,2.05,0.851,0.143,8.63,48.0,0.0,9.9,1
3.65,0.98,0.96,0.055,0.384,3.29,41.0,7.0,0.8,1
0.97,3.34,1.43,0.845,0.174,6.2,14.0,8.0,0.2,0
3.97,0.36,0.09,0.026,0.446,21.54,31.0,13.0,7.4,0
2.02,2.87,0.61,0.01,0.138,33.45,17.0,10.0,9.5,0
1.85,3.99,0.24,0.936,0.064,3.43,12.0,9.0,0.5,1
3.08,1.72,2.91,0.341,0.03,20.22,45.0,4.0,7.0,0
1.38,2.49,2.23,0.165,0.496,34.43,52.0,11.0,4.5,1
1.35,0.87,1.96,0.185,0.048,32.76,16.0,0.0,5.0,0
0.39,1.87,0.01,0.647,0.181,57.44,23.0,1.0,7.1,0
1.98,0.43,1.4,0.826,0.424,48.95,16.0,14.0,2.3,1
3.05,2.78,2.12,0.45,0.113,57.48,21.0,5.0,5.2,1
1.32,3.09,1.82,0.226,0.032,22.16,45.0,13.0,6.7,0
4.47,2.35,1.54,0.313,0.271,30.92,38.0,0.0,1.7,1
4.88,2.96,2.49,0.199,,38.55,44.0,10.0,3.9,1
0.73,2.76,,0.191,0.36,50.08,11.0,0.0,4.7,0
2.63,3.69,2.52,0.559,0.3,2.88,12.0,11.0,0.7,1
1.51,1.91,1.16,0.526,0.116,34.55,26.0,3.0,9.9,0
1.97,2.15,1.74,0.674,0.246,32.91,26.0,2.0,0.0,0
2.22,1.49,1.56,0.175,0.003,15.73,34.0,7.0,1.1,0
2.25,1.41,1.23,0.04,0.271,7.06,16.0,12.0,6.7,0
1.89,3.27,0.8,0.567,0.387,23.67,15.0,13.0,0.5,1
1.79,3.72,1.34,0.879,0.029,47.52,6.0,14.0,9.4,1
0.39,1.24,0.36,0.712,0.113,40.77,10.0,7.0,9.7,0
1.94,1.68,1.03,,0.312,9.68,48.0,10.0,4.8,0
4.94,1.41,1.74,0.424,0.024,25.4,46.0,14.0,5.8,1
2.29,3.42,0.19,0.216,0.408,11.77,19.0,0.0,8.8,0
1.85,3.79,2.23,0.169,0.162,6.56,6.0,10.0,2.3,1
3.81,3.61,1.7,,0.106,12.98,34.0,3.0,4.2,1
4.45,0.05,2.9,0.152,0.426,44.13,11.0,5.0,8.9,0
3.31,0.69,0.27,0.697,0.327,37.19,3.0,4.0,3.6,0
1.8,,0.68,0.351,0.449,8.74,12.0,13.0,9.3,0
2.02,2.1,1.61,0.259,0.195,45.11,33.0,6.0,6.8,1
2.09,1.51,1.46,0.933,0.49,36.15,31.0,10.0,7.4,1
0.52,1.63,1.5,0.884,0.477,45.58,40.0,13.0,6.6,1
2.69,3.3,1.03,0.226,0.285,12.82,55.0,5.0,7.5,0
0.93,3.25,2.6,0.412,0.364,11.13,26.0,7.0,8.6,0
3.34,3.31,0.15,0.705,0.186,28.76,33.0,1.0,9.5,0
3.79,3.39,2.62,0.813,0.029,4.13,42.0,13.0,2.0,1
2.94,0.28,2.33,0.438,0.165,42.15,9.0,7.0,9.8,0
1.39,3.03,2.37,0.914,0.129,36.91,41.0,7.0,8.2,0
4.1,2.44,2.73,0.417,0.067,13.39,51.0,6.0,5.2,1
1.01,1.01,1.7,0.107,0.243,48.97,56.0,5.0,4.1,1
1.09,2.37,2.6,0.983,0.467,36.31,30.0,14.0,,1
0.68,2.74,1.22,0.93,0.442,10.87,7.0,0.0,6.1,1
3.8,2.28,2.05,0.773,0.141,28.62,10.0,12.0,7.0,1
2.72,1.41,0.91,0.892,0.5,36.13,40.0,7.0,6.9,1
,0.98,2.42,0.647,0.455,37.26,18.0,0.0,2.3,0
2.95,0.35,0.1,0.402,0.047,15.48,42.0,12.0,,0
4.29,0.23,2.54,0.375,0.121,20.84,17.0,0.0,5.4,0
2.26,1.41,0.35,0.306,0.165,6.65,28.0,9.0,2.0,0
4.15,0.95,0.47,0.685,0.112,21.37,7.0,13.0,4.0,0
4.68,1.98,2.27,0.297,0.071,22.22,26.0,14.0,5.9,1
1.33,2.25,0.71,0.342,0.201,24.83,14.0,4.0,9.0,0
2.82,1.52,1.47,0.499,0.295,6.16,3.0,8.0,3.5,1
4.46,1.52,1.5,0.446,0.382,47.64,48.0,11.0,2.5,1
3.05,2.99,1.13,0.049,0.449,28.5,33.0,10.0,0.9,1
2.18,0.02,2.8,0.43,0.187,29.61,8.0,7.0,6.1,0
2.98,3.99,1.69,0.489,0.316,10.18,33.0,3.0,7.4,1
3.73,1.76,2.15,0.557,0.238,58.06,39.0,3.0,2.0,1
1.37,2.35,2.67,0.869,0.349,13.03,43.0,9.0,6.2,1
0.71,0.97,1.84,0.348,0.366,11.07,29.0,13.0,9.7,0
0.95,0.84,2.08,0.701,0.009,52.0,8.0,8.0,6.9,0
3.64,2.69,1.33,0.917,0.347,54.17,37.0,6.0,6.0,1
0.56,3.89,2.99,0.931,0.025,11.61,24.0,11.0,0.6,1
1.62,3.63,2.33,0.939,0.113,47.9,52.0,11.0,9.9,1
4.17,3.73,2.9,0.84,0.145,3.25,52.0,10.0,4.7,1
4.43,2.03,0.38,0.556,0.302,27.24,14.0,4.0,5.0,0
4.84,1.44,0.07,0.707,0.133,2.44,13.0,1.0,8.0,0
3.04,,1.57,0.069,0.239,20.29,49.0,8.0,4.6,0
1.19,2.17,2.19,0.187,0.299,55.8,6.0,13.0,5.1,0
3.33,3.25,2.5,0.99,0.482,30.49,45.0,6.0,8.2,1
0.95,2.8,2.55,0.025,0.323,4.92,7.0,7.0,2.1,0
1.2,1.46,0.86,0.03,0.357,28.27,44.0,9.0,1.9,0
4.64,0.27,2.28,0.238,0.173,6.52,46.0,9.0,3.0,0
0.05,1.18,0.47,0.564,0.216,56.49,21.0,0.0,5.4,0
2.75,3.32,1.56,0.199,0.068,2.58,3.0,12.0,6.3,0
0.29,1.85,0.71,0.102,0.171,34.6,38.0,3.0,8.0,0
1.11,3.29,0.7,0.146,0.038,5.82,56.0,1.0,3.5,0
1.77,2.79,0.9,0.463,0.186,20.82,22.0,8.0,2.1,0
0.54,1.24,0.92,0.529,0.368,43.8,13.0,12.0,4.1,0
,1.76,1.0,0.251,0.349,36.95,52.0,2.0,1.7,0
1.78,2.63,2.74,0.954,0.284,19.43,58.0,7.0,2.7,1
2.56,3.51,2.06,0.81,0.24,5.78,36.0,11.0,0.7,1
4.03,0.16,0.01,0.47,0.412,55.65,31.0,1.0,0.7,1
1.69,3.97,1.2,0.166,0.493,36.48,29.0,1.0,2.1,1
1.55,1.63,0.5,0.891,0.496,54.26,14.0,0.0,3.3,1
0.06,0.52,2.16,0.154,0.009,43.88,57.0,4.0,9.4,0
3.08,1.32,2.95,0.684,0.054,24.6,41.0,5.0,4.9,1
3.83,3.18,1.5,0.625,0.18,54.82,14.0,4.0,1.3,1
0.02,2.3,2.94,0.881,0.317,6.21,51.0,7.0,1.9,1
0.03,0.44,0.83,0.318,0.315,12.49,57.0,1.0,2.6,0
4.33,1.55,1.74,0.248,0.433,40.04,5.0,1.0,9.0,0
1.39,0.22,1.64,0.424,0.268,56.44,2.0,6.0,3.6,0
2.63,0.27,2.39,0.882,0.123,49.94,18.0,13.0,9.3,0
3.29,0.88,0.78,0.136,0.074,21.28,17.0,9.0,0.8,0
3.22,1.4,0.78,0.947,0.248,6.37,53.0,1.0,8.6,1
2.8,2.77,1.06,0.662,0.49,25.28,56.0,4.0,4.6,1
1.0,0.07,1.75,0.075,0.298,49.21,57.0,14.0,8.9,0
3.79,1.26,0.41,0.605,0.044,47.34,40.0,2.0,7.4,0
2.84,1.43,2.86,0.53,0.023,3.74,6.0,13.0,2.6,1
1.61,1.24,1.38,0.629,0.349,26.42,28.0,13.0,3.9,1
3.46,0.57,1.51,0.494,0.351,24.98,19.0,13.0,7.1,0
0.76,3.44,,0.798,0.299,17.58,28.0,12.0,2.3,1
1.83,1.28,1.16,0.838,0.354,7.04,48.0,1.0,6.8,1
0.99,3.38,1.37,0.558,0.131,32.3,26.0,10.0,5.7,1
1.8,0.76,0.73,0.093,0.232,29.86,4.0,9.0,3.4,0
2.77,2.89,0.44,0.502,0.275,36.56,47.0,10.0,6.9,1
2.29,0.8,1.31,0.095,0.047,36.43,47.0,14.0,9.3,0
2.85,1.37,2.03,0.023,0.465,13.58,32.0,7.0,9.1,0
1.51,2.71,1.07,0.431,0.345,39.03,16.0,5.0,5.4,0
0.45,2.19,0.32,0.97,0.435,40.2,6.0,14.0,7.3,1
0.57,1.07,1.57,0.171,0.063,47.46,50.0,7.0,3.9,0
1.82,3.53,1.57,0.804,0.231,41.53,19.0,4.0,2.3,1
2.1,1.89,0.51,0.01,0.417,34.12,16.0,8.0,6.5,0
3.6,3.15,1.03,0.092,,29.2,48.0,4.0,2.8,0
1.46,3.45,2.37,0.838,0.289,,23.0,2.0,2.8,1
3.55,1.8,0.1,0.381,0.006,59.36,51.0,4.0,7.3,0
3.04,1.33,0.29,0.969,,10.7,40.0,4.0,8.8,0
1.42,2.21,2.1,0.062,0.167,51.64,39.0,9.0,5.1,0
4.88,0.33,1.72,0.335,0.021,31.82,10.0,10.0,0.4,1
1.34,2.74,1.74,0.583,0.139,52.48,21.0,0.0,7.1,0
2.65,3.02,1.37,0.686,0.391,14.07,17.0,0.0,7.5,0
4.21,0.42,0.26,0.506,0.491,59.1,59.0,9.0,9.4,0
1.09,1.19,0.16,0.843,0.206,24.05,19.0,12.0,5.5,0
0.34,3.07,0.97,0.663,0.048,28.32,41.0,1.0,5.8,0
2.45,1.27,0.17,0.937,0.458,55.92,27.0,11.0,7.1,1
3.09,2.46,1.7,0.781,0.034,48.37,19.0,6.0,5.1,1
0.63,2.4,2.04,0.966,0.16,54.14,14.0,5.0,2.1,1
0.54,1.04,1.85,0.737,0.082,52.89,55.0,14.0,8.1,0
0.41,3.06,2.19,0.24,0.126,34.96,4.0,6.0,6.3,0
3.29,1.98,2.86,0.518,,11.98,28.0,8.0,2.8,1
4.67,,2.9,0.347,0.022,33.61,9.0,8.0,9.7,0
4.62,0.41,0.86,0.464,0.191,59.82,34.0,9.0,8.3,0
4.04,3.67,0.87,0.486,0.002,39.13,24.0,3.0,3.5,1
1.87,1.53,2.23,0.951,0.207,58.29,48.0,12.0,0.2,1
2.86,2.22,2.97,0.741,0.232,48.75,,4.0,9.6,0
5.0,2.56,1.24,0.763,0.416,56.01,7.0,6.0,1.1,1
4.17,2.9,0.56,0.903,0.253,3.72,55.0,12.0,3.3,1
0.43,1.65,2.19,0.009,0.079,44.23,25.0,11.0,1.8,0
0.01,1.95,1.16,0.739,0.301,25.39,51.0,7.0,9.0,0
1.92,2.92,0.24,0.744,0.126,39.73,39.0,14.0,3.3,1
0.13,2.63,2.25,0.488,0.255,34.02,36.0,5.0,2.7,0
3.81,2.47,1.22,0.304,0.134,31.17,52.0,9.0,4.5,1
3.04,1.55,1.77,0.051,0.124,41.74,18.0,9.0,9.9,0
3.31,3.86,2.08,0.969,0.396,56.72,9.0,10.0,5.2,1
4.62,0.74,2.46,,0.254,35.49,18.0,8.0,0.3,1
4.93,0.47,1.86,0.117,0.389,38.76,45.0,3.0,6.3,1
1.61,1.14,2.81,0.668,0.216,10.63,25.0,6.0,5.5,0
0.7,1.01,1.45,0.781,0.151,31.79,59.0,10.0,0.8,0
0.13,3.84,1.59,0.92,0.266,53.8,52.0,6.0,8.5,0
4.36,0.03,0.91,0.487,0.415,23.74,44.0,7.0,0.9,1
1.45,3.52,0.4,0.809,0.053,8.97,15.0,4.0,0.6,0
0.17,1.63,1.89,0.856,0.486,1.27,7.0,14.0,7.4,1
2.99,,0.88,0.213,0.257,22.45,39.0,1.0,4.8,0
2.01,2.77,2.14,0.42,0.232,57.42,8.0,11.0,,1
4.35,0.18,,0.604,0.485,51.81,7.0,12.0,5.4,1
0.51,2.07,0.84,0.538,0.177,58.01,16.0,3.0,3.9,0
2.98,0.16,1.67,0.995,0.204,6.41,23.0,13.0,7.4,1
3.95,0.39,2.97,0.373,0.067,13.44,50.0,14.0,0.4,1
4.33,2.51,2.65,0.867,0.443,32.06,40.0,2.0,3.5,1
0.36,1.1,1.25,0.195,0.49,53.52,16.0,12.0,4.9,1
3.91,0.57,2.06,0.908,0.079,18.01,37.0,0.0,5.5,0
3.98,0.2,0.55,0.013,0.475,17.85,35.0,12.0,7.1,0
1.31,3.22,0.03,0.73,0.004,51.52,20.0,2.0,3.7,1
1.51,2.53,2.52,0.467,0.368,6.24,48.0,7.0,2.2,0
,0.13,1.24,0.008,0.324,50.74,25.0,10.0,4.2,1
3.14,2.53,0.54,0.894,0.031,36.25,44.0,8.0,2.8,1
0.15,0.41,0.95,0.665,0.02,3.6,50.0,12.0,7.1,0
4.09,1.31,2.77,0.726,0.029,51.61,16.0,3.0,0.5,1
4.85,2.64,2.68,0.612,0.42,31.38,24.0,0.0,9.4,1
2.05,1.14,1.95,0.917,,8.04,39.0,1.0,8.8,0
3.76,3.03,0.28,0.817,0.392,47.4,35.0,14.0,3.2,1
3.62,2.07,2.15,0.296,0.408,30.66,40.0,10.0,1.1,1
2.01,1.0,2.67,0.34,0.343,29.13,51.0,14.0,6.6,0
2.27,2.23,2.76,0.127,0.475,6.89,4.0,14.0,9.5,0
3.1,0.14,1.16,0.048,0.017,14.37,13.0,8.0,,0
0.87,1.76,0.51,0.78,0.124,12.23,45.0,8.0,0.9,1
2.53,1.3,2.88,0.33,0.227,44.52,16.0,3.0,4.2,0
1.68,1.67,2.43,0.541,0.39,30.12,13.0,6.0,5.9,1
0.42,2.45,1.3,0.705,0.18,18.46,3.0,10.0,8.3,0
1.0,,1.9,0.717,0.202,35.07,9.0,6.0,4.7,1
2.51,,1.19,0.866,,10.36,43.0,10.0,4.7,1
4.54,0.45,1.37,0.812,0.161,10.31,23.0,3.0,5.7,1
4.3,1.24,0.98,0.692,0.48,26.33,24.0,13.0,9.5,1
4.59,1.69,0.17,,0.172,46.11,59.0,10.0,2.7,1
1.22,0.21,2.99,0.834,0.279,10.61,55.0,2.0,6.5,0
4.13,3.79,0.72,0.11,0.016,17.87,22.0,,9.6,0
1.72,3.62,0.87,0.232,0.175,22.3,28.0,0.0,4.5,0
4.81,1.33,0.97,0.334,0.027,49.41,36.0,4.0,3.2,1
1.3,2.51,0.73,0.565,0.436,40.93,16.0,4.0,2.9,1
1.66,1.89,0.98,0.944,0.411,42.32,45.0,6.0,6.5,1
0.05,2.25,1.7,,0.13,11.87,27.0,2.0,4.7,0
4.61,0.49,0.24,0.654,0.498,19.84,43.0,4.0,8.4,1
3.07,2.17,0.21,0.587,0.249,47.81,42.0,12.0,2.6,1
1.56,1.01,1.39,0.085,0.097,57.84,52.0,8.0,10.0,0
,2.44,2.09,0.301,0.143,39.28,15.0,4.0,8.9,0
3.23,3.07,0.65,0.925,0.156,9.21,26.0,5.0,3.6,1
0.48,3.61,1.56,0.237,0.077,48.2_err,43.0,3.0,8.6,0
0.73,0.13,1.32,0.413,0.267,57.18,56.0,14.0,10.0,0
2.53,2.09,1.36,0.582,0.106,,38.0,6.0,10.0,0
0.66,1.63,2.1,0.754,0.043,46.35,1.0,11.0,3.2,1
0.45,0.9,1.79,0.565,0.499,15.93,14.0,11.0,,0
3.47,1.06,1.41,0.444,0.37,29.59,38.0,4.0,5.1,0
2.31,3.29,0.81,0.699,0.45,38.86,22.0,3.0,7.0,1
0.25,2.95,1.76,0.61,0.024,6.91,14.0,10.0,0.7,0
0.24,3.61,0.41,0.509,0.167,26.84,22.0,14.0,8.2,0
4.8,3.14,1.25,0.589,0.13,12.64,55.0,7.0,1.9,1
0.27,0.23,0.4,0.407,0.443,26.08,38.0,3.0,4.6,0
2.22,0.45,0.95,0.512,0.468,56.47,18.0,7.0,6.0,0
1.95,2.72,1.91,0.449,0.215,51.64,12.0,8.0,4.7,1
2.51,2.63,2.36,0.998,0.234,29.23,54.0,2.0,0.7,1
4.4,3.57,0.71,0.056,0.492,33.19,59.0,13.0,3.7,1
3.38,,1.93,0.658,0.222,12.89,26.0,4.0,4.5,0
3.89,2.3,0.82,0.242,0.233,12.64,39.0,7.0,4.9,0
2.14,2.09,1.25,0.373,0.414,39.38,11.0,0.0,9.8,0
2.82,2.72,2.74,0.19,0.408,22.6,43.0,12.0,4.2,1
0.34,1.58,0.3,0.752,0.07,52.41,34.0,14.0,6.1,0
0.36,2.45,2.95,0.287,0.355,49.09,7.0,6.0,1.2,1
4.35,1.96,1.93,0.654,0.319,50.25,34.0,9.0,2.2,1
2.54,3.78,1.83,0.568,0.381,23.17,24.0,6.0,0.6,1
0.54,1.68,0.64,0.429,0.273,51.84,48.0,14.0,4.8,1
0.37,0.51,0.58,0.341,0.493,20.85,28.0,5.0,5.0,0
4.6,3.29,2.77,0.7,0.322,39.89,33.0,2.0,9.2,1
0.85,2.02,0.48,0.537,0.194,20.69,34.0,2.0,6.9,0
2.16,0.64,0.52,0.047,0.378,,36.0,11.0,2.2,0
3.91,3.71,2.1,0.739,0.007,21.06,11.0,4.0,0.7,1
4.34,0.49,2.11,0.757,0.163,55.56,,11.0,1.1,1
4.32,0.27,1.2,0.419,0.241,49.84,2.0,7.0,0.6,1
4.42,1.07,2.72,0.02,0.225,40.93,45.0,2.0,9.7,0
0.75,2.62,,0.191,0.083,8.93,2.0,13.0,7.1,0
2.14,0.45,2.52,0.574,0.121,46.43,20.0,9.0,0.8,1
3.3,3.87,0.05,0.756,0.473,46.29,46.0,0.0,1.6,1
4.51,2.14,0.91,0.085,0.447,52.18,38.0,1.0,7.1,0
2.14,2.29,0.87,0.673,0.078,,55.0,6.0,2.3,0
3.11,3.8,0.2,0.501,0.192,29.85,37.0,11.0,5.5,1
4.8,1.87,2.68,0.235,0.093,7.21,8.0,12.0,1.5,0
4.82,2.78,2.98,0.486,0.381,39.58,34.0,12.0,8.8,1
3.33,0.14,0.43,0.064,0.119,46.36,33.0,2.0,5.6,0
2.52,0.15,0.86,0.659,0.041,34.0,7.0,0.0,3.0,0
2.86,2.97,0.08,0.126,0.435,29.64,5.0,13.0,9.1,1
4.51,3.75,0.35,0.023,0.368,44.42,32.0,1.0,5.2,1
3.47,2.89,1.5,0.027,0.391,38.19,4.0,13.0,5.4,1
1.21,0.62,1.1,0.711,0.388,48.22,5.0,0.0,4.0,0
0.97,3.31,1.27,0.244,0.252,17.6,20.0,10.0,1.3,1
0.84,2.37,2.0,0.53,0.348,42.99,1.0,9.0,2.2,0
2.98,0.26,0.29,0.046,0.332,12.26,8.0,7.0,4.7,0
3.18,1.55,2.54,0.045,0.484,50.24,44.0,13.0,7.1,1
0.4,3.1,2.6,0.848,0.008,45.4,5.0,14.0,2.0,1
3.73,0.83,0.49,0.707,0.303,40.69,8.0,5.0,1.6,1
2.76,3.29,1.9,0.11,0.032,18.52,,0.0,5.2,0
1.5,2.3,,0.548,0.426,16.54,11.0,12.0,1.3,1
4.78,1.8,0.52,0.153,0.109,53.22,32.0,2.0,4.4,0
2.47,0.01,1.12,0.779,0.146,27.55,56.0,12.0,5.6,0
2.39,1.04,2.08,0.668,0.085,38.53,20.0,7.0,4.9,1
2.21,3.28,2.02,0.946,0.292,3.19,57.0,0.0,9.0,0
2.8,0.43,2.52,0.564,0.425,34.09,39.0,12.0,0.7,1
0.24,2.04,0.4,0.392,0.175,10.49,36.0,2.0,9.0,0
0.24,0.12,0.97,0.696,0.019,32.23,59.0,8.0,6.3,0
2.31,1.04,2.26,0.595,0.175,14.85,38.0,12.0,1.6,0
3.83,0.66,0.75,0.409,0.443,59.74,27.0,5.0,1.0,1
2.6,1.67,1.61,0.42,0.312,25.13,,9.0,8.3,0
4.61,2.38,0.41,0.15,0.263,37.8,37.0,3.0,0.3,1
3.18,1.76,0.47,0.477,0.072,36.35,23.0,10.0,5.8,0
0.04,3.28,0.77,0.154,,22.41,28.0,5.0,8.8,0
2.24,0.68,0.88,0.173,0.166,11.01,44.0,4.0,9.3,0
2.76,2.48,0.13,0.156,0.423,41.51,9.0,5.0,6.2,1
0.08,3.44,2.57,0.481,0.227,4.09,4.0,14.0,9.6,0
0.53,2.4,0.13,0.488,0.234,43.03,50.0,14.0,6.6,0
4.99,1.8,2.29,0.064,0.428,34.66,19.0,3.0,9.4,0
3.38,2.95,0.86,0.65,0.293,35.59,57.0,8.0,8.6,1
3.38,0.37,1.2,0.163,0.041,55.31,6.0,0.0,0.4,0
2.85,3.86,1.73,0.463,0.072,,24.0,6.0,4.1,1
4.48,1.35,0.67,0.608,0.419,59.42,25.0,2.0,4.0,1
1.44,0.8,0.23,0.055,0.354,24.23,6.0,6.0,3.3,0
4.27,3.84,2.87,0.556,0.301,42.25,13.0,5.0,10.0,1
0.48,0.02,2.48,0.917,0.465,8.83,44.0,1.0,1.5,1
4.87,3.15,2.28,0.135,0.387,52.35,52.0,1.0,2.4,1
4.09,1.68,1.6,0.918,0.389,41.35,38.0,8.0,1.0,1
0.01,3.24,1.91,0.817,0.434,28.58,37.0,4.0,5.7,1
0.3,3.44,2.59,0.536,0.294,32.85,24.0,2.0,8.3,0
0.42,1.26,1.17,0.125,0.376,13.38,23.0,3.0,2.2,0
,3.56,0.31,0.723,0.024,57.23,52.0,2.0,5.6,1
3.42,3.96,2.52,0.647,0.347,34.47,,4.0,2.0,1
0.41,3.8,0.19,0.666,0.435,1.54,33.0,3.0,0.6,1
2.24,2.11,2.76,0.129,0.466,21.84,36.0,4.0,1.2,0
1.19,0.8,2.17,0.49,0.068,25.53,58.0,9.0,4.2,0
2.0,,,0.654,0.499,25.84,,4.0,2.1,1
1.2,3.77,1.85,0.466,0.318,47.71,58.0,4.0,0.9,1
2.08,3.85,1.61,0.59,0.136,51.07,27.0,8.0,4.1,1
3.21,3.49,1.2,0.564,0.142,41.71,34.0,12.0,6.6,1
0.77,0.86,0.39,0.427,0.361,22.52,58.0,0.0,5.7,0
1.09,2.58,2.43,0.151,0.145,26.97,37.0,8.0,5.1,0
1.79,3.69,1.76,0.813,0.208,39.65,24.0,11.0,4.6,1
4.9,1.95,2.11,0.642,0.429,38.55,26.0,5.0,5.0,1
3.18,3.27,0.63,0.641,0.155,51.31,6.0,13.0,8.8,1
4.58,0.42,0.6,0.053,0.462,57.91,58.0,5.0,0.3,1
4.28,3.09,2.52,0.754,0.329,19.76,28.0,6.0,4.7,1
2.79,0.26,1.64,0.216,0.083,37.22,55.0,7.0,8.8,0
1.38,2.21,1.36,0.685,0.123,18.89,,13.0,5.2,1
1.29,1.71,0.28,0.682,0.189,38.2,,3.0,2.2,0
2.85,0.73,1.28,0.091,0.451,29.63,40.0,10.0,2.4,0
2.79,1.75,2.11,0.533,0.283,32.92,1.0,8.0,6.4,0
2.8,2.88,0.31,0.711,0.023,20.76,41.0,1.0,7.9,0
1.83,3.05,0.09,0.779,0.338,43.12,26.0,12.0,8.5,1
3.54,3.69,1.66,0.413,0.1,57.59,52.0,7.0,5.1,1
2.04,2.79,0.95,0.025,0.066,4.7,46.0,0.0,8.2,0
1.76,3.99,2.72,0.702,0.181,59.83,55.0,7.0,2.5,1
2.53,1.14,1.78,0.313,0.409,25.72,34.0,12.0,5.7,1
4.47,0.62,0.9,0.238,0.495,9.99,25.0,3.0,7.9,0
,0.39,0.94,0.797,0.475,21.13,42.0,3.0,9.1,0
4.07,2.34,0.39,0.377,0.051,13.62,58.0,11.0,7.8,1
2.67,1.39,1.31,0.492,0.24,51.63,33.0,4.0,8.7,0
2.72,0.81,0.21,0.385,0.175,12.99,34.0,5.0,8.9,0
4.3,0.85,1.32,0.908,0.067,9.41,29.0,4.0,2.7,0
0.73,1.39,0.36,0.425,0.093,41.6,53.0,4.0,3.2,0
4.81,2.74,2.03,0.372,0.268,59.7,52.0,4.0,8.0,1
2.6,2.41,1.95,0.214,0.121,46.31,57.0,11.0,9.3,0
1.63,3.17,2.52,0.443,0.124,2.09,21.0,2.0,8.1,0
1.57,1.27,2.77,0.496,0.306,14.19,8.0,0.0,2.2,0
0.21,2.86,1.96,0.664,0.082,48.9,50.0,5.0,9.9,0
1.44,3.48,0.46,0.73,0.196,30.05,13.0,0.0,6.3,0
2.14,3.35,1.52,0.236,0.113,6.56,41.0,4.0,4.8,0
3.5,2.64,2.82,0.944,0.2,49.93,47.0,12.0,9.7,1
1.4,3.4,0.6,0.632,0.14,51.41,39.0,4.0,,1
3.29,0.35,1.17,0.102,0.318,33.83,31.0,2.0,5.9,0
3.0,1.91,2.24,0.765,0.122,27.22,2.0,11.0,3.6,1
2.23,1.12,2.29,0.701,0.116,52.4,53.0,14.0,4.7,1
0.05,1.96,2.85,0.693,0.051,43.73,16.0,11.0,5.5,1
2.94,0.51,0.74,0.783,0.06,18.49,27.0,13.0,6.1,0
0.55,,2.57,0.64,0.411,1.83,52.0,3.0,7.0,0
0.06,,0.16,0.017,0.371,29.12,17.0,10.0,,0
0.5,0.37,0.44,0.659,0.066,9.88,44.0,12.0,8.7,0
0.96,1.95,2.83,0.801,0.37,28.38,58.0,12.0,1.0,1
2.43,0.48,2.64,0.548,0.227,29.36,12.0,9.0,9.5,0
3.77,3.36,0.18,0.183,0.163,37.68,55.0,13.0,1.9,1
4.72,1.15,0.2,0.673,0.243,9.9,24.0,13.0,2.8,1
1.43,3.83,1.06,0.047,0.096,31.26,32.0,6.0,8.4,0
2.8,,1.2,0.46,0.106,37.49,22.0,14.0,4.1,1
4.98,2.53,1.4,0.479,0.262,14.2,9.0,8.0,6.0,1
2.94,2.49,1.65,0.982,0.363,58.64,32.0,7.0,5.9,1
2.95,1.33,0.39,0.181,0.395,11.36,18.0,5.0,1.3,0
0.81,3.48,2.96,0.54,0.476,45.3,23.0,13.0,4.0,1
1.57,3.97,2.87,0.694,0.158,16.22,38.0,7.0,9.1,1
0.95,0.65,1.23,0.015,0.201,25.97,57.0,11.0,0.6,0
4.63,1.97,1.46,0.903,0.405,48.4,16.0,8.0,7.0,1
2.32,2.01,1.09,0.698,0.22,38.33,28.0,12.0,5.0,1
1.79,-1.0,1.95,0.625,0.435,58.22,16.0,8.0,0.3,1
3.67,1.72,2.1,0.642,0.215,24.29,51.0,2.0,4.8,0
1.73,2.71,1.61,0.115,0.092,43.04,3.0,2.0,3.9,1
4.34,1.43,2.77,0.958,0.079,30.04,56.0,11.0,6.4,1
3.38,0.25,1.04,0.442,0.394,17.72,2.0,9.0,2.0,1
0.22,1.84,0.78,0.572,0.27,5.2,38.0,12.0,3.6,1
2.8,3.02,1.97,0.254,0.297,44.23,28.0,3.0,6.0,1
4.11,2.59,0.49,0.111,0.294,9.66,46.0,0.0,7.6,0
4.7,2.11,1.73,0.788,0.27,34.21,38.0,14.0,2.8,1
1.51,3.65,0.97,0.587,0.014,54.43,6.0,1.0,7.2,0
1.46,1.93,0.41,0.39,0.194,5.57,58.0,7.0,4.6,0
2.73,1.45,0.95,0.158,0.281,38.06,,13.0,5.2,1
0.08,1.58,0.61,0.407,0.455,2.99,48.0,0.0,5.4,0
1.48,2.89,1.89,0.003,0.134,46.18,20.0,7.0,1.7,1
3.83,1.32,0.16,,0.069,34.72,30.0,6.0,2.8,1
4.32,2.56,2.46,0.633,0.272,26.57,32.0,1.0,7.9,1
1.96,1.54,1.75,0.288,0.155,20.02,6.0,12.0,4.4,0
4.58,2.3,2.57,0.864,0.343,48.46,48.0,12.0,3.6,1
1.41,0.92,0.48,0.094,0.292,48.86,53.0,12.0,1.0,1
0.19,0.8,1.42,0.222,0.3,45.34,37.0,6.0,1.8,0
0.83,,2.0,0.322,0.286,46.85,25.0,0.0,5.5,0
4.33,1.07,0.44,0.903,0.486,32.13,9.0,6.0,4.8,1
4.84,0.39,0.04,0.254,0.309,4.98,44.0,14.0,9.8,0
3.04,1.06,2.83,0.418,0.263,5.28,11.0,8.0,1.8,0
3.65,1.58,2.34,0.617,0.013,32.13,38.0,0.0,2.2,1
4.17,1.28,2.35,0.773,0.061,22.66,22.0,12.0,6.9,0
0.95,2.43,2.76,0.663,0.43,34.13,48.0,14.0,4.0,1
2.75,1.43,1.73,0.682,0.478,12.12,33.0,14.0,3.0,1
4.69,0.77,1.92,0.743,0.019,59.42,56.0,4.0,0.6,1
1.78,3.64,0.63,0.587,0.054,43.29,47.0,7.0,6.5,1
4.95,2.31,1.41,0.508,0.432,13.91,,4.0,8.6,0
3.53,0.91,0.47,0.83,0.107,43.48,24.0,6.0,9.8,0
3.36,1.33,0.3,0.713,0.031,16.24,16.0,12.0,4.6,0
0.15,2.28,0.77,0.478,0.431,37.1,11.0,12.0,6.3,0
0.05,0.52,1.38,0.849,0.388,7.71,57.0,14.0,2.0,1
0.79,1.54,1.91,0.176,0.312,16.72,7.0,1.0,7.6,0
4.67,0.75,1.51,0.883,0.044,13.52,48.0,13.0,3.1,1
3.96,1.46,2.68,0.17,0.316,2.4,9.0,11.0,8.5,0
2.58,1.74,0.98,0.247,0.101,56.91,17.0,0.0,8.4,0
2.46,2.2,2.54,0.265,0.394,,,14.0,1.0,1
0.64,0.09,1.31,0.064,0.334,42.75,,10.0,6.4,0
1.93,2.77,0.41,0.299,0.36,37.55,26.0,10.0,8.4,0
0.75,3.65,2.6,0.277,0.22,22.35,9.0,4.0,5.3,0
1.36,1.21,1.47,0.59,0.191,32.19,4.0,0.0,7.2,0
0.03,0.42,0.42,0.598,0.141,23.39,41.0,12.0,2.2,0
1.91,3.61,0.56,0.549,0.474,47.12,15.0,12.0,6.3,1
,1.71,0.22,0.63,0.055,56.91,24.0,3.0,6.0,0
3.44,2.75,1.93,0.04,0.208,54.26,48.0,14.0,2.7,1
2.08,2.46,1.09,0.699,0.397,24.88,5.0,14.0,9.2,1
3.65,3.42,2.9,0.949,0.302,38.65,27.0,8.0,4.3,1
2.12,1.95,1.62,0.632,0.457,17.75,14.0,2.0,7.1,1
4.51,2.81,0.74,0.278,0.376,30.82_err,29.0,13.0,0.9,1
1.58,0.19,1.77,0.309,0.256,21.07,11.0,6.0,0.0,0
3.01,0.04,2.93,0.766,0.412,21.44,37.0,3.0,9.5,0
0.51,3.11,0.07,0.111,0.456,19.86,30.0,11.0,,0
2.5,3.08,0.51,0.373,0.311,16.02,17.0,8.0,1.5,1
1.89,0.61,2.78,0.19,0.114,31.18,50.0,14.0,5.5,0
1.29,2.47,0.07,0.2,0.359,38.67,43.0,13.0,1.0,1
1.59,1.34,2.89,0.004,0.041,57.37,18.0,5.0,7.8,0
1.59,0.79,1.88,0.888,0.26,13.18,33.0,4.0,3.7,1
2.42,3.75,0.7,0.317,0.043,29.27,34.0,14.0,0.4,1
4.22,3.74,0.27,0.387,0.018,42.01,25.0,13.0,0.3,1
2.44,2.7,0.31,0.026,0.137,32.84,43.0,11.0,2.4,0
1.04,3.98,2.51,0.095,0.403,44.93,2.0,12.0,1.9,1
0.35,0.71,2.46,0.222,0.342,36.5,24.0,14.0,10.0,0
1.75,3.31,2.5,0.171,0.04,28.72,45.0,11.0,9.5,0
0.79,2.24,2.88,0.839,0.184,31.54,6.0,9.0,8.8,0
4.18,0.73,1.17,0.952,0.381,15.66,39.0,1.0,3.8,1
4.97,2.5,2.75,0.935,0.17,1.05,36.0,14.0,0.2,1
4.24,3.97,0.48,0.214,0.474,4.07,3.0,4.0,3.9,0
1.92,0.89,2.82,0.127,0.494,51.39,7.0,,7.7,0
0.41,1.87,0.73,0.66,0.012,9.16,56.0,8.0,1.0,0
3.55,0.39,1.22,0.279,0.227,4.13,22.0,7.0,1.9,0
3.34,1.05,1.55,0.056,0.262,56.53,30.0,12.0,2.7,1
0.34,1.18,2.41,0.562,0.464,53.55,12.0,2.0,0.7,0
3.94,2.29,1.17,0.266,0.198,5.16,45.0,11.0,3.6,1
4.12,0.27,,0.319,0.039,1.85,33.0,7.0,3.5,0
3.59,3.54,2.95,0.595,0.18,8.04,9.0,12.0,4.7,1
3.64,3.84,0.22,0.697,0.249,32.23,27.0,12.0,0.5,1
3.45,2.72,0.08,0.11,0.097,22.67,6.0,2.0,2.2,0
2.18,2.68,0.17,0.051,0.199,33.37,21.0,13.0,5.0,0
3.08,1.2,2.74,0.825,0.029,23.86,43.0,9.0,8.2,0
3.08,3.57,0.7,0.268,0.473,37.56,56.0,11.0,0.9,1
2.69,3.28,0.13,0.526,0.307,49.01,41.0,9.0,1.0,1
3.02,0.47,2.19,0.785,0.465,46.09,16.0,4.0,0.8,1
2.0,2.87,1.92,0.055,0.38,8.09_err,46.0,14.0,4.9,1
3.39,0.5,2.38,0.773,0.248,30.43,45.0,13.0,1.8,1
1.14,0.95,1.57,0.558,0.143,58.97,42.0,3.0,3.7,1
4.27,3.28,0.53,0.106,0.294,47.14,20.0,11.0,3.9,1
4.25,1.91,0.87,0.676,0.234,41.04,3.0,0.0,1.1,1
2.49,1.81,0.18,0.073,0.004,30.6,16.0,7.0,9.5,0
2.48,1.02,2.11,0.311,0.318,46.56,40.0,12.0,6.2,1
2.0,2.47,1.94,0.536,0.423,33.87,12.0,6.0,7.5,1
0.23,0.57,2.04,0.674,0.447,46.03,18.0,12.0,6.7,0
0.72,3.19,2.93,0.262,0.356,46.48,25.0,4.0,4.5,0
3.57,2.13,0.18,0.18,0.229,14.36,,4.0,9.5,0
0.71,3.38,0.2,0.74,0.207,11.64,18.0,4.0,3.4,1
2.06,1.98,2.22,0.409,0.22,29.87,24.0,13.0,9.4,1
1.77,1.17,2.92,0.203,0.432,42.57,,1.0,,0
1.1,0.05,1.63,0.594,0.26,44.09,30.0,6.0,4.4,0
2.64,1.65,2.44,0.394,0.037,32.56,26.0,8.0,6.8,0
1.82,3.78,1.83,0.62,0.234,38.21,16.0,14.0,8.3,0
3.8,3.35,2.8,0.782,0.403,47.73,24.0,0.0,9.3,1
3.19,3.99,0.6,0.02,0.124,51.81,1.0,14.0,6.2,1
2.4,0.63,1.09,0.356,0.358,30.52,39.0,2.0,6.8,0
2.88,2.55,1.84,0.351,0.119,10.79,40.0,10.0,9.5,0
2.16,0.53,0.6,0.9,0.329,41.59,10.0,4.0,5.1,0
3.92,3.62,2.5,0.997,0.256,11.82,50.0,0.0,8.8,1
4.8,1.39,2.39,0.653,0.24,14.01,35.0,2.0,5.4,0
3.83,3.57,2.16,0.408,0.344,47.24,37.0,6.0,8.4,1
4.31,0.81,1.86,0.44,0.24,29.14,55.0,11.0,5.9,1
3.92,0.64,0.66,0.664,0.343,24.03,13.0,2.0,2.4,1
2.04,0.72,2.61,0.594,0.472,22.88,43.0,8.0,1.9,1
4.27,3.12,1.73,0.859,0.149,45.84,5.0,1.0,3.2,1
0.19,3.45,0.64,0.714,0.014,24.99,48.0,10.0,2.7,0
4.43,0.16,2.21,0.134,0.269,27.74,25.0,9.0,4.0,0
2.35,0.59,,0.839,0.141,17.27,52.0,8.0,7.0,0
1.65,0.01,0.65,0.291,0.264,35.26,36.0,1.0,8.6,0
2.63,0.24,0.68,0.762,0.311,44.66,8.0,9.0,1.6,1
3.44,0.36,0.87,0.055,0.286,19.77,58.0,9.0,5.7,0
3.08,1.18,0.1,0.313,0.321,52.15,39.0,10.0,6.6,1
3.09,0.85,2.53,0.724,0.194,1.8,14.0,7.0,5.4,0
0.5,2.65,0.29,0.977,0.259,2.43,45.0,12.0,0.7,1
3.64,3.99,2.49,0.402,0.235,16.87,59.0,5.0,6.4,1
3.56,2.64,0.54,0.243,0.118,51.83,4.0,8.0,3.3,0
0.58,0.0,2.52,0.871,0.244,22.31,44.0,0.0,2.4,0
0.22,0.52,,0.841,0.434,5.44,39.0,2.0,4.4,0
4.91,0.44,2.35,0.544,0.163,38.1,13.0,6.0,7.1,1
3.73,1.67,1.6,0.267,0.318,19.72,56.0,6.0,5.5,0
3.03,1.11,0.65,0.309,0.056,9.0,2.0,5.0,2.5,0
1.58,3.86,1.22,0.489,0.022,35.78,15.0,7.0,1.6,1
1.38,,0.29,0.982,0.491,6.73,17.0,8.0,3.5,0
0.68,2.66,0.41,0.111,0.148,27.53,27.0,6.0,0.3,0
3.04,0.65,1.1,0.364,0.413,57.88,39.0,3.0,8.8,1
2.88,2.17,1.24,0.861,0.454,33.02,17.0,8.0,2.9,1
4.68,0.1,2.33,0.962,0.188,28.69,1.0,1.0,8.9,0
3.14,0.19,2.27,0.051,0.005,2.95,57.0,3.0,7.2,0
2.26,0.13,0.72,0.589,0.162,38.58,6.0,12.0,9.4,0
4.49,0.63,0.55,,0.431,20.6,22.0,2.0,5.8,1
3.07,0.02,0.5,0.505,0.435,43.05,3.0,4.0,7.6,0
3.57,1.97,1.77,0.043,0.459,57.58,20.0,11.0,1.7,1
3.13,1.55,1.74,0.318,0.407,19.52_err,19.0,10.0,6.7,0
0.85,0.25,0.31,0.44,0.086,44.84,42.0,8.0,5.4,0
0.62,0.31,1.02,0.488,0.236,41.92,17.0,3.0,4.7,0
3.12,3.1,2.62,0.966,0.218,44.33,55.0,6.0,2.3,1
4.57,0.1,2.83,0.305,0.25,47.77,4.0,1.0,6.9,0
4.82,3.68,2.92,0.059,0.295,11.16,36.0,5.0,5.2,1
4.98,1.48,2.08,0.12,0.187,38.93,8.0,5.0,8.6,0
4.22,0.57,,0.353,0.34,34.43,46.0,13.0,0.9,1
1.82,3.44,1.46,0.778,0.016,14.52,48.0,9.0,0.7,1
3.07,1.42,0.73,0.607,0.363,19.22,3.0,4.0,1.0,0
3.05,2.28,2.66,0.782,0.267,14.2,20.0,12.0,3.2,1
2.69,1.97,0.13,0.918,0.077,33.02,29.0,5.0,8.1,0
3.71,2.39,0.34,0.121,0.293,5.42,56.0,5.0,5.6,0
0.85,0.71,0.86,0.527,0.032,7.81,7.0,3.0,6.1,0
0.94,1.58,2.1,0.625,0.326,46.49,16.0,13.0,5.5,1
4.72,1.18,2.81,0.417,0.282,17.24,51.0,12.0,5.9,1
4.2,,1.16,0.453,0.494,58.61,11.0,11.0,0.1,1
4.09,3.13,1.02,0.084,0.082,51.36,42.0,0.0,7.1,0
2.42,3.98,2.35,0.059,0.446,53.27,7.0,1.0,7.9,1
2.84,3.99,2.69,0.043,0.213,8.35,53.0,5.0,9.7,1
3.12,0.39,0.26,0.656,0.052,31.86,9.0,6.0,6.8,0
1.47,1.86,2.96,,0.383,1.14,26.0,9.0,5.3,0
1.47,2.99,1.53,0.368,0.488,26.5,33.0,3.0,5.3,0
0.9,2.68,2.98,0.917,0.388,51.52,48.0,7.0,3.3,1
2.8,1.94,0.04,0.168,0.314,10.09,18.0,4.0,4.7,0
0.82,0.4,2.67,0.473,0.04,17.86,8.0,8.0,0.4,0
1.01,1.88,0.3,0.729,0.209,34.81,25.0,5.0,9.7,0
4.51,3.83,2.33,0.248,0.03,26.73,29.0,1.0,0.9,0
2.63,1.75,0.0,0.022,0.186,18.74,38.0,4.0,1.6,0
3.1,0.11,,0.778,0.256,17.25,36.0,11.0,5.1,0
0.67,1.6,0.48,0.729,0.343,22.63,25.0,11.0,4.3,0
1.03,1.87,1.82,0.98,0.142,42.5,7.0,14.0,8.7,0
0.49,2.96,2.08,0.606,0.462,59.27,51.0,10.0,3.1,1
1.36,0.91,0.27,0.309,0.249,52.26,19.0,4.0,7.2,0
4.41,2.33,1.22,0.13,0.234,56.78,,14.0,4.2,1
4.44,0.69,2.11,0.099,0.061,35.02,15.0,4.0,3.8,1
3.37,2.46,2.73,0.638,0.308,36.07,57.0,7.0,2.1,1
4.38,2.09,0.57,0.349,0.182,6.18,7.0,2.0,8.1,0
0.95,3.44,1.27,0.832,0.467,39.53,12.0,3.0,2.0,1
0.74,1.85,0.68,0.125,0.442,37.77,13.0,5.0,0.1,0
3.83,1.14,0.11,0.964,0.207,2.46,19.0,12.0,8.3,0
4.95,2.12,1.37,0.06,0.4,36.94,38.0,11.0,2.1,1
3.59,2.24,1.26,0.782,0.261,14.94,45.0,13.0,1.5,1
0.19,0.37,2.46,0.778,0.241,46.59,43.0,14.0,2.0,1
0.92,2.28,2.67,0.613,0.353,46.67,55.0,14.0,9.4,1
1.24,2.78,1.06,0.993,0.401,42.35,33.0,12.0,6.7,1
2.11,3.54,2.12,0.005,0.318,28.9,39.0,8.0,6.9,0
1.1,0.85,1.73,0.465,0.425,53.96,20.0,9.0,1.5,1
0.3,1.83,2.31,0.106,0.089,44.94,40.0,12.0,6.1,0
1.29,0.23,0.44,0.515,0.193,27.42,2.0,2.0,8.6,0
1.75,0.66,2.44,0.196,0.178,54.62,40.0,10.0,6.8,0
1.42,3.7,1.81,0.446,0.399,29.97,46.0,0.0,0.8,1
0.14,3.75,2.3,0.038,0.194,5.01,13.0,9.0,4.3,0
4.64,0.17,1.26,0.453,0.108,24.7,39.0,7.0,7.1,1
2.71,2.14,0.02,0.667,0.464,43.45,,13.0,0.9,1
4.24,0.55,2.75,0.879,0.149,8.83,37.0,13.0,3.6,0
0.08,2.82,2.19,0.927,0.449,32.13,10.0,3.0,7.1,0
3.99,2.49,2.07,0.353,0.341,49.95,24.0,8.0,8.4,1
3.52,2.07,1.42,0.808,0.326,3.32,49.0,1.0,,0
4.89,2.08,0.13,0.879,0.151,19.61,54.0,9.0,8.4,0
0.57,2.46,,,0.442,56.62,42.0,10.0,6.5,1
3.21,1.76,1.32,0.44,0.392,59.98,43.0,11.0,9.3,1
0.11,2.93,2.38,0.82,0.066,37.22,53.0,9.0,0.1,1
1.78,2.85,2.67,0.26,0.464,30.34,26.0,0.0,3.5,1
3.18,1.35,1.37,0.767,0.201,28.05,31.0,7.0,0.6,1
4.66,2.88,2.98,0.8,0.404,41.37,11.0,6.0,3.8,1
0.41,1.37,,0.854,0.11,42.48,58.0,7.0,2.5,1
2.45,2.35,1.09,,0.037,9.81,13.0,12.0,2.5,0
1.19,0.85,0.19,0.786,0.422,7.13,37.0,6.0,2.9,0
1.08,1.26,1.48,0.683,0.367,6.76,42.0,8.0,2.9,1
3.44,0.87,2.94,0.111,0.042,6.76,14.0,10.0,5.8,0
0.14,3.96,1.1,0.372,0.056,39.11,22.0,7.0,6.5,0
3.16,2.45,1.05,0.247,0.238,55.69,,0.0,2.6,1
0.81,2.7,0.91,0.433,0.216,56.77,35.0,3.0,1.4,0
0.07,2.55,2.85,0.917,0.21,34.96,50.0,12.0,4.2,1
2.72,0.11,0.56,0.614,0.466,46.44,59.0,9.0,3.0,1
0.56,2.87,1.31,,0.22,12.3,43.0,3.0,9.2,0
2.81,3.12,0.61,0.299,0.141,51.87,59.0,8.0,8.0,0
1.4,1.36,0.34,0.852,0.299,9.76,37.0,10.0,8.8,0
1.39,2.35,1.31,0.375,0.448,6.19,42.0,8.0,1.0,0
4.03,0.11,2.42,0.007,0.38,19.75,10.0,14.0,3.8,0
3.56,0.85,0.02,0.775,0.495,36.96,42.0,9.0,8.5,1
4.14,0.77,1.46,0.141,0.176,1.54,43.0,7.0,1.8,0
2.12,1.02,1.52,0.122,0.065,53.18,28.0,8.0,7.8,0
0.56,1.53,0.23,0.617,0.474,11.18,41.0,14.0,8.7,0
3.82,0.87,2.94,0.569,0.42,29.09,25.0,3.0,2.7,1
4.34,0.91,0.59,0.361,0.199,20.65,13.0,12.0,9.7,0
2.94,3.83,2.72,0.208,0.159,27.22,52.0,3.0,8.4,0
1.1,1.01,0.69,0.104,0.352,32.19,27.0,0.0,1.7,0
3.83,2.27,1.57,0.122,0.204,20.06,41.0,9.0,5.7,1
0.22,2.57,2.4,0.736,0.127,47.53,13.0,2.0,2.3,1
1.72,1.24,2.85,0.9,0.008,33.13,32.0,12.0,4.6,0
1.95,0.27,1.2,0.562,0.312,55.47,28.0,14.0,5.1,0
1.66,1.89,,0.646,0.359,8.03,59.0,7.0,6.7,1
4.72,3.96,0.07,0.973,0.459,20.12,27.0,1.0,6.1,1
4.16,1.14,2.62,0.016,0.097,35.89,14.0,0.0,3.5,0
2.65,0.02,1.44,0.156,0.393,42.93,43.0,11.0,5.3,1
4.68,3.19,0.45,0.47,0.019,42.62,28.0,8.0,0.8,1
0.78,1.01,1.39,0.088,0.101,33.35,9.0,6.0,5.6,0
0.48,3.4,0.67,0.262,0.464,29.85,4.0,5.0,9.8,0
1.92,1.02,2.1,0.388,0.134,22.91,1.0,8.0,5.6,0
4.95,3.49,1.22,0.706,0.292,55.27,33.0,2.0,8.7,0
4.52,3.66,2.18,0.132,0.292,42.67,44.0,8.0,8.7,1
1.11,2.32,2.3,0.602,0.17,36.09,26.0,13.0,9.6,1
4.65,3.34,1.12,0.052,0.254,54.93,55.0,14.0,,1
3.16,3.47,1.99,0.447,0.164,45.44,56.0,12.0,6.4,1
1.55,1.4,2.32,0.099,0.291,49.77,52.0,1.0,9.2,0
4.09,2.63,0.15,0.498,0.095,56.35,1.0,1.0,7.9,0
4.28,2.42,0.58,0.416,0.483,35.81,5.0,10.0,4.5,1
0.0,1.71,2.95,0.38,0.263,8.51,54.0,2.0,2.7,1
0.67,3.03,0.02,0.812,0.212,44.09,45.0,11.0,3.5,1
3.75,1.89,0.94,0.516,0.082,58.79,45.0,,1.2,1
3.06,1.07,2.35,0.272,0.284,36.29,30.0,14.0,2.1,1
1.31,1.11,0.95,0.813,0.065,52.94,36.0,5.0,7.1,0
1.37,0.0,2.46,0.521,0.351,24.79,46.0,4.0,1.7,0
0.56,0.3,0.4,0.976,0.317,3.21,25.0,10.0,8.3,0
2.14,0.56,2.63,0.495,0.274,45.1,58.0,6.0,2.5,1
,2.84,1.42,0.825,0.199,3.48,49.0,2.0,4.1,0
3.42,0.47,0.11,0.001,0.23,56.98,36.0,0.0,3.0,0
1.23,0.88,1.87,0.251,0.264,32.39,30.0,13.0,3.3,0
4.41,,0.83,0.03,0.111,56.53,30.0,13.0,8.1,0
0.47,1.34,,0.548,0.155,13.95,42.0,10.0,7.2,0
3.46,3.13,2.71,0.473,0.426,47.96,44.0,13.0,3.9,1
4.35,0.41,0.25,0.758,0.034,21.34,31.0,9.0,3.6,1
3.52,3.93,0.73,0.113,0.398,14.64,39.0,7.0,6.7,1
4.63,3.3,1.17,0.83,0.188,3.4,2.0,5.0,6.9,1
1.64,1.99,2.88,0.072,0.2,8.41,32.0,2.0,0.5,0
0.68,0.51,1.22,0.845,0.187,24.34,10.0,2.0,2.2,0
1.75,0.39,0.34,0.551,0.3,26.94,10.0,8.0,5.8,0
2.98,0.64,0.89,0.091,0.229,,53.0,7.0,5.9,0
4.73,0.72,0.06,0.031,0.217,14.23,18.0,5.0,1.9,0
1.48,3.02,0.57,0.798,,48.23,36.0,10.0,0.7,0
3.43,3.89,1.83,0.317,0.471,41.15,36.0,13.0,9.8,1
0.5,3.02,0.51,0.945,0.393,5.2,25.0,12.0,1.3,1
1.34,3.07,2.75,0.988,0.24,25.86,27.0,13.0,8.7,1
0.8,3.79,2.14,0.802,0.079,25.05,5.0,2.0,3.5,1
2.39,0.39,2.06,0.762,0.467,53.02,26.0,4.0,8.5,1
4.68,,1.34,0.716,0.089,44.98,45.0,7.0,6.3,0
4.58,3.58,2.34,0.199,0.077,56.94,37.0,10.0,0.5,1
2.14,2.21,0.56,0.154,0.092,35.53,50.0,9.0,9.1,0
4.29,0.99,1.33,0.404,0.046,,3.0,14.0,7.7,0
2.16,0.8,2.98,0.945,0.083,37.41,30.0,13.0,4.6,1
2.05,2.43,0.86,0.033,0.322,11.99,55.0,13.0,5.9,0
4.42,2.55,1.22,0.821,0.105,3.9,44.0,4.0,3.3,1
0.15,3.03,,0.412,0.223,9.1,21.0,,1.5,0
4.4,2.58,0.23,0.032,0.274,37.86,42.0,,0.6,1
4.17,2.88,1.21,0.178,0.343,8.05,2.0,0.0,5.4,0
1.0,2.86,0.44,0.981,0.087,20.25,16.0,,1.8,1
2.03,0.21,1.53,0.815,0.259,13.61,29.0,0.0,3.5,0
4.26,2.85,2.26,0.828,0.482,37.24,6.0,1.0,3.0,1
2.79,0.64,2.54,0.549,0.224,36.44,28.0,5.0,3.8,1
3.64,2.0,0.5,0.039,0.311,22.76,12.0,2.0,1.7,1
0.78,1.01,2.7,0.818,0.492,9.88,30.0,2.0,7.8,1
2.37,2.72,1.08,0.473,0.223,53.21,38.0,5.0,7.3,1
2.56,1.21,1.34,0.715,0.234,22.55,19.0,,8.2,0
0.47,3.65,1.75,0.746,0.371,23.84,5.0,9.0,4.9,1
1.62,0.19,0.45,0.04,0.18,15.68,50.0,13.0,7.0,0
3.67,1.89,,0.225,0.088,43.07,28.0,1.0,,1
0.85,1.71,2.37,0.833,0.053,5.94,37.0,14.0,5.9,0
3.11,0.77,1.42,0.491,0.372,42.3,59.0,13.0,9.3,0
0.37,0.28,0.95,0.032,0.246,50.19,28.0,14.0,3.1,0
0.39,0.9,1.49,0.959,0.16,6.92,2.0,6.0,6.1,1
3.47,0.52,1.96,0.618,0.06,49.85,2.0,14.0,2.2,1
4.96,0.74,2.1,0.399,0.469,5.23,1.0,3.0,3.0,0
1.82,3.44,1.31,0.901,0.059,59.36,36.0,12.0,9.5,1
3.08,2.9,0.08,0.132,0.494,30.36,40.0,8.0,0.9,1
3.1,0.57,2.14,0.975,0.306,38.85,19.0,1.0,7.7,0
0.88,3.61,0.96,0.26,0.413,13.26,53.0,1.0,8.7,0
4.7,3.55,,0.561,0.196,25.84,45.0,3.0,6.0,1
2.64,1.01,,0.818,0.102,44.88,50.0,0.0,0.2,1
1.95,0.19,2.39,0.266,0.084,9.09,39.0,6.0,7.6,0
0.67,2.77,1.1,0.291,0.397,36.12,46.0,11.0,4.0,1
2.81,2.33,1.11,0.591,0.174,36.76,52.0,11.0,7.7,0
4.51,1.5,2.29,,0.154,58.88,35.0,9.0,1.3,1
2.55,0.19,1.62,0.758,0.272,57.69,44.0,2.0,6.2,0
0.62,0.52,0.77,0.309,0.287,47.72,6.0,12.0,3.7,0
1.39,2.4,2.52,0.956,0.116,55.09,28.0,14.0,0.1,1
4.94,2.69,1.89,0.289,0.443,46.5,33.0,1.0,5.3,1
2.01,0.83,1.9,0.941,0.467,13.8,28.0,1.0,5.9,0
4.93,1.79,2.35,0.113,0.117,2.0,12.0,8.0,9.3,0
2.73,3.5,1.89,0.401,0.327,51.07,3.0,5.0,9.2,0
3.55,0.96,0.77,0.65,0.198,18.57,50.0,5.0,7.0,1
1.1,3.5,,,0.096,53.89,37.0,12.0,3.8,1
4.94,1.15,2.37,0.747,0.206,21.03,13.0,13.0,0.3,1
0.04,3.43,2.87,0.993,0.364,53.89,33.0,8.0,7.2,1
4.28,2.31,2.16,0.942,0.26,49.12,53.0,8.0,4.0,1
3.44,3.01,2.48,0.978,0.213,3.6,51.0,14.0,3.1,1
3.3,1.36,2.59,0.055,0.202,20.0,54.0,9.0,3.4,0
1.58,0.56,0.76,0.605,0.221,9.34,52.0,13.0,0.8,0
0.93,0.59,1.07,0.859,0.172,42.49,16.0,12.0,1.9,1
3.12,0.66,2.2,0.874,0.03,11.76,46.0,12.0,7.1,1
4.58,0.8,1.32,0.487,0.438,33.84,48.0,3.0,3.5,1
1.25,3.53,1.91,0.012,0.478,8.11,15.0,1.0,0.5,0
4.03,1.96,0.81,0.768,0.361,35.54,39.0,4.0,3.0,1
0.44,0.88,2.14,0.939,0.11,36.44,8.0,5.0,8.9,0
1.22,2.51,1.78,0.004,0.334,34.58,12.0,2.0,9.0,0
0.28,0.33,2.87,0.044,0.436,55.91,20.0,9.0,7.5,0
1.91,0.74,2.77,0.774,0.351,1.92,3.0,4.0,0.9,1
3.48,2.21,1.68,0.779,0.38,28.84,9.0,11.0,9.2,1
2.48,1.94,0.76,0.211,0.156,1.01,10.0,8.0,8.9,0
2.69,0.89,1.17,0.717,0.394,3.01,7.0,11.0,1.4,0
2.87,0.19,2.21,0.883,0.09,40.12,58.0,4.0,4.2,0
1.12,2.41,1.26,0.258,0.351,52.56,10.0,5.0,5.2,0
1.67,3.54,2.47,0.447,0.114,49.26,45.0,13.0,0.0,1
2.27,3.08,0.72,0.486,0.305,22.29,22.0,8.0,2.9,1
2.87,0.81,2.31,0.414,0.197,23.44,3.0,11.0,2.8,0
4.24,2.79,2.35,0.326,0.295,23.26,43.0,8.0,5.3,1
2.31,0.93,0.55,0.989,0.138,24.01,19.0,11.0,,1
3.84,3.06,0.26,,0.483,22.28,24.0,5.0,4.5,1
0.59,3.02,1.8,0.715,0.415,14.49,,12.0,3.3,1
0.65,0.88,2.32,0.107,0.372,53.06,24.0,10.0,5.6,1
1.44,0.08,2.81,0.51,0.28,45.69,7.0,8.0,3.7,1
1.59,2.09,2.05,0.896,0.406,,2.0,9.0,1.7,1
3.13,2.52,2.05,0.713,0.352,31.9,4.0,6.0,7.6,0
1.1,1.09,1.3,0.28,0.165,10.88,39.0,13.0,1.1,0
0.71,1.67,0.95,0.843,0.082,40.73,7.0,5.0,5.7,1
3.23,1.84,1.27,0.052,0.227,12.33,36.0,1.0,1.6,0
4.99,2.91,2.09,0.985,0.333,48.32,59.0,10.0,8.0,1
4.96,0.78,2.95,0.758,0.208,46.26,55.0,10.0,,1
4.61,0.37,2.06,0.951,0.396,48.75,16.0,9.0,6.9,1
0.31,1.08,1.74,0.855,0.144,36.74,54.0,11.0,2.6,1
3.82,1.99,1.24,0.771,0.194,4.78,40.0,6.0,0.8,1
1.92,0.56,1.16,0.442,0.465,23.9,26.0,0.0,3.5,0
4.11,,1.3,0.808,0.123,7.3,55.0,0.0,4.3,1
0.24,1.98,1.48,0.076,0.083,,35.0,14.0,7.6,0
4.18,2.89,1.3,0.228,0.083,53.59,2.0,8.0,2.7,0
3.1,0.11,2.62,0.887,0.095,20.61,24.0,14.0,9.2,0
0.4,2.28,0.05,0.699,0.018,25.45,44.0,4.0,9.2,0
4.79,1.54,1.69,0.186,0.214,45.59,53.0,11.0,3.4,1
4.36,2.25,,0.416,0.272,14.97,44.0,1.0,2.3,1
3.45,2.56,1.31,0.713,0.348,49.85,5.0,13.0,7.6,1
1.85,0.15,2.61,0.796,0.03,58.31,17.0,12.0,4.8,1
2.55,2.15,1.8,0.84,0.269,57.72,54.0,3.0,5.0,1
0.14,3.78,0.83,0.148,0.395,3.32,34.0,2.0,7.9,0
3.36,1.69,0.65,,0.287,29.13,32.0,13.0,4.3,0
4.78,3.65,0.13,0.134,0.127,14.46,,2.0,5.0,0
1.09,3.89,2.11,0.492,0.326,1.7,55.0,12.0,7.7,1
2.04,2.48,1.95,0.922,0.179,26.08,41.0,7.0,2.3,1
4.31,2.07,2.35,0.194,0.305,41.31,58.0,7.0,9.2,1
0.33,3.09,2.87,0.771,0.479,2.5,15.0,0.0,6.2,1
1.6,3.16,0.99,0.679,0.13,34.48,19.0,9.0,6.6,0
4.71,2.49,0.73,0.964,0.345,5.08,14.0,9.0,9.6,1
3.84,0.0,0.83,0.291,0.278,38.48,2.0,7.0,0.7,1
0.4,2.61,1.67,0.686,0.195,29.91,45.0,10.0,2.3,1
2.32,3.52,1.4,0.03,0.001,40.66,17.0,11.0,6.4,0
2.56,0.27,0.27,0.24,0.448,7.41,18.0,10.0,1.3,0
3.7,1.2,0.66,0.625,0.423,41.15,35.0,9.0,4.0,1
1.07,3.43,1.67,0.971,0.471,15.88,7.0,9.0,6.1,1
1.18,2.5,2.92,0.399,0.325,1.15,48.0,11.0,1.5,1
4.26,0.46,2.29,0.664,0.266,53.04,14.0,7.0,3.7,1
1.12,2.39,2.95,,0.076,22.88,26.0,4.0,5.4,0
2.24,2.47,2.16,0.011,0.231,55.28,12.0,2.0,7.4,0
3.48,0.44,2.96,0.15,0.209,31.89,57.0,4.0,0.5,0
2.62,0.69,0.75,0.581,0.126,9.54,49.0,1.0,1.7,0
4.58,2.33,2.75,0.81,0.414,44.43,39.0,8.0,3.6,1
2.56,1.65,2.01,0.363,0.333,57.9,17.0,1.0,0.6,1
1.04,0.92,1.79,0.7,0.365,42.17,14.0,3.0,5.1,0
4.16,,2.1,0.476,0.349,53.16,4.0,5.0,8.4,1
3.89,0.44,1.71,0.818,0.051,9.53,13.0,7.0,5.8,0
1.01,0.45,1.08,0.104,0.375,9.21,30.0,10.0,9.3,0
3.86,0.04,2.44,0.584,0.424,3.85,54.0,6.0,5.4,0
1.61,2.62,1.11,0.932,0.234,27.99,55.0,12.0,5.4,1
2.83,3.73,1.29,0.089,0.413,15.21,55.0,,8.2,0
4.85,0.08,2.37,0.263,0.199,48.56,17.0,6.0,9.6,0
0.22,1.61,2.92,0.273,0.371,9.22,43.0,13.0,9.0,0
0.85,0.7,0.94,0.653,0.34,59.1,46.0,9.0,1.6,1
3.03,2.58,2.94,,0.444,39.64,33.0,7.0,10.0,1
0.25,1.79,2.66,0.64,0.262,19.18,19.0,14.0,3.5,0
0.55,2.36,0.59,0.448,0.089,57.56,7.0,1.0,3.3,0
3.06,3.36,0.48,0.251,0.143,45.3,5.0,6.0,7.2,0
4.21,2.28,2.46,0.929,0.234,6.2,55.0,2.0,4.9,1
2.73,2.14,0.2,0.181,0.233,53.79,11.0,5.0,0.9,0
0.93,0.57,2.95,0.769,0.326,38.97,50.0,7.0,8.3,1
0.66,1.85,0.62,0.157,0.012,13.65,54.0,6.0,8.6,0
4.1,2.51,0.07,0.423,0.242,2.17,24.0,14.0,8.4,1
4.51,2.83,1.99,0.301,0.289,48.22,12.0,8.0,5.5,1
3.77,0.33,1.71,0.287,0.32,28.45,5.0,2.0,3.0,0
1.1,2.74,2.73,0.306,0.366,7.98,49.0,7.0,8.5,0
1.76,0.78,0.41,0.825,0.342,35.98,40.0,10.0,9.0,0
2.15,2.64,0.56,0.232,0.375,,50.0,11.0,9.2,0
0.62,1.12,2.19,0.225,0.427,39.58,3.0,10.0,6.8,0
1.27,2.36,1.17,0.332,0.042,,14.0,9.0,5.4,0
3.63,0.62,1.89,0.65,0.221,39.38,30.0,0.0,0.0,1
3.91,3.84,0.1,0.554,0.097,59.99,56.0,7.0,1.2,1
0.91,2.8,2.42,0.425,0.004,24.57,58.0,4.0,4.9,0
1.63,1.02,0.79,0.94,0.179,11.19,31.0,2.0,7.2,0
2.47,3.33,1.6,0.172,0.498,50.17,50.0,12.0,0.5,1
0.88,3.83,2.08,0.12,0.133,25.7,37.0,7.0,5.4,0
4.32,2.17,0.5,0.177,0.232,31.88,24.0,14.0,4.6,0
1.51,1.4,0.24,0.606,0.451,42.13,18.0,14.0,1.4,1
1.24,0.76,0.0,0.789,0.09,6.67,37.0,3.0,4.2,0
4.47,2.47,0.17,0.745,0.075,10.74,25.0,14.0,3.6,1
3.37,1.0,2.73,0.911,0.167,13.42,58.0,8.0,8.2,1
2.56,3.55,1.56,0.732,0.325,16.0,16.0,11.0,2.0,1
0.54,1.09,0.19,1.0,0.302,35.52,25.0,4.0,9.8,0
0.73,0.42,2.99,0.549,0.145,,44.0,6.0,9.0,0
1.12,3.96,0.27,0.995,0.452,44.16,57.0,8.0,7.3,0
1.09,1.55,2.75,0.537,0.047,8.98,45.0,8.0,8.0,0
4.44,2.62,0.66,0.081,0.439,25.78,59.0,2.0,,1
4.71,1.06,2.11,0.804,0.087,45.96,10.0,10.0,7.7,0
2.08,1.0,0.7,0.886,0.263,21.58,38.0,9.0,2.0,1
1.0,1.72,2.98,0.448,0.305,16.09,44.0,10.0,8.8,0
1.37,3.39,0.54,0.149,0.468,5.98,35.0,10.0,4.0,0
0.12,2.25,1.05,0.937,0.144,35.44,18.0,13.0,6.9,0
1.08,2.1,0.41,0.901,0.459,14.94,25.0,10.0,7.7,1
,1.54,1.48,0.263,0.484,23.39,53.0,,5.1,0
4.81,0.99,1.29,0.17,0.48,27.36,29.0,12.0,4.2,1
3.12,3.04,2.44,0.094,0.257,18.58,35.0,12.0,4.2,1
3.37,0.06,2.56,0.222,0.08,57.87,12.0,12.0,,0
0.41,3.75,2.57,0.824,0.263,49.21,7.0,12.0,9.8,1
2.31,3.08,,0.583,0.407,9.82,,13.0,7.0,0
2.16,1.28,0.54,0.483,0.181,7.53,24.0,0.0,4.6,0
4.18,3.35,,,0.385,27.08,37.0,1.0,,1
3.9,1.36,1.81,0.342,,32.72,25.0,1.0,5.1,0
2.08,1.27,2.42,0.466,0.269,11.78,19.0,14.0,1.3,1
3.64,1.23,2.32,0.955,0.195,36.45,35.0,7.0,8.9,1
0.43,1.61,0.65,0.277,0.342,32.17,46.0,3.0,8.3,0
1.27,3.31,1.03,0.692,0.185,26.24,32.0,14.0,7.8,1
0.85,1.04,1.7,0.168,0.226,15.57,45.0,4.0,1.2,0
3.63,2.48,2.59,0.554,0.057,25.32,53.0,9.0,5.2,1
4.42,0.66,1.58,0.851,0.383,56.45,57.0,1.0,4.5,1
3.09,3.96,2.07,0.298,0.303,25.19,54.0,5.0,2.3,1
3.33,0.89,1.16,0.176,0.364,45.59,51.0,14.0,6.6,1
2.95,3.33,0.29,0.875,0.48,2.0,11.0,11.0,9.1,0
2.95,0.94,1.33,0.179,0.128,9.75,52.0,4.0,5.7,0
1.06,1.79,0.48,0.908,0.358,15.56,20.0,10.0,9.2,0
0.09,1.04,1.08,0.724,0.165,39.98,57.0,6.0,8.4,0
0.96,2.95,0.91,0.171,0.101,32.71,56.0,8.0,4.2,1
1.6,2.65,0.74,0.897,0.269,36.08,7.0,12.0,0.5,1
2.0,0.47,2.06,0.247,0.481,26.93,15.0,5.0,4.5,0
3.61,3.21,0.6,0.256,0.477,46.15,19.0,5.0,4.6,1
0.08,3.6,2.03,0.757,0.454,7.69,49.0,14.0,,1
2.9,0.26,0.12,0.617,0.248,27.71,26.0,11.0,2.2,1
1.47,0.39,2.02,0.829,0.323,43.87,20.0,7.0,4.9,0
0.9,0.24,0.13,0.394,0.034,24.56,35.0,0.0,7.6,0
1.42,1.04,0.53,0.727,0.082,22.39,24.0,7.0,5.1,1
1.83,3.75,1.51,0.552,0.135,29.41,28.0,8.0,3.3,1
4.25,0.76,2.96,0.519,0.124,2.59,53.0,7.0,1.3,1
1.25,3.85,1.91,0.63,0.446,45.86,18.0,1.0,6.7,1
2.64,1.21,0.01,0.912,0.255,44.82,47.0,14.0,8.7,1
3.68,3.1,2.33,0.629,0.214,50.34,56.0,9.0,5.1,1
4.64,2.37,1.02,0.545,0.045,9.16,29.0,,1.3,1
0.17,0.89,2.98,0.985,0.389,47.84,12.0,0.0,2.3,1
3.88,3.45,1.82,0.829,0.002,45.61,22.0,11.0,7.1,1
1.23,0.18,2.78,0.013,0.423,53.67,19.0,5.0,1.4,0
4.2,0.04,0.15,0.238,0.091,7.45,30.0,9.0,5.1,0
0.74,1.74,1.11,0.437,0.25,49.07,29.0,10.0,0.3,1
3.35,1.68,0.86,0.442,0.177,23.67,48.0,3.0,3.0,0
3.7,2.63,1.12,0.953,0.466,5.89,3.0,1.0,1.8,1
2.6,0.13,0.91,0.301,0.483,48.69,32.0,2.0,4.3,0
1.72,2.73,0.83,0.97,0.406,46.68,13.0,12.0,6.6,1
0.79,2.18,1.44,0.033,0.309,37.61,56.0,6.0,3.7,0
0.52,1.31,2.34,0.904,0.255,29.26,51.0,8.0,6.7,0
3.78,1.91,1.94,0.637,0.117,17.37,9.0,10.0,4.8,0
0.3,0.26,1.11,0.41,0.297,,23.0,14.0,7.6,0
2.91,1.78,1.77,0.99,0.331,43.17,15.0,9.0,1.4,1
0.14,2.19,2.72,0.998,0.468,26.89,19.0,6.0,6.4,0
2.3,2.58,0.81,0.42,0.306,24.12,48.0,8.0,8.7,0
0.69,0.04,1.5,0.193,0.427,40.66,42.0,6.0,9.1,0
3.25,3.07,2.73,0.457,0.208,23.94,47.0,5.0,9.0,0
1.23,1.2,2.19,0.833,0.267,14.34,55.0,10.0,9.2,0
1.75,1.43,0.52,0.704,0.458,,7.0,14.0,8.9,1
3.8,3.0,2.38,0.059,0.374,45.14,44.0,11.0,7.8,1
3.02,3.93,2.41,0.223,0.461,56.96,,2.0,2.0,1
3.62,2.18,2.24,0.466,0.07,16.81,25.0,11.0,5.0,1
3.48,0.43,1.79,0.958,0.102,21.91,16.0,11.0,2.7,1
4.45,2.53,0.35,0.617,0.145,,38.0,,3.4,1
3.9,4.0,1.41,0.051,0.417,51.16,53.0,3.0,8.9,1
3.66,0.01,0.26,0.384,0.197,38.98,21.0,13.0,9.5,0
0.34,0.21,1.56,0.907,0.009,48.46,14.0,2.0,1.1,0
0.58,1.78,1.22,0.506,0.147,5.0,20.0,5.0,4.8,0
2.71,0.06,0.02,0.097,0.053,26.66,54.0,2.0,3.3,0
1.66,1.32,2.33,0.598,0.379,49.27,52.0,12.0,3.2,1
2.55,0.86,1.95,,0.158,9.19,9.0,4.0,5.8,0
3.64,2.39,0.72,0.753,0.334,34.04,49.0,4.0,4.7,0
1.63,0.87,1.93,0.336,0.183,31.17,26.0,6.0,10.0,0
4.31,1.19,1.63,0.701,0.469,1.04,48.0,0.0,7.1,0
2.15,3.75,1.52,0.32,0.128,19.34,1.0,9.0,9.8,0
1.65,2.61,1.13,0.52,0.288,27.66,21.0,11.0,1.1,1
2.56,3.11,0.13,0.02,0.285,51.84,6.0,0.0,5.7,0
2.56,2.14,2.96,0.674,0.298,34.13,30.0,3.0,9.7,0
4.29,0.43,1.53,0.378,0.109,15.15,10.0,2.0,3.3,0
0.96,1.77,0.16,0.705,0.162,15.1,28.0,9.0,5.2,0
2.59,0.85,,0.964,0.105,52.36,19.0,2.0,7.4,0
4.06,1.05,2.31,0.081,0.012,30.15,55.0,6.0,7.8,0
3.34,3.37,1.03,0.859,0.321,52.96,41.0,8.0,8.6,1
2.78,3.58,1.29,0.233,0.498,41.31,59.0,0.0,7.4,1
4.25,0.9,1.85,0.242,0.347,27.82,22.0,7.0,9.8,1
3.87,1.77,0.01,0.226,0.398,55.75,23.0,3.0,7.4,1
0.32,3.88,1.55,0.138,0.022,6.64,18.0,14.0,0.6,0
2.24,2.45,2.08,0.196,0.365,38.76,52.0,2.0,7.3,0
3.52,3.23,1.18,0.742,0.267,59.12,48.0,13.0,3.7,1
3.2,2.16,0.49,0.768,0.14,56.04,28.0,12.0,5.0,1
1.69,1.95,2.56,0.961,0.3,25.87,32.0,4.0,4.4,0
2.19,2.9,1.19,0.104,0.355,14.42,57.0,,5.7,1
2.54,1.28,2.99,0.151,0.469,13.05,37.0,8.0,8.9,0
2.14,2.57,1.61,0.885,0.1,5.24,22.0,14.0,1.8,1
3.71,2.07,0.38,0.565,0.344,58.06,17.0,4.0,7.9,1
2.46,2.91,0.24,0.545,0.286,43.41,55.0,11.0,9.6,1
3.99,0.55,0.62,0.772,0.296,23.84,55.0,1.0,6.8,0
2.26,2.7,2.68,0.553,0.048,32.06,57.0,12.0,7.4,1
0.21,2.55,1.48,0.062,0.22,29.34,32.0,5.0,3.8,0
4.3,3.61,2.48,0.899,0.313,18.97,16.0,10.0,5.1,1
3.67,1.5,2.01,0.134,0.103,22.02,43.0,12.0,7.4,0
0.86,3.42,2.57,0.48,0.117,40.61,51.0,11.0,5.4,1
1.71,0.14,1.55,0.365,0.3,15.52,40.0,4.0,0.3,0
0.32,1.13,2.46,0.37,0.347,1.1,24.0,7.0,6.3,0
2.4,0.37,2.83,0.284,0.101,56.59,4.0,14.0,9.5,0
2.28,1.0,0.43,0.957,0.296,3.34,29.0,1.0,7.1,0
0.9,1.35,2.99,0.084,0.215,31.34,58.0,14.0,8.9,0
0.93,2.48,2.22,0.802,0.083,36.58,35.0,4.0,2.1,0
1.22,0.26,1.72,0.393,0.051,9.74,26.0,7.0,5.1,0
3.55,0.84,2.98,0.053,0.389,17.03,57.0,8.0,4.3,0
1.64,2.91,0.5,0.573,0.151,26.05,32.0,7.0,6.4,0
2.9,2.75,1.94,0.372,0.067,6.96,54.0,14.0,1.4,1
1.2,2.31,0.56,0.221,0.321,24.06,14.0,3.0,4.4,0
4.3,2.82,1.53,0.37,0.172,59.81,22.0,14.0,7.0,1
3.47,2.89,0.12,0.977,0.019,56.95,57.0,5.0,5.3,1
4.94,0.84,1.03,0.766,0.472,24.44,4.0,0.0,1.2,1
4.34,2.13,2.62,0.82,0.336,53.09,52.0,10.0,5.4,1
0.67,2.87,2.28,0.526,0.096,33.49,37.0,0.0,7.4,0
3.53,2.68,1.19,0.295,0.024,58.92,47.0,2.0,6.6,0
1.43,1.88,0.51,0.548,0.246,35.52,50.0,0.0,7.9,0
2.97,1.72,0.19,0.546,0.498,,51.0,13.0,3.5,1
3.24,1.02,2.86,0.148,0.186,38.02,22.0,7.0,7.8,0
3.77,1.54,1.3,0.662,0.44,23.05,53.0,9.0,6.0,0
2.54,2.65,2.16,0.781,0.357,43.42,55.0,6.0,7.4,1
1.87,1.59,2.72,0.549,0.129,22.5,41.0,1.0,4.6,0
4.73,2.29,2.21,0.397,0.022,20.64,56.0,1.0,1.9,1
1.68,3.78,1.41,0.639,0.441,40.21,23.0,10.0,9.9,0
1.47,0.19,1.11,0.537,,6.85,36.0,4.0,8.1,0
1.57,3.02,2.62,0.083,0.353,11.65,22.0,7.0,7.6,0
4.12,2.91,0.96,0.374,0.489,25.15,33.0,5.0,9.2,1
3.17,2.02,0.98,0.926,0.47,1.71,57.0,7.0,9.7,1
0.92,0.59,2.27,0.062,0.097,12.37,25.0,10.0,3.7,0
0.98,1.43,1.76,0.284,0.263,33.96,5.0,9.0,0.9,1
0.56,1.24,1.28,0.857,0.104,43.97,54.0,5.0,7.0,0
2.1,2.85,1.35,0.001,0.445,22.45,40.0,13.0,8.6,0
2.38,2.01,1.75,0.941,0.021,27.17,39.0,11.0,6.9,1
1.75,1.4,1.31,0.688,0.35,21.51,29.0,1.0,,1
1.97,2.57,0.95,0.379,0.338,5.94,19.0,0.0,5.5,0
3.05,1.03,2.72,0.028,0.11,56.51,54.0,0.0,1.4,1
2.74,2.57,1.52,0.046,0.461,29.85,,5.0,2.1,1
2.19,3.9,0.6,0.296,0.297,8.21,44.0,8.0,1.7,1
2.48,0.83,0.49,0.659,0.455,53.19,19.0,,4.1,1
3.96,0.39,0.86,0.067,0.233,28.31,8.0,12.0,5.3,0
2.58,3.72,2.96,0.882,0.405,31.2,55.0,13.0,5.0,1
4.79,1.44,2.77,0.858,0.407,46.03,31.0,0.0,2.8,1
2.76,2.66,0.28,0.285,0.332,29.04,34.0,5.0,1.9,1
1.64,1.39,,0.194,0.213,30.83,42.0,6.0,6.0,0
4.72,3.32,1.15,0.429,0.452,5.02,4.0,3.0,3.3,1
0.49,1.96,1.54,0.282,0.416,29.75,53.0,6.0,0.9,0
4.37,1.25,0.91,0.95,0.115,15.42,22.0,5.0,6.0,1
0.61,3.27,1.97,0.583,0.215,23.64,53.0,13.0,7.9,1
3.21,1.04,1.29,0.736,0.07,35.36,31.0,9.0,0.6,1
4.44,2.9,1.61,0.531,0.013,4.63,42.0,5.0,3.3,1
0.53,1.31,0.84,0.837,0.039,6.24,4.0,10.0,1.9,0
5.0,1.79,0.21,0.098,0.049,24.56,51.0,2.0,,0
2.41,2.51,2.08,0.723,0.174,39.57,30.0,10.0,8.8,1
2.45,2.62,2.18,0.768,0.463,42.53,18.0,14.0,1.8,1
1.71,1.87,1.42,,0.294,56.9,26.0,2.0,9.3,0
1.98,0.58,2.59,0.085,0.44,2.94,49.0,1.0,2.8,0
2.28,3.01,0.92,0.653,0.024,15.91,32.0,8.0,1.9,1
0.9,3.54,2.17,0.304,0.316,51.94,31.0,1.0,9.8,1
,3.67,1.74,0.584,0.26,15.63,40.0,3.0,7.8,0
2.98,0.39,1.29,0.881,0.08,27.33,20.0,7.0,3.6,0
0.13,2.87,0.64,0.832,0.109,38.82,9.0,3.0,5.7,0
3.72,0.83,1.98,0.576,0.076,56.71,30.0,10.0,5.5,1
2.81,0.41,0.48,0.109,0.12,54.22,17.0,9.0,1.4,0
0.55,0.28,2.18,0.448,0.001,37.0,5.0,5.0,9.4,0
4.21,0.02,0.64,0.726,0.157,40.98,30.0,6.0,5.7,1
2.48,3.69,0.05,,0.49,53.28,2.0,10.0,7.3,1
2.13,2.42,0.91,0.329,0.314,36.83,34.0,3.0,8.0,0
1.92,2.41,2.59,0.308,0.27,14.54,31.0,,5.7,0
3.92,3.25,0.09,0.678,0.274,4.32,30.0,1.0,3.4,0
0.4,3.45,0.19,,0.3,35.71,26.0,6.0,5.4,1
3.53,,1.6,0.592,0.37,46.34,54.0,5.0,9.8,0
3.19,3.02,0.01,0.952,0.398,42.42,9.0,5.0,8.0,1
2.12,1.56,1.92,0.895,0.015,35.63,14.0,10.0,10.0,0
4.76,1.31,1.87,0.314,0.093,29.75,21.0,2.0,1.4,1
2.75,2.98,0.66,0.249,0.083,41.41,31.0,,1.0,1
2.98,1.72,1.31,0.923,0.19,5.5,8.0,8.0,7.1,1
3.82,3.94,,0.208,0.133,32.17,56.0,13.0,6.6,1
3.13,3.37,0.6,0.977,0.409,13.0,28.0,1.0,3.2,1
4.21,0.77,1.81,0.215,0.205,37.72,21.0,7.0,4.4,0
1.14,2.05,1.32,0.108,0.42,2.21,33.0,12.0,1.8,0
3.93,2.82,1.18,0.391,0.357,51.25,23.0,4.0,3.8,1
0.32,1.33,0.99,0.901,0.22,31.49,15.0,4.0,9.3,0
3.42,0.67,1.63,0.731,0.479,28.99,30.0,2.0,3.6,1
,1.76,0.75,0.599,0.395,55.15,23.0,14.0,2.1,1
3.44,0.5,1.91,0.702,0.351,15.78,50.0,2.0,2.6,1
1.65,0.94,0.34,0.52,0.392,14.29,39.0,6.0,5.0,0
2.53,2.88,2.58,0.318,0.21,1.81,41.0,1.0,4.8,0
4.96,1.62,2.29,0.497,0.055,5.15,53.0,1.0,1.0,1
2.39,1.76,1.25,0.38,0.206,10.69,22.0,1.0,1.1,0
3.94,2.52,0.53,0.768,0.258,27.92,20.0,12.0,2.4,1
0.91,1.53,1.19,0.167,0.053,47.54,34.0,11.0,7.3,0
4.2,1.78,2.02,0.45,0.185,10.19,23.0,8.0,4.5,0
0.88,3.02,1.1,0.107,0.464,12.84,59.0,6.0,1.2,1
4.97,2.1,,0.043,0.066,26.7,6.0,13.0,,0
0.54,3.34,0.33,0.232,0.313,57.71,59.0,0.0,0.1,1
1.91,2.64,2.09,0.161,0.422,59.06,53.0,6.0,6.0,0
3.51,1.85,2.57,0.782,0.366,51.82,4.0,7.0,3.5,1
3.73,3.65,2.49,0.16,0.097,1.37,44.0,4.0,0.5,0
1.53,1.67,2.23,0.672,0.204,35.71,47.0,6.0,1.2,1
2.99,3.83,2.28,0.503,0.281,11.11,10.0,11.0,7.5,1
,3.54,2.94,0.361,0.067,52.38,38.0,10.0,2.5,1
0.18,1.24,0.47,0.062,0.13,31.77,36.0,12.0,2.7,0
0.69,0.09,1.64,0.417,0.33,35.01,12.0,14.0,4.9,0
1.98,1.13,,0.569,0.417,24.19,59.0,6.0,1.6,1
2.44,1.85,0.69,0.118,0.471,13.09,24.0,13.0,9.7,0
0.5,3.59,1.23,0.91,0.105,44.39,5.0,8.0,3.8,1
2.2,0.8,1.01,0.111,0.272,31.84_err,40.0,3.0,4.5,0
4.55,3.83,1.96,0.831,0.318,54.01,,2.0,0.7,1
2.97,3.92,1.24,0.783,0.359,15.68,6.0,9.0,5.6,1
1.54,1.9,0.86,0.885,0.327,12.11,35.0,0.0,8.0,0
0.94,0.59,0.25,0.106,0.391,31.56,43.0,7.0,4.2,0
2.56,3.03,0.87,0.46,0.201,43.6,25.0,3.0,1.7,0
1.2,1.39,1.45,0.315,0.259,2.41,5.0,13.0,0.3,0
4.71,1.32,1.82,0.686,0.082,18.48,39.0,8.0,3.5,0
1.64,0.4,1.92,0.187,0.014,31.4,59.0,12.0,8.6,0
0.23,3.9,0.63,0.09,0.084,13.04,8.0,12.0,1.0,0
3.92,3.58,1.23,0.219,0.355,27.96,16.0,7.0,9.6,0
3.96,1.18,1.21,0.992,0.14,41.34,39.0,2.0,8.7,0
4.45,0.26,0.04,0.255,0.375,50.93,31.0,12.0,0.4,1
4.1,1.94,2.65,0.287,0.015,5.52,52.0,5.0,0.8,1
1.49,0.7,2.02,0.722,0.158,6.64,16.0,14.0,4.5,0
3.81,1.97,1.99,0.312,0.026,58.74,41.0,1.0,0.8,0
4.29,3.1,1.73,0.528,0.378,56.77,3.0,7.0,9.5,1
4.23,1.5,1.38,0.751,0.204,42.97,19.0,3.0,0.2,1
2.27,2.31,0.67,0.335,0.09,34.35,42.0,4.0,9.4,0
3.51,2.2,1.18,0.361,0.287,53.95,13.0,8.0,6.5,1
4.65,1.61,0.53,0.223,0.484,45.24,13.0,10.0,5.5,1
3.13,3.87,2.45,0.75,0.025,36.92,6.0,3.0,6.5,0
1.61,1.36,0.63,0.993,0.304,48.91,39.0,7.0,1.3,1
0.4,0.14,0.83,0.062,0.347,21.29,44.0,5.0,7.5,0
0.56,3.38,0.04,0.407,0.422,2.96,23.0,10.0,2.6,0
2.4,3.72,,,0.166,15.6,41.0,4.0,7.8,0
,1.94,2.13,0.355,0.327,54.08,6.0,6.0,8.3,0
0.9,0.33,0.53,0.524,0.042,51.17,58.0,1.0,4.3,0
0.94,0.36,1.53,0.659,0.053,20.07,49.0,0.0,4.6,0
0.58,2.27,2.82,0.491,0.359,41.62,50.0,9.0,2.2,1
1.59,0.48,1.32,0.761,0.228,58.73,4.0,4.0,5.8,1
2.9,0.78,2.38,0.063,0.252,53.3,39.0,4.0,0.8,1
3.43,3.12,2.4,0.801,0.436,38.94,57.0,3.0,2.9,1
4.55,0.89,1.96,0.883,0.073,27.42,57.0,8.0,1.7,1
2.98,1.54,1.1,0.597,0.094,37.28,35.0,12.0,8.9,0
1.16,1.49,2.28,0.32,0.196,59.02,48.0,4.0,7.0,0
3.64,1.76,2.82,0.474,0.188,19.37,35.0,1.0,7.5,0
4.47,1.68,0.82,0.595,0.28,5.94,17.0,14.0,7.9,1
1.05,2.09,1.5,0.796,0.218,58.77,38.0,1.0,1.4,1
3.87,2.12,1.8,0.784,,22.42,42.0,13.0,8.7,1
4.03,0.9,1.78,0.347,0.426,27.41,42.0,1.0,6.5,0
1.53,0.6,1.25,0.433,0.076,20.09,55.0,13.0,2.0,0
2.5,0.74,1.63,0.765,0.005,20.22,42.0,8.0,9.4,0
2.08,0.82,0.17,0.428,0.072,15.91,25.0,6.0,4.4,0
1.25,3.28,0.19,0.635,0.24,22.56,59.0,8.0,3.6,1
2.58,3.72,2.8,0.987,0.293,46.18,29.0,9.0,2.8,1
4.37,2.96,1.65,0.841,0.078,25.83,6.0,2.0,6.4,1
0.36,0.17,0.59,0.218,0.287,41.36,,14.0,4.5,0
4.56,2.4,0.79,0.412,0.018,39.75,27.0,13.0,1.7,1
0.28,3.12,2.11,0.545,0.31,39.66,44.0,14.0,,1
2.23,2.09,2.08,0.598,0.264,46.91,48.0,1.0,1.6,1
0.13,0.32,1.97,0.298,0.209,44.37,35.0,8.0,3.9,0
3.61,2.05,0.75,0.92,0.461,26.29,58.0,0.0,5.7,1
0.56,2.55,2.5,0.91,0.218,17.05_err,6.0,2.0,0.5,0
4.18,2.28,0.19,0.164,0.185,32.7,56.0,7.0,7.0,0
4.49,2.89,1.27,0.93,0.111,21.35,8.0,5.0,0.7,1
2.02,1.07,2.29,0.445,0.156,18.27,30.0,0.0,0.3,1
4.93,2.79,0.71,0.438,0.11,27.0,28.0,10.0,4.4,1
1.99,1.33,0.72,0.183,0.088,30.18,27.0,12.0,4.7,0
2.29,2.85,0.0,0.084,0.208,14.2,45.0,10.0,3.2,0
2.1,1.95,1.48,0.248,0.029,47.46,33.0,1.0,4.0,0
2.72,3.13,2.76,0.88,0.316,9.46,26.0,8.0,0.8,1
4.6,2.01,1.54,0.407,0.236,48.55,57.0,11.0,6.2,1
0.54,1.15,2.8,0.92,0.099,11.61,16.0,12.0,7.5,0
1.97,3.96,0.65,0.6,0.003,33.49,14.0,6.0,2.1,0
1.78,0.97,1.18,0.008,0.287,9.48,52.0,1.0,1.8,0
0.5,1.61,,0.331,0.034,44.53,24.0,3.0,0.4,0
3.88,3.1,2.4,0.128,0.491,40.87,57.0,5.0,4.7,1
0.69,2.07,1.73,0.745,0.243,28.05,51.0,4.0,6.9,0
0.23,2.73,0.26,0.677,0.269,48.12,31.0,0.0,7.2,0
4.87,1.95,0.39,0.228,0.446,22.18,1.0,12.0,0.3,1
3.49,2.44,1.32,0.209,,18.22,20.0,6.0,9.7,0
3.65,2.05,2.44,0.902,0.466,18.23,46.0,0.0,9.8,1
2.88,3.97,2.22,0.117,0.221,26.68,32.0,6.0,8.3,0
0.86,0.83,2.56,0.033,0.11,25.93,22.0,2.0,6.9,0
2.67,3.57,1.22,0.366,0.446,16.91,24.0,3.0,3.7,1
3.88,1.86,1.73,0.564,0.129,51.05,51.0,5.0,3.9,1
3.54,0.1,0.92,0.919,0.16,52.69,35.0,11.0,9.1,0
3.21,3.91,1.61,0.912,0.057,44.6,50.0,7.0,2.8,1
0.41,3.48,1.85,0.14,0.428,21.46,2.0,11.0,8.8,0
3.24,0.29,1.55,0.787,0.456,36.38,6.0,7.0,1.5,1
0.34,1.53,0.59,0.934,0.407,11.62,1.0,1.0,3.3,0
4.59,3.45,1.02,0.834,0.152,,37.0,10.0,4.2,1
4.27,2.03,1.89,0.414,0.404,8.1,31.0,13.0,6.2,1
0.12,3.7,1.72,0.208,0.061,12.35,1.0,12.0,7.4,0
1.07,2.38,1.35,0.916,0.391,37.18,45.0,1.0,1.4,1
2.85,3.24,0.19,0.532,0.471,29.78,32.0,1.0,4.0,1
0.22,1.8,1.36,0.253,0.119,50.04,25.0,11.0,3.7,0
4.55,0.37,1.7,0.324,0.26,51.5,42.0,9.0,3.0,1
4.49,0.91,0.66,0.562,0.305,5.52,50.0,6.0,4.5,1
0.85,0.54,0.04,0.406,0.225,6.17,57.0,1.0,7.3,0
4.6,3.21,1.54,0.04,0.136,54.98,50.0,11.0,5.6,1
3.52,3.69,1.14,0.574,0.225,31.94,2.0,11.0,5.0,1
2.31,0.92,2.07,0.406,0.312,1.4,41.0,13.0,5.2,0
2.3,1.29,0.38,0.473,0.207,48.06,27.0,0.0,7.1,0
1.57,2.96,1.63,0.753,0.35,47.08,6.0,4.0,5.6,1
2.93,1.73,2.7,0.026,0.033,28.78,17.0,9.0,7.1,0
3.01,3.24,2.78,0.066,0.258,55.04,44.0,9.0,5.0,1
0.85,1.27,2.64,0.001,0.447,34.51,4.0,13.0,6.9,0
2.42,2.11,2.41,0.425,0.496,26.7,38.0,4.0,8.5,1
0.55,3.34,2.81,0.28,0.282,26.1,16.0,8.0,0.8,1
3.87,1.4,2.91,0.409,0.256,32.38,42.0,10.0,7.5,0
3.98,2.56,0.85,0.577,0.171,12.99_err,20.0,8.0,8.1,0
4.28,2.58,1.46,0.008,0.112,17.32,,8.0,7.5,0
0.23,1.41,2.13,0.158,0.122,22.83,36.0,2.0,2.3,0
3.33,2.97,1.52,0.128,0.014,9.56,56.0,3.0,1.2,0
4.38,2.11,2.72,0.621,0.49,9.88,31.0,7.0,9.2,1
1.68,2.38,2.92,0.591,0.097,5.95,55.0,12.0,3.4,1
3.96,,1.49,0.078,0.272,55.11,54.0,6.0,1.8,1
0.03,0.36,0.99,0.802,0.025,54.53,47.0,0.0,6.8,0
3.33,2.79,1.22,,0.054,54.94,29.0,13.0,8.7,0
1.2,1.37,2.04,0.173,0.398,55.96,1.0,14.0,,0
0.39,2.43,2.18,0.403,,15.93,58.0,13.0,5.4,1
2.5,3.63,1.13,0.332,0.062,46.0,43.0,3.0,8.8,0
1.83,3.34,2.54,0.965,0.244,29.55,20.0,2.0,4.8,1
2.98,2.52,0.38,0.907,0.164,1.0,42.0,4.0,5.4,1
4.28,0.91,0.07,0.051,0.243,49.91,27.0,9.0,5.7,0
1.96,2.07,2.94,0.392,0.054,41.87,47.0,2.0,8.7,0
4.63,1.5,2.76,0.784,0.446,42.61,3.0,14.0,2.4,1
1.34,2.36,0.92,0.629,0.282,45.42,32.0,3.0,7.5,0
3.89,2.93,2.87,0.772,0.269,18.13,17.0,5.0,3.4,1
3.2,2.91,0.94,0.407,0.088,31.65,7.0,13.0,1.0,1
2.58,0.23,1.42,0.389,0.273,24.09,,,9.8,0
2.25,1.49,1.59,0.767,0.492,40.05,18.0,6.0,9.3,0
4.57,1.56,1.92,0.292,0.06,34.26,41.0,14.0,5.1,1
3.24,0.75,1.58,0.058,0.352,8.09,59.0,8.0,1.5,0
1.81,1.95,2.73,0.89,0.193,20.31,52.0,13.0,8.6,1
2.76,1.12,1.68,0.946,0.388,26.96,5.0,6.0,4.0,1
2.76,1.39,0.09,0.612,0.259,24.23,50.0,1.0,5.1,0
4.38,2.29,0.53,0.737,0.452,33.01,46.0,0.0,9.9,1
0.21,3.39,2.87,0.69,0.042,2.9,53.0,13.0,4.7,0
2.2,1.71,0.13,0.537,0.211,28.45,51.0,8.0,1.5,0
2.55,2.16,2.27,0.6,0.162,10.3,48.0,1.0,6.6,0
0.76,3.18,2.93,0.54,0.443,7.68,,14.0,5.5,1
0.0,1.72,0.09,0.113,0.02,12.84,3.0,11.0,1.8,0
0.01,1.54,2.58,0.319,0.09,54.89,15.0,6.0,1.9,1
4.92,2.66,2.11,0.017,0.233,2.44,12.0,3.0,9.2,0
0.38,1.08,0.1,0.077,0.269,54.34,34.0,10.0,0.4,0
0.45,0.11,1.8,0.508,0.243,34.69,3.0,3.0,6.2,0
0.62,0.54,2.75,0.178,0.299,51.17,57.0,3.0,7.9,0
4.94,1.1,1.34,0.357,0.465,40.87,8.0,3.0,3.7,0
3.72,3.24,2.23,0.837,0.323,7.45,43.0,8.0,1.4,1
2.04,0.84,0.98,0.087,0.234,26.6,59.0,8.0,9.2,0
4.94,2.48,,0.832,0.303,55.56,2.0,9.0,2.6,1
2.8,1.24,2.07,0.895,0.106,53.66,19.0,4.0,1.8,0
4.04,0.24,0.09,0.319,0.028,53.13_err,37.0,5.0,0.6,0
0.38,3.33,2.2,0.455,0.345,40.43,32.0,5.0,,0
4.7,3.73,0.79,0.412,0.379,17.19,23.0,1.0,5.4,1
4.76,0.67,2.55,0.144,0.474,53.05,17.0,,3.9,1
4.32,2.04,1.68,0.094,0.48,58.29,36.0,4.0,7.7,1
0.81,1.15,0.87,0.45,0.438,9.84,15.0,1.0,5.3,0
0.02,2.2,2.05,0.567,0.457,24.43,45.0,3.0,3.0,0
4.49,2.81,2.74,0.488,0.38,10.11,26.0,7.0,3.9,1
1.54,3.94,1.55,0.68,0.448,58.0,5.0,7.0,7.6,1
1.82,1.39,2.59,0.476,0.001,10.73,28.0,14.0,2.7,0
2.35,1.02,2.81,0.864,0.015,33.45,42.0,1.0,5.4,0
1.59,2.67,1.13,0.605,0.384,49.21,25.0,10.0,8.7,0
2.97,3.37,2.49,0.226,0.417,13.43,59.0,2.0,8.8,1
2.02,0.11,2.33,0.876,0.144,23.76,43.0,10.0,8.9,0
3.66,0.17,1.67,0.861,0.025,12.76,43.0,0.0,7.6,0
0.16,2.33,0.17,0.37,0.01,49.94,14.0,4.0,5.1,0
1.03,0.52,2.41,,0.038,14.03,59.0,9.0,5.0,0
4.57,2.52,0.16,0.778,0.235,28.72,15.0,4.0,9.6,0
0.23,2.26,2.9,0.06,0.479,43.26,51.0,3.0,7.7,0
2.39,3.21,1.37,0.428,0.02,56.74,16.0,8.0,2.1,1
0.91,3.19,0.08,0.46,0.209,21.03,22.0,2.0,3.3,0
3.89,3.33,0.69,0.629,0.27,3.87,41.0,7.0,3.3,1
2.6,3.74,0.69,0.271,0.315,45.15,19.0,9.0,7.7,0
3.59,2.36,2.59,0.355,0.203,49.74,58.0,3.0,4.7,0
4.15,0.58,0.22,0.953,0.406,44.39,14.0,14.0,7.3,1
3.76,3.66,,0.873,0.082,29.62,48.0,9.0,0.4,1
2.05,3.99,1.1,0.382,0.008,15.11,35.0,6.0,6.7,0
2.28,0.15,0.53,0.967,0.371,25.51,27.0,2.0,3.2,0
3.28,2.41,0.58,0.062,0.472,10.01,55.0,5.0,2.2,0
3.74,1.5,0.64,0.304,0.423,37.49,56.0,0.0,6.6,0
1.86,1.22,0.43,0.711,0.375,3.72,52.0,6.0,1.0,0
3.89,3.08,1.86,0.6,0.052,10.0,14.0,2.0,6.6,0
0.02,1.21,0.21,0.525,0.397,36.46,30.0,3.0,9.9,0
4.56,0.6,1.07,0.77,0.255,39.09,2.0,3.0,9.2,0
2.98,0.97,2.02,0.977,0.148,28.21,48.0,5.0,7.6,1
2.83,2.15,0.93,0.697,0.489,11.49,55.0,8.0,3.4,1
2.81,1.02,1.03,0.433,0.432,17.5,54.0,4.0,3.0,0
0.2,1.4,2.3,0.683,0.205,16.71,49.0,8.0,9.7,0
4.75,2.3,2.36,0.528,0.102,18.29,18.0,14.0,1.0,1
3.82,2.77,2.22,0.633,0.449,4.53,14.0,5.0,2.1,0
3.58,0.28,1.0,0.673,0.207,1.43,39.0,0.0,8.3,0
3.51,1.65,1.59,0.994,0.464,1.43,9.0,5.0,5.0,1
2.72,2.86,2.62,0.496,0.155,13.07,22.0,6.0,9.0,0
3.11,1.31,1.28,0.764,0.207,13.93,12.0,3.0,3.7,0
4.62,3.03,0.82,0.95,0.453,24.58,11.0,13.0,3.1,1
1.8,1.37,0.09,0.22,0.03,32.33,8.0,10.0,5.9,0
2.99,3.04,1.71,0.383,0.489,57.34,32.0,9.0,6.9,1
1.95,3.82,0.65,0.556,0.022,12.75,37.0,0.0,6.7,0
0.59,2.02,2.19,0.395,,45.05,23.0,14.0,2.5,0
0.72,1.93,0.25,0.73,0.238,7.04,38.0,,8.5,0
0.32,1.94,1.24,0.166,0.29,44.23,50.0,13.0,4.6,1
1.95,3.81,1.0,0.946,0.185,26.33,42.0,6.0,0.8,1
1.75,0.64,0.84,0.377,0.372,39.25,22.0,13.0,5.5,0
0.62,2.96,2.97,0.915,0.386,54.33,26.0,14.0,2.9,1
2.25,2.76,0.3,0.958,0.356,43.3,7.0,6.0,5.9,1
1.07,2.53,0.01,0.196,0.017,40.33,48.0,6.0,1.9,1
0.51,2.96,0.04,0.564,0.003,50.72,29.0,11.0,8.3,0
1.61,1.28,0.31,0.762,,24.49,36.0,1.0,1.7,0
3.37,,2.55,0.034,0.059,25.76,32.0,,4.2,0
0.19,3.63,0.49,0.402,0.027,29.02,19.0,9.0,0.4,0
3.43,0.92,1.72,0.414,0.026,47.52,58.0,3.0,6.5,0
0.71,2.06,1.91,0.665,0.008,53.02,12.0,9.0,0.9,1
4.54,1.25,2.3,0.522,0.348,28.08,41.0,12.0,7.2,1
0.49,3.16,0.39,0.732,0.49,39.26,38.0,5.0,6.7,1
0.96,3.6,0.39,0.36,0.28,45.76,26.0,8.0,4.2,1
1.14,2.14,0.93,0.407,0.327,29.13,,4.0,4.9,0
3.32,1.28,0.31,0.407,0.353,27.09,50.0,8.0,8.4,0
4.06,2.58,0.83,0.328,0.042,39.75,31.0,12.0,2.6,1
2.65,0.57,1.78,0.078,0.327,3.03,41.0,3.0,6.4,0
3.72,2.04,,0.458,0.427,46.6,13.0,7.0,5.7,0
4.44,3.03,0.89,0.864,0.415,11.19,3.0,12.0,7.3,1
3.05,1.05,1.01,0.425,0.148,19.92,46.0,13.0,4.0,0
1.55,1.57,0.7,0.143,0.007,13.37,,3.0,8.8,0
0.77,2.62,1.34,0.307,0.332,19.5,32.0,11.0,2.4,1
2.94,3.84,1.38,0.758,0.355,54.09,28.0,4.0,8.0,1
4.18,0.32,2.69,0.254,0.469,59.06,12.0,9.0,6.0,1
0.95,0.62,2.0,0.059,0.043,,58.0,6.0,8.0,0
5.0,0.51,1.89,0.054,0.48,8.68,20.0,5.0,9.6,0
0.64,0.88,0.79,0.607,0.01,24.98,5.0,3.0,0.0,0
0.2,0.24,1.02,0.898,0.221,3.0,30.0,6.0,0.3,0
3.43,1.45,2.62,0.26,0.203,28.34,49.0,6.0,0.0,1
1.83,1.12,1.7,0.988,0.006,19.54,52.0,13.0,3.1,1
3.35,0.79,0.54,0.22,0.376,31.4,40.0,2.0,3.9,0
0.91,1.03,2.18,0.346,0.008,9.47,37.0,9.0,3.7,0
0.93,2.57,0.19,0.468,0.406,26.25,51.0,13.0,0.5,1
2.51,2.76,2.68,0.108,0.159,45.57,,,9.0,0
4.73,3.71,1.64,0.293,0.095,23.43,7.0,12.0,1.3,1
1.88,0.84,2.94,0.601,0.248,52.26,49.0,9.0,5.4,1
0.36,0.4,0.83,0.012,0.013,11.43,3.0,7.0,9.1,0
3.69,0.23,0.33,0.483,0.082,23.42,37.0,7.0,5.4,0
4.61,1.97,1.47,0.659,0.466,4.44,25.0,10.0,3.7,1
1.82,,1.64,0.298,0.456,5.01,37.0,12.0,7.0,0
2.29,0.96,2.26,0.871,0.11,34.09,20.0,2.0,10.0,0
4.76,2.66,1.8,0.277,0.068,45.67,27.0,13.0,6.0,1
3.74,0.75,1.21,0.912,0.257,55.53,43.0,6.0,6.5,1
3.35,0.89,0.56,0.833,0.339,22.02,44.0,8.0,,1
0.64,2.66,2.66,0.233,0.133,44.77,8.0,8.0,2.6,1
2.91,3.82,0.94,0.063,0.111,3.38,20.0,3.0,7.9,0
4.3,3.61,0.64,0.032,0.495,13.15,48.0,5.0,7.5,1
3.63,,0.79,0.776,0.244,27.7,21.0,9.0,2.4,1
0.58,3.93,1.64,0.562,0.443,47.95,37.0,10.0,5.1,1
3.36,1.46,0.04,0.178,0.19,20.56,35.0,4.0,8.8,0
4.02,2.22,2.33,0.164,0.031,55.54,9.0,8.0,1.8,1
1.91,1.38,2.38,0.378,0.137,42.01,49.0,4.0,,0
3.77,3.3,2.63,0.087,0.325,30.37,23.0,10.0,3.5,1
3.56,2.69,2.45,0.691,0.272,34.81,31.0,14.0,0.7,1
1.66,3.51,0.26,0.949,0.179,34.73,59.0,9.0,2.8,1
3.71,0.85,1.59,0.414,0.257,37.61,44.0,8.0,4.2,1
3.2,2.56,0.5,0.869,0.499,46.82,56.0,11.0,7.4,1
1.56,2.13,0.31,0.327,,46.23_err,30.0,10.0,1.3,1
2.68,2.36,0.01,0.247,0.327,28.19,25.0,6.0,8.6,0
2.28,1.46,0.09,0.334,0.278,28.34,,4.0,3.2,0
0.25,0.03,1.06,0.209,0.092,33.06,5.0,1.0,1.5,0
3.41,2.82,0.05,0.237,0.309,12.0,26.0,8.0,3.7,0
0.68,2.86,1.29,0.689,0.289,36.84,5.0,6.0,9.3,0
1.21,3.48,0.4,0.865,0.394,49.36,17.0,2.0,5.6,1
4.79,3.85,2.47,0.381,0.164,22.64,14.0,7.0,3.5,1
1.15,0.8,1.15,0.591,0.2,24.14,24.0,8.0,4.3,0
1.96,0.27,1.92,0.16,0.496,36.54,22.0,2.0,7.4,0
4.8,3.14,1.42,0.757,0.173,26.1,1.0,,0.4,1
3.75,3.51,1.37,0.089,0.275,11.72,40.0,0.0,9.5,0
,0.68,1.42,0.179,0.16,7.45,29.0,9.0,8.3,0
4.1,0.44,0.84,0.418,0.323,36.46,53.0,12.0,8.9,0
0.3,3.4,0.37,0.118,0.386,24.82,15.0,9.0,6.7,0
4.44,3.91,2.65,0.896,0.343,47.47,31.0,10.0,5.9,1
1.26,1.63,2.26,0.492,0.28,43.86,37.0,11.0,3.4,1
0.77,3.62,0.75,0.285,0.156,54.62,54.0,4.0,3.0,1
4.15,3.09,0.05,0.139,0.292,33.05,37.0,7.0,0.9,1
1.4,1.16,1.59,0.17,0.387,10.18,47.0,6.0,0.3,0
1.19,0.63,0.27,0.73,0.077,17.19,41.0,3.0,0.5,0
3.95,0.78,2.13,0.881,0.221,55.61,23.0,0.0,1.8,1
0.28,2.1,0.92,0.644,0.438,18.86,30.0,0.0,1.6,1
0.38,1.59,1.76,0.357,0.251,29.34,25.0,11.0,7.9,0
4.06,3.83,1.32,0.261,0.45,25.67,44.0,6.0,1.1,1
,1.66,0.27,0.487,0.042,53.95,3.0,11.0,7.7,0
4.23,0.39,2.93,0.301,0.134,46.68,26.0,5.0,,0
3.95,0.48,0.0,0.496,0.253,3.1,14.0,4.0,9.6,0
2.79,3.62,2.8,0.011,0.095,28.5,25.0,6.0,6.0,0
3.75,2.07,2.09,0.882,0.287,30.25,42.0,12.0,5.6,1
0.72,3.78,1.64,0.588,0.24,5.0,39.0,13.0,6.4,1
0.95,3.8,2.49,0.49,0.468,21.96,17.0,5.0,4.9,1
4.21,3.85,0.09,0.48,0.328,25.61,57.0,2.0,5.7,1
1.71,,0.41,0.765,0.007,51.03,24.0,10.0,7.1,1
0.02,3.55,1.8,0.547,0.422,,14.0,1.0,8.4,0
4.77,2.48,1.6,0.641,0.324,21.03,53.0,9.0,9.2,1
3.56,3.81,1.65,0.797,0.101,32.35,59.0,0.0,6.9,1
4.23,3.18,2.56,0.855,0.124,56.16,27.0,8.0,9.2,1
,2.72,2.0,0.552,0.344,28.76,17.0,8.0,5.4,1
3.16,3.58,1.06,0.584,0.289,19.87,45.0,1.0,2.4,1
2.52,3.23,1.82,0.685,0.22,7.62,44.0,12.0,3.4,1
0.75,1.53,2.09,,0.158,36.23,11.0,11.0,,0
0.94,1.12,0.58,0.903,0.413,37.98,14.0,6.0,6.4,1
2.25,0.6,0.08,0.544,0.397,28.19,12.0,7.0,2.8,1
0.33,3.8,1.51,0.924,0.432,,7.0,10.0,5.8,1
3.93,0.34,2.03,0.804,0.402,30.2,51.0,10.0,6.6,1
2.79,3.08,2.61,0.363,0.472,44.31,44.0,1.0,10.0,1
4.63,1.55,1.75,0.664,0.055,8.88,37.0,9.0,5.1,0
3.12,1.87,1.76,0.717,0.257,6.37,33.0,11.0,9.0,0
4.86,0.48,1.52,0.468,0.157,45.76,45.0,1.0,3.4,1
1.39,0.47,2.77,,0.193,49.14,48.0,2.0,6.4,0
1.75,1.4,2.58,0.241,0.461,13.68,53.0,14.0,7.9,1
2.12,2.85,1.52,0.289,0.394,4.91,49.0,6.0,9.3,0
1.48,1.07,2.03,0.644,0.016,4.98,17.0,9.0,4.8,0
3.98,2.79,1.96,0.483,0.225,14.86,18.0,7.0,8.6,1
2.67,3.99,0.74,0.383,0.122,33.06,37.0,6.0,5.2,1
2.28,1.7,0.71,0.067,0.291,37.87,4.0,2.0,6.5,0
2.28,3.74,3.0,0.984,0.16,51.44,35.0,7.0,2.4,1
4.07,0.32,,0.228,0.242,51.28,57.0,13.0,8.2,1
1.21,1.25,2.24,0.622,0.187,50.89,17.0,0.0,9.7,0
1.6,2.4,2.77,0.792,0.018,15.46,53.0,5.0,7.8,1
,0.86,2.19,0.508,,32.98,49.0,8.0,2.7,1
1.99,1.49,2.41,0.579,0.341,37.31,56.0,11.0,0.7,1
4.98,1.81,0.86,0.531,0.416,28.97,16.0,6.0,0.6,1
2.19,2.7,1.52,0.637,0.4,2.49,3.0,13.0,7.2,1
2.11,0.87,1.28,0.416,0.125,22.91,19.0,1.0,7.9,0
2.97,1.41,0.98,0.356,0.407,9.3,19.0,0.0,6.7,0
4.23,3.82,2.23,0.985,0.413,1.94,6.0,7.0,6.7,1
3.6,1.06,1.37,0.373,0.263,7.72,,13.0,9.2,0
3.81,2.94,2.75,0.446,0.163,45.94,14.0,2.0,4.5,1
4.88,3.48,1.2,0.162,0.409,41.03,44.0,11.0,4.9,1
3.98,2.69,1.32,0.827,0.052,31.97,59.0,4.0,2.4,1
2.34,3.15,2.67,0.774,0.478,50.05,23.0,10.0,10.0,1
3.28,3.94,0.09,0.732,0.167,25.17,13.0,4.0,9.4,1
4.15,1.33,1.55,0.869,0.066,,41.0,8.0,2.3,1
0.85,1.03,0.75,0.019,0.372,25.14,29.0,10.0,2.3,0
,1.8,1.29,0.018,0.221,9.36,56.0,10.0,7.7,0
3.02,2.55,2.01,0.977,0.262,39.35,11.0,7.0,1.9,1
1.9,0.43,1.86,0.192,0.02,29.69,50.0,12.0,2.0,0
0.27,0.21,1.02,0.887,0.157,57.95_err,9.0,12.0,8.6,0
4.7,0.55,0.96,0.795,0.111,39.28,3.0,1.0,5.9,0
2.7,0.67,1.1,0.52,0.207,39.89,28.0,1.0,2.8,0
3.17,0.16,2.22,0.043,0.038,40.89,59.0,4.0,4.0,0
3.6,2.37,1.34,0.206,0.12,8.48,10.0,4.0,1.7,0
0.18,2.32,0.44,0.066,,54.68,29.0,,,0
0.91,1.92,2.75,0.778,0.147,,19.0,7.0,1.6,0
4.52,0.52,1.03,0.503,0.241,16.09,4.0,12.0,3.2,0
3.94,3.79,1.37,0.986,0.48,3.22,59.0,12.0,9.7,1
0.33,2.82,1.52,0.537,0.246,43.53,40.0,14.0,5.7,0
3.94,0.41,2.15,0.113,0.477,38.26,16.0,3.0,3.5,1
4.5,2.31,0.86,0.1,0.208,22.73,25.0,2.0,9.3,0
0.84,0.16,2.31,0.524,0.032,21.47,35.0,13.0,3.7,1
0.31,1.62,0.01,0.584,0.105,35.57,38.0,3.0,7.3,0
,3.23,2.22,0.155,0.194,5.68,14.0,14.0,3.3,1
3.0,2.13,0.5,0.153,0.489,57.22,52.0,2.0,3.0,1
4.95,0.38,0.56,0.915,0.405,15.99,54.0,8.0,4.7,1
3.53,3.39,1.62,0.845,0.035,20.1,6.0,0.0,5.6,1
2.56,0.3,0.92,0.01,0.087,21.62,13.0,4.0,4.3,0
1.23,1.95,0.42,0.747,0.293,49.8,21.0,,8.3,0
3.5,2.06,0.54,0.527,0.481,4.44,9.0,1.0,6.9,0
0.38,3.09,2.73,0.645,0.205,28.61,3.0,4.0,9.6,0
2.08,3.94,2.12,0.04,0.416,48.4,21.0,11.0,3.8,1
1.73,1.6,0.46,0.437,0.163,51.28,5.0,14.0,5.4,0
3.01,2.56,2.42,0.473,0.097,36.81,4.0,6.0,8.7,0
1.11,2.08,2.87,0.128,0.159,22.3,5.0,11.0,2.7,1
0.81,0.32,0.31,0.929,0.31,39.52,3.0,2.0,7.5,0
0.75,3.19,2.13,0.012,0.296,16.58,47.0,2.0,5.9,0
1.55,2.09,0.81,0.094,0.223,9.42,54.0,13.0,5.9,1
4.32,2.43,1.61,0.569,0.344,14.5,,3.0,2.6,1
1.99,,0.69,0.004,0.119,43.33,20.0,10.0,2.7,0
4.46,3.66,0.43,0.994,0.04,49.82,10.0,3.0,9.3,1
3.74,2.75,1.65,0.03,0.308,17.65,45.0,6.0,0.4,1
3.58,1.43,2.49,0.631,0.07,51.22,37.0,1.0,5.4,0
3.84,1.99,2.9,0.362,0.256,39.17,4.0,7.0,6.9,1
2.52,1.22,2.43,0.113,0.17,21.71,35.0,13.0,1.8,1
1.35,2.56,0.78,0.863,0.016,58.68,18.0,9.0,5.3,0
0.89,3.24,1.91,0.546,0.231,9.66,15.0,13.0,9.0,0
2.48,1.37,0.41,0.671,0.438,48.49,2.0,6.0,8.1,0
1.88,3.27,1.24,0.786,,39.62_err,47.0,5.0,8.8,1
3.29,3.71,0.45,0.552,0.363,58.09,36.0,14.0,4.2,1
1.75,1.58,2.31,0.252,0.24,50.32,23.0,14.0,6.2,0
0.29,0.92,0.45,0.312,0.173,27.88,6.0,4.0,,0
1.9,3.77,2.23,0.826,0.015,50.02,9.0,6.0,8.6,0
4.42,0.22,0.31,0.786,0.361,1.04,45.0,8.0,1.5,1
3.53,1.93,1.63,0.014,0.456,3.95,25.0,1.0,1.2,0
1.93,3.12,0.62,0.579,0.292,30.25,41.0,11.0,8.1,1
1.05,0.18,0.45,0.753,0.499,40.16,36.0,14.0,3.6,1
2.83,2.56,1.31,0.101,0.326,4.22,54.0,12.0,,0
4.68,3.36,2.89,0.613,0.08,46.62,17.0,10.0,9.7,1
2.9,1.19,0.26,0.466,0.252,44.45,26.0,5.0,3.4,0
4.45,1.24,1.33,0.218,0.282,7.74,10.0,13.0,9.5,0
3.53,0.14,0.28,0.638,0.388,28.55,6.0,14.0,2.6,1
0.6,2.2,0.73,0.3,0.333,24.83,24.0,1.0,7.7,0
3.51,0.25,0.82,0.2,0.026,,43.0,2.0,5.6,0
3.03,0.01,1.52,0.449,0.105,5.95,48.0,8.0,7.7,0
1.8,0.51,2.35,0.602,0.029,15.21,36.0,5.0,2.4,0
4.77,1.74,1.0,0.432,0.223,59.89,40.0,12.0,7.8,1
1.65,2.99,2.34,0.91,0.205,37.52,16.0,5.0,7.2,0
0.42,2.7,0.05,0.9,0.241,39.39,41.0,10.0,1.0,1
1.24,1.25,0.17,0.369,,35.97,45.0,11.0,6.2,1
2.18,1.28,0.51,0.211,0.012,44.35,12.0,10.0,3.9,0
4.45,2.63,1.34,0.9,0.482,47.08,9.0,5.0,8.7,1
0.14,2.83,1.1,0.417,0.453,1.67,49.0,1.0,3.3,1
3.99,2.89,2.17,0.311,0.157,25.81,2.0,5.0,7.1,1
1.38,0.63,2.98,0.958,0.454,58.25,22.0,4.0,,1
3.01,0.26,2.39,0.493,0.219,39.61,17.0,6.0,6.2,0
1.89,2.02,2.45,0.874,0.393,53.55,59.0,2.0,1.4,1
1.32,1.59,2.96,0.009,0.001,23.37,7.0,4.0,2.4,0
2.54,3.72,1.39,0.055,0.452,7.62,20.0,13.0,6.5,0
1.87,0.02,2.9,0.479,0.312,11.07,36.0,0.0,0.4,0
1.97,3.24,1.75,0.652,0.072,21.06,54.0,9.0,9.0,0
0.81,3.97,2.03,0.479,0.458,57.07,17.0,2.0,7.2,0
0.71,3.4,0.09,0.474,0.021,58.18,34.0,1.0,0.8,0
1.31,3.26,1.4,0.33,,51.84,10.0,4.0,5.8,0
2.94,,2.92,0.456,0.468,34.04,10.0,11.0,10.0,0
1.17,3.46,2.8,,0.276,34.14,45.0,8.0,0.9,1
3.87,2.34,1.16,0.761,0.05,50.26,49.0,7.0,0.2,1
4.07,2.62,1.71,0.229,0.055,4.35,45.0,,3.6,0
0.81,1.59,2.55,0.719,0.37,25.86,16.0,1.0,4.7,0
4.88,3.78,0.94,0.684,0.293,37.96,39.0,13.0,5.6,1
1.33,2.09,0.65,0.134,0.273,6.65,17.0,10.0,4.5,0
0.36,2.47,0.44,0.864,0.334,,21.0,3.0,6.5,0
2.19,0.84,0.38,0.06,0.348,14.69,43.0,7.0,7.8,0
0.91,2.23,2.68,0.005,0.143,35.5,21.0,14.0,0.6,0
3.92,0.88,1.74,0.805,0.498,50.42,30.0,1.0,4.2,1
0.57,0.46,1.61,0.648,0.032,36.48,44.0,11.0,1.5,0
2.42,2.06,0.52,0.19,0.391,40.18,1.0,2.0,6.5,0
0.42,3.38,1.19,0.724,0.131,19.89,42.0,8.0,6.7,0
4.49,3.51,2.97,0.879,0.444,24.94,11.0,11.0,8.2,1
1.54,3.75,1.45,0.176,0.061,47.38,55.0,12.0,8.5,0
3.08,3.75,0.16,0.335,0.495,47.06,31.0,2.0,10.0,0
3.65,3.87,1.19,0.822,0.236,59.4,27.0,14.0,0.7,1
0.16,2.89,0.16,0.762,0.19,,18.0,13.0,8.5,0
1.91,0.45,1.95,0.606,0.056,42.94,45.0,2.0,9.3,0
1.42,2.47,1.26,0.39,0.172,58.35,1.0,1.0,9.4,0
2.73,2.44,0.46,0.416,0.122,54.82,42.0,9.0,0.4,1
3.85,0.43,2.54,0.432,0.471,22.54,32.0,12.0,6.6,1
0.65,2.81,1.77,0.924,0.332,28.95,43.0,2.0,8.6,0
2.38,1.66,1.46,0.522,0.176,29.12,7.0,9.0,1.9,0
0.65,0.28,2.38,0.511,0.046,37.59,9.0,,5.8,0
3.95,3.74,1.72,0.366,0.249,24.01,45.0,8.0,4.6,1
3.93,0.77,0.2,0.639,0.379,8.86,47.0,2.0,1.8,0
1.65,0.5,0.77,0.554,0.415,50.65,26.0,12.0,3.9,1
1.64,0.81,1.72,0.654,0.27,34.57,33.0,14.0,3.0,0
3.0,3.06,0.32,0.941,,57.43,13.0,11.0,8.5,1
4.99,3.08,0.75,0.805,0.226,16.81,7.0,2.0,7.3,0
4.9,0.34,1.82,0.063,0.041,35.46,36.0,8.0,0.1,0
1.58,2.05,2.78,0.983,0.145,6.44,,1.0,5.6,0
4.15,2.76,2.2,0.244,0.329,13.6,24.0,6.0,0.3,1
1.58,2.73,1.52,0.643,0.313,43.66,14.0,4.0,9.2,0
2.56,2.68,0.64,0.621,0.166,36.21,9.0,8.0,0.4,1
0.16,1.7,0.58,0.045,0.444,58.95,21.0,9.0,1.8,0
4.7,1.64,2.33,0.987,0.131,21.66,5.0,8.0,2.0,1
3.67,3.68,2.78,0.431,0.14,32.06,46.0,13.0,8.0,1
4.33,3.81,0.36,0.811,0.257,59.97,7.0,2.0,4.7,1
2.79,0.71,2.03,,0.218,3.39,3.0,9.0,1.7,0
0.33,3.98,2.18,0.374,0.242,36.73,44.0,9.0,1.4,1
2.2,0.55,1.53,0.666,0.323,58.61,24.0,11.0,3.8,1
1.84,3.15,0.99,0.341,0.476,17.65,25.0,8.0,5.7,1
2.58,0.42,2.13,0.43,0.313,1.16,58.0,14.0,8.0,1
1.05,2.5,1.37,0.475,0.142,15.19,17.0,4.0,7.8,0
2.26,2.22,1.38,0.431,0.494,29.65,11.0,1.0,0.4,1
0.15,3.99,0.31,0.309,0.431,8.89,40.0,9.0,6.5,1
0.75,2.07,1.89,0.794,0.181,33.76,26.0,14.0,0.2,1
4.36,2.53,0.27,0.802,0.225,45.11,59.0,0.0,5.7,1
1.89,2.88,0.84,0.777,,10.0,2.0,11.0,1.8,1
2.15,2.9,0.54,0.02,0.241,23.94,50.0,10.0,8.6,0
1.79,2.55,2.84,0.518,0.202,28.2,30.0,4.0,3.8,0
3.1,3.14,0.24,0.808,0.425,39.05,48.0,6.0,8.4,1
0.02,2.93,1.39,0.007,0.148,39.76,30.0,9.0,9.1,0
4.74,1.47,1.84,0.238,0.34,32.91,51.0,7.0,4.0,1
2.77,0.49,1.4,0.529,0.105,3.43,11.0,1.0,5.9,0
1.9,3.61,1.99,,0.179,30.99,46.0,3.0,9.3,0
4.32,0.04,0.09,0.788,0.217,2.93,49.0,4.0,2.5,0
2.48,0.81,2.78,0.555,0.493,50.93,3.0,8.0,0.9,1
0.46,2.2,1.06,0.698,0.344,44.5,54.0,1.0,5.2,1
4.56,3.15,1.3,0.03,0.197,27.74,38.0,0.0,5.5,0
1.93,0.85,1.61,0.137,0.334,34.07,29.0,3.0,4.3,0
2.86,2.54,1.93,0.508,0.026,24.66,4.0,6.0,9.7,1
4.72,1.51,0.38,0.824,0.093,45.73,32.0,7.0,4.2,1
1.48,0.01,1.1,0.069,0.401,57.42,51.0,9.0,5.6,0
0.89,2.86,1.79,0.019,0.483,45.06,16.0,2.0,0.6,1
,2.5,1.58,0.648,0.314,27.42,22.0,6.0,0.4,1
2.61,0.22,0.15,0.456,0.106,8.59,55.0,1.0,5.8,0
3.48,3.48,2.25,0.296,0.467,17.59,57.0,7.0,9.2,0
0.55,0.68,1.16,0.147,0.057,34.56,18.0,5.0,8.2,0
3.48,,0.06,0.294,0.33,3.03,11.0,5.0,5.6,0
2.87,1.61,2.39,0.264,0.216,37.77,35.0,10.0,5.0,0
1.64,0.87,0.02,0.053,0.485,19.11,20.0,7.0,7.6,0
4.25,2.34,0.61,0.601,0.181,12.7,8.0,8.0,0.0,1
2.3,1.8,2.17,0.855,0.233,34.14,42.0,7.0,4.0,1
2.04,3.6,1.78,0.727,0.429,29.95,15.0,6.0,1.0,1
0.92,,1.67,0.617,0.157,25.25,50.0,8.0,4.9,0
1.27,3.28,1.52,0.3,0.202,17.95,52.0,2.0,7.7,0
1.37,0.17,2.87,0.527,0.269,22.18,18.0,0.0,4.8,0
2.03,1.9,0.18,0.274,0.284,14.89,53.0,12.0,3.0,0
2.5,1.3,1.39,0.151,0.057,57.74,9.0,13.0,4.7,0
4.95,0.64,2.91,0.094,0.159,44.19,6.0,13.0,3.5,1
2.73,3.9,0.79,0.084,0.103,17.82,15.0,9.0,1.6,1
2.34,2.76,0.1,0.464,0.486,35.31,21.0,3.0,,1
3.2,1.24,1.43,0.721,0.138,16.18,13.0,4.0,2.0,1
3.78,1.73,2.31,0.469,0.007,4.42,59.0,4.0,8.3,0
4.9,2.06,0.6,0.592,0.052,20.24,6.0,13.0,6.5,0
4.99,0.06,0.74,0.566,0.259,8.94,59.0,11.0,8.2,0
4.3,3.1,0.48,0.306,0.323,45.28,3.0,6.0,1.4,1
0.21,3.23,1.08,0.921,0.039,56.39,48.0,0.0,3.9,0
,2.9,2.65,0.736,0.019,17.74,5.0,0.0,1.3,1
1.62,1.51,0.61,0.722,0.19,55.57,31.0,3.0,0.0,1
4.34,0.4,0.79,0.507,0.219,47.2,38.0,5.0,7.6,0
3.81,0.02,2.65,0.19,0.139,44.54,18.0,12.0,9.8,0
3.15,1.75,2.79,0.43,0.141,4.55,45.0,1.0,6.4,0
0.96,3.8,0.16,0.224,0.321,20.6,30.0,5.0,1.1,0
4.86,1.86,1.62,0.189,0.268,36.83,30.0,4.0,9.2,0
4.49,3.59,0.89,0.101,0.086,53.4,,14.0,6.6,1
4.57,2.38,0.51,0.268,0.19,19.72,48.0,1.0,8.6,0
2.54,2.49,1.55,0.674,0.068,30.91,8.0,1.0,6.7,0
1.84,,2.34,0.774,0.045,38.55,43.0,7.0,4.9,1
3.19,1.15,0.51,0.935,0.352,10.63,16.0,8.0,0.8,1
3.28,2.12,0.97,0.495,0.44,28.19,12.0,9.0,0.8,1
4.64,0.36,1.71,0.656,0.189,38.19,24.0,2.0,9.7,0
2.86,3.82,2.68,0.945,0.051,8.23,17.0,2.0,1.1,1
,3.98,2.67,0.672,0.098,12.96,9.0,12.0,7.2,1
1.58,2.28,1.98,0.711,0.428,6.41,35.0,12.0,2.6,1
0.21,3.69,2.21,0.781,0.084,37.17,28.0,2.0,9.7,0
2.18,3.34,0.33,0.244,0.093,51.31,19.0,4.0,5.1,0
1.0,,2.03,0.773,0.094,25.46,43.0,,3.1,1
3.89,2.48,1.01,0.892,0.354,34.8,23.0,13.0,3.1,1
4.02,2.92,2.14,0.066,0.033,56.61,16.0,10.0,4.3,1
3.92,1.33,0.38,0.908,0.445,57.65,28.0,7.0,0.1,1
2.31,1.24,1.75,0.302,0.329,35.27,12.0,6.0,3.5,0
4.46,3.31,1.08,,0.202,37.04,21.0,6.0,1.9,1
2.23,0.75,1.28,0.05,0.003,32.15,57.0,11.0,9.8,0
3.0,0.95,0.33,0.924,0.163,20.73,59.0,6.0,3.3,1
1.07,2.37,2.07,0.318,0.167,12.3,31.0,8.0,1.7,0
0.12,1.59,2.24,0.773,0.135,25.88,31.0,,9.7,0
3.02,0.52,0.4,0.088,0.143,57.86,26.0,10.0,1.1,0
3.27,3.94,1.51,0.809,0.115,29.87,45.0,4.0,7.0,1
4.65,1.89,2.36,0.351,0.324,22.74,44.0,7.0,1.0,1
4.22,4.0,0.67,0.891,0.332,39.65,,,0.1,1
3.88,1.81,0.28,0.515,0.463,36.33,47.0,4.0,7.8,1
3.5,3.14,2.73,0.908,0.282,28.09,58.0,12.0,0.4,1
2.16,2.82,2.29,0.518,0.205,36.62,13.0,11.0,4.2,0
2.44,1.3,0.91,0.87,0.328,40.84,19.0,1.0,7.2,0
3.9,0.33,2.2,0.509,0.124,46.95,46.0,0.0,6.8,1
0.79,0.61,0.09,0.435,0.44,21.03,18.0,3.0,0.3,0
3.59,0.15,2.42,0.759,0.308,5.23,57.0,7.0,0.3,1
3.12,2.63,1.17,0.359,0.242,56.85,36.0,12.0,3.6,1
1.12,0.26,0.79,0.741,0.096,18.53,41.0,7.0,8.7,0
2.23,1.18,0.63,0.444,0.006,33.55,36.0,6.0,9.0,0
3.91,0.46,1.24,0.187,0.091,35.66,27.0,13.0,4.9,0
0.58,2.33,1.96,0.976,0.388,6.44,4.0,5.0,1.6,1
3.12,2.81,2.38,0.273,0.216,43.68,30.0,2.0,7.4,1
2.1,1.78,0.06,0.36,0.402,10.82,55.0,12.0,3.2,1
1.25,3.83,2.82,0.527,0.12,,23.0,7.0,9.8,0
4.46,1.08,2.51,0.801,0.072,11.37,4.0,2.0,7.8,0
2.39,3.97,2.88,0.457,0.104,19.25,19.0,0.0,1.0,1
4.94,2.34,0.77,0.241,0.369,20.56,10.0,9.0,7.9,0
3.18,3.44,0.48,0.685,0.313,52.56,19.0,12.0,8.4,1
1.65,0.48,2.62,0.778,0.427,11.27,34.0,7.0,3.9,0
1.5,,0.06,0.806,0.284,38.93,41.0,1.0,1.3,1
3.47,3.02,1.25,0.537,0.312,25.62,51.0,5.0,5.2,1
1.74,2.38,1.29,0.688,0.182,16.56,29.0,8.0,7.6,0
2.89,0.02,0.68,0.345,0.347,4.0,57.0,11.0,10.0,0
2.83,0.02,0.7,0.145,0.183,45.95,52.0,12.0,9.1,0
0.08,0.68,2.0,0.152,0.247,11.37,49.0,5.0,9.2,0
3.46,1.63,0.96,0.043,0.034,58.88,37.0,3.0,7.5,0
2.84,1.18,0.31,0.234,0.162,27.55,52.0,7.0,7.8,0
4.05,3.4,1.01,0.659,0.064,10.28,2.0,0.0,3.6,0
4.7,3.01,1.5,0.909,0.235,4.77,27.0,3.0,1.3,1
2.44,3.57,0.12,0.793,0.031,34.38,9.0,5.0,10.0,0
3.88,1.5,2.97,0.766,0.178,22.88,5.0,3.0,0.2,1
2.34,3.15,2.12,0.909,0.243,33.96,29.0,10.0,5.2,1
1.46,3.37,0.34,0.228,0.276,49.9,29.0,2.0,6.6,0
4.5,3.99,0.13,0.059,0.121,,43.0,14.0,5.0,1
3.08,3.11,2.97,0.42,0.024,49.8,41.0,5.0,5.1,1
0.3,3.43,1.88,0.377,0.002,11.79,55.0,14.0,4.7,0
4.67,1.22,1.8,0.597,0.101,33.91,20.0,10.0,5.9,1
2.09,2.68,0.67,0.483,0.243,54.11,44.0,7.0,4.7,0
3.34,2.65,2.62,0.748,0.179,1.78,13.0,14.0,5.7,1
4.8,2.33,0.21,0.796,0.314,24.35,32.0,14.0,0.8,1
2.67,3.85,2.3,0.577,0.156,,28.0,12.0,3.9,1
2.99,1.67,0.4,0.208,0.277,48.48,38.0,5.0,9.5,0
0.94,3.47,2.41,0.878,0.431,9.7,25.0,0.0,5.4,1
3.89,0.22,0.64,0.264,0.257,50.94,43.0,2.0,9.7,0
2.61,1.64,2.92,0.765,0.278,47.27,11.0,7.0,3.5,1
2.43,0.29,0.61,0.508,0.32,45.31,19.0,13.0,0.7,1
0.89,2.38,1.8,0.557,0.143,36.03,52.0,0.0,0.2,0
2.21,2.37,2.6,0.161,0.368,43.25,23.0,7.0,9.0,0
4.74,1.39,1.3,0.571,,36.89,47.0,6.0,2.9,1
,3.62,1.41,0.835,0.081,11.01,17.0,14.0,2.6,1
1.11,0.65,2.84,0.437,0.284,19.74,59.0,5.0,9.0,0
,1.86,0.22,0.324,0.221,20.35,5.0,0.0,1.7,0
2.54,2.36,1.54,0.269,0.056,25.92,55.0,8.0,4.4,0
2.4,0.79,1.2,0.472,0.468,36.3,30.0,8.0,9.5,0
0.82,3.28,1.49,0.246,0.155,9.7,37.0,10.0,6.4,0
4.54,1.82,0.88,0.439,0.232,57.21,38.0,3.0,9.6,1
3.04,2.09,0.21,0.497,0.183,5.98,45.0,0.0,2.4,0
3.11,1.63,0.75,0.171,0.369,31.4,55.0,4.0,2.9,1
0.59,2.42,0.06,0.856,0.314,3.28,28.0,4.0,6.8,0
2.28,3.26,0.37,0.721,,17.58,37.0,4.0,9.9,0
2.92,1.34,0.73,0.817,0.025,33.25,28.0,9.0,6.8,0
4.62,1.22,0.89,0.863,0.488,39.02,43.0,3.0,7.2,1
2.9,3.65,1.13,0.51,0.141,27.29,25.0,0.0,1.8,0
4.79,4.0,2.7,0.884,,38.35,10.0,0.0,8.2,1
3.46,0.91,1.7,0.595,0.113,32.55,19.0,2.0,7.2,0
0.78,,2.68,0.96,0.355,14.05,2.0,6.0,4.7,0
0.33,0.59,0.19,0.43,0.485,20.74,4.0,6.0,5.7,0
2.74,1.17,1.0,0.778,0.142,1.65,19.0,5.0,,0
4.72,1.99,1.16,0.35,0.131,2.0,47.0,11.0,0.8,1
1.6,0.02,0.18,0.128,0.473,24.33,18.0,3.0,9.7,0
4.42,0.96,2.77,0.863,0.308,27.69,12.0,4.0,6.1,1
0.73,3.43,0.86,0.699,0.274,50.28,,7.0,5.6,0
3.71,0.5,2.35,0.583,0.141,2.77,21.0,0.0,5.4,0
2.08,3.35,1.4,0.951,0.267,9.78,13.0,11.0,9.8,1
0.06,2.24,1.35,0.789,0.004,,56.0,3.0,9.1,0
1.45,1.06,2.54,0.072,0.279,12.44,30.0,12.0,2.5,0
2.0,1.82,1.0,0.043,0.239,49.23,50.0,5.0,0.3,1
2.19,0.68,0.12,0.577,0.3,42.9,56.0,7.0,7.6,0
0.86,2.38,1.55,0.456,0.371,57.57,8.0,6.0,2.3,1
3.08,0.33,0.71,0.051,0.088,13.05_err,39.0,13.0,1.4,0
4.23,2.44,1.03,0.098,0.089,21.56,43.0,13.0,10.0,0
3.44,1.9,1.08,0.342,0.223,20.61,17.0,,4.0,0
4.0,0.0,2.67,0.428,0.368,27.28,18.0,5.0,7.4,0
1.74,3.72,2.61,0.722,0.082,7.69,42.0,14.0,3.2,1
4.22,0.12,2.8,0.768,0.21,44.98,40.0,12.0,0.3,1
0.03,3.41,1.73,0.533,0.28,3.42,15.0,12.0,2.3,1
,1.02,1.78,0.146,0.271,40.55,20.0,12.0,0.7,1
0.14,3.93,1.47,0.356,0.437,31.51,47.0,12.0,1.2,1
3.23,4.0,2.2,0.808,0.176,,49.0,0.0,8.0,1
1.03,0.93,2.77,0.913,0.087,18.74,50.0,10.0,9.3,0
2.47,1.01,0.08,0.304,0.11,22.98,32.0,5.0,9.6,0
2.02,3.39,0.82,0.056,0.418,17.43,31.0,4.0,4.0,0
4.79,0.56,0.15,0.277,0.249,15.39,26.0,0.0,2.8,1
1.62,0.01,1.02,0.821,0.206,31.83,,0.0,7.9,0
3.32,2.52,2.54,0.398,0.347,22.38,12.0,3.0,4.7,1
2.59,1.09,1.45,0.133,0.23,38.31,54.0,11.0,8.2,0
1.89,1.48,2.67,,0.499,51.25,42.0,5.0,8.4,1
3.26,1.79,2.58,0.832,0.213,25.88,28.0,10.0,9.6,1
0.7,1.06,0.42,0.633,0.186,18.13,23.0,5.0,3.4,0
3.66,0.47,0.85,0.781,0.446,29.19,42.0,9.0,2.8,1
2.93,2.83,1.67,0.846,0.061,44.34,47.0,8.0,5.4,1
3.85,1.97,1.1,0.274,0.038,39.56,4.0,10.0,4.9,0
3.77,3.07,1.86,0.692,0.235,7.81,4.0,3.0,9.5,0
2.38,3.63,1.79,0.818,0.495,13.18,30.0,7.0,3.3,1
2.09,0.9,0.1,0.012,0.179,20.85,40.0,5.0,7.3,0
4.28,3.58,1.19,0.813,0.347,36.36,50.0,10.0,,1
4.56,3.83,1.35,0.706,0.244,42.17,9.0,8.0,0.2,1
2.1,,2.67,0.554,0.357,43.53,26.0,13.0,0.7,1
4.65,3.42,2.13,0.004,0.171,58.9,33.0,6.0,1.5,1
4.61,1.09,0.7,0.092,0.451,5.28,,10.0,4.1,1
0.65,3.35,1.76,0.354,0.048,22.26,45.0,3.0,6.9,0
2.32,3.63,1.25,0.182,0.403,16.75,3.0,13.0,3.8,1
4.03,3.87,2.7,0.178,,2.47,36.0,11.0,8.1,1
0.75,2.29,0.11,0.302,0.495,59.84,14.0,6.0,9.4,0
1.2,2.19,2.99,0.008,0.097,27.65,2.0,12.0,9.3,0
2.77,0.41,0.4,0.115,0.191,26.34,4.0,7.0,0.3,0
0.61,2.16,1.89,0.425,0.199,32.4,57.0,2.0,0.2,0
1.68,3.36,0.89,0.669,0.487,43.9,37.0,1.0,7.6,1
2.57,0.04,1.53,0.466,0.011,55.04,23.0,9.0,6.2,0
3.96,3.63,0.91,0.981,0.131,40.51,11.0,7.0,3.1,1
0.79,2.3,1.31,0.032,0.29,51.15,35.0,3.0,9.1,0
3.61,2.57,0.69,0.689,0.282,2.89,34.0,14.0,0.5,1
4.74,2.92,0.25,0.646,0.095,12.91,21.0,10.0,2.5,1
1.04,3.71,1.87,0.684,0.223,29.57,59.0,13.0,2.7,1
1.14,2.78,2.63,0.417,0.011,50.84,54.0,0.0,1.0,1
3.92,1.76,1.68,0.38,0.396,30.72,35.0,9.0,5.6,1
0.67,3.43,1.39,0.868,0.066,25.62,,1.0,1.5,1
2.35,3.8,0.08,0.158,0.083,25.92,9.0,12.0,6.6,0
2.07,2.48,1.47,0.305,0.216,1.31,14.0,9.0,6.8,0
2.56,3.06,2.21,0.15,0.417,13.79,30.0,6.0,6.5,1
2.6,2.21,0.47,0.128,0.206,1.37,2.0,13.0,7.4,0
2.79,0.44,2.29,0.4,0.243,50.23,17.0,4.0,9.9,0
4.09,2.44,1.45,0.919,0.02,46.86,15.0,6.0,8.1,1
2.14,2.28,2.29,0.909,0.219,3.76,11.0,2.0,4.6,0
1.08,2.0,0.45,0.663,0.46,2.91,49.0,14.0,2.9,1
3.93,2.26,0.61,0.499,0.028,36.04,29.0,3.0,2.2,0
4.9,1.36,1.34,0.579,0.169,44.01,11.0,11.0,8.4,1
0.63,3.21,1.43,0.646,0.283,5.15,54.0,10.0,7.8,0
1.3,0.97,2.98,0.499,0.395,3.35,57.0,14.0,1.1,1
4.89,1.73,2.96,0.529,0.408,8.18,20.0,11.0,9.4,1
1.11,2.85,1.37,0.805,0.023,51.63,3.0,13.0,5.3,1
2.11,2.25,0.72,0.84,0.453,23.61,7.0,11.0,1.2,1
0.42,0.52,2.08,0.522,0.243,17.21,1.0,2.0,9.7,0
1.53,1.98,0.58,0.578,0.012,12.84,13.0,7.0,4.2,0
1.3,2.99,0.83,0.174,0.252,40.24,51.0,0.0,4.7,0
4.79,0.28,1.62,0.374,0.437,53.33,41.0,9.0,6.9,1
0.7,3.41,2.84,0.543,0.101,49.73,47.0,4.0,3.5,1
1.55,2.04,0.09,0.439,0.439,5.46,59.0,3.0,0.4,0
0.4,2.11,2.02,0.768,0.281,13.42,19.0,7.0,6.7,0
3.36,2.26,2.6,0.217,0.09,42.13,30.0,10.0,3.6,0
4.93,0.97,2.2,0.229,0.251,48.35,16.0,8.0,6.3,1
0.77,1.52,1.45,0.926,0.195,15.83,18.0,0.0,7.7,0
3.14,2.68,2.57,0.114,0.357,21.94,31.0,9.0,0.3,1
0.77,1.58,2.35,0.238,0.293,58.2,35.0,14.0,6.5,0
1.13,3.75,2.2,0.74,0.299,35.44,28.0,2.0,8.3,0
2.71,3.63,0.32,0.525,0.274,53.9,53.0,13.0,0.1,1
4.75,0.7,2.11,0.121,0.368,24.36,58.0,11.0,3.2,1
2.38,0.79,0.47,0.645,0.111,14.09,41.0,12.0,6.9,0
2.25,1.64,2.69,0.221,0.308,52.93,56.0,6.0,8.4,0
0.68,,1.94,0.191,0.124,2.03,25.0,13.0,6.9,0
2.82,3.53,2.63,0.284,0.034,48.89,12.0,6.0,8.3,0
2.31,0.5,0.51,0.376,0.368,39.12,48.0,2.0,8.5,0
1.67,3.18,1.74,0.903,0.124,23.69,44.0,5.0,7.9,1
3.65,0.49,0.04,0.508,0.036,27.67,24.0,5.0,3.2,0
1.49,2.22,0.28,0.171,0.098,44.27,32.0,14.0,2.4,1
4.51,2.32,1.04,0.969,0.496,40.08,23.0,4.0,4.8,1
4.36,3.86,0.85,0.383,0.418,29.66,26.0,2.0,5.7,1
2.43,3.01,2.4,0.94,0.283,36.52,41.0,7.0,0.3,1
4.54,2.89,1.63,0.369,0.17,3.11,5.0,9.0,9.1,1
4.81,0.1,2.71,0.086,0.171,,13.0,9.0,3.7,0
0.18,3.02,2.86,0.636,0.179,5.96,2.0,11.0,1.6,0
4.26,2.71,2.61,0.938,0.492,44.25,57.0,12.0,2.1,1
2.01,2.72,0.85,,0.378,20.68,52.0,14.0,3.1,1
4.98,0.2,1.83,0.041,0.176,3.1,27.0,7.0,3.6,0
1.71,1.57,2.29,0.256,0.009,,57.0,11.0,9.1,1
4.17,0.46,1.59,0.572,0.132,42.08,48.0,2.0,3.5,1
1.1,3.65,1.0,0.006,0.104,19.14,24.0,0.0,2.3,0
4.65,1.47,0.55,0.536,0.105,2.75,4.0,2.0,3.9,1
3.71,3.5,2.89,0.801,0.475,33.28,54.0,11.0,1.8,1
1.42,1.27,0.62,0.988,0.121,36.8,20.0,9.0,4.9,0
3.44,2.68,2.43,0.535,0.081,55.88,9.0,3.0,9.3,1
2.18,0.04,0.4,0.68,0.416,58.25,39.0,1.0,7.5,0
,2.79,2.96,0.154,0.41,8.92,25.0,10.0,8.9,1
0.03,2.79,1.01,0.118,0.216,33.47,58.0,8.0,9.8,0
2.62,0.55,2.34,0.643,0.314,25.3_err,50.0,11.0,3.8,1
3.41,1.79,0.46,0.16,0.491,50.74,59.0,3.0,1.8,1
1.98,2.73,2.15,0.763,0.475,50.61,42.0,14.0,6.5,1
2.37,,2.07,0.693,0.136,35.49,37.0,6.0,6.7,1
1.2,3.7,1.14,0.372,0.2,9.26,3.0,6.0,6.4,1
2.09,0.84,0.12,0.668,,25.34,57.0,11.0,7.7,0
4.61,3.86,1.24,0.371,0.098,5.32,21.0,10.0,,1
1.92,1.97,1.68,0.619,0.11,2.43,9.0,6.0,0.1,0
4.94,4.0,0.17,0.66,0.309,50.65,43.0,14.0,5.0,1
2.33,1.71,0.81,0.711,0.272,54.43,43.0,6.0,1.5,1
3.1,3.47,2.94,0.526,0.41,45.75,23.0,5.0,0.3,1
0.02,3.34,2.76,0.37,0.19,38.1,22.0,13.0,4.6,0
0.93,2.16,2.45,,0.347,10.8,17.0,5.0,6.8,0
1.78,3.05,0.45,0.481,0.498,28.05,13.0,11.0,5.4,1
1.64,2.97,1.22,0.06,0.223,21.73,9.0,9.0,0.3,1
3.6,0.53,0.62,0.49,0.295,28.22,20.0,2.0,1.9,0
2.74,2.94,0.65,0.367,0.341,30.04,23.0,7.0,4.3,1
1.08,2.91,2.64,0.057,0.313,,19.0,7.0,8.2,0
3.03,1.72,1.24,0.108,0.108,31.6,50.0,6.0,3.0,0
0.66,0.61,2.55,0.571,0.291,52.0,18.0,9.0,8.6,0
4.34,1.8,1.1,0.817,0.015,52.68,54.0,0.0,8.4,0
3.75,2.99,0.16,0.476,0.421,18.06,54.0,14.0,6.2,1
1.73,3.52,0.4,0.048,0.222,47.29,17.0,8.0,8.5,0
0.24,1.48,0.13,0.842,0.239,25.82,16.0,10.0,6.6,0
3.91,1.35,0.84,0.665,0.042,56.55,13.0,1.0,,1
1.22,0.79,1.56,0.916,0.078,2.6,21.0,8.0,0.1,0
1.29,1.47,0.66,0.99,0.188,44.68,36.0,8.0,6.0,1
2.16,0.96,1.73,0.846,0.438,51.49,36.0,11.0,2.1,1
3.04,1.35,0.88,0.91,0.07,34.2,40.0,0.0,6.1,0
0.17,2.16,1.46,0.768,0.176,26.06,54.0,11.0,2.2,1
4.13,2.27,0.94,0.917,0.433,14.42,16.0,4.0,1.3,1
0.17,2.97,1.8,0.471,0.38,2.93,46.0,3.0,4.2,0
0.87,3.93,1.91,0.926,0.178,53.89,4.0,12.0,7.5,1
1.13,0.36,2.58,0.212,0.049,6.65,5.0,6.0,2.4,0
4.25,0.94,2.48,0.118,0.279,55.04,54.0,5.0,8.4,0
3.73,1.64,1.65,0.472,,35.33,58.0,11.0,8.9,0
3.05,3.87,1.19,0.258,0.297,31.33,19.0,13.0,2.6,1
1.78,1.13,0.63,0.655,0.007,45.45,29.0,8.0,2.6,0
2.76,3.51,1.85,0.816,0.142,29.88,34.0,10.0,3.6,1
0.25,1.62,1.64,0.217,0.098,23.35,5.0,0.0,7.1,0
4.33,3.83,0.11,0.07,0.362,59.78,14.0,3.0,1.2,0
,0.15,0.11,0.608,0.371,48.77,57.0,13.0,7.9,1
3.33,0.97,0.45,0.659,,41.21,15.0,3.0,5.2,1
,0.16,2.15,0.58,0.487,59.31,57.0,1.0,6.0,1
2.67,3.01,2.58,0.691,0.306,4.73,48.0,12.0,8.1,1
0.37,2.61,0.08,0.058,0.422,40.56,10.0,7.0,1.0,0
1.14,0.93,2.45,0.685,0.299,12.55,31.0,4.0,8.7,0
0.8,0.22,1.4,0.509,,41.51,27.0,1.0,9.4,0
4.71,3.17,1.2,0.287,0.395,10.5,41.0,10.0,6.9,1
0.64,3.04,1.63,0.441,0.219,41.8,,12.0,7.7,1
0.11,3.68,2.81,0.187,0.474,10.1,21.0,13.0,1.3,1
1.51,0.67,1.71,0.024,0.01,52.7,17.0,8.0,5.2,0
0.61,2.3,0.31,0.197,0.316,55.39,39.0,6.0,2.5,0
3.1,3.67,1.42,0.508,0.479,27.62,28.0,2.0,7.9,0
1.12,0.82,2.93,0.441,0.167,10.04,20.0,4.0,7.9,0
4.21,2.43,0.49,0.958,0.067,30.92,33.0,9.0,3.8,1
0.72,2.43,1.39,0.901,0.143,6.98,53.0,,7.1,1
0.76,0.17,2.09,0.246,0.041,29.22,13.0,12.0,5.2,0
3.04,3.13,1.09,0.42,0.17,27.79,38.0,8.0,5.1,1
0.41,3.16,2.31,0.968,0.348,14.79,59.0,9.0,6.7,1
0.25,,0.64,0.399,0.401,40.24,6.0,4.0,5.9,0
0.92,0.17,0.28,0.981,0.291,1.12,28.0,8.0,1.7,0
2.63,2.88,0.99,0.229,0.359,49.62,40.0,13.0,6.2,1
2.74,0.54,2.61,0.601,,10.38,43.0,2.0,4.3,0
1.92,2.76,2.14,0.759,0.098,11.18,53.0,13.0,4.5,1
2.34,0.6,2.95,0.128,0.193,,8.0,11.0,8.0,1
2.27,3.44,0.99,0.979,0.433,44.57,53.0,10.0,7.5,1
2.29,2.45,1.51,0.687,0.16,29.5,10.0,7.0,7.2,1
1.33,2.31,1.27,0.067,0.028,33.2,23.0,6.0,8.4,0
0.85,2.14,1.46,0.071,0.107,4.6,32.0,3.0,2.0,0
1.96,0.16,0.43,0.304,0.379,42.16,26.0,10.0,5.0,0
2.32,3.36,0.59,0.966,0.39,38.59,1.0,0.0,9.6,0
4.77,1.81,1.5,,0.298,10.06,47.0,1.0,1.0,1
3.74,1.48,2.9,0.746,0.495,5.68,54.0,11.0,9.4,1
4.31,2.52,2.83,,0.322,16.31,51.0,10.0,1.4,1
1.93,2.0,,0.849,0.119,4.55,34.0,10.0,0.4,1
2.86,1.15,1.75,0.543,0.3,17.94,4.0,6.0,1.9,0
3.71,0.59,1.86,0.99,0.023,31.95,30.0,5.0,4.5,1
0.92,0.41,1.91,0.272,0.331,34.9,3.0,2.0,2.7,0
2.3,0.95,1.93,0.882,0.469,56.48,32.0,9.0,4.5,1
1.74,3.48,0.18,0.061,0.328,22.57,52.0,13.0,4.7,1
2.74,0.44,1.52,0.821,,1.47,26.0,2.0,9.9,0
1.46,3.26,0.01,0.573,0.289,,41.0,12.0,5.5,0
1.77,3.47,2.75,0.469,0.329,29.44,54.0,14.0,,1
4.16,3.3,0.05,0.222,0.449,17.57,14.0,4.0,0.9,1
3.89,3.45,2.33,0.169,0.022,11.0,54.0,11.0,6.0,1
2.04,0.86,0.72,0.359,0.023,34.95,2.0,10.0,2.8,0
0.49,3.98,1.76,0.164,0.018,7.09,58.0,5.0,2.6,0
1.43,2.17,1.35,0.24,0.487,36.89,45.0,3.0,9.9,0
3.66,3.24,1.63,0.987,0.009,54.21,50.0,5.0,3.1,1
3.78,1.94,1.8,0.845,0.146,6.33,4.0,14.0,8.7,1
1.62,0.76,2.95,0.041,0.468,58.5,9.0,14.0,4.6,0
4.7,3.38,2.34,0.319,0.451,34.63,10.0,11.0,3.8,1
2.51,1.96,2.4,0.165,0.057,14.15,36.0,9.0,1.4,0
4.39,3.89,2.69,0.181,0.373,24.38,8.0,11.0,6.6,1
2.65,3.25,2.73,0.163,0.365,28.7,17.0,2.0,5.3,1
0.06,3.0,2.56,0.566,0.344,5.93,59.0,2.0,6.2,0
0.5,2.88,2.25,0.175,0.409,41.86,54.0,14.0,8.3,0
0.53,2.44,0.0,0.996,0.379,54.29,43.0,8.0,8.0,0
3.59,3.59,1.8,0.19,0.472,52.23,19.0,6.0,1.0,1
4.3,2.48,0.2,0.87,0.479,26.56,22.0,11.0,0.5,1
2.63,3.98,0.04,0.791,0.181,2.02,43.0,9.0,5.3,1
4.27,2.09,0.06,0.959,0.067,58.81,35.0,10.0,1.2,1
1.86,0.33,2.8,0.94,0.474,5.97,25.0,3.0,9.7,0
0.51,3.03,0.86,0.519,0.143,46.01,20.0,10.0,6.7,0
1.29,0.18,1.71,0.994,0.001,19.2,53.0,13.0,8.8,0
0.59,1.54,0.57,0.908,0.058,53.45,25.0,2.0,0.3,0
4.43,1.8,2.27,0.481,0.289,54.36,15.0,9.0,4.6,1
1.2,3.55,2.42,0.473,0.138,23.24,4.0,6.0,4.6,0
3.75,2.24,1.06,0.728,0.256,21.29,27.0,7.0,2.4,1
0.36,3.78,0.03,0.504,0.379,54.34,5.0,8.0,0.9,1
3.88,0.96,1.91,0.9,0.086,40.38,20.0,5.0,2.8,1
0.43,1.12,2.62,0.107,0.001,2.19,25.0,6.0,6.8,0
4.74,1.46,0.38,,,7.2,11.0,,0.3,1
3.2,2.92,2.11,0.984,0.328,8.18,21.0,9.0,5.0,1
3.38,2.72,,0.992,0.171,59.86,16.0,9.0,4.4,1
3.4,0.82,1.31,0.678,0.085,19.31,39.0,2.0,2.6,0
1.37,1.61,1.0,0.023,0.015,11.56,4.0,0.0,3.0,0
2.21,1.41,2.72,0.795,0.132,58.36,23.0,8.0,2.2,1
4.53,3.04,0.9,0.758,0.494,21.94,31.0,12.0,6.5,1
1.03,1.47,2.88,0.157,0.169,13.49,27.0,0.0,4.7,0
2.64,,0.35,0.284,0.4,44.31,38.0,11.0,7.8,1
,2.19,2.77,0.203,0.376,46.59,9.0,4.0,7.0,0
3.82,3.77,1.98,0.919,0.049,52.27,46.0,12.0,5.5,1
2.28,3.91,0.8,0.347,0.125,7.84,56.0,12.0,9.7,0
1.71,2.52,0.08,0.946,0.429,14.8,7.0,14.0,3.9,1
2.96,3.68,0.45,0.367,0.187,51.23,20.0,9.0,8.8,1
0.53,2.89,2.79,0.369,0.361,44.3,29.0,5.0,4.8,0
2.8,2.71,1.5,0.33,0.166,42.02,20.0,5.0,2.2,1
3.92,1.86,1.73,0.837,0.184,37.73,27.0,14.0,6.4,1
4.81,2.24,2.49,0.209,0.301,53.26,50.0,12.0,4.9,1
4.23,1.56,,0.69,0.118,21.87,56.0,0.0,3.4,1
3.08,0.7,0.6,0.079,0.236,47.57,34.0,3.0,8.5,0
2.7,3.7,1.72,0.997,0.362,21.6,15.0,8.0,0.7,1
1.64,0.85,1.97,0.484,0.007,47.77,16.0,5.0,,0
2.39,2.17,0.71,0.125,0.446,9.37,36.0,9.0,7.3,0
3.09,2.95,2.79,0.457,0.243,38.22,49.0,6.0,1.8,1
0.65,3.29,0.53,0.079,0.305,16.17,46.0,4.0,5.0,0
3.62,,2.14,0.683,0.37,15.18,35.0,0.0,3.6,1
1.23,2.63,2.72,0.492,0.069,2.59,43.0,12.0,3.3,1
0.58,1.77,0.99,0.124,0.428,53.93,32.0,9.0,,0
0.49,3.29,2.55,0.61,0.181,42.65,,3.0,5.4,0
1.6,2.63,1.77,0.29,0.025,52.14,15.0,7.0,3.1,1
1.6,0.19,0.91,0.942,0.454,47.76,35.0,9.0,4.0,1
2.86,2.44,2.19,0.655,0.398,24.27,52.0,0.0,6.2,1
2.29,2.81,1.24,0.405,0.179,43.53,28.0,1.0,,0
3.75,3.63,0.61,0.139,0.424,6.55,33.0,0.0,8.7,0
0.1,0.2,2.75,,0.322,42.84,34.0,2.0,8.0,0
0.45,2.39,1.51,0.473,0.397,55.65,26.0,5.0,1.4,1
1.24,2.0,2.38,0.749,0.483,56.4,6.0,0.0,8.5,0
0.19,2.56,2.84,0.649,0.032,15.81,3.0,13.0,1.8,1
0.82,3.06,2.2,0.622,0.39,32.69,50.0,4.0,1.2,1
3.64,0.54,1.41,0.734,0.033,9.9,29.0,14.0,9.8,0
3.99,2.17,2.57,0.356,0.338,39.05,41.0,10.0,5.5,1
2.96,2.08,1.77,0.967,0.404,18.45,23.0,3.0,,0
2.85,2.06,0.3,0.936,0.197,29.63,19.0,4.0,2.5,1
3.13,1.65,1.84,0.717,0.116,4.17,1.0,0.0,9.4,0
4.01,3.4,0.02,0.12,0.112,20.34,,10.0,9.0,0
4.21,0.25,2.93,0.814,0.158,58.02,34.0,4.0,5.4,1
1.7,1.54,1.56,0.324,0.369,42.69,59.0,11.0,8.4,1
2.08,2.37,0.28,0.135,0.495,14.68,,1.0,3.8,0
4.04,3.64,0.9,0.672,0.492,3.02,54.0,6.0,6.0,1
1.05,,1.98,0.774,0.108,40.38,57.0,7.0,6.7,0
4.71,0.52,0.87,0.859,0.07,55.36,44.0,0.0,8.5,1
4.19,2.72,1.26,0.12,0.08,35.53,57.0,2.0,6.5,0
2.2,1.36,0.9,0.206,0.289,26.48,58.0,9.0,9.8,0
2.57,2.35,1.89,0.902,0.296,49.75,38.0,1.0,0.1,1
2.19,2.28,0.85,0.222,0.45,31.07,36.0,2.0,8.3,0
1.15,0.69,2.44,0.592,0.198,53.45,1.0,6.0,3.0,1
1.2,3.28,2.17,0.186,0.433,40.24,30.0,10.0,1.1,1
1.51,2.16,0.98,0.135,0.08,3.85,23.0,14.0,2.1,0
2.04,1.55,1.87,0.24,0.416,37.62,14.0,6.0,8.0,0
4.47,0.82,1.46,0.228,0.179,25.01,39.0,3.0,4.0,0
1.79,3.66,,0.196,0.423,31.04,27.0,2.0,6.6,0
2.81,0.97,1.24,0.097,0.157,37.93,18.0,2.0,,0
0.44,3.74,0.39,0.071,0.37,48.93,21.0,1.0,3.5,0
1.92,2.17,0.36,0.316,0.427,13.44,37.0,8.0,5.3,0
2.14,2.01,0.48,0.326,0.061,23.33,38.0,14.0,5.1,0
2.51,1.89,1.29,0.78,0.056,8.67,59.0,1.0,4.3,0
2.31,3.53,2.75,0.831,0.364,30.87,51.0,1.0,2.5,1
3.3,3.26,2.31,0.15,0.344,36.49,19.0,6.0,4.6,0
4.25,2.71,2.56,0.793,0.088,4.31,16.0,9.0,0.7,1
3.16,2.1,2.21,0.268,0.5,27.11,27.0,9.0,7.1,1
1.94,2.63,2.91,0.498,0.07,14.8,56.0,0.0,4.9,0
3.86,0.97,2.22,0.086,0.248,33.03,12.0,7.0,8.0,0
3.42,1.99,2.37,0.398,0.115,37.68,3.0,7.0,2.2,1
3.45,0.56,2.44,0.053,0.042,38.55,1.0,0.0,4.0,0
3.93,0.51,2.07,0.007,0.225,1.94,51.0,6.0,9.2,0
0.55,2.83,0.61,0.932,0.499,,26.0,4.0,5.2,1
1.81,3.77,2.91,0.799,0.479,29.83,30.0,12.0,9.1,1
0.84,3.21,1.44,0.213,0.187,43.4,17.0,12.0,4.0,1
3.86,3.76,2.49,0.284,0.25,5.41,13.0,9.0,9.3,1
2.83,0.89,2.4,0.128,0.452,55.54,54.0,14.0,4.9,1
4.95,,1.28,0.151,0.456,4.74,55.0,13.0,2.0,1
3.39,1.7,2.52,0.582,0.389,6.04,26.0,13.0,5.1,1
0.38,1.53,0.74,0.576,0.129,17.09,46.0,7.0,6.7,0
1.44,1.19,1.06,0.564,0.186,25.21,7.0,14.0,7.0,0
4.63,1.17,0.69,0.037,0.286,4.25,16.0,2.0,5.1,0
4.91,,0.17,0.686,0.428,6.42,24.0,13.0,5.0,1
1.12,0.72,0.7,0.026,0.221,49.17,56.0,14.0,2.4,0
2.47,3.5,1.95,0.991,0.312,16.84,2.0,6.0,0.8,1
1.85,2.04,2.28,0.831,0.205,56.2,13.0,9.0,0.6,1
1.05,3.71,1.05,0.925,0.294,31.46,30.0,0.0,3.8,0
1.84,0.07,2.21,,0.007,,59.0,10.0,2.8,0
2.14,0.89,0.02,0.318,0.186,46.62,35.0,6.0,9.0,0
3.33,2.0,2.28,0.196,0.383,11.63,44.0,9.0,0.4,1
2.51,0.57,2.52,0.492,0.012,47.44,14.0,10.0,8.2,0
4.15,0.86,2.98,0.795,0.409,27.51,49.0,14.0,5.1,1
4.71,1.9,2.68,0.526,0.493,22.06,14.0,1.0,7.9,1
1.91,3.07,2.07,0.3,0.244,24.83,49.0,0.0,1.5,1
2.51,3.14,1.04,0.261,0.086,4.81,52.0,5.0,9.0,0
3.64,2.46,0.85,0.485,0.426,59.02,27.0,5.0,,1
4.13,3.64,0.35,0.399,0.397,21.93,7.0,2.0,9.8,1
1.1,2.52,0.86,0.626,0.49,41.43,5.0,3.0,7.6,0
3.29,0.1,0.92,,0.123,57.32,54.0,14.0,8.5,1
4.1,2.07,2.14,0.632,0.093,26.56,57.0,10.0,0.3,1
3.7,3.87,2.18,0.475,0.067,36.48,47.0,9.0,0.1,1
3.49,2.62,1.56,0.8,0.222,51.8,54.0,3.0,1.9,1
4.72,2.75,2.32,0.287,0.364,18.09,37.0,5.0,7.0,1
3.73,0.46,1.03,0.785,0.072,10.83,47.0,0.0,6.1,0
2.45,1.44,1.41,0.956,0.213,3.92,30.0,1.0,7.9,0
4.35,3.39,0.14,0.454,0.124,16.45,16.0,8.0,8.0,0
2.18,0.44,1.61,0.365,0.198,18.61,20.0,8.0,8.3,0
3.99,3.36,1.16,0.856,0.026,40.42,43.0,2.0,9.9,0
3.12,2.29,0.2,0.236,0.194,32.82,53.0,13.0,6.4,0
3.03,1.58,0.28,0.733,0.036,16.53,4.0,13.0,5.1,0
3.69,3.72,1.97,0.573,0.385,51.1,16.0,3.0,3.8,1
3.5,0.12,2.23,0.431,0.022,33.9,38.0,13.0,9.7,0
2.67,3.71,0.3,0.192,0.169,1.6,6.0,4.0,6.5,0
4.43,3.51,2.32,0.013,0.064,1.34,19.0,0.0,7.1,0
3.61,3.95,2.59,0.538,0.357,31.46,46.0,3.0,7.3,1
2.9,1.67,1.7,0.058,0.071,44.3,16.0,3.0,2.8,0
3.52,1.84,1.47,0.107,0.326,3.65,25.0,12.0,7.2,0
1.72,2.82,1.38,0.604,0.308,48.8,27.0,4.0,2.3,1
5.0,0.44,0.89,0.241,0.292,6.05,59.0,9.0,5.2,0
2.35,0.97,2.69,0.689,0.133,47.18,26.0,8.0,1.4,1
2.37,1.77,2.61,0.148,0.444,1.32,7.0,14.0,5.3,0
1.95,2.87,1.53,0.07,0.095,22.92,24.0,5.0,9.0,0
1.61,1.99,0.73,0.524,0.183,25.11,29.0,13.0,3.7,1
4.82,0.92,2.73,0.239,0.364,49.69,21.0,4.0,4.5,0
4.85,1.17,2.19,0.427,0.113,9.95,57.0,12.0,6.2,1
4.74,3.0,2.47,0.109,0.304,9.48,10.0,5.0,10.0,0
1.61,3.22,2.48,0.293,0.358,59.94,31.0,6.0,9.2,0
3.1,1.74,0.57,0.059,0.275,18.23,34.0,5.0,4.1,0
0.92,0.77,0.16,0.811,0.162,39.64,58.0,2.0,9.8,0
3.61,2.3,1.52,0.004,0.393,22.51,6.0,7.0,7.5,1
1.36,1.6,1.4,0.96,0.054,8.79,41.0,8.0,1.1,1
3.43,2.56,0.96,0.272,0.114,5.62,30.0,6.0,9.8,0
3.58,3.3,2.17,0.078,0.186,9.37,49.0,9.0,7.0,1
4.98,2.11,1.82,0.855,0.232,43.6,24.0,,6.4,0
3.93,3.61,1.16,0.668,0.012,53.24,42.0,11.0,9.7,0
2.89,1.47,1.46,0.853,0.347,55.73,19.0,0.0,5.1,1
2.45,1.92,1.62,0.546,0.089,1.37,6.0,7.0,1.9,0
0.28,2.28,2.82,0.258,0.446,31.08,15.0,4.0,2.8,0
4.73,2.88,1.55,0.099,0.153,30.63,44.0,8.0,5.8,1
0.92,2.11,1.96,0.547,0.136,9.37,40.0,2.0,2.2,0
0.21,3.24,2.73,0.647,0.061,35.81,2.0,12.0,2.8,1
1.75,2.79,2.15,0.447,0.376,31.51,40.0,11.0,9.2,0
1.15,1.4,1.63,0.332,0.465,56.12,15.0,1.0,4.1,0
2.42,2.56,1.2,0.849,0.394,4.18,22.0,10.0,7.9,1
4.62,1.27,0.34,0.64,0.431,36.27,19.0,2.0,4.6,1
4.78,2.87,2.36,0.151,0.319,1.41,50.0,10.0,6.1,1
1.43,2.61,2.36,0.918,0.173,30.61,23.0,1.0,9.7,0
4.55,0.71,2.92,0.171,0.374,51.42,36.0,4.0,0.2,1
4.51,2.8,1.53,0.892,0.098,28.52,2.0,2.0,0.7,1
2.19,0.52,2.11,0.042,0.004,31.5,25.0,,2.8,0
2.71,0.37,2.93,0.971,0.181,15.26,24.0,2.0,5.0,0
0.25,2.57,1.84,0.501,0.294,19.34,58.0,9.0,9.6,0
0.1,1.33,2.47,0.123,0.33,35.24,19.0,8.0,3.8,0
0.77,0.64,1.23,0.108,0.217,7.41,5.0,6.0,4.2,0
2.62,3.95,0.56,0.418,0.427,21.01,9.0,1.0,6.5,0
2.36,3.48,2.53,0.423,0.408,6.06,13.0,5.0,9.8,0
0.06,0.71,1.29,0.581,0.004,53.12,8.0,13.0,2.7,0
0.56,3.77,,0.357,0.349,33.87,12.0,6.0,6.3,0
2.1,2.42,1.58,0.509,0.36,32.06,28.0,6.0,7.7,0
4.03,2.08,1.37,0.604,0.385,44.45,19.0,3.0,2.0,1
2.71,1.43,0.15,0.862,0.391,2.77,5.0,11.0,2.1,0
3.44,1.29,2.31,0.959,0.09,43.89,21.0,5.0,6.1,1
2.27,0.41,0.96,0.883,0.105,55.3,33.0,12.0,7.8,0
1.9,0.73,1.17,0.082,0.272,52.96,41.0,6.0,3.7,0
4.54,1.08,1.05,0.301,0.159,10.83,,5.0,8.6,0
4.15,2.94,2.08,0.13,0.297,19.84,33.0,11.0,4.5,0
1.0,3.84,2.14,0.59,0.233,8.3,27.0,2.0,4.8,0
4.07,1.86,2.45,0.717,0.138,30.56,3.0,7.0,3.5,1
1.26,1.48,2.03,0.711,0.342,14.98,13.0,5.0,2.3,1
0.2,3.44,2.72,0.455,0.229,10.67,41.0,9.0,2.5,1
3.94,2.72,0.72,0.608,0.413,16.16,25.0,11.0,7.0,1
0.77,0.98,1.49,0.28,0.022,33.81,3.0,10.0,4.2,0
1.41,2.15,2.91,0.674,0.116,26.36,20.0,14.0,2.8,1
3.83,3.53,0.75,0.155,0.0,5.46,10.0,4.0,5.1,0
2.43,2.64,2.18,0.102,0.209,26.88,6.0,,0.3,0
3.46,1.49,0.94,0.374,0.103,18.97,3.0,1.0,5.1,0
,1.71,1.37,0.783,0.11,58.73,42.0,0.0,5.9,0
1.68,3.59,1.61,0.263,0.346,42.53,39.0,14.0,9.4,1
1.77,2.83,2.4,0.199,0.395,22.71,51.0,4.0,6.9,1
,2.04,1.86,0.906,0.128,8.09,15.0,13.0,4.6,1
1.88,2.71,0.0,0.569,0.307,,40.0,3.0,5.5,0
1.82,2.74,1.01,0.195,0.29,39.1,54.0,4.0,9.8,0
4.72,2.27,1.04,0.187,0.002,5.29,10.0,5.0,1.6,0
4.25,2.51,1.47,0.118,0.469,44.37,37.0,3.0,6.6,0
4.11,1.41,2.72,0.124,0.17,7.68,21.0,10.0,7.3,0
0.02,1.4,2.74,0.803,0.155,4.07,14.0,9.0,3.9,0
1.83,1.36,1.38,0.803,0.294,59.28,8.0,12.0,2.7,1
0.78,0.15,2.18,0.954,0.181,57.75,35.0,5.0,3.0,0
1.53,3.31,1.06,0.297,0.149,34.9,54.0,10.0,3.7,1
0.84,0.63,0.86,0.573,0.368,54.8,5.0,2.0,2.2,0
0.37,0.38,1.39,0.537,0.369,58.37,33.0,10.0,3.9,0
,1.69,2.54,0.102,0.343,27.16,37.0,4.0,7.6,0
3.8,1.92,1.56,0.524,0.428,1.59,35.0,13.0,6.0,1
2.46,1.05,1.42,0.212,0.248,37.62,51.0,4.0,7.5,0
1.43,3.83,0.47,0.243,0.326,24.51,11.0,14.0,9.5,0
0.51,0.67,2.23,0.821,0.498,40.76,29.0,12.0,2.5,1
4.3,2.3,1.09,0.298,0.12,11.51,18.0,12.0,3.3,0
3.19,2.44,2.27,0.779,0.423,59.22,59.0,14.0,3.2,1
0.76,2.62,2.91,0.063,0.105,46.4,37.0,12.0,6.8,0
1.49,3.18,0.27,0.541,,18.45,56.0,1.0,4.1,0
3.92,3.46,2.59,0.646,0.206,46.49,42.0,6.0,2.8,1
3.8,1.17,0.5,0.788,0.375,51.21,32.0,0.0,6.3,1
3.32,3.94,2.61,0.765,0.344,30.07,17.0,4.0,9.1,0
0.47,1.66,2.18,0.26,0.385,25.02,2.0,9.0,3.0,0
3.22,3.14,1.27,0.646,0.275,14.95,28.0,14.0,7.1,1
3.05,0.16,1.37,0.181,0.038,50.28,33.0,3.0,4.1,0
3.05,2.98,0.87,0.16,0.297,25.17,54.0,,8.9,0
4.11,3.32,2.1,0.195,0.128,48.06,14.0,1.0,5.8,0
0.59,0.43,2.69,0.207,0.217,52.56,38.0,1.0,3.9,0
0.13,1.22,1.75,0.153,,33.6,30.0,5.0,8.0,0
1.16,1.79,0.88,0.331,0.103,11.32,7.0,11.0,,0
0.55,3.06,2.15,0.712,0.222,3.23,36.0,11.0,6.7,0
3.82,2.12,0.76,0.785,0.35,42.67,26.0,4.0,7.0,1
0.39,2.53,0.8,0.346,0.177,51.73,41.0,5.0,9.4,0
1.82,1.47,1.91,0.727,0.197,52.04,24.0,6.0,0.7,1
4.49,3.48,0.28,0.771,0.322,22.08,49.0,6.0,4.7,1
4.49,1.47,1.19,0.387,0.102,13.49,,0.0,5.7,0
1.79,1.9,1.1,0.995,0.055,4.4,21.0,8.0,9.1,0
3.02,1.77,0.16,0.553,0.442,14.63,53.0,7.0,1.1,1
0.98,3.14,2.75,0.701,0.158,16.22,14.0,10.0,2.4,1
0.39,3.28,2.81,0.101,0.182,35.55,15.0,7.0,,0
,3.62,1.19,0.564,0.401,15.05,32.0,3.0,4.8,1
0.04,0.92,1.11,0.733,0.114,15.17,14.0,0.0,6.6,0
4.14,3.64,0.36,0.532,0.421,21.35,32.0,5.0,5.5,1
1.68,1.16,1.69,0.848,0.323,39.89,26.0,6.0,9.0,0
0.66,3.51,1.04,0.074,0.389,24.53,51.0,8.0,0.9,0
2.53,3.43,2.53,0.887,0.257,44.19,18.0,12.0,,1
4.86,1.82,2.2,0.771,0.033,26.61,2.0,12.0,4.6,1
3.68,,0.37,0.004,0.375,47.89,19.0,14.0,9.0,1
3.8,2.97,0.64,0.082,0.155,28.17,24.0,1.0,6.0,0
2.04,0.18,0.35,,0.32,49.26,51.0,13.0,7.0,0
2.25,0.1,0.41,0.41,0.047,50.62,25.0,4.0,8.9,0
,0.35,0.2,0.137,0.342,46.53,2.0,3.0,1.5,1
0.42,3.79,1.1,0.041,0.077,32.59,46.0,4.0,6.2,0
0.27,2.85,1.82,0.824,0.088,38.88,34.0,9.0,1.8,1
3.45,1.66,2.89,0.215,0.176,2.3,57.0,,7.9,0
1.36,0.88,1.27,0.604,0.473,17.65,52.0,14.0,7.7,0
5.0,3.79,2.86,0.589,0.182,24.66,59.0,13.0,0.8,1
4.97,0.98,0.29,0.803,0.155,4.18,56.0,3.0,9.4,0
3.21,2.17,0.49,0.541,0.139,49.71,45.0,13.0,4.0,1
2.31,0.97,1.21,0.972,0.347,17.21,59.0,14.0,1.2,1
0.04,2.91,1.18,0.531,0.459,11.46,48.0,14.0,2.4,1
3.01,,0.05,0.674,0.209,55.42,9.0,4.0,9.1,0
0.45,2.38,0.18,0.906,0.288,1.4,34.0,12.0,4.9,0
4.52,2.6,0.98,0.72,0.404,42.98,50.0,2.0,6.8,1
0.57,3.86,0.94,,0.27,3.44,26.0,12.0,4.5,1
0.5,2.41,0.86,0.058,0.33,21.5,45.0,5.0,1.0,0
3.6,1.94,1.57,0.084,0.363,17.46,40.0,6.0,,1
0.76,1.57,0.6,0.275,0.449,25.66,6.0,10.0,10.0,0
2.93,0.42,1.52,0.563,0.14,20.08,,11.0,5.2,0
3.98,2.89,0.15,0.884,0.024,43.88,9.0,9.0,2.2,1
0.01,0.99,1.49,0.088,0.486,38.5,10.0,9.0,2.7,0
0.76,1.25,2.24,0.142,0.499,30.76,21.0,8.0,2.5,0
0.89,0.05,2.77,0.529,0.447,22.04,50.0,10.0,9.4,0
2.77,2.64,2.69,0.138,0.155,5.32,16.0,13.0,9.5,0
3.99,3.04,1.94,0.469,0.241,38.62,37.0,6.0,2.9,1
4.3,0.38,2.95,0.903,0.383,16.49,51.0,7.0,0.1,1
0.31,0.55,1.1,0.747,0.091,15.39,17.0,0.0,3.2,0
2.54,3.29,2.08,0.747,0.455,45.3,35.0,5.0,5.7,1
4.35,2.94,2.97,0.417,0.422,18.81,14.0,10.0,8.2,1
0.36,0.5,2.08,0.675,0.351,44.74,29.0,6.0,4.2,1
0.13,1.69,0.78,0.737,0.43,45.25,12.0,14.0,4.8,1
0.24,1.25,2.44,0.02,0.277,10.17,33.0,11.0,1.3,0
4.66,0.66,,0.814,0.059,18.28,23.0,4.0,5.7,0
2.0,1.75,0.85,0.892,0.12,34.69,4.0,14.0,6.2,0
0.3,3.41,2.48,0.121,0.295,58.97,49.0,10.0,1.4,1
4.98,3.27,,0.841,0.485,21.34,36.0,10.0,3.2,1
4.77,2.34,1.94,0.358,0.008,51.74,54.0,2.0,2.9,1
2.09,2.24,2.6,0.318,0.329,51.98,11.0,0.0,8.8,0
0.52,2.62,0.46,0.605,0.383,19.61,31.0,9.0,5.7,0
3.72,3.9,1.84,0.812,0.429,57.85,20.0,1.0,7.1,1
0.3,3.29,0.54,0.397,0.474,4.36,12.0,9.0,4.1,0
,0.85,1.81,0.633,0.053,16.39,4.0,11.0,3.9,0
3.81,1.87,1.47,0.829,0.089,31.77,42.0,14.0,3.1,1
1.06,2.99,2.62,0.784,0.061,6.31,48.0,,2.5,1
4.72,3.39,2.7,0.276,0.434,48.47,55.0,10.0,9.6,1
4.98,0.34,2.31,0.706,0.066,11.85,15.0,9.0,4.3,1
1.79,2.78,1.89,0.638,0.016,54.28,11.0,10.0,3.4,1
4.82,0.61,0.85,0.691,0.01,58.53,34.0,13.0,3.6,1
1.16,0.42,1.46,0.424,0.205,44.35,3.0,12.0,3.6,0
4.01,3.37,0.46,0.02,0.306,38.09,39.0,1.0,1.8,1
3.7,3.15,0.02,0.341,0.114,35.54,32.0,1.0,2.0,0
0.21,2.99,1.7,0.738,0.145,42.62,29.0,13.0,6.7,1
1.3,0.1,0.79,0.775,0.059,53.0,21.0,6.0,0.1,0
1.92,1.03,0.84,0.87,0.23,43.05,19.0,9.0,7.3,1
0.07,1.72,0.53,0.231,0.25,48.03,34.0,5.0,1.7,0
4.74,3.52,0.23,0.651,0.334,17.53,35.0,10.0,7.9,1
1.06,2.09,0.75,0.201,0.273,49.73,18.0,12.0,3.4,0
4.63,1.99,0.7,0.171,0.134,11.22,,11.0,1.4,0
2.2,0.02,1.24,0.701,0.439,2.65,12.0,13.0,7.6,0
0.64,3.32,0.23,0.174,0.17,30.62,,11.0,4.6,0
2.14,2.34,1.39,0.032,0.35,26.05,42.0,13.0,1.7,1
3.07,1.49,0.17,0.606,0.356,19.52,10.0,10.0,6.1,0
2.37,0.64,0.59,0.034,0.055,10.96,21.0,0.0,6.0,0
1.59,1.68,2.53,0.537,0.266,25.63,2.0,9.0,6.3,1
4.07,0.95,0.19,0.805,0.208,43.78,19.0,13.0,2.8,1
4.78,1.8,0.31,0.044,0.44,50.47,16.0,1.0,0.0,1
0.48,1.23,1.75,0.67,0.197,21.9,38.0,4.0,7.5,0
2.75,0.18,0.79,0.073,0.057,3.23,50.0,10.0,0.1,0
1.59,3.97,2.32,0.623,0.439,11.13,47.0,1.0,3.1,1
3.73,1.79,1.28,0.871,0.446,13.78,35.0,9.0,3.1,1
3.17,3.25,1.72,0.429,0.363,52.44,35.0,2.0,2.3,1
0.14,0.46,0.33,0.378,0.29,13.08,,0.0,3.7,0
3.18,2.44,2.09,0.823,0.408,3.77,45.0,12.0,7.7,1
3.62,2.1,2.84,0.628,0.078,29.69,6.0,,7.8,1
3.85,3.81,2.88,0.45,0.339,5.54,39.0,1.0,1.3,1
4.45,3.21,1.95,0.629,0.082,6.75,14.0,1.0,8.0,1
4.73,1.65,0.25,0.301,0.381,22.82,28.0,0.0,1.3,0
1.33,3.18,2.58,0.912,0.069,51.79,9.0,,8.0,1
3.31,1.63,2.98,0.006,0.364,52.42,30.0,7.0,3.2,1
2.78,3.04,0.4,0.268,0.059,46.72,51.0,5.0,0.6,1
4.11,1.17,2.49,0.838,0.395,8.4,38.0,6.0,9.4,0
0.19,1.49,0.47,0.199,0.079,25.48,23.0,12.0,6.7,0
2.05,2.42,1.34,0.235,0.218,13.6,4.0,8.0,4.4,0
1.71,2.16,2.77,0.562,0.433,9.07,35.0,10.0,1.3,1
3.26,1.58,2.8,0.676,0.37,43.14,42.0,0.0,0.6,1
2.09,3.75,1.66,0.042,0.429,13.76,25.0,5.0,7.3,0
1.97,2.02,2.81,0.828,0.327,59.15,35.0,4.0,9.4,1
1.88,2.89,0.11,,0.191,47.87,34.0,3.0,8.8,0
4.13,1.67,2.06,0.048,0.174,48.03,3.0,11.0,4.8,0
2.42,2.89,1.28,0.539,0.072,43.18,39.0,0.0,3.0,0
2.0,3.17,1.66,0.164,0.22,14.72,23.0,5.0,1.4,1
4.33,2.19,0.58,0.141,0.45,12.86,9.0,10.0,3.2,1
0.01,0.13,0.61,0.561,0.384,14.35,24.0,7.0,8.1,0
1.59,2.02,2.19,0.706,0.018,31.38,54.0,13.0,7.2,1
3.37,3.6,2.3,0.286,0.096,8.93,21.0,8.0,9.4,1
0.52,0.34,1.92,0.909,0.333,43.22,25.0,7.0,1.9,1
,2.34,1.04,0.421,0.11,47.9,22.0,14.0,1.7,1
2.25,0.14,2.12,0.366,0.204,47.42,7.0,1.0,5.9,0
3.35,1.95,1.55,0.576,0.461,60.0,28.0,13.0,7.0,1
2.65,2.77,2.1,0.784,0.464,53.37,7.0,0.0,3.6,1
0.97,,0.65,0.08,0.132,51.28,52.0,13.0,6.3,0
0.66,0.46,1.48,0.848,0.292,2.45,35.0,5.0,7.7,0
1.53,3.79,0.38,0.499,0.351,42.33,18.0,6.0,7.1,1
4.71,3.73,2.89,0.521,0.109,36.04,58.0,12.0,2.1,1
1.05,3.18,2.98,0.831,0.044,42.84,25.0,14.0,5.8,1
,0.83,1.29,0.558,0.164,12.25,30.0,7.0,5.5,1
4.75,3.09,1.19,0.447,0.479,28.73,9.0,9.0,6.1,1
1.01,1.34,,0.828,0.42,7.87,50.0,4.0,4.5,0
1.22,2.44,0.56,0.965,0.057,57.94,6.0,13.0,5.7,0
2.39,1.79,0.62,0.75,0.438,3.61,20.0,4.0,4.0,1
0.53,1.0,2.92,0.915,0.331,56.28,18.0,1.0,8.5,0
0.4,2.61,1.02,0.777,,9.71,58.0,4.0,2.6,0
1.51,2.88,2.61,0.79,0.267,7.42,51.0,8.0,0.9,1
0.71,2.11,0.02,0.221,0.37,49.53,29.0,5.0,1.9,0
2.13,0.65,1.79,0.928,0.251,39.35,1.0,13.0,6.9,1
0.54,1.98,0.68,0.114,0.262,16.33,38.0,3.0,3.0,0
2.94,3.08,1.71,0.531,0.165,9.93,43.0,8.0,2.6,1
2.46,3.39,2.01,0.013,0.378,5.53,41.0,0.0,2.7,1
2.96,0.11,2.44,0.365,0.165,43.45,26.0,11.0,,0
4.5,0.75,0.74,0.686,0.44,10.97,9.0,12.0,9.5,0
,3.72,1.92,0.035,0.382,26.87,4.0,0.0,3.5,1
1.34,3.13,0.01,0.072,0.241,55.5,35.0,6.0,6.4,0
2.87,2.87,3.0,0.534,0.287,46.44,33.0,10.0,7.3,1
1.24,0.55,1.26,0.059,0.472,33.18,17.0,13.0,3.8,0
0.33,0.02,0.6,0.306,0.249,41.72,2.0,5.0,8.7,0
0.29,2.36,1.93,0.761,0.387,41.25,52.0,13.0,7.1,1
0.33,3.46,,0.32,,41.48,44.0,7.0,0.6,1
1.19,0.29,0.01,0.396,0.148,47.1,10.0,3.0,8.2,0
3.65,0.28,1.21,0.769,0.065,55.35,55.0,12.0,2.2,1
0.77,3.99,2.48,0.148,0.192,55.08,40.0,3.0,4.0,1
1.29,0.95,0.78,0.837,0.465,10.32,47.0,12.0,,0
4.3,2.66,2.88,0.01,0.029,41.73,23.0,11.0,2.6,1
2.18,2.23,2.59,0.237,0.369,48.67,5.0,9.0,9.3,1
0.21,,1.11,0.406,0.423,15.02,18.0,6.0,7.8,0
1.24,3.21,1.2,0.215,0.262,59.29,3.0,11.0,7.2,0
1.51,0.95,1.36,0.833,0.359,1.46,22.0,3.0,9.9,0
0.93,1.12,1.91,0.929,0.458,44.39,20.0,10.0,9.0,0
4.83,1.07,0.98,0.29,0.315,35.72,1.0,3.0,8.5,0
2.03,2.19,0.0,0.127,0.459,5.29,33.0,0.0,0.5,0
1.98,2.62,1.31,0.809,0.129,23.33,33.0,13.0,3.8,1
,0.37,1.48,0.994,0.009,20.44,16.0,5.0,3.4,0
2.74,0.59,2.13,0.602,0.087,1.99,3.0,4.0,0.7,0
0.41,0.47,0.05,0.985,0.469,37.31,11.0,2.0,1.2,0
2.22,2.61,1.9,0.023,0.242,12.68,11.0,,6.8,0
3.27,2.5,0.23,0.774,0.233,30.08,46.0,9.0,8.1,1
2.85,3.32,1.58,0.503,0.424,56.37,14.0,10.0,6.2,1
4.23,1.15,0.6,0.396,0.407,18.82,3.0,5.0,7.8,0
4.81,2.93,2.64,0.584,0.227,8.43,48.0,8.0,6.0,1
0.29,1.14,1.28,0.241,0.371,5.59,46.0,14.0,7.1,0
1.28,3.01,0.37,0.474,0.255,13.43,48.0,12.0,7.2,0
4.5,2.43,0.08,0.504,0.165,51.72,20.0,2.0,8.1,0
4.36,1.66,2.56,0.761,0.213,56.18,37.0,4.0,3.1,1
0.08,2.54,2.81,0.561,0.346,11.83,20.0,3.0,7.9,0
2.89,3.38,2.18,,0.131,53.49,44.0,,5.0,0
1.6,0.89,1.99,0.035,0.081,55.11,11.0,1.0,9.6,0
2.65,2.46,0.75,0.843,0.122,38.78,59.0,2.0,1.6,0
1.1,3.97,2.18,0.443,0.445,26.6,31.0,10.0,9.9,0
3.53,3.19,0.46,0.877,0.306,30.58,1.0,0.0,0.9,1
1.66,1.2,2.45,0.848,0.158,,6.0,8.0,6.0,1
3.21,3.14,1.31,0.592,0.305,26.34,43.0,1.0,6.8,1
0.38,1.98,2.62,0.012,0.423,44.25,36.0,12.0,9.0,0
4.81,3.12,1.03,0.431,0.201,41.38,44.0,2.0,7.6,1
1.27,0.39,0.03,0.263,0.093,3.53,16.0,2.0,1.0,0
2.04,3.42,2.44,0.171,0.126,24.38,7.0,6.0,6.2,0
1.9,3.98,2.64,0.535,0.371,56.85,46.0,11.0,7.0,1
2.98,1.77,0.06,0.368,0.117,55.0,2.0,14.0,2.0,1
0.53,2.05,0.77,0.74,0.152,19.19,7.0,4.0,6.6,0
1.67,0.75,0.95,0.246,0.459,33.18,40.0,2.0,0.9,0
4.4,2.73,1.79,0.556,0.305,42.88,38.0,2.0,1.4,1
1.99,0.31,0.71,0.505,0.055,2.96,53.0,5.0,3.6,0
1.19,2.27,2.78,0.408,0.396,16.66,5.0,12.0,2.0,0
4.52,1.67,2.89,0.862,0.113,38.44,43.0,14.0,0.0,1
2.92,0.8,1.76,0.605,0.239,46.61,56.0,10.0,6.2,1
2.08,3.3,2.96,0.772,0.006,10.77,3.0,4.0,4.6,1
4.69,3.0,0.51,0.81,0.479,22.9,22.0,13.0,2.2,1
3.49,1.2,0.35,0.148,,6.88,9.0,,2.1,0
3.35,1.55,1.22,0.074,0.492,10.12,5.0,12.0,5.9,0
1.64,1.01,2.39,0.085,0.319,8.14,38.0,3.0,1.1,0
2.8,0.84,1.77,0.455,0.383,53.21,32.0,9.0,2.5,1
2.35,0.89,1.89,0.386,0.06,33.01,43.0,14.0,0.4,0
2.0,0.54,2.88,0.95,0.179,1.81,14.0,12.0,7.7,0
0.03,1.36,1.79,0.428,0.17,18.82,27.0,11.0,9.8,0
1.47,2.77,1.3,0.146,0.053,1.21,9.0,11.0,2.7,0
4.9,1.05,2.35,0.164,0.17,28.22,19.0,6.0,4.6,0
3.9,2.81,2.29,0.339,0.323,30.65,27.0,5.0,4.4,1
3.07,3.06,2.84,0.85,0.099,29.34,9.0,2.0,5.4,1
2.08,1.35,1.84,0.69,0.141,37.46,42.0,11.0,3.8,1
0.38,0.23,0.04,0.77,0.163,42.56,46.0,7.0,1.3,0
3.05,2.87,1.0,,0.472,39.05,33.0,11.0,2.5,1
1.36,0.56,1.26,0.503,0.391,58.04,41.0,0.0,8.0,0
2.88,1.1,2.18,,0.066,58.35,38.0,9.0,6.0,1
4.73,,1.78,0.676,0.457,13.31,44.0,14.0,0.7,1
3.93,3.68,1.91,0.703,0.393,6.52,24.0,6.0,2.2,1
4.8,3.02,0.79,0.144,0.208,30.56,9.0,14.0,4.0,1
4.19,1.08,2.49,0.642,0.124,43.76,15.0,8.0,6.5,1
0.44,3.25,0.96,0.632,0.165,58.6,51.0,6.0,7.8,1
0.48,1.64,2.15,0.766,0.245,27.23,20.0,9.0,5.8,0
3.39,0.58,0.79,0.667,0.335,9.56,48.0,0.0,9.0,0
3.28,1.24,1.9,0.705,0.439,31.41,18.0,9.0,8.1,1
1.9,3.29,1.52,0.806,0.039,20.26,5.0,13.0,4.8,0
0.27,1.48,0.39,0.755,,21.04,13.0,13.0,7.3,0
3.57,1.52,0.91,0.685,0.292,28.95,14.0,0.0,1.6,1
0.52,3.91,1.62,0.418,0.327,9.19,25.0,12.0,3.5,1
3.18,2.07,1.32,0.123,0.183,5.07,27.0,9.0,0.2,0
0.24,1.99,1.21,0.318,0.158,36.49,14.0,5.0,7.4,0
0.91,2.92,2.17,0.7,0.233,17.74,33.0,12.0,9.3,0
2.78,3.85,2.15,0.985,0.177,43.36,46.0,6.0,3.8,1
2.99,3.96,2.98,0.206,0.32,40.79,,10.0,3.1,1
3.36,3.12,0.37,0.153,0.072,47.11,33.0,5.0,2.7,0
0.55,3.49,0.74,0.487,0.11,4.06,5.0,11.0,0.0,0
2.22,3.63,0.87,0.804,0.034,4.63,36.0,6.0,3.1,1
0.67,2.98,0.93,0.063,0.122,1.94,34.0,14.0,0.2,0
4.68,2.26,0.99,0.858,0.355,27.95,49.0,13.0,5.6,1
4.17,1.0,1.7,0.177,0.026,9.77,20.0,10.0,6.8,0
2.82,2.91,0.14,0.544,0.291,49.86,17.0,7.0,3.6,0
2.15,2.01,,0.59,0.207,35.59,16.0,12.0,4.0,1
1.62,3.67,2.13,0.341,0.398,15.49,32.0,11.0,3.2,1
3.93,0.01,2.18,0.521,0.417,39.27,51.0,5.0,2.7,1
2.55,3.68,1.66,0.393,0.472,59.74,32.0,,3.2,1
0.06,3.8,2.76,0.922,0.219,19.53,6.0,2.0,5.6,0
2.85,0.88,0.57,0.024,0.471,2.13,59.0,2.0,5.6,0
4.29,3.52,2.96,0.868,0.059,,38.0,12.0,7.4,1
3.03,2.36,0.5,0.077,0.049,2.58,19.0,12.0,1.3,0
0.35,1.17,1.03,0.544,0.139,39.16,14.0,4.0,9.6,0
2.95,2.7,,0.998,0.417,47.81,36.0,3.0,5.2,1
3.75,3.19,2.89,0.207,0.035,52.44,18.0,6.0,8.5,0
3.69,1.69,1.74,0.427,0.156,50.24,9.0,11.0,0.6,1
2.71,2.48,2.03,0.45,0.46,55.48,46.0,11.0,3.6,1
3.76,0.81,2.88,0.674,0.28,44.68,30.0,6.0,7.3,1
0.59,0.13,2.27,0.313,0.019,1.11,49.0,6.0,1.0,0
1.31,3.74,2.94,0.825,0.142,41.54,15.0,8.0,1.7,1
1.14,0.62,1.6,0.211,0.324,38.49,21.0,1.0,5.7,0
1.74,2.06,2.16,0.996,0.01,15.1,19.0,,4.9,1
3.18,0.34,0.47,0.841,0.244,59.43,33.0,3.0,4.0,0
2.57,3.42,0.13,0.034,0.497,35.44,48.0,10.0,1.6,1
2.34,3.09,1.34,0.701,0.167,23.79,45.0,9.0,0.1,1
2.82,0.77,0.27,0.151,0.115,21.79,19.0,5.0,0.1,0
2.0,3.26,1.5,0.813,0.041,40.27,6.0,2.0,6.1,0
4.82,1.37,1.06,0.379,0.013,,4.0,1.0,4.3,0
0.07,,0.56,0.255,0.405,45.56,10.0,13.0,7.8,0
1.54,1.0,2.95,0.093,0.138,4.74,7.0,3.0,3.4,0
4.93,1.89,2.82,0.272,0.015,16.78,2.0,6.0,0.0,1
4.62,1.05,0.84,0.057,0.287,10.34,,5.0,5.1,0
4.17,2.68,1.28,0.99,0.107,5.44,12.0,13.0,4.5,1
0.78,0.22,2.01,0.263,0.051,10.67,54.0,3.0,2.0,0
4.03,2.32,1.58,0.301,0.201,42.99,23.0,0.0,9.9,0
0.46,2.95,2.74,0.353,0.052,18.62,24.0,12.0,1.1,1
0.39,0.78,2.96,0.425,0.049,4.36,56.0,3.0,3.9,0
0.4,0.95,0.19,0.333,0.229,16.67,29.0,10.0,5.3,0
2.91,2.9,1.35,0.583,0.063,43.46,51.0,2.0,3.4,1
3.45,1.66,1.13,0.61,0.267,21.08,25.0,12.0,3.6,1
1.28,2.49,0.16,,0.351,58.57,59.0,12.0,9.0,0
3.26,1.71,2.73,0.563,0.12,10.04,23.0,2.0,,0
2.29,1.68,0.47,0.872,,47.67,37.0,3.0,4.6,1
4.87,1.2,0.11,0.157,0.11,46.3,40.0,4.0,5.0,0
1.72,2.34,0.29,0.33,0.432,17.31,3.0,13.0,6.0,0
3.42,2.4,1.31,0.607,0.035,38.92,22.0,11.0,3.8,0
0.64,3.01,1.23,0.625,0.442,24.15,54.0,8.0,9.3,0
0.29,,2.71,0.074,0.146,24.36,47.0,10.0,0.8,0
3.13,2.25,0.06,0.426,0.319,5.79,9.0,10.0,2.4,1
1.27,3.39,2.77,,0.119,2.73,46.0,10.0,9.6,0
4.57,0.16,1.21,0.928,0.153,27.5,19.0,8.0,2.4,1
0.08,2.08,0.66,0.677,0.195,32.02,23.0,7.0,8.6,0
4.71,0.51,2.93,0.1,0.22,38.52,51.0,10.0,7.0,0
0.1,,2.74,0.653,0.04,29.84,15.0,0.0,8.2,0
3.24,3.58,1.89,0.099,0.02,39.38,12.0,2.0,6.7,0
4.22,1.7,0.27,0.056,0.417,9.89,37.0,8.0,4.2,1
2.15,2.54,2.32,0.215,0.272,16.5,53.0,13.0,9.8,1
3.3,1.48,0.23,0.973,0.072,18.92,13.0,8.0,0.1,1
1.47,3.02,0.78,0.579,0.155,4.52,9.0,5.0,5.5,0
2.32,2.36,1.81,0.325,0.042,31.28,,10.0,3.4,0
0.87,2.43,0.1,0.066,0.081,24.32,5.0,7.0,5.7,0
1.14,0.69,0.89,0.016,0.197,22.69,19.0,14.0,9.4,0
4.47,0.03,1.07,0.894,0.284,5.43,50.0,5.0,9.7,0
3.55,2.5,0.15,0.48,0.326,9.26,12.0,14.0,3.2,1
4.21,0.45,1.7,0.091,0.307,4.62,29.0,8.0,9.4,0
2.04,0.53,2.03,0.545,0.083,44.44,37.0,5.0,9.9,0
0.64,0.65,0.28,0.065,0.181,43.0,50.0,9.0,4.8,0
4.56,1.6,1.13,0.405,0.323,4.58,57.0,14.0,1.3,1
4.83,0.98,0.96,0.911,0.224,10.52,,13.0,9.7,1
4.26,3.81,1.47,0.926,0.316,32.88,47.0,6.0,9.0,1
2.82,2.71,,0.952,0.342,37.41,33.0,8.0,6.6,1
2.51,0.78,1.47,0.143,0.16,,6.0,0.0,0.3,0
4.47,3.22,0.01,0.183,0.132,27.93,50.0,3.0,3.6,1
2.06,1.12,0.11,0.851,0.23,59.04,49.0,9.0,,1
2.93,3.2,1.02,0.103,0.224,21.69,51.0,11.0,1.9,0
2.07,1.88,0.31,0.012,0.456,17.22,46.0,12.0,6.9,1
0.39,1.92,0.89,0.699,0.459,36.83,15.0,5.0,3.9,0
4.43,1.53,1.92,0.444,0.13,23.77,34.0,1.0,3.4,1
3.61,0.99,0.78,0.804,0.029,25.17,,7.0,4.7,1
2.32,2.75,0.34,0.155,0.338,53.18,29.0,11.0,1.6,1
0.81,2.01,2.1,0.437,0.014,42.73,38.0,12.0,4.4,0
0.88,0.04,2.75,0.817,0.237,26.87,3.0,0.0,9.4,0
3.32,1.29,2.73,0.259,0.31,25.01,32.0,11.0,8.0,0
4.69,3.07,1.96,0.471,0.09,24.18,51.0,1.0,0.4,1
2.14,1.18,0.56,0.622,0.147,59.11,2.0,2.0,4.3,1
2.22,2.74,2.62,0.72,0.493,34.48,54.0,11.0,8.6,1
3.43,0.81,2.29,0.522,0.103,48.38,8.0,7.0,2.5,0
4.28,3.03,2.52,0.723,0.011,18.01,48.0,10.0,8.4,1
4.02,1.71,0.45,0.753,0.086,42.98,58.0,4.0,5.9,0
3.57,0.03,1.45,0.833,0.078,42.28,27.0,6.0,0.1,1
1.3,2.6,1.6,0.908,0.188,59.41,4.0,9.0,8.8,1
0.86,2.31,2.33,0.703,0.404,19.36,38.0,14.0,9.0,0
0.04,2.28,0.98,0.897,0.251,31.54,13.0,8.0,8.3,0
4.85,3.81,1.04,0.061,0.388,30.47,37.0,6.0,5.3,1
2.17,1.5,2.66,0.13,0.465,52.83,58.0,5.0,7.3,1
0.99,3.6,2.22,0.404,0.027,16.62,25.0,8.0,1.3,0
0.61,0.01,1.92,0.166,0.181,23.68,1.0,12.0,8.6,0
0.75,3.85,0.36,0.337,0.262,56.99,21.0,14.0,9.5,0
1.68,2.21,0.21,0.884,,7.71,9.0,5.0,3.3,0
4.29,2.04,1.94,0.123,0.41,12.46,9.0,13.0,2.6,1
4.85,3.57,1.54,0.636,0.17,26.98,41.0,3.0,2.5,1
2.54,2.54,2.95,0.229,0.01,26.86,43.0,7.0,3.4,1
1.59,2.09,2.56,0.492,0.242,32.22,46.0,11.0,0.8,1
0.88,1.54,1.71,0.396,0.262,25.16,20.0,5.0,7.9,0
1.44,2.64,0.36,0.864,0.33,32.5,29.0,2.0,3.2,1
3.1,0.21,0.29,0.539,0.32,48.46,2.0,2.0,0.8,1
4.73,0.99,1.39,0.822,0.488,27.65,57.0,2.0,9.9,1
2.46,0.4,0.45,0.414,0.406,4.56,4.0,6.0,2.1,0
0.7,2.02,2.06,0.662,0.32,58.84,28.0,6.0,8.2,1
4.73,0.39,0.14,0.909,0.467,56.76,15.0,2.0,4.9,1
4.81,3.25,2.98,0.149,0.019,16.66,20.0,0.0,3.8,0
4.48,1.17,2.84,0.56,0.279,9.45,56.0,5.0,6.7,1
4.3,2.49,1.81,0.632,0.182,19.75,22.0,5.0,8.6,1
3.89,1.34,0.59,0.617,0.48,43.49,40.0,1.0,0.6,1
0.63,2.8,0.85,0.551,0.132,54.15,52.0,14.0,0.4,1
1.64,1.41,,0.795,0.117,2.93,3.0,,9.8,0
3.77,1.52,0.56,0.059,0.016,56.77,21.0,8.0,2.7,1
4.33,1.92,0.33,0.663,0.082,2.81,3.0,14.0,0.5,1
1.14,1.29,1.99,0.886,0.168,54.7,10.0,10.0,3.3,1
3.1,0.68,2.24,0.915,0.182,33.4,22.0,9.0,1.8,1
0.3,1.75,0.73,0.178,0.024,11.28,43.0,3.0,4.5,0
4.28,2.65,2.28,0.602,0.425,50.29,49.0,0.0,8.8,1
1.74,1.3,0.49,0.28,0.138,41.7,8.0,11.0,9.0,0
0.98,3.24,0.7,0.723,0.324,58.03,35.0,1.0,3.1,1
4.19,3.28,2.35,0.079,0.434,20.5,54.0,12.0,4.8,1
0.85,0.83,2.93,0.124,0.43,10.5,9.0,5.0,5.4,0
2.3,1.08,2.33,0.673,0.195,58.98,7.0,11.0,2.5,1
0.48,0.01,0.59,0.548,0.2,51.89,20.0,7.0,1.7,0
2.22,1.41,0.89,0.896,0.268,46.25,2.0,1.0,4.8,0
4.62,3.65,1.92,0.028,0.089,26.49,36.0,3.0,4.1,1
3.47,3.13,2.86,0.702,0.288,,10.0,9.0,9.0,1
4.92,3.84,2.98,0.714,0.497,16.67,21.0,8.0,8.5,1
2.24,0.86,1.76,0.829,0.277,3.42,55.0,5.0,6.6,0
4.45,2.29,1.31,0.771,0.308,24.02,39.0,8.0,2.8,1
4.56,1.46,0.73,0.519,0.019,53.57,45.0,2.0,3.7,1
0.45,2.46,0.23,0.287,0.184,30.49,37.0,2.0,1.8,0
4.9,2.98,0.92,0.394,0.151,1.07,46.0,5.0,2.7,1
4.46,0.38,1.68,0.523,0.233,6.44,40.0,9.0,9.8,0
3.13,0.35,1.92,0.004,0.296,45.31,19.0,3.0,5.5,0
2.68,0.44,0.99,0.09,0.07,43.7,44.0,2.0,8.2,0
1.93,1.12,2.88,0.542,0.062,28.87,41.0,2.0,2.7,0
2.93,2.98,0.28,0.996,0.186,57.35,49.0,0.0,4.1,1
3.68,2.55,2.13,,0.422,37.99,50.0,13.0,6.0,1
3.54,1.2,1.13,0.799,0.048,29.76,58.0,8.0,0.5,1
1.5,3.42,2.34,0.382,0.191,58.39,9.0,4.0,9.0,0
3.36,2.91,2.5,0.124,0.287,5.4,49.0,14.0,8.5,1
0.02,3.89,2.18,0.842,,33.37,42.0,0.0,9.8,0
0.85,2.74,1.71,0.658,0.087,50.49,35.0,12.0,3.9,1
0.76,2.87,0.23,0.133,0.293,53.31,27.0,14.0,1.2,1
3.71,3.29,0.42,0.436,0.279,17.62,50.0,10.0,6.8,1
4.48,3.7,1.79,0.225,0.377,51.82,39.0,11.0,1.3,1
0.43,1.11,2.89,0.667,0.132,9.89,43.0,5.0,3.1,1
4.56,2.58,1.59,0.465,0.282,46.47,24.0,8.0,2.2,1
1.53,1.65,2.7,0.298,0.445,23.88,28.0,6.0,6.4,0
3.11,0.92,2.78,0.557,0.215,39.91,17.0,6.0,6.5,0
0.82,0.77,0.36,0.905,0.185,33.37,48.0,13.0,3.3,1
,0.39,1.37,0.415,0.413,22.16,43.0,2.0,7.4,0
2.31,3.39,2.26,0.966,0.39,30.16,53.0,0.0,7.8,0
1.87,0.05,1.23,0.712,0.161,42.12,47.0,2.0,6.9,0
4.11,3.98,0.88,0.603,0.133,49.69,22.0,6.0,,1
2.92,3.86,2.74,0.06,0.317,54.57,23.0,,1.5,1
2.48,2.12,1.79,0.81,0.132,23.2,58.0,12.0,3.8,1
3.92,2.97,1.88,0.673,0.214,7.18,45.0,1.0,4.4,1
3.55,1.83,2.1,0.127,0.246,35.37,14.0,1.0,3.3,0
0.52,0.88,2.92,0.011,0.412,11.9,18.0,4.0,5.6,0
2.59,2.96,1.85,0.936,0.471,50.54,47.0,9.0,3.0,1
3.99,,0.05,0.198,0.268,49.58,,7.0,4.2,0
3.19,3.46,2.9,0.422,0.298,21.12,29.0,6.0,0.2,1
3.56,3.44,0.68,0.419,0.189,2.76,41.0,11.0,3.5,1
2.87,3.83,2.88,0.086,0.2,35.34,48.0,5.0,6.9,1
4.64,2.79,1.19,0.804,0.35,55.16,55.0,7.0,5.0,1
2.57,1.97,2.58,0.604,0.486,5.03,34.0,11.0,7.2,1
2.82,2.24,1.2,0.535,0.029,39.73,45.0,12.0,6.1,1
4.4,1.44,1.89,0.863,0.385,58.53,29.0,11.0,9.8,0
3.07,2.64,1.21,0.91,0.188,46.67,38.0,4.0,2.7,1
2.19,0.37,2.22,0.129,0.206,37.24,59.0,12.0,1.1,0
1.27,3.97,2.42,0.688,0.162,49.73,18.0,1.0,1.3,1
4.83,0.25,2.55,0.268,0.27,11.28,55.0,2.0,2.7,0
3.86,2.41,,0.78,0.293,52.13,1.0,5.0,5.8,1
0.41,1.16,2.49,0.117,0.332,57.53,25.0,,7.7,0
0.63,3.29,1.21,0.188,0.305,53.75,24.0,3.0,0.4,1
1.03,2.52,1.82,0.213,0.387,6.88,52.0,14.0,9.7,0
1.18,2.43,0.19,0.623,0.311,7.93,45.0,2.0,3.5,0
3.23,2.99,1.8,0.668,0.49,56.46,10.0,4.0,8.2,1
2.66,0.47,2.47,0.919,,,44.0,12.0,6.7,1
1.18,1.25,0.85,0.074,0.316,17.01,57.0,14.0,5.9,0
0.75,2.02,1.38,0.684,0.056,47.2,57.0,14.0,0.9,1
3.46,1.28,2.46,0.012,0.194,9.18,26.0,5.0,9.0,0
0.26,0.44,0.9,0.509,0.062,16.22,49.0,9.0,3.8,0
1.1,1.24,2.76,0.46,0.286,43.23,34.0,1.0,8.9,0
1.48,1.83,,0.045,0.446,3.01,32.0,2.0,1.9,0
0.91,0.59,1.43,0.187,0.342,20.88,51.0,1.0,9.7,0
2.87,2.65,1.9,0.802,0.496,8.53,40.0,12.0,6.2,1
3.59,0.29,,0.304,0.413,18.98,32.0,0.0,8.4,0
2.04,3.57,1.24,0.482,0.441,53.72,28.0,2.0,5.0,1
0.83,1.45,1.91,0.394,0.363,30.47,34.0,0.0,6.0,0
2.01,1.44,2.66,0.186,0.115,5.96,4.0,13.0,3.2,0
2.33,0.84,1.99,0.941,0.2,11.63,13.0,3.0,7.4,0
4.4,1.93,1.87,0.053,0.346,46.55,5.0,0.0,9.0,0
2.66,3.33,2.24,0.462,0.299,7.66,48.0,13.0,7.2,1
0.29,2.35,1.21,0.336,0.275,29.93,38.0,7.0,4.7,0
,3.24,0.05,0.667,0.111,25.98,9.0,11.0,8.4,0
0.94,3.88,2.82,0.647,0.473,16.33,48.0,5.0,5.0,1
2.64,2.5,0.92,0.697,0.024,55.95,38.0,5.0,4.4,1
1.71,0.67,2.3,0.499,0.475,10.77,16.0,6.0,,0
3.49,1.21,,0.111,0.12,33.3,23.0,6.0,2.3,0
0.95,2.65,2.08,0.503,0.25,28.84,58.0,2.0,4.8,1
2.56,3.13,2.45,0.879,0.242,3.92,8.0,5.0,0.4,1
2.57,2.62,1.48,0.329,,49.91,48.0,2.0,9.8,0
3.26,2.32,0.1,0.886,0.413,24.64,35.0,0.0,9.6,0
2.91,3.71,2.89,0.703,0.041,49.03,39.0,7.0,9.9,1
0.63,1.99,2.41,0.949,0.057,2.81,1.0,9.0,8.8,0
3.47,2.67,1.93,0.488,0.097,25.5,26.0,0.0,9.0,1
2.32,1.25,2.67,,0.284,41.48,29.0,12.0,0.9,1
0.94,1.56,2.77,0.073,0.254,48.74,41.0,12.0,2.1,1
,0.94,2.63,0.008,0.401,16.81,36.0,5.0,6.7,0
1.85,3.2,0.43,0.904,0.272,1.19,52.0,5.0,2.0,1
2.22,0.8,2.19,0.564,0.259,28.97,,2.0,0.5,1
4.47,0.93,0.96,0.107,0.099,3.29,8.0,1.0,4.1,0
4.36,0.43,0.13,0.351,0.143,56.32,25.0,1.0,9.3,0
0.12,2.94,0.84,0.585,0.236,13.06,53.0,3.0,10.0,0
2.57,0.3,1.96,0.922,0.417,40.93,45.0,4.0,4.9,1
0.37,0.24,2.74,0.741,0.215,31.48,40.0,5.0,6.1,0
0.18,2.5,2.07,0.419,0.183,36.23,20.0,3.0,3.5,0
1.06,1.5,1.75,0.04,0.376,57.05,52.0,14.0,2.8,1
4.83,3.71,1.0,0.641,0.369,49.2,2.0,12.0,9.3,1
4.65,3.51,0.66,0.364,0.412,36.64,32.0,0.0,7.2,1
3.57,1.99,1.65,0.07,0.41,36.91,25.0,14.0,2.2,1
1.54,0.33,1.45,0.83,0.18,19.77,10.0,14.0,2.5,1
1.06,2.2,2.06,0.937,,1.86,27.0,10.0,,0
0.86,3.98,1.61,0.526,0.442,13.58,52.0,,4.0,1
0.11,2.64,1.25,0.116,0.351,20.29,12.0,7.0,4.9,0
2.2,3.18,2.54,0.402,0.011,20.31,47.0,3.0,8.1,0
3.03,1.61,2.39,0.077,0.176,26.04,59.0,9.0,6.9,0
2.97,0.3,2.44,0.802,0.289,14.58,23.0,2.0,9.5,0
3.51,3.76,0.27,0.541,0.457,46.39,46.0,7.0,,1
2.55,1.32,0.45,0.393,0.117,12.15,37.0,7.0,2.6,0
2.67,0.61,0.6,0.73,0.111,48.32,47.0,7.0,5.5,0
4.8,0.62,2.73,0.837,0.353,34.13,38.0,2.0,2.6,1
2.82,0.54,1.09,0.783,0.318,28.14,13.0,6.0,3.1,0
4.37,1.72,1.97,0.821,0.292,20.8,48.0,7.0,7.4,0
0.62,3.44,0.13,0.868,0.21,8.24,34.0,3.0,3.8,0
4.13,0.59,,0.468,0.44,48.48,57.0,3.0,4.8,1
3.44,3.02,2.29,0.659,0.192,30.34,37.0,10.0,6.7,1
0.03,0.29,2.24,0.59,0.259,13.35,40.0,1.0,4.1,0
1.05,0.48,0.13,0.128,0.02,58.25,10.0,10.0,4.3,0
1.08,0.46,0.29,0.239,0.054,11.27,59.0,0.0,3.5,0
1.99,2.07,2.23,0.172,0.484,22.58,38.0,0.0,4.5,0
1.96,3.52,1.88,0.649,0.043,18.97,51.0,14.0,7.9,1
1.75,2.98,1.09,0.863,0.324,11.36,21.0,14.0,5.9,1
2.17,3.46,1.66,0.758,0.007,35.94,21.0,0.0,0.7,1
4.14,3.46,0.01,0.377,0.479,1.94,49.0,6.0,1.0,1
0.25,0.46,1.29,0.658,0.244,49.89,53.0,11.0,0.1,1
4.24,2.2,0.5,0.41,0.38,42.44,7.0,2.0,2.0,1
4.59,3.16,2.9,0.274,0.122,15.22,16.0,0.0,2.2,1
0.83,3.8,0.95,0.894,0.404,49.98,4.0,4.0,0.7,1
1.83,2.74,2.39,0.205,0.238,53.86,19.0,5.0,6.9,0
3.26,3.43,0.38,0.634,0.431,44.27,17.0,0.0,7.0,1
4.89,1.49,0.54,0.751,0.062,3.92,32.0,12.0,5.3,1
4.33,2.82,2.09,0.619,0.259,28.32,54.0,11.0,6.5,1
3.7,1.48,2.32,0.12,0.155,6.22,31.0,1.0,8.9,0
4.7,0.78,2.7,0.27,0.058,2.1,51.0,2.0,2.3,0
4.91,0.26,2.08,0.015,0.152,14.37,49.0,2.0,4.5,0
4.49,3.54,2.12,0.759,0.102,54.92,53.0,0.0,4.1,1
0.93,0.26,0.7,0.185,0.199,23.33,5.0,0.0,8.2,0
3.57,4.0,2.84,0.856,0.339,49.52,30.0,3.0,3.1,1
2.0,2.04,2.14,0.165,0.016,53.02,11.0,10.0,3.7,0
4.09,2.02,0.53,0.372,0.477,19.87,,8.0,1.9,1
0.28,0.29,1.95,0.142,0.282,,10.0,2.0,0.3,0
4.15,0.3,2.43,0.533,0.493,37.02,19.0,11.0,8.9,1
1.47,2.87,1.39,0.594,0.485,6.86,33.0,0.0,8.1,0
3.85,1.77,1.01,0.228,0.282,44.87,2.0,2.0,8.0,0
,0.71,2.58,0.407,0.012,26.1,54.0,11.0,2.6,0
0.24,0.81,2.56,0.117,0.388,36.87,,6.0,1.4,0
3.25,0.93,2.36,0.788,0.472,29.62,42.0,6.0,6.0,1
2.22,3.24,0.61,0.787,0.445,58.81,10.0,14.0,4.7,1
4.23,2.45,1.68,0.258,0.359,42.3,32.0,13.0,2.5,1
4.56,0.29,1.32,0.264,0.022,14.03,48.0,8.0,7.8,0
2.03,,2.09,0.61,0.16,47.6,29.0,7.0,1.5,1
3.08,2.08,2.69,0.609,0.272,41.19,16.0,11.0,8.2,1
1.4,2.32,0.74,0.733,0.484,31.73,52.0,12.0,9.4,1
1.3,1.21,0.93,0.097,0.172,57.33,24.0,,7.4,0
,0.07,0.71,0.672,0.476,29.13,10.0,0.0,6.7,0
0.73,2.03,2.27,0.736,0.24,33.56,12.0,4.0,3.5,1
2.23,2.38,1.49,0.279,0.024,46.07,40.0,11.0,1.7,1
2.27,2.58,1.43,0.258,0.045,49.74,52.0,0.0,2.2,0
2.92,1.77,1.49,0.665,0.098,38.98,41.0,14.0,3.5,1
3.16,2.24,0.92,0.117,0.434,45.78,3.0,12.0,4.6,1
2.16,2.18,0.69,0.542,0.215,47.2,55.0,0.0,9.1,0
2.21,1.48,2.41,0.502,0.409,51.42,28.0,7.0,4.3,1
3.11,3.23,1.89,0.673,0.226,42.67,31.0,14.0,9.1,1
3.51,1.73,2.16,0.606,0.284,35.47,40.0,10.0,2.4,1
3.97,0.95,0.9,0.814,0.316,18.16,15.0,8.0,8.1,1
3.42,0.04,0.52,0.061,0.258,18.44,52.0,1.0,6.4,0
0.04,1.15,0.81,0.647,0.267,12.28,20.0,0.0,2.0,0
1.16,0.41,2.68,0.718,0.253,18.46,54.0,13.0,1.3,1
0.67,2.0,1.01,0.792,0.206,47.94,52.0,1.0,0.0,1
4.06,1.53,0.19,0.37,0.448,42.55,18.0,11.0,3.4,1
2.4,1.0,1.47,0.292,0.119,17.6,19.0,0.0,2.5,0
1.92,0.52,0.99,0.665,0.486,19.8,48.0,4.0,9.5,0
3.75,3.22,1.44,0.515,0.388,58.84,,13.0,7.4,1
0.38,3.94,2.07,0.376,0.277,19.95,30.0,10.0,0.9,1
3.52,3.45,2.87,0.745,0.122,13.2,40.0,3.0,7.2,1
2.61,3.15,2.34,0.481,0.108,23.95,9.0,8.0,2.6,1
2.11,2.12,1.48,0.458,0.36,43.36,49.0,9.0,7.9,1
3.3,3.34,2.32,0.359,0.035,21.67,12.0,13.0,4.6,1
0.11,2.14,0.72,,0.218,50.09,5.0,11.0,2.2,0
0.51,1.29,2.48,0.834,0.13,25.19,59.0,14.0,8.4,1
1.99,0.9,1.66,0.343,0.043,59.55,38.0,7.0,9.6,0
0.47,0.86,2.44,0.437,0.484,9.89,46.0,7.0,4.9,1
2.41,1.82,1.72,0.118,0.166,1.65,35.0,11.0,4.1,0
2.98,2.55,0.99,0.614,0.135,22.4,28.0,11.0,6.5,1
3.22,0.61,0.33,0.595,0.031,15.84,34.0,5.0,2.4,0
1.18,0.05,1.4,0.304,0.437,23.99,51.0,4.0,9.4,0
3.82,0.09,2.21,0.358,0.028,8.48,20.0,10.0,6.4,0
0.46,1.23,0.89,0.749,,42.96,21.0,14.0,7.4,0
4.64,2.88,0.89,0.534,0.148,51.89,44.0,2.0,7.9,1
0.68,0.02,2.31,0.25,0.214,38.9,56.0,0.0,8.0,0
2.17,1.87,0.56,0.564,0.3,32.38,13.0,11.0,7.5,0
0.19,1.19,1.22,0.875,0.285,45.06,45.0,4.0,2.8,0
2.42,3.66,1.86,0.997,0.17,2.47,9.0,9.0,6.6,1
4.63,3.83,1.11,0.091,0.339,45.96,41.0,10.0,6.1,1
1.07,1.59,2.89,0.448,0.211,32.27,37.0,0.0,9.2,0
4.53,3.91,2.76,0.447,0.294,36.18,49.0,12.0,7.4,1
2.52,3.88,2.85,0.944,0.431,55.69,12.0,5.0,5.6,1
0.54,2.3,2.95,0.92,0.464,47.81,24.0,,9.2,1
3.86,1.54,2.92,0.449,0.421,55.06,55.0,7.0,8.6,1
2.19,0.42,0.95,0.268,0.322,34.16,26.0,0.0,2.9,0
2.4,2.21,1.58,0.645,0.003,29.9,55.0,13.0,9.2,1
3.07,3.34,2.35,0.121,0.146,16.83,7.0,2.0,,1
4.15,1.58,2.16,0.203,0.065,40.4,10.0,2.0,2.7,0
2.05,2.02,0.79,0.822,0.364,,36.0,2.0,1.7,1
3.76,1.59,1.09,0.838,0.095,10.4,12.0,2.0,6.8,1
0.8,2.81,2.81,0.905,0.135,40.11,,6.0,6.4,0
0.24,2.2,2.8,0.746,0.185,32.82,,5.0,6.0,1
0.24,2.06,2.18,0.167,0.191,20.26,40.0,7.0,8.3,0
0.21,0.87,0.02,0.292,0.09,31.3,46.0,14.0,9.8,0
2.63,2.37,1.55,0.463,0.353,12.47,50.0,8.0,1.3,1
1.95,1.98,0.63,0.32,0.178,34.19,35.0,1.0,8.3,0
3.93,2.81,2.32,0.534,0.284,41.16,7.0,1.0,7.2,1
0.02,2.53,0.24,0.095,0.066,28.87,6.0,7.0,4.6,0
3.36,1.18,2.42,0.952,0.005,10.37,34.0,8.0,3.5,1
1.87,2.52,0.92,0.979,0.303,44.71,34.0,2.0,6.2,1
2.35,3.06,1.11,0.073,0.369,56.7,1.0,12.0,7.2,1
0.67,2.6,2.08,0.04,0.324,28.67,25.0,3.0,5.0,0
3.83,2.0,0.69,0.487,0.008,58.68,50.0,0.0,2.5,1
4.35,2.64,2.53,0.143,0.17,4.62,54.0,7.0,,0
0.18,1.89,2.79,0.139,0.455,59.28,21.0,7.0,1.3,1
1.69,1.36,2.96,,0.346,39.01,27.0,7.0,1.9,1
2.08,2.49,2.08,0.958,0.392,57.18,29.0,11.0,6.0,1
4.28,0.08,1.68,0.937,0.009,11.73,59.0,10.0,4.5,1
3.98,0.37,2.67,0.928,0.213,29.16,36.0,1.0,6.1,1
2.74,0.73,0.85,0.168,0.464,58.66,59.0,7.0,8.1,0
,3.92,1.6,0.085,0.092,24.03,12.0,8.0,8.0,0
2.77,1.15,0.65,0.11,0.417,41.27,30.0,13.0,5.8,0
,2.0,0.98,0.59,0.018,12.22,4.0,3.0,8.6,0
4.52,2.28,2.11,0.339,0.128,51.52,9.0,4.0,3.3,1
1.34,0.05,0.29,0.875,0.111,16.56,46.0,11.0,5.3,0
3.98,0.31,1.46,0.659,0.007,10.11,20.0,11.0,6.5,0
2.83,0.62,2.52,0.998,0.345,33.49,37.0,6.0,4.5,1
0.17,0.87,1.49,0.908,0.411,15.58,47.0,3.0,9.2,0
1.25,0.29,0.72,0.571,0.163,46.16,43.0,7.0,9.8,0
0.65,2.6,1.07,0.831,0.3,50.48,17.0,10.0,0.1,1
2.34,0.48,1.74,0.16,0.106,31.63,56.0,4.0,8.1,0
3.96,3.58,1.87,0.86,0.088,2.25,58.0,14.0,10.0,1
2.93,2.01,0.02,0.716,0.204,24.0,35.0,0.0,8.7,0
1.63,0.75,0.54,0.387,0.083,2.73,56.0,8.0,8.8,0
3.63,0.93,2.08,0.807,0.399,54.06,7.0,7.0,8.8,1
3.1,2.59,0.25,0.657,0.124,17.14,47.0,3.0,0.8,1
0.35,0.45,2.55,,0.026,58.48,38.0,3.0,1.7,0
0.54,0.18,0.92,0.979,0.434,18.53,53.0,10.0,3.4,0
0.51,3.2,2.36,0.271,0.455,26.74,36.0,2.0,2.1,0
1.59,1.97,2.52,0.547,0.315,1.53,14.0,6.0,5.4,0
2.89,3.4,2.82,0.869,0.061,57.62,17.0,5.0,2.6,1
4.66,3.8,2.13,0.289,0.358,30.36,24.0,11.0,1.6,1
3.34,1.82,2.59,0.231,0.081,8.47,6.0,1.0,1.9,0
3.54,,0.82,0.555,0.119,49.68,50.0,13.0,7.4,0
0.48,1.48,0.05,0.352,0.123,17.52,43.0,12.0,1.8,0
0.53,3.57,2.04,0.692,0.387,1.58,51.0,11.0,5.0,1
,3.99,0.77,,0.032,40.78,25.0,10.0,8.9,0
2.91,1.53,2.25,0.989,0.325,16.22,22.0,8.0,,1
3.72,3.86,1.13,0.283,0.095,57.5,24.0,9.0,2.0,1
3.96,2.02,2.3,0.637,0.281,11.28,49.0,0.0,4.2,1
1.05,0.15,2.29,0.271,0.149,17.56,25.0,4.0,7.0,0
3.61,0.81,1.32,0.461,0.102,34.57,34.0,4.0,5.2,0
1.61,1.55,2.58,0.291,0.355,56.27,39.0,11.0,7.7,1
2.79,1.42,1.41,0.416,0.42,21.14,13.0,14.0,1.0,1
2.55,3.25,2.88,,0.449,28.78,28.0,2.0,3.4,1
0.37,3.15,0.12,0.706,0.198,6.62,24.0,2.0,1.6,0
4.2,0.51,1.63,,0.189,6.76,47.0,4.0,9.4,0
3.67,0.23,0.06,0.899,0.372,50.3,6.0,12.0,2.2,1
3.38,2.84,0.95,0.322,0.461,16.09,57.0,,8.0,1
1.7,1.7,1.39,0.062,0.41,41.91,37.0,7.0,1.9,1
4.96,0.69,0.51,0.947,0.228,,38.0,9.0,9.0,1
0.31,0.35,2.44,0.272,0.27,19.09,44.0,9.0,0.9,0
1.51,0.86,1.26,0.997,0.063,37.81,37.0,13.0,3.0,1
0.66,3.83,0.43,0.547,0.159,4.65,9.0,10.0,1.3,0
1.18,0.35,0.88,0.849,0.058,20.57,23.0,2.0,3.2,0
2.23,2.2,0.4,0.108,0.158,19.49,41.0,9.0,5.2,0
3.06,0.1,1.63,0.552,0.239,7.42,47.0,9.0,9.7,0
0.49,3.61,1.4,0.019,0.26,22.46,11.0,1.0,3.2,0
2.9,2.05,0.63,0.38,0.204,40.24,44.0,5.0,2.5,0
3.89,3.75,2.91,0.041,0.008,48.19,35.0,12.0,6.4,0
4.6,1.3,1.98,0.462,0.267,19.86,19.0,12.0,3.3,1
1.04,1.62,0.96,0.713,0.182,37.23,28.0,8.0,3.2,0
4.46,3.0,1.1,0.878,0.234,5.62,43.0,5.0,9.6,0
4.36,,2.83,0.665,0.04,39.34,43.0,1.0,2.2,1
1.41,0.56,1.73,0.725,0.279,30.76,19.0,1.0,1.2,0
3.44,1.59,0.34,0.218,0.409,35.28,30.0,3.0,9.1,0
3.47,3.88,2.42,0.293,0.054,41.63,,5.0,6.3,0
4.74,1.3,2.64,0.938,0.14,,32.0,7.0,6.4,1
1.16,3.75,1.95,0.163,0.161,2.58,5.0,13.0,7.0,1
0.46,2.48,0.14,0.991,0.019,4.97,5.0,,4.0,0
2.8,1.92,0.89,0.841,0.222,44.5,,11.0,5.2,1
1.29,1.33,2.2,0.802,0.065,36.82,26.0,12.0,7.6,1
1.18,2.04,0.76,0.808,0.078,20.87,50.0,1.0,5.6,0
4.62,2.62,1.32,0.373,0.301,44.83,44.0,12.0,5.9,1
3.62,2.84,0.85,0.793,0.206,33.03,34.0,6.0,9.5,1
3.35,0.31,0.31,0.354,0.396,32.94,13.0,9.0,4.1,1
4.76,2.56,1.36,0.366,0.001,39.8,21.0,10.0,3.1,0
0.35,3.57,,0.794,0.439,50.57,37.0,7.0,1.1,1
2.94,1.71,,0.39,0.282,16.74,47.0,8.0,1.0,1
2.44,1.0,0.68,0.808,,59.6,1.0,7.0,4.4,1
1.51,2.8,0.37,0.011,0.172,22.67,49.0,4.0,3.1,0
2.93,0.46,2.04,0.172,0.023,34.36,16.0,5.0,5.2,0
4.0,3.73,0.68,0.933,0.134,50.66,36.0,9.0,0.6,1
2.81,2.05,1.29,0.629,,28.81,1.0,14.0,6.8,0
0.87,2.65,0.51,0.468,0.195,10.77,53.0,8.0,0.0,1
2.82,1.41,1.85,0.58,0.36,59.98,11.0,2.0,0.1,1
0.98,1.72,1.87,0.402,0.388,49.74,32.0,10.0,1.0,1
0.76,2.31,2.57,0.133,0.455,8.93,3.0,3.0,0.3,1
2.73,3.95,2.96,0.891,0.043,38.54,23.0,9.0,2.9,1
0.53,2.81,2.7,0.754,0.3,18.57,,1.0,8.6,0
1.88,3.74,2.47,0.698,0.061,35.16,21.0,0.0,1.5,0
,3.82,2.65,0.844,0.404,8.9,27.0,6.0,8.3,1
2.92,3.12,0.16,0.746,,45.47,52.0,14.0,5.5,1
2.42,0.16,2.28,0.516,0.06,45.19,35.0,13.0,1.3,0
1.21,1.08,1.11,0.137,0.206,13.83,11.0,14.0,9.0,0
1.5,3.23,0.57,0.107,,23.83,2.0,11.0,5.2,0
1.1,0.05,1.3,0.031,0.433,31.31,50.0,5.0,,0
2.63,1.94,0.35,0.492,0.34,41.08,8.0,10.0,5.5,1
4.44,3.07,0.8,0.16,0.352,21.83,56.0,4.0,8.5,0
4.21,3.72,1.24,0.273,0.322,3.66,33.0,3.0,8.1,0
4.0,1.76,1.76,0.878,0.15,17.16,42.0,3.0,1.0,1
1.42,3.32,2.8,0.608,0.006,32.6,33.0,13.0,6.2,0
2.36,1.83,0.22,0.985,0.306,24.77,28.0,0.0,9.7,1
1.96,0.57,1.86,0.95,0.208,59.06,,6.0,6.7,0
2.63,1.83,0.23,0.442,0.106,23.08,38.0,14.0,8.6,0
2.23,1.77,,0.657,0.481,49.91,32.0,7.0,2.1,1
,2.1,1.81,0.948,0.196,2.12,55.0,11.0,6.7,1
0.34,3.72,1.17,0.784,0.127,27.51,29.0,14.0,6.7,1
1.01,2.47,0.16,0.656,0.004,26.49,34.0,8.0,0.9,1
1.88,0.36,2.46,0.592,0.387,54.86,42.0,9.0,3.8,1
1.17,1.72,1.01,0.542,0.089,17.21,43.0,8.0,,0
4.38,1.82,0.18,0.139,0.202,27.85,44.0,1.0,7.5,0
,3.3,0.16,0.106,0.3,39.55,36.0,9.0,5.6,0
3.46,2.07,0.26,0.241,0.034,44.24,56.0,7.0,1.7,1
4.77,1.73,2.6,0.574,0.22,58.53,50.0,3.0,3.4,1
0.55,0.54,1.42,0.931,0.022,58.93,6.0,5.0,0.4,0
1.73,3.12,2.62,0.394,0.205,33.85_err,42.0,9.0,3.4,1
4.92,3.09,2.25,0.859,0.072,41.18,51.0,6.0,,1
3.26,0.8,0.04,0.022,0.011,6.74,43.0,3.0,9.8,0
4.78,2.64,0.91,0.74,0.101,51.62,2.0,1.0,8.0,1
1.06,0.34,1.57,0.09,0.321,21.21,49.0,5.0,9.6,0
2.26,2.31,0.09,0.901,0.407,33.89,21.0,1.0,4.5,1
1.29,2.17,2.87,0.484,0.29,54.04,13.0,14.0,3.7,1
4.53,0.5,2.73,0.508,0.042,8.76,27.0,9.0,9.8,0
3.2,2.65,0.71,0.919,0.013,51.61,53.0,9.0,8.6,1
3.4,0.35,1.1,0.439,0.484,10.32,24.0,,6.9,0
3.02,3.25,2.18,0.903,0.457,19.34,5.0,14.0,3.6,1
3.96,0.61,0.05,0.681,0.396,40.24,12.0,14.0,2.4,1
2.55,1.71,0.67,0.283,0.265,44.4,10.0,3.0,4.9,0
4.34,3.4,1.54,0.061,0.172,45.21,42.0,13.0,2.3,1
0.21,0.26,1.09,0.905,0.421,54.91,50.0,2.0,1.8,1
3.99,3.2,0.33,0.325,0.385,18.16,43.0,5.0,3.2,1
0.09,2.99,1.66,0.025,0.207,46.36,20.0,6.0,1.1,0
1.65,1.17,2.47,0.907,0.203,59.56,53.0,9.0,5.0,1
2.26,3.58,0.69,0.533,0.234,5.35,4.0,6.0,8.1,0
2.77,3.66,0.67,0.697,0.053,12.8,19.0,13.0,9.5,0
4.52,2.93,0.21,0.953,0.361,54.95,33.0,4.0,4.2,1
4.5,3.31,1.66,0.197,0.122,16.27,51.0,6.0,9.6,0
4.11,0.58,1.21,0.631,0.493,56.83,48.0,13.0,7.1,1
4.92,1.77,1.9,0.173,0.172,31.92,50.0,2.0,0.6,1
1.49,3.88,0.1,0.259,0.161,32.88,7.0,14.0,4.2,1
3.7,0.38,1.92,0.541,0.343,7.19,14.0,2.0,9.6,0
0.32,1.66,2.8,0.223,0.372,12.0,17.0,12.0,2.5,1
1.6,3.85,2.47,0.471,0.319,52.56,17.0,13.0,0.9,1
1.62,,1.04,0.016,,43.61,8.0,14.0,2.9,0
1.31,,0.33,0.65,0.164,8.55,44.0,2.0,6.0,0
4.88,3.41,1.62,0.766,,9.27,7.0,,8.2,1
4.72,1.29,0.85,0.233,0.301,54.95,23.0,14.0,4.9,1
1.97,0.14,0.03,0.028,0.11,47.25,57.0,2.0,6.3,0
1.86,3.32,1.23,0.067,0.194,8.04,23.0,11.0,8.9,0
2.44,2.98,1.62,,0.283,34.54,58.0,2.0,6.3,1
2.14,2.12,2.33,1.0,0.296,59.01,,10.0,5.3,1
1.51,1.45,2.94,0.686,0.466,32.16,58.0,7.0,0.6,1
1.32,3.03,2.6,0.009,0.079,6.55,11.0,9.0,6.7,0
4.65,2.39,1.62,0.938,0.238,29.23,16.0,10.0,5.5,1
1.0,0.94,2.42,0.858,0.432,18.35,20.0,9.0,8.3,0
,3.52,2.49,0.523,0.14,31.49,40.0,11.0,5.3,1
3.46,2.14,2.9,0.81,0.261,44.85,39.0,10.0,2.8,1
4.87,3.43,0.74,0.294,0.305,30.34,19.0,1.0,1.8,1
3.55,0.33,0.76,0.122,0.342,8.86,53.0,4.0,6.9,0
2.72,0.92,0.66,0.157,0.319,45.97,34.0,12.0,4.5,1
2.32,1.26,,0.236,0.26,15.49,44.0,7.0,6.6,0
3.22,3.38,2.05,0.272,0.114,1.82,10.0,14.0,8.3,0
3.43,3.49,0.42,0.422,0.395,9.7,25.0,11.0,3.2,1
4.96,3.08,2.88,0.69,0.465,39.36,28.0,10.0,6.3,1
1.75,2.33,1.82,0.132,0.338,56.64,6.0,13.0,9.3,0
1.06,1.82,,0.199,0.168,45.84,59.0,2.0,2.1,0
2.13,0.38,1.31,0.114,0.498,20.05,43.0,11.0,8.6,0
1.23,2.62,2.32,0.484,0.113,25.51,39.0,14.0,1.8,1
0.23,3.34,0.93,0.714,0.5,34.93,50.0,0.0,3.6,1
4.84,3.44,2.01,0.443,0.255,5.01,50.0,6.0,4.3,1
0.31,0.96,2.15,0.744,0.267,55.92,25.0,0.0,6.0,1
2.41,2.35,2.49,0.568,0.291,22.05,49.0,12.0,1.8,1
2.39,3.77,1.74,0.316,0.067,26.12,20.0,14.0,4.9,1
0.93,3.41,0.57,0.545,0.349,4.5,41.0,12.0,9.4,0
2.89,0.63,2.53,0.831,0.233,10.04,37.0,9.0,3.4,1
4.12,1.57,0.55,0.173,0.155,17.82,52.0,6.0,2.2,0
4.38,0.39,1.38,0.563,0.373,15.65,31.0,13.0,0.5,1
1.83,3.33,0.27,0.675,0.359,19.02,3.0,8.0,7.1,1
0.97,2.43,0.48,0.904,0.021,19.61,38.0,11.0,5.0,1
2.53,2.8,0.58,0.604,,44.06,49.0,11.0,5.3,1
0.61,0.66,2.16,0.043,0.119,4.69,15.0,14.0,9.8,0
4.25,2.9,,0.569,0.171,25.55,49.0,6.0,2.5,1
2.3,0.9,1.54,0.203,0.211,8.5,41.0,8.0,,0
4.45,3.89,2.03,0.464,0.422,47.58,42.0,11.0,1.7,1
0.19,3.5,1.65,0.567,0.352,59.53,10.0,6.0,4.6,1
4.23,0.06,1.98,0.659,0.439,37.32,6.0,10.0,6.5,1
1.3,2.69,2.7,0.073,,38.22,53.0,7.0,8.5,0
4.78,1.35,2.9,0.847,0.06,1.54,5.0,6.0,7.2,0
0.39,2.74,2.05,0.944,0.224,29.93,1.0,13.0,6.3,1
4.19,,0.56,0.699,0.323,33.02,42.0,4.0,0.2,1
2.67,1.09,2.94,0.603,0.236,57.64,32.0,4.0,5.6,0
0.97,0.19,0.21,0.619,,4.7,17.0,14.0,3.7,0
2.16,1.47,2.78,0.698,0.027,7.49,5.0,8.0,9.7,0
1.52,2.41,1.36,0.881,0.176,23.33,44.0,7.0,3.3,1
1.19,3.47,2.53,0.15,0.412,25.98,34.0,14.0,1.0,1
3.11,0.84,1.02,0.034,0.386,34.62,22.0,6.0,1.4,0
3.38,3.51,1.68,0.071,,57.15,40.0,1.0,6.9,0
0.53,3.21,0.43,0.278,0.279,36.97,9.0,5.0,4.1,0
3.63,2.59,2.72,0.403,0.222,50.55,28.0,5.0,4.0,1
2.42,3.44,0.9,0.466,0.397,35.31,17.0,7.0,3.8,1
2.65,1.3,0.79,0.225,0.251,29.1,22.0,2.0,9.6,0
3.72,3.77,1.34,0.075,0.109,53.92,14.0,8.0,1.4,1
2.16,0.72,1.1,0.249,0.5,2.54,27.0,1.0,8.4,0
2.97,2.31,0.41,0.772,0.031,38.66,20.0,5.0,8.6,0
2.57,1.87,0.07,0.609,0.458,48.85,41.0,4.0,6.6,0
0.59,3.0,0.96,0.74,0.094,15.6,37.0,5.0,2.6,0
2.14,1.4,,0.527,0.444,4.35,19.0,13.0,6.2,1
4.18,3.68,0.57,0.255,0.467,7.24,13.0,0.0,0.7,0
0.15,0.38,0.52,0.965,0.39,47.57,53.0,12.0,9.3,0
0.17,2.45,1.6,,0.471,11.64,13.0,12.0,6.7,1
4.65,0.3,2.02,0.911,0.347,13.38,4.0,6.0,1.4,1
4.1,3.89,2.96,0.215,0.175,28.23,37.0,6.0,7.8,0
0.02,0.81,0.25,0.698,0.458,17.18,12.0,1.0,3.1,0
4.67,3.09,1.39,0.548,0.019,56.65,33.0,8.0,0.4,1
1.49,2.92,2.91,0.215,0.114,21.8,18.0,5.0,2.3,0
2.25,3.9,1.93,,0.44,6.99,46.0,12.0,6.5,1
,3.74,1.95,0.003,0.33,16.51,31.0,12.0,6.5,0
0.88,,2.7,0.171,0.409,12.68,59.0,0.0,9.6,0
0.61,2.57,1.02,0.166,0.237,23.71,20.0,4.0,3.8,0
3.48,2.09,1.64,0.58,0.396,16.56,29.0,9.0,7.8,1
0.07,0.81,1.4,0.511,0.198,57.23,4.0,13.0,4.8,0
1.94,2.53,1.03,0.929,0.126,54.34,43.0,12.0,7.5,1
2.27,2.87,2.65,0.829,0.371,42.4,7.0,6.0,5.0,1
1.46,3.77,1.26,0.33,0.106,54.63,49.0,9.0,4.7,1
1.25,1.13,0.42,0.529,0.128,39.01,37.0,11.0,3.8,0
3.07,1.43,0.47,0.31,0.041,46.53,44.0,14.0,0.4,1
4.14,1.8,0.34,,0.308,49.5,6.0,12.0,8.4,1
2.53,2.77,2.24,0.611,0.218,9.87,34.0,7.0,6.3,1
3.56,3.37,2.88,0.825,0.399,39.43,21.0,3.0,4.8,1
3.66,1.03,0.73,0.03,0.001,32.4,25.0,8.0,5.5,0
4.54,2.16,,0.049,0.047,51.99,2.0,11.0,2.0,0
3.67,1.01,0.38,0.037,0.338,37.48,32.0,4.0,9.5,0
1.35,1.86,2.21,0.702,0.102,39.9,4.0,2.0,2.7,1
0.95,3.74,2.39,0.348,0.228,34.83,54.0,0.0,0.0,0
4.54,3.53,1.05,0.709,0.213,16.99,42.0,8.0,6.0,1
3.83,1.84,0.03,0.223,0.027,34.0,3.0,2.0,8.2,0
3.13,1.47,2.6,0.01,0.444,58.88,45.0,14.0,6.3,1
4.74,2.18,0.27,0.665,0.306,38.26,44.0,10.0,2.8,1
3.37,,0.46,0.195,0.102,52.04,52.0,9.0,4.2,0
3.18,0.47,0.74,0.556,0.024,31.44,41.0,2.0,7.1,0
4.34,0.91,1.91,0.434,0.016,26.46,50.0,6.0,6.8,0
3.94,0.48,1.05,0.891,0.349,17.5,15.0,11.0,4.6,0
1.48,0.07,0.14,0.038,0.464,,53.0,2.0,,1
2.5,3.14,2.28,0.446,0.381,57.21,33.0,11.0,5.6,1
3.29,1.5,1.66,0.838,0.217,52.24,43.0,5.0,4.4,1
1.18,,2.49,0.68,0.488,51.3,7.0,4.0,3.1,1
3.2,1.99,0.2,0.879,0.061,29.52,4.0,14.0,,0
3.69,2.74,2.85,0.991,0.091,38.77,33.0,8.0,4.0,1
1.32,1.99,0.31,0.557,0.415,4.37,16.0,13.0,5.5,0
1.35,1.95,1.67,0.345,0.08,2.91,59.0,7.0,1.7,0
4.97,,1.56,0.081,0.076,19.25,45.0,1.0,1.4,1
1.83,2.55,2.68,0.628,0.275,37.05,7.0,1.0,4.7,1
0.14,0.44,1.69,0.777,0.412,44.22,25.0,0.0,1.5,0
,2.27,0.84,0.499,0.193,24.71,16.0,0.0,9.2,0
3.77,0.56,,0.205,0.252,46.88,47.0,10.0,5.3,1
3.37,2.33,0.78,0.905,0.48,50.69,10.0,0.0,5.5,1
4.17,2.64,0.81,0.896,0.121,20.9,34.0,5.0,6.9,1
3.29,0.77,0.63,0.383,0.159,58.34,57.0,6.0,5.1,0
3.04,0.64,0.7,0.657,0.122,17.44,22.0,8.0,6.3,0
3.58,0.73,2.57,0.77,0.243,36.54,55.0,0.0,2.5,1
4.51,3.29,2.61,0.102,0.109,12.63,2.0,3.0,2.2,1
3.6,0.63,1.59,0.845,0.137,40.5,27.0,11.0,0.6,1
0.54,3.12,2.74,0.733,0.468,3.54,49.0,6.0,4.6,1
3.98,0.08,1.51,0.522,0.105,38.42,53.0,6.0,4.3,1
4.92,3.3,1.8,0.92,0.39,57.83,28.0,12.0,9.0,1
0.01,0.97,2.98,0.785,0.22,21.98,12.0,14.0,1.3,1
2.46,0.75,1.12,0.493,0.133,48.72,25.0,2.0,6.2,0
0.18,2.52,1.88,0.877,0.13,13.99,31.0,4.0,2.5,1
4.78,3.49,2.05,0.876,0.099,35.53,48.0,10.0,8.1,1
4.79,2.87,1.79,0.62,0.218,11.2,33.0,7.0,1.5,1
3.15,2.24,0.95,0.886,0.166,51.72,24.0,13.0,0.7,1
2.53,0.96,2.76,0.73,0.232,6.73,3.0,4.0,3.5,1
0.17,1.63,2.69,0.097,0.266,47.47,7.0,1.0,7.9,0
4.83,3.43,2.85,0.877,0.005,44.27,19.0,7.0,2.1,1
4.86,3.19,1.14,0.75,0.4,53.23,32.0,1.0,2.9,1
3.72,0.89,2.66,0.332,0.372,29.48,7.0,11.0,6.5,1
0.14,3.51,1.9,0.142,0.157,54.86,49.0,1.0,3.5,0
3.98,0.96,2.99,0.075,0.187,30.4,10.0,5.0,6.4,0
2.81,3.93,1.23,0.964,0.484,27.68,22.0,11.0,7.3,1
,2.97,0.02,0.593,0.376,7.96,29.0,9.0,2.4,1
3.41,2.83,1.51,0.063,0.064,,45.0,8.0,4.5,1
4.78,2.33,1.62,0.025,0.039,50.88,39.0,4.0,2.6,1
0.52,3.42,1.39,0.108,0.481,8.56,19.0,1.0,7.2,0
3.78,3.53,1.22,0.684,0.359,12.65,16.0,6.0,5.1,1
4.41,1.02,0.66,0.209,0.453,20.69,24.0,10.0,0.7,1
3.18,3.17,2.19,0.515,0.216,13.12,26.0,6.0,7.5,0
2.71,0.66,1.6,0.832,0.221,33.09,43.0,4.0,7.9,0
3.88,1.58,0.31,0.768,0.001,10.62,46.0,4.0,2.8,1
4.27,3.66,0.3,0.399,0.495,52.57,40.0,5.0,6.3,1
3.12,1.22,2.33,0.842,,51.65,24.0,4.0,9.5,1
3.68,1.73,1.76,0.309,0.162,29.12,9.0,8.0,3.5,0
2.0,1.68,1.52,0.247,0.253,33.59,24.0,4.0,8.7,0
1.74,2.28,0.66,0.754,0.148,16.39,41.0,14.0,9.6,0
1.02,3.34,0.94,0.497,0.043,42.16,45.0,7.0,4.9,1
3.13,2.19,2.45,0.948,0.292,37.14,33.0,14.0,2.4,1
4.09,,0.84,0.27,0.276,55.15,33.0,3.0,1.5,1
3.32,,0.53,0.53,0.247,3.13,2.0,8.0,5.0,0
1.96,2.45,1.98,0.203,0.5,30.05,47.0,14.0,9.0,1
4.94,1.73,2.31,0.08,0.451,37.1,9.0,11.0,6.6,1
0.03,1.3,0.52,0.188,0.312,35.29,5.0,5.0,7.7,0
1.55,2.45,0.76,0.059,0.157,49.28,4.0,13.0,4.4,1
4.84,3.23,0.1,0.2,0.073,32.72,45.0,2.0,3.2,0
1.93,2.02,0.09,0.023,0.422,2.62,38.0,7.0,9.8,0
3.1,3.52,0.16,0.137,0.079,59.5,58.0,7.0,2.1,1
1.2,1.15,0.17,0.433,0.029,,1.0,9.0,9.4,0
3.45,3.44,2.33,0.278,0.357,6.05,17.0,0.0,8.9,0
3.24,2.66,1.76,0.329,0.127,57.1,49.0,7.0,1.2,1
3.09,1.17,0.81,0.171,0.449,38.78,7.0,14.0,2.9,1
1.88,1.66,0.34,0.931,0.445,24.13,46.0,2.0,8.4,0
4.78,0.15,2.86,0.895,0.287,13.26,27.0,13.0,3.1,1
3.22,3.66,1.12,0.331,0.37,50.32,11.0,11.0,5.6,1
0.46,3.07,0.04,0.917,0.059,6.94,12.0,14.0,5.7,0
3.68,2.44,0.05,0.439,0.305,41.55,23.0,4.0,7.3,0
1.6,3.88,0.64,0.296,0.25,34.14,7.0,0.0,9.4,0
1.65,3.69,2.42,0.99,0.126,51.78,19.0,9.0,0.2,1
1.13,3.67,2.37,0.43,0.448,23.51,51.0,4.0,9.3,1
3.24,1.22,0.07,0.084,0.438,9.12,,1.0,8.3,0
4.78,0.91,0.6,0.583,0.41,10.58,26.0,5.0,1.2,1
4.09,2.97,2.21,0.182,0.437,37.42,45.0,5.0,6.8,1
4.62,1.31,0.22,0.614,0.466,26.15,53.0,1.0,6.7,0
4.65,1.09,1.25,0.048,0.279,24.1,36.0,11.0,2.8,1
0.01,1.01,2.88,0.111,0.259,49.26,34.0,12.0,7.7,0
3.12,0.28,1.74,0.313,0.473,10.64,7.0,3.0,8.7,0
4.65,2.9,1.29,0.616,0.447,48.16,46.0,6.0,2.5,1
2.76,0.03,2.88,0.646,0.294,39.98,55.0,7.0,8.3,1
3.4,2.26,1.52,0.648,0.065,56.49,40.0,14.0,7.6,1
2.18,1.07,1.81,,0.38,38.0,46.0,8.0,0.8,1
4.26,2.67,1.54,0.331,0.087,20.94,17.0,0.0,6.9,0
0.82,3.78,2.25,0.873,0.428,11.4,56.0,6.0,1.6,1
0.46,2.76,1.0,0.452,0.349,2.04,40.0,10.0,2.0,0
1.86,1.51,0.46,0.783,0.27,55.42,38.0,14.0,1.1,0
0.39,0.71,1.42,0.472,0.476,29.05,6.0,6.0,7.3,0
0.71,1.36,2.2,0.858,0.333,1.32,4.0,11.0,9.4,0
0.79,1.84,1.4,0.028,0.115,55.28,6.0,13.0,2.9,1
0.02,3.52,0.61,0.268,0.133,59.54,56.0,3.0,,0
4.07,3.91,0.45,0.78,0.087,57.67,37.0,12.0,5.0,1
4.46,3.71,2.91,0.691,0.443,5.89,29.0,8.0,0.1,1
0.2,2.0,2.76,0.907,0.142,16.68,47.0,2.0,3.1,1
1.17,1.89,,0.592,0.477,9.39,22.0,14.0,2.2,1
1.71,1.09,2.89,0.956,0.228,7.95,15.0,8.0,0.1,1
3.99,1.52,1.86,0.915,0.432,42.67,7.0,5.0,1.4,1
1.17,3.67,0.92,0.926,0.221,18.83,47.0,3.0,5.6,1
2.0,3.45,0.91,0.615,0.479,12.47,21.0,10.0,6.9,1
4.87,0.59,2.7,0.89,0.394,46.37,9.0,7.0,10.0,1
4.14,1.42,1.11,0.43,0.469,49.06,38.0,1.0,7.1,1
0.5,2.32,0.23,0.975,0.413,52.03,29.0,7.0,0.9,1
1.6,0.45,2.22,0.166,0.335,47.27,34.0,13.0,4.4,1
2.88,1.41,0.44,0.299,0.448,37.71,28.0,14.0,6.7,0
3.41,2.34,2.07,0.512,0.05,2.54,11.0,0.0,4.9,0
3.22,1.81,2.08,0.961,0.211,19.08,11.0,14.0,3.1,1
0.42,3.46,1.71,0.578,0.226,46.18,39.0,11.0,0.6,1
4.97,2.38,1.72,0.063,0.428,15.54,55.0,11.0,4.1,1
0.91,2.68,1.05,0.618,0.273,55.72,5.0,2.0,3.4,1
0.88,2.11,1.23,0.953,0.265,54.29,43.0,11.0,8.6,1
1.21,1.23,0.36,,0.14,39.73,24.0,2.0,1.7,0
2.05,2.37,1.66,0.301,0.273,52.8,43.0,7.0,9.7,0
1.6,3.99,2.45,0.599,0.456,32.43,40.0,6.0,8.4,1
2.56,0.8,0.09,0.684,0.396,6.41,53.0,10.0,2.6,1
4.55,2.89,2.13,0.403,0.372,53.61,29.0,12.0,0.3,1
0.2,2.85,0.4,0.077,0.346,,48.0,0.0,4.7,0
1.93,3.12,2.4,0.374,0.203,49.12,27.0,2.0,6.5,0
4.93,1.75,0.0,0.487,0.398,55.24,47.0,11.0,3.1,1
1.24,0.04,0.23,0.519,0.16,29.01,27.0,1.0,0.1,0
4.09,3.62,2.47,0.701,0.421,20.27,57.0,12.0,9.5,1
1.96,1.03,0.81,0.016,0.482,43.71,49.0,5.0,3.4,0
4.55,1.6,2.68,0.883,0.163,16.25,56.0,7.0,9.3,1
3.18,3.32,2.34,0.606,0.365,4.62,6.0,14.0,3.2,1
4.47,3.49,1.92,0.529,0.444,1.63,13.0,10.0,6.4,1
3.17,2.75,0.9,0.161,0.266,9.29,49.0,0.0,5.9,0
4.45,1.76,2.52,0.121,0.395,38.33,35.0,6.0,8.1,1
4.52,2.58,0.58,0.559,0.303,34.83,12.0,6.0,9.1,0
1.5,1.73,2.68,0.717,0.432,35.72,37.0,6.0,4.6,1
4.19,0.82,2.27,0.762,0.441,12.84,37.0,12.0,4.3,1
4.2,1.35,1.05,0.571,0.323,,38.0,2.0,8.0,0
3.53,2.42,0.52,0.355,0.129,34.61,37.0,1.0,1.3,1
1.21,0.34,1.33,0.142,0.306,58.21,41.0,12.0,2.6,0
0.54,0.08,0.39,0.566,0.147,22.94,27.0,0.0,1.2,0
3.09,0.02,1.46,0.333,0.011,39.0,43.0,14.0,3.0,0
3.27,0.45,0.68,0.809,0.496,49.55,22.0,,5.4,1
4.85,0.55,0.01,0.507,0.221,25.26,27.0,3.0,6.9,0
1.99,2.7,1.59,0.224,0.23,16.46,21.0,9.0,2.7,1
3.61,1.62,0.9,0.831,0.274,49.9,57.0,3.0,7.0,1
4.4,0.18,1.83,0.914,0.378,22.69,14.0,8.0,4.2,1
3.99,0.75,0.94,0.183,0.379,53.63,52.0,5.0,,0
2.02,2.05,2.05,0.551,0.276,56.14,27.0,7.0,5.4,1
1.2,2.48,2.0,0.847,0.407,15.17,57.0,2.0,8.7,0
0.16,,0.08,0.866,0.106,46.46,23.0,5.0,8.5,0
3.79,,2.07,0.583,0.424,16.37,56.0,1.0,4.3,0
1.92,0.48,0.55,0.532,0.059,22.53,11.0,7.0,,0
2.51,2.59,2.46,0.047,0.328,53.23,40.0,0.0,5.8,0
4.91,2.43,0.36,0.731,0.005,18.64,30.0,9.0,2.4,1
0.02,1.37,0.74,0.183,0.494,10.88,,2.0,1.2,0
1.38,2.64,1.72,0.884,0.322,13.83,17.0,14.0,0.5,1
4.91,3.72,1.26,0.789,0.459,33.3,55.0,12.0,2.5,1
2.44,0.08,2.97,0.994,0.283,34.55,9.0,9.0,0.8,1
4.69,0.83,2.16,0.546,0.497,57.55,40.0,,1.9,1
4.26,0.47,0.66,0.463,0.268,8.78,24.0,14.0,4.2,0
3.56,2.82,2.2,0.305,0.21,58.29,50.0,10.0,1.6,1
3.57,2.64,1.07,0.039,0.378,56.75,27.0,5.0,7.3,0
0.02,0.37,0.07,0.635,0.052,33.67,40.0,6.0,0.1,0
1.49,0.54,0.84,0.947,0.13,23.94,6.0,13.0,9.3,0
2.2,3.41,2.82,0.473,0.281,14.7,9.0,2.0,3.8,1
2.6,2.37,0.38,0.294,0.202,49.07,21.0,7.0,1.1,1
2.22,2.04,1.72,0.679,0.245,52.39,50.0,6.0,0.1,1
2.18,2.11,2.93,0.714,0.427,57.18,,5.0,9.2,0
4.31,0.66,1.56,0.716,0.098,54.65,5.0,7.0,4.6,0
4.85,1.59,0.99,0.958,0.056,52.5,41.0,4.0,8.7,1
4.24,2.33,1.8,0.122,0.234,50.04,27.0,9.0,5.4,1
3.46,1.96,0.77,0.812,0.109,42.89,34.0,9.0,1.2,1
3.68,1.71,2.33,0.082,0.009,15.55,15.0,5.0,6.5,0
3.69,1.14,2.59,0.702,0.358,13.65,54.0,5.0,7.4,1
,1.48,1.06,0.755,0.214,8.23,1.0,2.0,5.3,1
0.28,2.71,2.32,0.404,0.358,10.66,7.0,1.0,2.8,0
0.37,3.89,2.51,0.719,0.103,28.75,41.0,12.0,8.3,1
0.49,3.58,1.22,0.204,0.151,22.11,18.0,6.0,0.9,0
4.56,3.19,2.85,0.033,0.326,42.34,55.0,9.0,5.4,1
3.11,2.85,2.07,,0.336,11.77,27.0,5.0,8.4,1
2.28,1.77,1.37,0.138,0.374,32.77,24.0,1.0,4.0,0
3.85,1.58,,0.84,0.052,44.17,23.0,3.0,4.0,1
1.1,2.63,1.49,0.271,0.412,18.37,32.0,2.0,2.9,0
4.03,0.74,0.49,0.724,0.294,32.25,45.0,2.0,3.6,0
1.73,3.72,1.39,0.831,0.06,4.95,31.0,14.0,3.4,1
3.17,0.47,1.67,0.955,0.219,57.77,57.0,7.0,3.6,1
4.94,0.46,0.48,0.825,0.189,13.66,50.0,11.0,0.8,1
0.36,0.73,2.68,0.844,0.086,,40.0,1.0,3.2,0
4.79,0.28,1.79,0.344,0.436,34.54,40.0,13.0,9.4,0
3.84,0.21,1.39,0.29,0.277,7.17,5.0,6.0,3.8,0
2.23,0.61,2.35,0.42,0.229,28.63,46.0,1.0,9.3,0
0.51,1.31,2.3,0.677,,28.4,14.0,6.0,0.4,0
0.56,2.27,1.16,0.309,0.303,28.26,18.0,12.0,6.4,0
2.91,2.16,1.34,0.03,0.061,35.45,41.0,8.0,3.9,0
2.63,0.3,1.41,0.545,0.264,48.24,54.0,14.0,3.5,1
2.68,2.8,0.45,0.033,0.159,33.34,17.0,8.0,5.7,0
1.39,1.17,2.17,0.781,0.289,42.15,57.0,10.0,1.1,1
0.46,1.65,0.53,0.121,0.34,11.91,12.0,3.0,7.3,0
4.0,1.47,0.22,0.914,0.474,32.65,6.0,4.0,8.2,0
1.11,1.98,2.01,0.545,0.306,6.79,39.0,7.0,0.4,1
3.23,0.13,0.25,0.64,0.169,,30.0,9.0,1.5,1
1.82,0.77,2.6,0.371,0.419,44.4,55.0,13.0,1.2,1
3.17,0.61,0.99,0.651,0.34,23.54,35.0,6.0,9.4,0
3.85,3.21,0.7,0.254,0.209,11.4,30.0,3.0,6.9,1
0.97,2.22,1.28,0.813,0.028,41.84,17.0,12.0,2.9,1
0.07,3.04,1.45,0.321,0.41,32.43,54.0,1.0,1.0,1
1.4,2.83,0.43,0.637,,37.56,45.0,1.0,6.7,0
4.81,1.07,2.67,0.721,0.232,41.87,43.0,5.0,0.9,1
0.92,2.04,0.53,0.317,0.282,58.69,27.0,8.0,9.2,0
2.37,0.58,1.53,0.639,0.387,55.35,19.0,1.0,2.6,1
1.87,3.12,1.8,0.375,0.237,23.84,12.0,10.0,2.7,1
1.55,0.82,1.95,0.543,0.326,17.04,21.0,4.0,4.6,0
3.65,3.94,1.53,0.786,0.24,10.42,56.0,2.0,9.4,0
3.61,3.89,0.78,0.73,0.312,4.99,45.0,3.0,3.9,0
3.9,0.66,0.21,0.236,0.255,50.35,21.0,11.0,3.4,0
1.7,0.03,2.83,0.704,0.132,54.52,7.0,1.0,5.8,0
1.8,0.47,2.4,0.811,0.315,51.57,30.0,12.0,9.8,1
2.74,1.63,0.83,0.143,0.239,22.84,54.0,5.0,2.4,0
0.02,3.12,0.31,0.042,0.135,43.49,31.0,1.0,8.7,0
4.77,3.38,2.93,0.446,0.435,9.45,51.0,2.0,5.0,1
1.17,1.93,2.63,0.247,0.175,43.69,57.0,8.0,7.9,1
0.86,3.49,1.83,0.099,0.157,22.08,48.0,14.0,3.7,1
3.19,3.54,1.55,0.883,0.025,20.22,50.0,14.0,4.5,1
4.24,2.41,0.86,0.034,0.07,48.78,28.0,10.0,3.9,0
3.21,1.37,1.05,0.334,0.205,42.81,41.0,14.0,5.1,1
3.15,2.98,2.6,0.773,0.285,42.36,3.0,5.0,1.6,1
2.44,2.68,1.74,0.04,0.034,40.59,43.0,12.0,8.3,0
4.45,1.87,2.69,0.221,0.297,33.28,8.0,10.0,3.9,1
4.84,3.08,2.6,0.624,0.287,11.02,16.0,9.0,3.3,1
2.98,3.27,,0.467,0.026,16.22,58.0,5.0,8.4,0
0.39,2.6,0.43,0.088,0.329,34.82,23.0,0.0,2.2,0
0.5,0.06,2.83,0.402,0.39,47.14,17.0,4.0,7.3,0
2.1,1.86,2.41,0.306,0.355,38.75,29.0,6.0,3.4,1
2.46,1.75,1.1,0.699,0.164,24.29,38.0,10.0,5.7,1
3.2,3.58,2.66,0.559,0.025,37.71,28.0,13.0,5.2,1
4.97,2.04,1.09,0.528,0.285,20.26,10.0,4.0,5.8,1
3.54,1.5,1.95,0.76,0.341,35.92,5.0,8.0,5.8,1
4.37,1.25,0.94,0.211,0.427,46.69,55.0,9.0,6.9,0
4.71,2.39,2.72,0.62,0.017,10.27,30.0,11.0,4.7,1
0.98,0.28,0.11,0.19,0.143,5.04,39.0,14.0,4.9,0
1.67,3.5,2.04,0.498,0.005,24.7,51.0,8.0,7.6,0
3.44,2.48,0.58,0.716,0.203,45.28,42.0,1.0,2.1,0
3.26,0.97,0.29,0.701,0.118,7.91,37.0,7.0,7.8,0
2.12,1.14,1.74,0.454,0.037,59.7,41.0,8.0,0.1,1
4.27,3.61,2.2,0.261,0.379,47.26,11.0,3.0,5.8,1
4.9,0.13,2.97,0.021,0.323,42.98,40.0,11.0,4.4,1
1.99,1.21,0.37,0.388,0.212,24.36,38.0,12.0,6.3,0
1.74,1.18,0.69,0.596,0.082,49.2,39.0,1.0,4.9,0
1.44,2.98,2.94,0.292,0.275,21.94,26.0,8.0,7.9,1
2.81,,0.69,0.81,0.113,28.35,33.0,14.0,2.0,0
3.06,,1.86,0.844,0.107,5.23,32.0,3.0,2.7,1
0.91,1.56,2.0,0.42,0.234,58.68,19.0,1.0,5.8,0
,2.88,2.43,0.455,0.119,37.39,37.0,,2.4,1
0.6,0.24,1.09,0.179,0.27,15.18,10.0,5.0,9.4,0
4.52,0.69,0.39,0.157,0.019,37.91,15.0,4.0,8.6,0
3.24,2.53,0.14,0.231,0.125,46.73,58.0,10.0,7.6,0
2.78,2.83,0.27,0.411,0.348,46.25,39.0,5.0,7.5,0
4.62,0.01,1.68,0.972,0.082,1.01,42.0,9.0,6.5,0
4.91,3.75,1.09,0.625,0.311,45.85,19.0,7.0,7.3,1
0.12,1.52,2.48,0.423,0.01,31.87,18.0,11.0,0.3,0
3.95,1.45,1.22,0.218,0.325,49.26,11.0,8.0,5.8,0
2.69,3.35,1.56,0.779,0.328,12.67,45.0,7.0,2.6,1
0.01,0.44,2.85,0.641,0.144,17.32,35.0,7.0,1.0,1
2.15,0.93,1.6,0.407,0.362,4.06,6.0,5.0,9.7,0
3.87,3.42,2.39,0.61,0.093,19.84,27.0,12.0,9.5,1
3.71,2.25,2.29,0.578,0.198,25.02,19.0,14.0,9.1,1
4.64,2.46,0.77,0.58,0.453,11.97,16.0,12.0,6.5,1
3.11,1.22,1.62,0.071,0.387,41.07,40.0,0.0,0.0,0
1.13,2.14,0.45,0.901,0.426,54.4,35.0,2.0,3.0,1
3.63,3.36,0.69,0.852,0.19,3.41,26.0,12.0,0.2,1
4.91,3.93,2.89,0.082,0.489,20.41,28.0,4.0,3.3,1
4.43,1.55,0.5,0.636,0.329,10.32,59.0,9.0,3.0,0
0.01,0.64,2.88,0.497,0.001,5.78,35.0,0.0,5.7,0
2.16,1.45,2.11,0.743,0.037,14.04,32.0,12.0,1.4,1
1.04,1.39,2.6,0.401,0.349,31.59,10.0,0.0,3.2,1
2.47,1.42,0.64,0.978,0.473,35.25,58.0,6.0,9.0,0
1.96,1.02,1.16,0.952,0.372,6.82,23.0,10.0,2.3,1
2.81,2.18,2.51,0.096,0.261,54.76,51.0,1.0,4.9,0
4.13,3.88,2.36,0.306,0.1,13.62,24.0,4.0,1.2,1
3.21,0.21,2.15,0.207,0.401,45.62,54.0,13.0,7.5,0
1.79,2.29,0.89,0.318,0.287,40.16,28.0,3.0,0.8,0
1.69,3.82,1.42,0.477,0.084,47.75,58.0,7.0,1.7,1
1.05,1.68,1.41,0.115,0.109,27.6,24.0,10.0,9.9,0
2.58,2.18,2.84,0.711,0.193,42.02,17.0,11.0,3.0,1
4.05,0.43,1.94,0.574,0.178,53.23,36.0,14.0,0.1,1
0.01,2.38,1.03,0.147,0.203,8.63,54.0,10.0,2.4,0
3.54,1.55,1.54,0.677,0.197,37.61,57.0,0.0,4.3,0
2.54,2.91,2.66,0.644,0.4,31.29,8.0,8.0,4.7,1
4.3,2.0,2.17,0.883,0.115,27.47,35.0,8.0,4.1,1
2.55,0.43,1.83,0.212,0.117,55.07,10.0,3.0,1.4,0
,0.63,1.62,0.609,0.026,59.83,14.0,1.0,1.9,0
3.7,3.53,1.52,0.876,0.384,24.22,33.0,6.0,6.7,1
2.43,2.39,1.36,0.263,0.279,28.79,49.0,4.0,9.7,0
1.49,0.28,2.67,0.232,0.159,36.31,57.0,1.0,7.5,0
4.87,1.22,0.12,,0.272,33.03,42.0,11.0,7.7,0
,3.03,0.91,0.763,0.376,35.91,10.0,12.0,4.4,1
3.89,2.32,2.13,0.809,0.262,5.03,29.0,5.0,3.6,1
3.42,3.51,2.63,0.034,0.297,38.17,21.0,7.0,8.0,1
2.05,1.15,2.91,0.314,0.089,39.06,39.0,5.0,6.9,0
3.59,3.49,2.85,0.127,,52.21,59.0,14.0,4.5,1
0.65,1.7,1.13,0.154,0.43,31.77,29.0,6.0,7.6,0
1.21,3.88,2.63,0.816,0.149,17.0,32.0,8.0,0.7,1
3.6,3.39,1.65,0.964,0.033,30.65,38.0,12.0,0.7,1
0.64,3.69,1.11,0.414,0.26,30.79,38.0,,7.1,0
,,2.72,0.97,0.443,39.06,36.0,8.0,9.8,1
2.99,2.98,1.82,0.378,0.007,30.48,9.0,9.0,1.6,1
0.36,3.19,2.31,0.716,0.282,24.46,34.0,3.0,9.5,1
3.84,2.23,0.76,0.359,0.011,51.71,46.0,10.0,9.7,1
2.19,1.57,1.19,0.32,0.01,58.32,29.0,6.0,1.0,0
1.48,1.63,0.15,0.588,0.216,32.86,39.0,2.0,4.5,0
2.66,1.71,,0.87,,37.96,15.0,4.0,4.4,1
3.76,2.02,1.95,0.593,0.013,38.41,23.0,4.0,2.1,1
4.55,2.71,0.67,,0.258,31.75,20.0,7.0,4.4,1
1.6,1.46,1.25,0.504,0.361,7.13,34.0,10.0,8.4,0
3.47,,1.24,0.949,0.133,4.04,13.0,4.0,9.2,0
1.71,1.35,2.3,0.815,0.281,51.64,7.0,14.0,3.3,1
0.07,2.29,1.7,0.407,0.442,14.72,3.0,6.0,,1
4.81,2.64,2.03,0.824,0.41,39.08,44.0,3.0,5.2,1
1.49,1.57,0.37,0.108,0.327,38.03,24.0,5.0,3.0,0
2.32,2.18,,0.435,0.117,34.61,5.0,13.0,5.4,0
3.25,0.07,1.85,0.112,0.053,8.77,50.0,9.0,6.2,0
3.4,1.9,1.6,0.997,0.071,4.58,9.0,10.0,8.0,0
4.11,3.29,0.3,0.047,0.497,13.86,47.0,13.0,6.5,1
1.91,1.2,2.31,0.908,0.361,36.74,55.0,3.0,5.3,0
3.54,1.06,1.63,0.932,0.107,33.29,40.0,,6.7,1
3.08,3.09,1.63,0.293,0.296,43.68,29.0,11.0,2.2,1
4.93,1.28,2.55,0.95,0.01,24.39,43.0,14.0,9.3,1
3.7,1.56,0.73,0.501,0.414,47.01,36.0,14.0,6.5,1
4.72,3.29,1.52,0.938,0.399,33.61,58.0,6.0,8.5,1
1.42,0.26,2.22,0.486,0.329,5.55,47.0,10.0,2.2,1
2.28,3.74,2.73,0.47,0.105,6.93,30.0,5.0,6.8,0
2.65,0.79,2.55,0.753,0.25,16.97,41.0,13.0,0.2,1
4.24,0.86,2.32,0.234,0.34,23.52,8.0,10.0,1.5,1
2.12,3.09,2.62,0.904,0.186,57.99,15.0,14.0,1.4,1
2.79,0.49,0.8,0.848,0.301,54.57,27.0,10.0,8.9,1
0.69,0.56,1.34,0.135,0.159,,52.0,14.0,4.6,0
0.96,0.37,2.94,0.029,0.254,12.81,53.0,3.0,6.8,0
1.95,2.42,0.05,0.711,0.141,58.89,23.0,,9.7,0
0.25,3.37,2.97,0.352,0.355,32.74,22.0,9.0,8.7,1
0.38,0.72,0.31,0.102,0.073,35.79,43.0,,6.1,0
3.52,1.58,2.73,0.895,0.177,30.23,56.0,12.0,2.6,1
0.35,2.72,1.69,0.994,0.353,31.95,51.0,10.0,1.6,1
0.01,1.22,0.89,0.319,0.347,43.63,48.0,10.0,6.8,0
0.31,0.78,2.85,0.185,0.261,11.64,1.0,5.0,3.4,0
3.19,3.62,1.81,0.857,0.044,30.32,1.0,4.0,4.2,1
2.81,2.81,2.67,0.53,0.243,9.86,32.0,11.0,6.8,1
4.07,3.7,1.15,0.985,0.058,11.95,55.0,9.0,8.0,0
1.03,3.12,1.96,0.638,0.181,27.87,33.0,0.0,5.6,1
2.95,1.39,1.06,0.566,0.131,14.36,7.0,12.0,8.6,0
4.03,0.1,2.98,0.928,0.454,57.32,42.0,6.0,8.4,1
3.59,1.87,1.66,0.802,0.233,8.54,,13.0,5.5,1
1.59,1.47,2.12,0.407,0.388,58.98,10.0,9.0,0.8,1
3.09,2.02,0.92,0.011,0.221,56.6,33.0,10.0,6.9,0
3.66,0.05,2.31,0.752,0.152,49.19,18.0,13.0,,1
4.1,2.13,1.3,0.865,0.217,34.93,7.0,10.0,7.8,1
4.94,1.65,2.7,0.13,0.447,28.83,14.0,14.0,0.7,1
2.0,2.72,1.64,0.895,0.05,43.96,8.0,12.0,4.6,1
0.15,1.08,1.15,0.866,0.19,,51.0,7.0,4.2,0
2.62,3.28,2.47,0.018,0.123,34.05,1.0,12.0,1.9,0
1.61,3.72,1.81,0.729,0.244,53.95,32.0,2.0,5.5,0
1.51,0.66,2.36,0.383,0.296,36.51,57.0,4.0,5.3,0
3.42,2.59,2.1,0.051,0.356,19.61,25.0,14.0,4.8,1
0.22,2.53,1.42,0.331,0.067,24.6,29.0,,3.3,1
2.71,1.36,,0.605,0.295,42.85,11.0,0.0,9.2,0
3.17,0.45,2.27,0.306,0.387,4.01,42.0,,7.9,0
3.63,2.67,2.09,0.788,0.341,38.08,55.0,10.0,8.4,1
4.81,1.82,0.97,0.495,0.24,19.96,46.0,5.0,2.8,1
0.04,0.76,1.18,0.035,0.297,24.48,6.0,7.0,9.6,0
2.62,0.23,2.85,0.561,0.45,17.58,36.0,0.0,3.3,1
4.37,3.78,0.93,0.438,0.25,53.56,30.0,8.0,1.0,1
1.02,1.64,2.44,,0.41,49.38,47.0,7.0,8.2,0
4.88,2.99,,0.442,0.479,51.25,28.0,2.0,0.4,1
0.95,0.55,1.18,0.798,0.03,25.26,14.0,11.0,9.7,0
,2.5,1.01,0.106,0.431,8.57,,5.0,1.1,1
0.37,0.1,1.85,0.247,0.055,39.46,45.0,14.0,1.4,0
2.6,1.69,2.79,0.987,0.033,40.56,46.0,4.0,0.3,0
1.25,0.98,2.17,0.415,0.214,25.63,24.0,5.0,1.1,0
1.56,1.34,0.45,0.83,0.246,5.14,39.0,6.0,2.3,0
1.85,2.5,2.17,0.504,0.043,14.09,9.0,5.0,7.9,0
1.17,1.42,0.06,0.232,0.48,1.95,59.0,2.0,0.1,0
4.33,,1.99,0.086,0.027,43.23,32.0,0.0,8.5,0
0.76,2.86,2.64,0.746,0.349,53.43,54.0,7.0,3.0,1
2.15,2.17,1.09,0.485,0.174,53.03,39.0,3.0,8.9,0
4.91,2.51,2.15,0.979,0.065,15.26,22.0,6.0,4.2,1
2.94,1.53,1.9,0.903,0.405,13.21,51.0,4.0,7.1,0
3.16,1.02,0.28,0.154,0.401,,9.0,12.0,1.5,0
3.65,1.0,0.93,0.657,0.453,13.09,20.0,14.0,5.4,1
4.34,3.97,2.05,0.183,0.419,8.49,18.0,9.0,3.3,1
4.1,2.66,0.09,0.365,0.264,11.22,11.0,4.0,2.6,1
1.82,0.4,1.65,0.333,0.053,25.91,33.0,2.0,6.8,0
4.19,2.57,1.64,0.515,0.403,27.84,53.0,5.0,9.0,1
1.02,0.41,2.34,0.834,0.018,40.13,31.0,13.0,6.3,0
2.02,1.2,2.93,0.885,0.35,57.93,45.0,5.0,8.8,1
3.34,3.38,0.15,0.683,0.025,54.77,28.0,10.0,3.8,1
1.22,3.66,0.28,0.63,0.12,22.07,36.0,14.0,6.6,1
1.77,3.44,0.92,0.923,0.236,11.46,36.0,7.0,1.0,1
2.56,2.22,1.72,0.102,0.294,57.84,49.0,3.0,9.5,0
1.21,1.81,0.06,0.392,0.452,39.86,2.0,5.0,7.1,0
3.8,0.98,0.87,0.218,0.494,35.92,2.0,14.0,5.3,0
3.64,3.19,0.36,0.137,0.373,32.09,42.0,5.0,8.7,0
4.61,2.49,1.88,0.671,0.5,21.11,17.0,1.0,7.1,1
0.33,2.12,2.14,0.192,0.106,36.05,13.0,1.0,4.5,0
4.5,1.04,0.07,0.96,0.229,26.23,22.0,0.0,5.7,0
0.08,1.24,2.81,0.528,0.398,31.7,41.0,9.0,5.6,0
4.12,0.98,2.21,0.471,0.004,31.6,23.0,13.0,6.6,0
1.28,2.55,0.99,0.358,0.255,2.2,33.0,0.0,7.6,0
3.26,2.45,2.17,0.274,0.434,20.97,1.0,14.0,3.8,1
3.35,0.69,1.37,0.911,0.311,10.31,36.0,9.0,,0
1.93,1.33,2.03,0.615,0.366,52.81,39.0,7.0,2.8,1
1.03,0.07,1.27,,0.428,34.67,36.0,10.0,3.8,0
0.18,0.71,1.33,0.683,0.442,25.98,35.0,14.0,3.7,0
,2.11,0.57,0.237,0.192,39.81,50.0,13.0,0.8,1
3.52,1.51,2.6,0.771,0.126,12.78,13.0,0.0,1.9,1
1.87,2.35,2.74,0.553,0.194,18.02,45.0,10.0,9.8,0
0.95,,1.2,0.442,0.153,16.73,22.0,1.0,5.0,0
0.81,0.37,1.16,0.655,0.249,36.59,32.0,2.0,2.2,0
1.33,2.67,0.47,0.871,0.198,30.97,43.0,8.0,3.8,1
4.0,3.78,0.97,0.403,0.054,31.81,52.0,10.0,4.5,1
0.76,1.09,2.41,0.688,0.431,58.05,23.0,4.0,4.7,1
2.17,0.83,1.25,0.363,0.111,10.99,40.0,1.0,4.4,0
3.26,3.35,2.36,0.361,0.438,13.97,3.0,2.0,7.9,0
4.24,1.08,2.56,0.839,0.092,35.05,11.0,12.0,3.6,0
2.56,1.51,1.03,0.548,0.375,31.1,29.0,2.0,5.9,0
3.4,0.89,2.97,0.405,0.086,27.73,53.0,7.0,4.5,0
2.55,2.51,1.78,0.201,0.274,27.24,41.0,2.0,4.6,0
3.79,1.8,1.01,0.796,0.473,37.72,26.0,10.0,9.4,1
3.93,1.48,0.35,0.63,0.329,47.52,13.0,14.0,3.3,1
3.91,1.04,0.96,0.72,0.022,23.4,38.0,0.0,1.3,0
3.68,3.82,0.45,0.436,0.334,30.74,16.0,2.0,3.8,1
4.04,0.34,2.3,0.308,0.054,44.22,,5.0,1.3,0
4.0,1.1,0.79,0.724,0.032,26.17,3.0,6.0,8.2,0
4.32,1.38,1.03,0.086,0.248,14.61,21.0,1.0,2.3,0
2.34,3.27,0.96,0.66,0.436,10.96,44.0,3.0,5.6,0
,3.81,1.81,0.977,0.438,5.09,6.0,6.0,2.0,1
0.37,0.03,1.06,0.815,0.335,42.34,37.0,5.0,0.6,1
1.79,3.84,0.43,0.732,0.158,17.16_err,15.0,7.0,3.2,1
4.62,3.85,1.88,0.441,0.417,32.54,25.0,7.0,9.9,1
2.07,3.65,1.52,0.016,0.395,38.93,56.0,10.0,9.7,0
4.32,3.68,2.28,0.985,0.498,43.45,59.0,2.0,4.7,1
2.77,3.21,0.77,0.921,0.246,3.39,29.0,14.0,3.8,1
1.29,1.2,2.58,0.498,0.43,17.14,31.0,12.0,9.8,1
0.49,3.21,1.15,0.687,0.312,17.63,13.0,13.0,4.3,1
3.49,1.96,1.87,0.56,0.409,28.35,39.0,5.0,0.2,1
1.12,2.16,2.97,0.69,0.025,29.22,23.0,7.0,9.6,0
2.88,0.09,2.07,0.054,0.162,14.46,29.0,9.0,8.4,0
1.96,1.9,1.55,0.998,0.252,11.42,30.0,5.0,6.9,0
3.35,1.08,0.81,0.781,0.077,50.38,30.0,12.0,8.7,0
3.11,1.35,1.2,0.266,0.211,30.38,38.0,0.0,1.5,0
3.04,1.9,0.26,0.542,0.127,9.75,35.0,0.0,2.3,0
2.58,2.75,0.76,0.473,0.086,28.58,53.0,9.0,0.8,1
3.44,0.3,1.02,0.354,0.226,49.04,13.0,13.0,9.2,0
3.57,2.42,2.52,0.439,0.243,19.91,6.0,11.0,3.3,0
1.05,1.2,0.28,0.569,,11.52_err,54.0,3.0,9.3,0
2.98,3.31,1.23,0.511,0.209,45.96,51.0,3.0,4.8,1
0.07,3.58,1.54,0.838,0.222,2.62,51.0,13.0,7.2,1
2.58,0.4,2.87,0.119,0.351,34.61,26.0,6.0,7.5,0
3.97,3.5,1.12,0.056,0.459,42.99,12.0,12.0,3.0,1
0.3,2.16,2.94,0.506,0.227,28.2,17.0,4.0,4.6,0
1.61,0.66,1.49,0.467,0.497,2.52,20.0,14.0,9.0,0
0.18,0.04,2.13,0.645,0.071,50.44,34.0,8.0,,0
2.83,2.42,0.28,0.29,0.369,42.55,46.0,3.0,5.7,1
4.63,2.13,2.06,0.09,0.128,3.24,16.0,4.0,4.1,0
1.62,2.86,0.29,0.804,0.029,27.18,43.0,9.0,9.8,0
1.83,2.03,1.6,0.44,0.021,20.08,46.0,10.0,0.4,0
1.07,0.09,1.01,0.136,0.019,56.72,20.0,12.0,7.7,0
3.68,1.73,0.97,0.956,0.31,28.68,36.0,5.0,5.9,1
2.53,3.36,0.25,0.944,0.227,8.2,41.0,2.0,9.2,0
1.38,1.53,2.07,0.163,0.416,1.05,43.0,14.0,7.4,0
0.21,1.05,1.66,0.807,0.476,33.11,40.0,12.0,1.5,1
,1.16,1.18,0.54,0.076,17.58,14.0,13.0,7.9,0
3.46,0.42,2.93,0.298,0.361,19.3,50.0,4.0,3.3,0
4.88,1.53,0.09,0.393,0.293,50.74,44.0,6.0,,1
2.81,3.11,1.94,0.964,0.456,17.27,16.0,11.0,4.9,1
4.79,0.24,1.42,0.334,0.121,32.92,39.0,2.0,6.3,0
3.48,3.67,2.56,0.214,0.049,29.89,6.0,6.0,0.1,1
2.15,1.8,2.33,0.467,0.196,19.48,46.0,5.0,9.6,0
1.17,2.63,0.47,0.615,0.086,35.66,39.0,9.0,6.3,0
0.3,1.49,1.11,0.285,0.45,39.1,23.0,1.0,4.1,1
0.03,1.07,2.12,0.774,0.289,16.82,55.0,7.0,6.6,0
4.15,0.38,1.24,0.606,0.36,14.67,3.0,1.0,6.8,0
3.12,1.89,2.06,0.928,0.093,18.88,59.0,1.0,0.2,1
0.93,1.68,2.6,0.321,0.39,18.33,26.0,9.0,1.0,1
3.43,2.29,2.17,0.664,0.276,15.12,12.0,8.0,5.6,1
4.59,1.61,1.62,0.886,0.476,58.4,4.0,3.0,4.1,1
0.28,1.79,2.38,0.004,0.256,21.93,40.0,1.0,4.7,0
4.02,3.15,2.63,0.495,0.005,1.34,7.0,5.0,2.1,1
4.18,0.51,1.21,0.554,0.012,41.35,25.0,12.0,9.4,0
3.26,1.63,2.57,0.508,0.113,14.9,40.0,14.0,3.5,1
4.68,0.56,2.41,0.292,0.387,24.76,1.0,10.0,0.6,1
4.83,3.75,1.23,0.09,0.098,42.96,58.0,10.0,6.4,1
3.86,3.32,0.17,0.865,0.164,29.38,41.0,6.0,5.8,1
0.84,3.39,2.7,0.51,0.203,43.09,48.0,3.0,,1
0.41,0.55,0.7,0.072,0.056,56.26,47.0,1.0,0.7,0
2.12,3.5,2.63,0.41,0.393,3.61,8.0,5.0,7.7,1
2.01,0.57,2.11,0.183,0.27,6.17,34.0,0.0,3.3,0
0.72,1.86,2.97,0.311,0.126,23.16,4.0,14.0,9.5,0
0.2,0.4,0.62,0.817,0.234,9.01,43.0,13.0,6.2,0
1.24,3.72,0.87,0.52,0.353,35.69,17.0,7.0,6.7,1
1.44,3.94,0.28,0.236,0.352,58.17,30.0,8.0,5.8,1
4.62,1.69,2.97,0.81,0.118,43.12,19.0,7.0,4.5,1
4.9,3.8,1.86,0.193,0.215,43.34,5.0,13.0,3.4,1
4.93,0.37,0.81,0.317,0.014,16.96,50.0,1.0,1.6,0
4.06,3.64,1.45,0.033,0.212,35.64,49.0,3.0,6.2,0
3.86,1.38,2.91,0.957,0.028,37.95,59.0,10.0,,1
4.69,,1.04,0.418,0.011,54.3,9.0,7.0,4.1,1
1.7,1.43,2.43,0.167,0.295,41.26,19.0,9.0,,1
2.69,2.4,0.39,0.512,0.273,41.9,44.0,13.0,8.0,1
2.94,0.92,2.18,0.106,0.442,7.79,30.0,10.0,9.4,0
2.87,2.5,1.15,0.9,0.382,40.56,1.0,2.0,9.9,0
2.16,2.04,0.58,0.061,0.383,52.69,22.0,13.0,8.5,0
4.88,1.45,2.64,0.621,0.445,17.17,59.0,11.0,5.1,1
1.6,1.76,1.65,0.892,0.078,4.26,4.0,6.0,8.5,1
1.11,2.0,1.13,0.248,0.006,19.17,36.0,7.0,0.7,0
3.69,1.66,1.21,0.098,0.186,,33.0,13.0,8.1,0
4.59,0.28,0.22,0.464,0.137,7.2,17.0,3.0,0.9,0
4.84,3.15,1.48,0.591,0.051,23.27,58.0,14.0,,1
4.02,2.66,2.18,0.29,0.104,49.72,35.0,13.0,3.3,1
1.92,2.72,,0.325,0.046,53.47,46.0,11.0,5.6,1
4.07,0.21,2.49,0.638,0.371,50.05,30.0,4.0,3.1,1
3.81,3.09,2.53,0.977,0.262,56.61,8.0,10.0,0.6,1
2.01,3.1,2.54,0.425,0.117,55.77,42.0,12.0,7.9,1
0.52,3.18,1.41,0.444,0.439,11.75,29.0,1.0,1.2,0
4.27,2.46,1.3,0.87,0.487,3.54,4.0,13.0,6.2,1
1.53,2.06,0.33,,0.21,10.08,46.0,6.0,3.0,0
0.57,3.49,0.87,0.328,0.37,27.39,11.0,14.0,6.3,1
4.93,2.33,0.68,0.466,0.37,51.2,46.0,12.0,4.3,1
4.63,0.37,1.83,0.042,0.281,31.54,18.0,8.0,8.8,0
3.78,1.39,0.97,0.911,0.231,54.09,32.0,10.0,7.3,1
0.34,2.85,1.6,0.098,0.322,5.01,15.0,6.0,2.5,0
3.61,1.64,1.13,0.901,0.084,56.17,37.0,10.0,9.6,0
3.3,3.2,2.67,0.934,0.363,53.07,8.0,13.0,2.5,1
1.23,1.87,1.27,0.886,0.055,40.97,9.0,4.0,1.6,1
2.29,1.54,2.51,0.087,0.303,13.43,37.0,13.0,9.8,0
4.82,1.4,0.12,0.546,0.013,56.41,3.0,10.0,0.8,1
0.09,1.26,0.1,0.355,0.445,13.84,32.0,1.0,3.6,0
2.35,1.92,2.19,0.172,0.362,56.75,15.0,7.0,6.3,1
2.92,2.4,2.13,0.542,0.235,56.18,22.0,3.0,9.5,1
4.34,3.7,0.07,0.042,0.304,48.84,6.0,12.0,2.9,1
3.53,2.93,1.46,0.304,0.319,53.38,11.0,2.0,6.6,0
0.5,0.85,0.15,0.522,0.455,33.04,21.0,3.0,0.2,1
1.89,1.82,0.5,0.981,0.247,43.04,58.0,14.0,7.1,1
0.62,1.23,2.89,0.517,0.295,2.28,17.0,0.0,9.2,0
4.65,0.97,1.02,0.311,0.415,2.08,15.0,8.0,1.6,1
3.46,2.63,1.41,0.552,0.223,56.1,20.0,13.0,7.8,1
1.25,0.45,2.05,0.049,0.129,17.34,4.0,6.0,5.0,0
0.71,0.1,2.76,0.817,0.156,49.44,36.0,7.0,6.0,1
0.62,1.65,0.45,0.902,0.083,24.66,54.0,4.0,7.1,0
2.56,0.55,0.68,0.039,0.373,49.07,4.0,14.0,7.0,0
1.31,2.04,1.68,0.207,0.47,8.5,1.0,3.0,4.8,0
4.84,2.2,1.98,0.035,0.016,11.04,14.0,13.0,4.6,0
1.96,0.66,1.31,0.901,0.347,39.27,55.0,8.0,2.9,1
4.96,2.79,1.96,0.018,0.201,1.0,30.0,4.0,1.6,1
4.31,0.46,0.03,0.022,0.182,21.96,43.0,6.0,8.5,0
4.53,2.47,0.59,0.573,0.283,5.9,6.0,6.0,8.3,0
1.94,2.58,2.51,0.187,0.145,16.45,15.0,4.0,8.6,0
0.61,3.24,2.27,0.925,0.487,50.05,40.0,7.0,9.8,1
4.2,3.55,1.91,0.813,0.377,55.93,54.0,0.0,3.6,1
0.03,2.68,1.65,,0.231,26.6,46.0,10.0,4.4,0
2.24,2.48,0.6,0.442,0.28,49.43,3.0,1.0,9.2,0
0.73,2.71,0.82,0.843,0.055,1.92,31.0,14.0,1.9,0
4.51,2.11,2.89,0.017,0.344,46.55,33.0,10.0,6.0,1
4.34,2.47,0.01,0.475,0.301,58.1,4.0,1.0,6.9,0
0.69,3.62,1.32,0.459,0.476,41.06,53.0,3.0,7.5,0
2.76,2.78,0.03,0.936,0.281,45.66,11.0,13.0,8.4,1
1.17,1.2,1.03,0.343,0.009,49.14,57.0,14.0,2.6,0
2.57,2.86,0.98,0.212,0.359,22.42,23.0,8.0,6.0,1
4.88,0.36,0.35,0.322,0.088,6.94,7.0,4.0,9.4,0
1.15,1.81,0.21,0.294,0.296,26.36,33.0,13.0,9.0,0
0.33,1.57,2.56,0.817,0.299,3.2,50.0,14.0,5.9,0
1.27,1.34,0.97,0.684,0.459,41.0,10.0,2.0,2.7,0
4.92,2.49,1.68,0.438,0.255,,38.0,14.0,5.3,1
0.41,0.68,2.27,0.856,0.375,52.45,19.0,5.0,3.6,0
0.19,3.77,1.62,0.592,0.052,51.41,28.0,5.0,6.8,0
0.76,1.03,1.31,0.125,0.495,22.38,23.0,,5.8,0
4.03,2.77,1.47,0.679,0.204,36.92,23.0,14.0,1.5,1
2.36,1.75,2.51,0.264,0.43,23.77,46.0,5.0,4.0,1
1.69,0.82,1.59,0.685,0.385,2.25,58.0,2.0,9.5,1
3.29,1.7,0.55,0.516,0.128,21.61,16.0,13.0,7.9,0
0.48,1.45,0.56,0.752,0.422,55.32,15.0,12.0,4.2,0
3.48,3.12,1.5,0.483,0.138,30.38,11.0,4.0,8.6,0
1.52,2.63,0.61,0.883,0.462,42.32,52.0,12.0,4.8,1
4.28,3.33,2.37,0.364,0.029,,34.0,11.0,4.9,1
3.62,0.17,2.62,0.298,0.322,5.13,35.0,5.0,8.2,0
4.39,3.33,0.48,0.222,0.186,22.27,14.0,7.0,7.3,0
0.92,1.65,1.32,0.541,0.245,58.9,25.0,,0.1,1
0.74,1.03,2.25,0.291,0.215,2.26,59.0,3.0,3.9,0
3.56,0.82,0.25,0.719,0.397,59.31,23.0,8.0,0.1,1
4.61,1.39,1.78,0.243,0.492,47.44,54.0,0.0,5.5,1
4.02,1.38,1.65,0.515,0.07,7.63,21.0,8.0,4.4,1
4.7,0.57,2.33,0.62,0.257,32.31,34.0,6.0,2.5,1
0.06,2.4,2.86,0.481,0.402,56.51,52.0,9.0,9.9,0
0.89,0.33,1.46,0.042,0.363,47.75,32.0,8.0,1.3,0
3.09,2.0,0.85,0.336,0.259,47.2,21.0,10.0,8.9,0
2.11,1.57,0.14,0.843,0.188,44.46,28.0,2.0,9.4,0
3.83,3.26,2.46,0.705,0.289,3.45,24.0,7.0,8.8,0
0.34,0.88,0.53,0.988,0.192,36.45,33.0,4.0,4.5,0
3.15,2.24,2.56,0.292,0.328,18.96,41.0,7.0,,0
4.65,0.47,1.85,0.931,0.424,12.42,37.0,14.0,0.1,1
1.15,2.87,0.51,0.427,0.312,23.18,14.0,0.0,3.0,0
3.4,,1.44,0.074,0.063,47.48,30.0,13.0,1.4,1
1.72,3.84,1.91,,0.292,8.48,40.0,8.0,1.5,1
1.86,3.63,1.83,0.202,0.23,19.9,18.0,6.0,7.4,0
2.57,1.91,0.06,0.285,0.466,21.87,9.0,12.0,2.7,0
1.52,3.16,1.77,0.334,0.294,8.42,21.0,1.0,3.9,0
,0.3,2.73,0.311,0.37,9.05,28.0,2.0,6.0,0
0.22,3.13,1.89,0.034,0.309,13.76,21.0,6.0,7.8,0
3.67,1.79,1.71,,0.499,38.17,38.0,8.0,2.9,1
0.41,0.38,2.27,,0.404,25.91,45.0,11.0,8.3,0
4.27,1.11,1.57,0.777,0.395,59.91,5.0,4.0,5.4,1
2.38,1.2,2.23,0.006,0.236,10.32,20.0,10.0,7.1,0
1.12,2.87,0.52,0.1,0.449,5.26,26.0,10.0,6.9,0
2.45,3.15,2.76,,0.295,57.97,22.0,1.0,8.9,1
4.78,2.13,1.3,0.078,0.269,41.33,10.0,4.0,,0
0.82,1.32,1.15,0.016,0.298,10.28,50.0,5.0,8.7,0
3.03,1.63,2.23,0.315,0.376,47.99,46.0,10.0,6.7,0
2.37,2.5,1.76,0.693,0.007,24.46,44.0,0.0,1.2,1
3.49,2.53,0.73,0.853,0.292,43.51,37.0,10.0,1.6,1
0.87,0.72,,0.531,0.428,24.01,37.0,6.0,8.2,0
2.98,2.0,1.91,0.476,0.184,39.14,9.0,2.0,6.3,0
4.25,2.27,1.17,0.525,0.098,42.15,26.0,5.0,0.3,1
0.13,3.0,1.24,0.447,0.059,3.64,16.0,11.0,1.6,1
4.01,1.87,2.03,0.782,0.288,12.2,54.0,7.0,8.8,1
2.37,3.75,1.85,0.619,0.18,35.56,6.0,5.0,5.6,1
0.96,2.66,0.51,0.145,0.379,3.67,19.0,2.0,1.1,0
3.04,2.89,,0.938,0.412,17.68,40.0,3.0,0.6,1
1.5,2.35,0.98,0.188,0.449,52.66,22.0,12.0,10.0,0
4.93,3.38,2.01,0.173,0.004,46.62,5.0,3.0,3.0,1
1.35,1.44,2.77,0.367,0.407,47.33,54.0,13.0,6.6,1
3.57,0.13,1.32,0.373,0.311,2.85,56.0,10.0,3.3,0
2.51,0.46,1.47,0.081,0.161,27.59,46.0,14.0,7.6,0
1.97,1.71,2.03,0.098,0.167,51.1,41.0,2.0,9.1,0
,1.57,0.99,0.972,0.281,15.62,16.0,3.0,4.7,0
1.53,1.79,1.06,0.119,0.002,55.73,6.0,14.0,9.1,0
2.31,2.16,1.77,0.96,0.166,2.23,10.0,1.0,3.0,1
1.88,1.63,0.94,0.691,0.449,46.37,34.0,5.0,6.8,0
3.24,0.18,0.94,0.218,0.325,2.42,50.0,2.0,1.6,0
3.61,3.2,2.4,0.412,0.078,21.7,19.0,13.0,2.5,1
3.84,3.74,0.1,0.231,0.416,59.64,27.0,11.0,8.2,1
3.93,2.32,0.08,0.234,0.364,35.43,44.0,9.0,9.4,0
1.77,1.87,0.88,0.648,0.032,51.3,46.0,12.0,7.2,0
3.08,0.46,2.07,0.336,0.482,22.43,45.0,10.0,1.6,1
2.53,3.69,0.92,0.848,0.411,55.32,48.0,4.0,0.2,1
3.2,1.45,1.89,0.527,0.071,24.22,42.0,3.0,0.8,0
1.77,3.1,0.86,0.262,0.436,19.03,39.0,13.0,3.3,1
0.96,0.77,0.09,0.035,0.463,49.13,46.0,5.0,3.3,0
3.63,3.64,2.18,0.593,0.255,42.77,13.0,11.0,0.4,1
1.89,2.85,1.63,0.937,0.145,57.11,55.0,3.0,9.9,0
3.66,1.25,1.93,0.506,0.282,23.57,43.0,14.0,5.5,1
3.54,3.03,0.53,0.542,0.346,59.46,51.0,5.0,0.5,1
4.97,1.22,1.85,0.27,0.127,12.56,54.0,9.0,6.8,1
1.83,0.86,2.43,0.657,,35.67,44.0,5.0,8.7,0
3.41,3.23,0.42,0.508,0.385,23.52,21.0,10.0,2.6,1
3.47,3.72,0.85,0.714,0.335,8.64,37.0,14.0,8.0,1
4.69,0.21,2.38,0.121,0.177,7.46,,13.0,8.9,0
2.49,0.35,1.93,0.231,0.185,20.09,42.0,5.0,1.4,0
3.32,3.54,0.56,0.825,0.366,18.87,40.0,9.0,4.1,1
3.77,3.79,0.82,0.967,0.172,20.03,28.0,12.0,0.9,1
4.95,2.83,2.72,0.818,0.154,50.73,31.0,5.0,0.2,1
2.3,,1.13,0.446,0.383,26.62,56.0,14.0,7.6,1
1.28,2.07,0.28,0.072,0.209,23.18,24.0,5.0,0.8,0
3.03,1.48,1.99,0.875,0.396,nan_err,20.0,1.0,5.5,1
2.17,3.78,1.2,0.808,0.401,24.41,35.0,2.0,4.9,1
0.49,2.73,2.19,0.96,0.477,48.39,4.0,12.0,4.9,1
2.23,3.79,0.34,0.41,,44.88,55.0,1.0,8.9,0
3.47,,0.92,0.691,0.353,30.21,8.0,3.0,5.9,1
2.3,2.74,1.18,0.159,0.214,57.86,30.0,14.0,9.6,0
2.86,0.94,1.72,0.917,0.305,54.52,16.0,5.0,7.4,0
3.55,1.8,0.56,0.699,0.103,5.9,56.0,1.0,4.8,0
2.54,2.7,0.97,0.722,0.329,27.82,29.0,9.0,1.3,1
0.48,1.88,2.3,0.674,0.455,2.09,11.0,11.0,5.9,1
3.46,1.77,0.57,0.72,0.091,,11.0,6.0,6.9,0
0.97,1.69,1.14,0.152,0.265,11.24,49.0,13.0,9.5,0
3.58,0.71,1.17,0.677,0.115,5.44,48.0,10.0,3.0,0
1.53,1.54,0.62,0.393,0.041,33.04,,11.0,10.0,0
2.68,3.95,2.62,0.335,0.042,8.96,38.0,3.0,0.6,1
0.32,1.03,1.54,0.259,0.11,57.23,35.0,5.0,2.1,0
1.43,1.24,1.16,0.864,0.171,50.4,30.0,10.0,9.7,1
4.62,3.85,2.33,0.739,0.11,52.53,48.0,0.0,4.1,1
2.63,2.05,0.11,0.297,0.395,34.08,49.0,1.0,9.9,0
4.54,3.09,2.99,0.109,0.037,46.01,31.0,7.0,9.9,0
4.7,0.99,2.88,0.425,0.021,52.31,54.0,6.0,3.0,1
1.38,1.61,0.26,0.616,0.091,17.22,36.0,3.0,4.7,0
4.53,2.49,2.66,0.01,0.115,3.03,57.0,5.0,2.1,0
3.29,1.0,0.93,0.521,0.333,22.56,9.0,2.0,8.2,0
2.72,1.54,0.31,0.104,0.003,16.39,57.0,7.0,1.4,0
2.03,1.9,1.71,0.819,0.457,52.2,24.0,10.0,,1
1.26,3.37,2.61,0.671,0.142,11.91,25.0,6.0,8.1,1
2.0,2.77,0.48,0.38,0.052,23.91,4.0,8.0,7.8,0
3.27,,2.91,0.223,0.477,53.0,50.0,4.0,7.9,1
1.81,3.87,0.87,0.383,0.452,54.69,13.0,1.0,2.1,1
1.76,1.89,1.71,0.895,,7.02,49.0,2.0,7.1,0
2.72,1.68,2.0,0.068,0.222,52.1,21.0,5.0,4.0,0
0.23,2.24,1.05,0.919,0.316,9.58,25.0,0.0,6.5,0
3.06,,2.63,0.075,0.393,35.45,16.0,1.0,,1
1.46,0.08,2.98,0.037,0.491,53.89,29.0,0.0,9.2,0
2.46,0.93,1.23,0.199,0.379,12.08,42.0,12.0,5.9,0
4.15,3.35,0.44,0.146,0.272,36.73,8.0,11.0,7.6,0
3.96,2.09,2.65,0.932,0.017,50.06,41.0,9.0,4.4,1
1.46,3.33,,0.245,0.103,46.45,37.0,2.0,8.5,0
0.25,2.61,2.22,0.825,0.434,14.47,49.0,7.0,3.9,0
,3.25,1.07,0.32,0.197,49.33,53.0,3.0,2.9,0
0.59,1.67,0.34,0.148,0.051,34.14,17.0,,9.8,0
2.16,0.04,2.58,0.421,0.398,1.95,36.0,11.0,4.9,0
4.14,2.7,1.45,0.098,0.061,25.08,24.0,6.0,3.5,0
1.62,1.99,0.33,0.603,0.142,,25.0,8.0,5.6,0
4.06,3.93,0.56,0.16,0.015,34.87,7.0,13.0,8.2,1
4.85,0.48,2.22,0.561,0.149,49.01,35.0,10.0,5.2,0
3.39,2.48,2.63,0.236,0.409,10.76,59.0,4.0,5.2,0
4.25,1.2,0.83,0.917,0.222,5.89,51.0,3.0,5.2,0
4.21,2.01,0.84,0.218,0.104,43.76,6.0,14.0,4.9,0
0.1,,0.31,0.468,0.24,29.54,22.0,8.0,7.0,0
3.31,3.44,1.26,0.017,0.002,47.0,46.0,9.0,8.3,0
3.85,3.57,2.67,0.121,0.35,20.02,6.0,4.0,6.2,1
2.22,1.97,0.49,0.162,0.003,58.69,4.0,8.0,3.2,0
4.23,0.33,2.34,0.828,0.157,10.39,51.0,9.0,8.1,0
3.32,2.32,0.66,0.624,0.091,33.1,11.0,3.0,1.0,0
3.42,1.15,0.61,0.04,0.473,3.53,18.0,9.0,3.8,0
2.04,0.1,0.04,0.181,0.062,15.03,41.0,9.0,8.3,0
4.42,3.32,2.01,0.868,0.306,46.07,45.0,8.0,7.2,1
1.89,0.52,1.16,0.307,0.186,54.36,2.0,9.0,9.7,0
0.73,3.7,2.92,0.209,0.361,52.72,13.0,12.0,3.8,1
1.57,2.65,0.15,0.797,,31.14,42.0,6.0,6.4,1
2.01,0.57,0.2,0.397,0.053,26.99,14.0,10.0,7.9,0
3.76,1.07,0.85,0.484,0.02,14.32,14.0,13.0,5.1,0
0.44,3.91,1.61,0.705,,35.19,46.0,8.0,3.0,1
3.29,2.59,2.25,0.908,0.482,43.75,58.0,3.0,1.2,1
2.56,1.93,0.91,0.699,0.108,58.83,21.0,9.0,2.2,1
1.58,3.82,1.0,0.394,0.044,49.79,10.0,12.0,0.6,1
1.97,0.12,2.16,0.964,,,30.0,6.0,2.7,1
3.49,1.53,1.11,0.548,0.345,,22.0,2.0,1.2,1
3.01,3.27,1.96,0.902,0.367,18.99,56.0,9.0,0.3,1
0.36,3.82,0.94,0.888,0.456,,31.0,10.0,3.7,1
0.5,3.14,2.97,0.511,0.127,15.91,54.0,2.0,4.8,0
3.52,2.55,2.75,0.208,0.111,37.07,48.0,9.0,5.9,0
4.4,0.51,1.76,0.372,0.037,23.82,53.0,,8.2,0
0.8,2.15,2.88,0.175,0.075,17.07,33.0,2.0,0.6,0
2.98,2.3,1.69,0.159,0.325,28.32,7.0,2.0,1.1,0
1.03,3.31,2.55,0.895,0.243,40.39,16.0,9.0,4.0,1
4.92,2.68,2.86,0.141,0.359,35.2,6.0,12.0,6.1,1
3.14,3.38,2.93,0.975,0.311,25.86,32.0,3.0,2.1,1
4.08,2.32,2.92,0.278,0.353,35.92,1.0,9.0,2.1,1
1.45,0.54,2.62,0.459,0.265,7.39,28.0,9.0,0.3,0
1.69,3.0,1.18,0.186,0.474,56.14,56.0,11.0,5.8,1
0.73,2.54,2.98,0.373,0.337,12.88,33.0,1.0,5.6,0
3.4,1.39,2.34,0.599,0.353,58.41,25.0,5.0,5.1,1
4.91,3.28,2.55,0.916,0.442,29.47,23.0,8.0,9.4,1
2.45,3.53,2.4,0.942,0.305,29.13,56.0,6.0,4.8,1
0.48,2.94,1.72,0.053,0.114,57.8,33.0,11.0,8.0,0
0.07,1.94,1.62,0.532,0.213,27.77,34.0,4.0,3.7,0
3.54,1.24,1.24,0.136,0.363,3.31,29.0,1.0,7.6,0
0.9,0.91,0.38,0.145,0.463,18.2,58.0,9.0,8.2,0
4.67,3.32,1.89,0.821,0.24,34.91,10.0,12.0,0.4,1
3.67,2.6,0.96,0.326,0.112,23.33,6.0,4.0,1.2,0
0.93,2.56,0.58,0.985,,19.5,20.0,14.0,8.8,0
4.51,0.8,0.79,0.798,0.213,7.16,43.0,12.0,4.8,1
1.11,2.22,1.16,0.547,0.365,51.71,17.0,8.0,7.5,1
4.78,3.95,0.02,0.036,0.053,34.99,20.0,0.0,6.1,0
1.44,1.79,1.05,0.072,0.024,56.49,26.0,9.0,5.9,0
0.63,2.21,1.91,0.605,0.499,35.08,55.0,5.0,1.2,1
2.86,3.5,0.6,0.84,0.176,34.95,40.0,3.0,0.2,1
2.98,3.5,0.64,0.517,0.128,18.43,50.0,5.0,6.0,1
3.14,0.26,0.47,,0.314,29.97,56.0,3.0,,0
1.36,3.61,0.72,0.402,0.466,4.05,41.0,14.0,6.3,0
1.86,2.62,0.08,0.92,0.22,21.03,2.0,10.0,7.4,0
4.96,1.37,2.94,0.89,0.405,16.6,21.0,2.0,0.6,1
2.0,3.07,0.21,0.629,0.138,28.22,37.0,1.0,9.1,0
0.51,1.95,2.18,0.899,0.268,21.83,57.0,12.0,6.4,1
2.13,2.19,0.81,0.537,0.275,53.55,44.0,10.0,7.3,1
0.95,2.55,1.49,0.103,0.118,3.32,25.0,10.0,8.7,0
0.74,3.23,1.0,0.74,0.286,14.57,53.0,8.0,6.6,1
1.91,1.89,2.91,0.643,0.288,5.4,46.0,12.0,1.3,1
1.72,1.04,1.08,,0.289,36.09,9.0,1.0,5.7,0
0.58,2.45,1.34,0.041,0.201,51.38,43.0,4.0,1.8,0
0.08,3.89,2.97,0.102,0.318,34.8,9.0,6.0,8.1,0
3.17,0.39,0.3,0.998,,4.77,18.0,6.0,3.7,0
1.2,0.03,0.89,0.767,0.196,10.49,23.0,1.0,1.0,0
4.28,1.55,1.16,0.468,0.021,13.19,54.0,1.0,4.7,0
1.55,2.18,1.35,0.67,0.478,23.31,8.0,0.0,4.9,0
2.73,2.04,2.87,0.833,0.359,42.73,48.0,13.0,9.4,1
,1.26,1.15,0.91,0.37,53.41,4.0,10.0,0.9,1
0.92,3.73,0.84,0.859,0.393,57.67,27.0,7.0,2.5,1
4.72,0.98,0.94,0.544,0.359,8.21,51.0,1.0,8.2,0
3.39,0.49,0.38,0.911,0.434,25.19,50.0,9.0,2.6,1
4.75,0.89,0.42,0.789,0.011,9.15,21.0,9.0,9.3,0
1.0,0.39,0.73,0.074,0.052,26.73,22.0,1.0,3.5,0
3.74,3.38,0.52,0.103,0.21,7.58,48.0,12.0,8.3,0
1.12,1.61,1.01,0.733,0.431,48.61,29.0,12.0,6.6,1
3.75,3.32,0.42,0.851,0.145,47.92,35.0,8.0,2.7,1
4.15,2.55,1.7,0.443,0.374,57.41,23.0,6.0,5.1,1
1.07,1.9,2.85,0.764,0.134,3.5,6.0,3.0,3.8,0
1.83,0.41,1.49,0.746,0.499,11.79,4.0,10.0,9.1,0
3.03,0.15,1.34,0.473,0.421,53.95,36.0,13.0,9.4,1
4.55,2.23,0.56,0.404,0.231,37.39,1.0,6.0,10.0,0
0.14,0.8,0.67,0.075,0.444,27.27,11.0,9.0,8.8,0
2.79,1.77,1.87,0.98,0.303,41.07,49.0,7.0,9.2,0
0.69,3.79,0.35,0.204,0.065,15.48,17.0,3.0,6.4,0
2.12,0.53,0.53,0.149,0.329,43.76,48.0,5.0,4.8,0
2.67,2.83,1.76,0.081,0.258,29.89,57.0,3.0,6.1,0
3.95,0.85,2.21,0.51,0.101,39.59,12.0,3.0,8.4,0
4.99,0.96,2.83,0.068,0.04,18.78,2.0,9.0,7.5,0
2.8,2.55,0.53,0.878,0.442,32.34,9.0,2.0,0.8,1
2.15,0.52,2.15,0.202,0.192,6.57,55.0,7.0,5.5,0
2.54,1.55,0.73,0.917,0.443,11.9,22.0,10.0,4.0,1
3.01,1.52,0.48,0.858,0.372,1.11,16.0,9.0,2.8,1
0.42,1.82,2.46,0.04,0.015,18.74,18.0,0.0,3.6,0
0.36,1.27,0.89,0.576,0.407,1.6,42.0,0.0,3.5,0
1.72,1.09,1.0,0.182,0.116,30.35,38.0,11.0,1.7,0
0.3,3.13,1.19,0.136,0.209,3.02,41.0,1.0,5.1,0
2.48,0.32,0.14,0.516,0.178,12.25,43.0,13.0,9.8,0
1.29,3.4,2.63,0.191,0.007,27.84,33.0,0.0,2.8,0
0.26,3.35,2.91,0.452,0.427,19.63,31.0,4.0,2.1,1
0.26,3.73,0.62,0.053,0.353,12.47,21.0,7.0,6.6,0
2.05,0.96,0.23,0.471,0.234,24.56,17.0,7.0,,1
1.66,3.67,1.47,0.17,0.194,5.52,34.0,10.0,7.2,0
4.07,1.8,1.98,0.116,0.48,42.23,43.0,12.0,6.2,1
0.65,2.74,1.48,0.084,0.438,33.09,50.0,13.0,9.2,0
0.14,3.41,1.96,0.638,0.493,13.58,55.0,7.0,2.4,1
0.3,0.25,2.85,0.065,0.161,50.82,38.0,4.0,8.6,0
1.66,0.14,0.99,0.582,0.316,5.76,59.0,0.0,7.1,0
3.03,0.81,2.66,0.079,0.15,46.75,40.0,2.0,4.4,0
2.5,2.24,1.63,0.492,0.031,2.75,1.0,7.0,2.9,1
2.85,3.11,2.14,0.23,,35.35,54.0,6.0,2.4,1
3.13,3.1,2.5,0.142,0.217,35.78,26.0,12.0,4.4,1
,3.57,0.8,0.96,0.437,9.45,47.0,2.0,3.4,1
4.54,2.23,1.07,0.348,0.221,43.57,34.0,4.0,6.1,0
0.04,2.24,0.12,0.324,0.023,32.91,41.0,10.0,4.0,0
0.9,0.31,2.34,0.972,0.024,16.08,41.0,9.0,2.3,0
3.23,3.06,0.21,0.754,0.347,43.72,28.0,5.0,8.0,1
4.86,1.92,1.26,0.596,0.364,28.84,8.0,13.0,4.4,1
0.76,0.83,2.46,0.197,0.492,26.39,39.0,8.0,5.2,0
3.54,0.5,0.31,0.625,0.214,1.33,47.0,9.0,6.8,0
1.23,3.56,2.98,0.794,0.407,30.2,12.0,10.0,2.3,1
1.0,2.31,1.69,0.865,0.148,37.83,40.0,0.0,3.4,0
1.52,2.47,0.37,0.866,0.121,49.22,10.0,8.0,2.2,1
0.85,0.96,0.04,0.093,0.014,57.38,50.0,5.0,6.5,0
2.62,2.2,,0.28,0.266,14.61,58.0,3.0,8.6,0
4.74,0.64,0.66,0.481,0.12,50.53,45.0,14.0,4.1,1
4.61,1.68,1.39,0.474,0.3,7.46,19.0,1.0,1.8,1
2.67,0.98,1.4,0.487,0.163,42.75,50.0,12.0,7.6,0
3.7,0.67,0.47,0.938,0.362,41.61,10.0,8.0,10.0,0
0.99,3.2,1.98,0.398,0.323,1.87,52.0,4.0,2.0,1
2.78,2.65,1.24,0.814,0.47,27.32,40.0,5.0,2.3,1
3.88,3.2,1.9,0.476,0.241,37.82,10.0,1.0,7.8,0
1.61,3.34,2.59,0.435,0.129,49.62,59.0,3.0,3.6,1
1.05,1.56,0.51,0.944,0.218,50.88,55.0,0.0,7.5,0
1.45,3.02,1.3,0.299,0.476,17.17,52.0,11.0,3.3,1
1.38,2.94,2.52,0.3,0.301,35.23,6.0,7.0,7.5,0
1.35,0.99,2.17,0.844,0.309,46.07,49.0,14.0,7.2,0
0.32,2.76,0.92,0.446,0.476,49.38,47.0,5.0,8.1,1
2.49,3.71,2.27,0.61,0.486,24.43,28.0,11.0,8.1,1
0.8,2.74,1.15,0.067,0.47,26.03,46.0,7.0,0.7,1
4.49,1.31,2.91,0.524,0.26,37.38,35.0,2.0,6.7,0
4.01,2.81,0.76,0.544,0.359,13.5,22.0,3.0,4.4,0
4.55,2.32,0.53,0.626,0.185,34.35,21.0,6.0,,0
,3.22,2.64,0.085,0.461,40.31,50.0,5.0,9.4,0
1.78,1.09,1.49,0.862,0.442,4.65,41.0,14.0,4.3,0
3.87,0.65,2.23,0.42,0.349,36.29,21.0,4.0,2.0,1
2.49,1.73,2.85,0.296,0.074,53.62,37.0,3.0,6.1,0
1.28,2.51,0.59,0.576,0.179,29.39,40.0,10.0,1.3,1
1.81,0.39,0.3,0.543,0.467,41.69,33.0,1.0,1.7,0
2.86,1.05,0.65,0.187,,42.16,47.0,7.0,9.5,0
4.23,0.67,0.34,0.305,0.064,47.66,43.0,7.0,1.4,0
0.06,3.08,2.89,0.692,0.479,27.32,15.0,6.0,6.1,1
2.2,2.82,2.14,0.211,0.056,42.11,55.0,0.0,7.9,0
0.03,2.5,1.97,0.471,0.008,5.83,18.0,14.0,4.9,0
1.44,1.85,2.85,0.874,0.235,30.18,39.0,9.0,7.3,1
2.05,1.79,2.94,0.025,0.453,51.42,5.0,10.0,5.7,0
2.33,2.07,2.74,0.839,0.064,50.86,52.0,14.0,10.0,1
3.7,3.27,,0.865,0.027,29.67,53.0,4.0,0.8,1
3.66,2.38,1.49,0.72,0.396,53.06,21.0,8.0,2.3,1
1.56,2.99,0.13,0.603,0.238,9.84,55.0,,5.7,0
1.83,1.04,2.63,0.462,0.5,50.71,34.0,9.0,5.1,1
1.3,1.91,0.3,0.667,0.062,3.4,48.0,0.0,0.9,0
1.96,2.52,0.26,0.807,0.024,7.92,28.0,12.0,5.5,0
1.7,1.26,1.97,0.234,0.144,5.55,44.0,5.0,1.1,0
3.32,2.08,2.49,0.91,0.052,45.52,3.0,8.0,6.9,1
0.65,3.36,2.06,0.285,0.037,44.34,36.0,9.0,6.5,0
0.14,0.31,1.09,0.014,0.498,35.34,3.0,4.0,0.7,0
0.1,3.24,,0.689,0.454,53.36,46.0,6.0,4.7,1
4.83,2.41,0.02,0.917,0.264,52.19,16.0,5.0,7.1,1
1.23,1.65,0.49,0.867,0.018,17.74,53.0,8.0,8.0,0
3.66,2.24,1.5,0.19,0.423,23.31,55.0,0.0,0.4,1
3.6,2.42,2.63,0.952,0.184,59.78,33.0,12.0,4.7,1
4.18,3.12,0.31,0.94,0.364,38.88,17.0,9.0,9.9,1
1.94,3.21,1.51,0.653,0.371,19.92,44.0,10.0,3.8,1
3.24,2.96,0.62,0.256,0.441,57.43,55.0,0.0,5.3,0
1.81,0.07,0.65,0.418,0.499,25.14,18.0,4.0,3.0,1
1.17,2.23,2.52,0.535,0.456,12.57,4.0,12.0,0.6,1
4.93,1.73,0.5,0.527,0.385,19.37,22.0,7.0,9.0,0
4.52,2.31,0.2,0.58,0.172,30.31,42.0,13.0,6.3,1
2.32,2.42,0.26,0.256,0.449,35.41,9.0,4.0,5.2,0
3.04,2.46,1.05,0.191,0.146,9.92,7.0,10.0,8.1,0
4.85,1.4,1.62,0.975,0.325,36.5,56.0,3.0,1.5,1
1.71,1.79,0.03,0.123,0.494,28.17,30.0,13.0,8.7,0
4.2,0.06,2.98,0.325,0.45,43.96,19.0,4.0,6.1,1
1.98,3.74,2.82,0.97,0.279,3.44,58.0,14.0,7.1,1
4.36,3.95,1.4,0.722,0.059,59.13,41.0,7.0,6.2,1
2.43,1.6,0.44,0.563,0.394,8.75,25.0,2.0,8.2,0
2.66,1.68,0.48,0.014,0.283,49.9,37.0,3.0,7.9,0
3.78,1.84,1.17,0.872,0.291,46.06,55.0,10.0,5.7,1
4.41,1.17,2.74,0.764,0.271,50.21,28.0,4.0,8.4,0
1.33,1.74,1.24,0.101,0.165,15.35,56.0,8.0,7.9,0
3.76,1.43,1.16,0.81,0.059,49.48,26.0,4.0,5.0,1
4.75,0.08,2.75,,0.143,14.19,8.0,14.0,0.9,0
0.11,0.51,2.98,0.809,0.4,27.25,38.0,14.0,8.7,0
0.78,0.31,1.15,0.843,0.036,53.06,35.0,6.0,3.8,0
1.77,0.96,2.89,0.434,0.329,56.94,49.0,5.0,,1
3.93,0.4,0.39,0.08,0.159,25.94,16.0,10.0,7.7,0
2.93,0.92,0.6,0.56,0.161,35.29,49.0,4.0,0.9,1
4.61,0.02,1.3,0.554,0.261,22.12,11.0,1.0,2.7,0
2.31,3.96,,0.805,0.197,19.25,51.0,13.0,8.3,1
2.5,0.44,0.69,0.093,0.415,34.08,34.0,10.0,5.8,0
2.8,3.36,1.43,0.699,0.438,4.48,47.0,5.0,3.2,1
4.53,0.41,2.2,0.844,0.402,36.97,18.0,14.0,1.6,1
0.3,1.25,0.47,0.528,0.458,46.97,19.0,10.0,4.3,0
2.55,3.77,1.09,0.312,0.261,10.83,7.0,7.0,6.3,0
1.88,1.24,0.09,0.245,0.17,11.02,58.0,12.0,3.5,0
1.53,2.62,2.87,0.314,0.128,27.81,23.0,7.0,6.0,0
3.58,1.27,2.28,0.895,0.412,33.81,3.0,2.0,8.1,1
1.69,3.77,0.98,0.697,0.136,22.56,3.0,2.0,2.7,0
0.12,0.04,0.52,0.665,0.348,16.79,46.0,2.0,0.9,0
1.07,1.0,1.59,0.071,0.175,,53.0,4.0,1.8,0
1.46,1.65,0.67,0.613,0.264,11.12,29.0,4.0,2.4,0
0.91,3.3,1.63,0.86,0.425,53.97,33.0,4.0,1.3,1
3.82,2.29,,0.192,0.082,42.79,23.0,7.0,4.1,0
3.03,3.58,1.67,0.26,0.153,16.14,4.0,5.0,3.3,0
3.46,3.53,1.61,0.975,0.037,44.18,41.0,6.0,3.8,1
2.71,3.82,0.02,,0.18,34.36,55.0,14.0,3.6,1
3.41,0.73,2.1,0.709,0.349,57.64,59.0,12.0,2.5,1
3.58,1.69,1.76,0.338,0.278,10.07,53.0,13.0,6.4,1
3.8,1.71,1.82,0.27,0.171,42.6,2.0,11.0,2.4,1
3.89,0.49,0.82,0.053,0.219,27.76,15.0,0.0,9.3,0
1.37,3.78,2.86,0.207,0.115,9.32,39.0,14.0,3.2,1
1.21,1.45,1.12,0.641,0.318,11.11,45.0,6.0,9.5,0
3.61,2.56,0.73,0.311,0.082,15.64,54.0,12.0,1.9,1
4.91,2.42,0.1,0.152,0.139,36.23,42.0,10.0,0.9,1
3.62,0.95,1.79,0.089,0.358,37.13,31.0,5.0,3.1,0
2.53,2.29,2.5,0.862,0.157,29.22,13.0,6.0,3.2,0
1.53,1.03,0.57,0.484,0.373,33.79,38.0,10.0,8.1,0
0.66,1.14,2.04,0.385,0.067,58.28,55.0,1.0,7.7,0
2.91,2.2,0.01,0.193,,36.77,27.0,4.0,1.9,0
,1.83,1.78,0.481,0.236,21.75,43.0,0.0,9.2,0
4.63,1.69,0.21,0.918,0.256,50.28,36.0,14.0,3.5,1
0.32,1.57,2.69,0.394,0.234,16.33,28.0,3.0,9.9,0
0.67,3.02,0.86,0.069,0.13,57.96,35.0,0.0,9.7,0
3.8,1.12,1.47,,0.321,26.62,18.0,,2.7,1
4.44,1.25,1.17,0.23,0.158,22.42,9.0,7.0,4.5,0
0.91,2.32,1.74,0.712,0.223,27.2,53.0,8.0,8.4,0
0.26,3.86,0.94,0.742,0.141,47.48,29.0,6.0,3.0,1
0.68,1.16,2.78,0.806,0.19,2.57,2.0,12.0,4.5,0
3.57,1.66,0.98,0.217,0.001,56.9,48.0,5.0,1.9,0
4.45,0.51,1.57,0.153,0.251,,38.0,1.0,5.0,0
3.58,2.56,1.2,0.324,0.255,49.97,30.0,6.0,2.7,1
1.83,1.0,0.69,0.685,0.262,44.14,28.0,5.0,1.1,0
3.02,2.1,2.97,0.949,0.241,2.52,28.0,2.0,6.9,0
2.55,1.68,2.02,0.672,0.213,44.04,37.0,12.0,3.6,1
2.6,3.1,1.54,0.981,0.332,25.04,33.0,12.0,5.3,1
4.13,3.33,1.94,0.623,0.101,48.47,37.0,9.0,5.5,1
4.78,2.95,1.53,0.963,0.287,26.51,7.0,5.0,5.9,1
4.44,1.8,2.27,0.724,0.45,37.39,48.0,11.0,7.7,1
3.79,1.66,0.65,0.342,0.06,29.94,27.0,12.0,7.2,0
2.29,1.65,2.96,0.681,0.076,45.78,9.0,4.0,7.6,0
1.19,2.01,0.89,0.175,0.433,34.55,19.0,3.0,8.1,0
1.88,2.48,1.2,0.416,0.453,3.6,54.0,0.0,4.0,0
4.32,1.3,2.91,0.346,0.385,54.26,46.0,5.0,7.9,0
0.04,2.93,0.77,0.797,0.035,46.17,36.0,14.0,3.6,1
1.61,3.63,0.51,0.859,0.052,7.67,7.0,1.0,4.2,0
2.44,0.27,1.88,0.757,0.437,54.59,35.0,11.0,9.0,1
0.2,0.09,2.89,0.84,0.499,15.21,46.0,8.0,6.8,1
0.52,2.7,2.98,0.077,0.417,52.94_err,5.0,11.0,2.5,1
3.54,2.58,0.72,,0.469,58.94,23.0,4.0,6.7,1
4.72,1.83,0.91,,0.461,34.2,52.0,8.0,1.5,1
3.37,3.31,2.36,0.762,0.136,57.42,8.0,8.0,2.6,1
1.18,3.0,0.46,0.485,0.216,31.15,59.0,12.0,0.6,1
1.49,3.87,0.98,0.247,0.428,52.26,49.0,2.0,6.8,0
3.03,3.34,1.66,0.786,0.207,6.97,38.0,10.0,9.5,1
4.93,0.33,0.73,0.025,0.157,52.87,29.0,9.0,9.3,0
3.27,1.66,0.08,0.99,0.039,5.87,35.0,2.0,8.1,0
0.42,1.43,0.06,0.514,0.145,8.35,24.0,11.0,1.6,0
0.86,3.34,2.91,0.424,0.492,57.4,35.0,12.0,8.4,1
3.57,0.94,1.46,0.562,,58.78,31.0,3.0,0.0,1
3.72,0.44,,0.885,0.421,58.56,35.0,0.0,9.2,1
0.39,0.31,1.14,0.284,0.38,38.63,20.0,6.0,7.0,0
,2.25,2.46,0.251,0.135,17.94,42.0,1.0,1.8,0
4.1,1.22,0.42,0.73,0.129,16.02,32.0,3.0,5.6,0
0.96,0.76,0.17,0.434,0.249,39.67,12.0,2.0,6.3,0
3.53,3.64,1.05,0.497,0.282,15.19,5.0,4.0,2.7,1
2.06,0.06,0.12,0.487,0.202,14.76,2.0,10.0,8.5,0
3.28,1.76,1.46,0.804,0.28,39.83,56.0,14.0,5.1,1
2.8,1.94,1.92,0.221,0.24,40.09,55.0,12.0,5.6,1
4.69,2.16,0.35,0.311,0.309,55.74,40.0,2.0,8.9,0
0.79,3.04,1.27,0.469,0.263,53.58,45.0,13.0,6.5,1
1.06,0.03,2.73,0.109,0.109,1.52,40.0,10.0,5.9,0
0.89,0.95,1.7,0.251,0.264,56.47,,1.0,1.3,0
3.5,3.13,1.49,0.792,0.264,,35.0,11.0,5.4,1
0.92,1.36,1.93,0.533,0.031,29.0,36.0,12.0,9.1,0
2.08,2.3,2.66,,0.131,11.21,57.0,14.0,6.1,1
4.43,1.13,2.41,0.335,0.3,39.29,10.0,10.0,2.8,1
1.39,0.34,0.76,0.601,0.21,9.13,29.0,2.0,8.3,0
0.75,1.01,0.1,0.358,0.401,12.18,36.0,7.0,4.3,0
2.67,3.3,0.89,0.274,0.031,46.09,16.0,5.0,0.8,0
3.28,1.36,2.7,,0.064,48.7,50.0,5.0,4.8,0
2.48,2.2,1.32,0.926,0.491,9.46,48.0,10.0,7.6,1
2.73,0.05,2.25,0.581,0.314,44.82,27.0,0.0,9.2,0
0.96,2.09,2.32,0.435,0.303,12.38,38.0,0.0,6.6,0
1.47,2.9,1.85,0.78,0.383,32.85,57.0,10.0,8.4,1
3.3,2.33,0.56,0.106,0.161,54.71,58.0,14.0,7.5,0
4.03,0.09,1.56,0.558,0.329,11.35,29.0,5.0,1.8,1
1.8,0.08,1.42,0.3,0.227,22.37,,6.0,9.8,0
3.55,3.55,1.92,0.353,0.181,43.99,34.0,8.0,0.6,1
0.99,0.86,2.51,0.545,0.085,31.34,51.0,3.0,2.7,0
1.49,2.73,0.1,0.719,0.042,11.16,11.0,,7.6,0
0.03,0.13,0.98,0.856,0.008,10.62,31.0,1.0,1.3,0
1.1,1.22,2.26,0.998,0.151,6.65,58.0,7.0,5.7,0
3.81,1.3,2.47,0.321,0.009,27.55,38.0,11.0,6.3,0
0.42,3.41,0.54,0.329,,13.29,56.0,10.0,,0
0.39,3.22,1.07,0.991,0.313,56.11,47.0,5.0,1.6,1
3.2,3.33,1.5,0.42,0.077,35.22,24.0,11.0,2.1,1
2.5,3.77,1.74,,0.226,14.89,55.0,3.0,1.2,1
3.87,1.49,1.19,0.697,0.074,16.59,41.0,2.0,1.7,1
1.95,0.87,2.14,0.811,0.181,31.89,57.0,11.0,8.3,1
2.81,2.95,1.36,0.55,0.434,17.26,24.0,2.0,1.1,1
4.7,0.33,1.0,0.25,0.344,14.76,34.0,,4.0,1
4.35,3.91,1.27,0.113,0.369,27.0,20.0,11.0,0.2,1
3.01,2.98,0.51,0.775,0.238,32.94,55.0,9.0,7.6,1
2.4,1.14,0.43,0.086,0.456,7.47,1.0,5.0,,0
0.24,3.16,1.87,0.19,0.074,41.51,15.0,13.0,3.0,0
2.64,3.65,1.23,0.206,0.06,16.92,6.0,13.0,3.0,0
2.34,0.61,2.83,0.035,0.159,25.01,22.0,8.0,5.7,0
4.65,2.64,1.02,0.85,0.049,17.24,38.0,11.0,1.3,1
2.03,0.57,1.93,0.811,0.151,30.38,36.0,0.0,6.0,0
3.11,2.27,2.1,0.27,0.283,59.68,31.0,1.0,5.5,0
4.57,0.73,2.37,0.788,0.202,47.01,13.0,11.0,4.0,1
0.97,2.04,1.1,0.375,0.219,43.53,42.0,13.0,7.0,0
1.88,1.99,1.46,0.085,0.081,39.72,27.0,8.0,5.4,0
1.82,1.19,2.35,0.515,0.223,22.49,54.0,13.0,8.4,1
1.42,0.22,2.61,0.27,0.461,33.47,3.0,13.0,7.3,0
4.31,3.15,0.85,0.102,0.031,52.14,2.0,5.0,5.8,1
3.4,1.9,0.73,,0.341,44.0,1.0,11.0,3.2,1
4.88,2.72,1.02,0.266,0.317,55.95,,3.0,0.3,1
4.09,3.49,,0.558,0.403,52.27,47.0,1.0,3.7,1
4.41,1.02,2.5,0.608,0.301,48.77,20.0,6.0,7.7,1
0.2,2.31,1.93,0.149,0.199,13.82,12.0,0.0,8.9,0
0.09,3.28,0.61,0.78,0.396,32.18,28.0,0.0,8.5,0
3.31,3.73,0.16,0.935,0.18,42.65,48.0,0.0,3.7,1
3.06,0.27,1.67,0.23,0.126,25.04,51.0,2.0,0.3,0
0.12,0.6,2.29,0.032,0.271,16.89,23.0,3.0,9.4,0
0.35,0.49,1.52,0.834,0.473,,45.0,6.0,6.8,1
2.38,0.43,1.1,0.736,0.275,21.9,16.0,14.0,4.8,0
4.0,3.69,0.59,0.283,0.497,21.36,2.0,11.0,7.8,1
3.61,2.56,1.72,0.514,0.403,35.22,2.0,4.0,0.9,1
2.62,3.5,1.83,0.718,0.43,17.02,47.0,1.0,0.9,1
2.23,1.72,2.5,0.217,0.359,47.0,38.0,9.0,7.1,0
3.93,3.57,2.22,0.281,0.178,36.31,7.0,2.0,0.7,1
1.56,2.55,1.55,0.656,0.242,42.19,8.0,0.0,0.5,0
3.66,3.19,2.43,0.443,0.356,31.33,41.0,11.0,7.2,1
4.58,2.31,0.34,0.065,0.149,10.09,21.0,0.0,7.4,0
0.98,1.19,0.72,0.535,0.427,4.09,43.0,0.0,4.1,0
2.06,,2.26,0.865,0.244,32.16,56.0,14.0,3.9,1
2.04,2.91,1.26,,0.339,51.67,6.0,10.0,4.4,1
2.17,2.67,1.72,0.314,0.248,8.76,13.0,9.0,3.7,1
0.31,1.86,2.59,0.05,0.483,2.37,15.0,2.0,4.5,0
3.59,0.09,2.79,0.145,0.219,9.78,23.0,0.0,1.9,0
3.13,2.32,2.79,0.095,0.211,57.84,49.0,0.0,5.8,0
4.33,3.7,1.07,0.555,0.316,46.05,6.0,10.0,5.2,1
0.31,3.7,1.86,0.377,0.06,47.34,46.0,3.0,6.7,0
2.65,3.44,1.86,0.463,0.356,55.24,40.0,10.0,1.8,1
1.0,2.48,0.86,0.759,0.024,27.44,21.0,9.0,0.9,0
3.4,2.04,1.37,0.998,0.464,43.64,47.0,6.0,8.1,1
3.92,0.09,1.25,0.939,0.267,13.61,57.0,12.0,9.0,1
2.39,1.4,2.05,0.163,0.147,39.98,35.0,1.0,1.7,0
1.02,3.41,1.79,0.677,0.129,16.14,35.0,9.0,4.2,0
3.05,0.63,2.72,0.411,,48.22,47.0,4.0,7.3,0
,3.23,0.75,0.073,0.043,51.84,58.0,12.0,5.2,0
1.87,1.09,1.8,0.558,0.464,38.4,28.0,12.0,5.7,0
3.08,2.19,2.1,0.328,0.253,41.79,15.0,9.0,3.4,1
4.72,1.17,0.18,0.554,0.342,27.57,14.0,10.0,1.2,1
3.32,1.09,1.91,0.467,0.037,5.39,16.0,9.0,9.6,0
3.17,3.49,1.78,0.293,0.122,33.17,29.0,5.0,7.4,1
3.62,2.76,0.96,0.377,0.003,45.27,44.0,13.0,3.2,1
0.85,0.86,2.95,0.821,0.093,9.88,44.0,2.0,7.1,0
3.68,1.91,1.22,0.88,0.277,53.34,11.0,5.0,3.9,0
1.21,2.05,0.52,0.309,0.249,25.57,39.0,10.0,2.0,0
3.71,2.92,1.66,0.62,0.39,17.8,59.0,7.0,6.8,1
4.46,2.72,1.08,0.852,0.321,43.71,25.0,14.0,4.1,1
2.57,2.7,0.7,0.791,0.36,1.37,6.0,10.0,1.2,1
0.05,1.52,1.01,0.33,0.123,48.38,48.0,11.0,3.3,0
3.0,0.93,2.2,0.138,,6.79,16.0,8.0,3.9,0
1.72,2.01,0.9,0.621,0.459,3.17,54.0,0.0,3.9,1
2.75,3.02,1.73,0.068,0.245,59.8,45.0,11.0,5.7,0
2.09,3.59,0.0,0.821,0.11,4.22,31.0,11.0,4.4,0
3.31,,0.34,0.463,0.294,38.07,34.0,3.0,7.4,1
1.58,1.58,2.24,0.719,0.075,,58.0,4.0,6.2,1
1.88,3.83,0.62,0.177,0.335,41.71,19.0,13.0,5.2,1
0.19,3.47,2.38,0.168,0.228,12.59,28.0,5.0,7.6,0
,3.62,0.83,0.208,0.162,13.15,16.0,8.0,9.3,0
1.91,1.13,0.63,0.773,0.12,32.8,44.0,1.0,2.2,0
0.01,3.93,2.06,0.275,0.315,4.6,21.0,10.0,7.9,0
0.07,1.08,0.3,0.946,0.202,33.73,34.0,11.0,4.3,0
3.16,0.65,1.09,0.071,0.419,27.44,22.0,7.0,5.7,0
2.23,0.85,0.23,0.639,0.029,24.02,56.0,13.0,8.2,0
0.0,2.6,0.61,0.797,0.188,28.65,44.0,5.0,5.6,0
1.26,1.6,0.47,0.55,0.049,29.23,22.0,7.0,1.8,0
3.17,0.64,2.42,0.008,0.423,32.02,4.0,0.0,9.8,0
0.99,2.99,1.74,0.93,0.165,44.51,39.0,3.0,8.4,0
3.93,0.56,2.46,0.622,0.292,38.98,15.0,1.0,1.1,1
1.4,0.29,2.98,0.966,0.306,15.61,42.0,1.0,1.7,0
4.71,3.43,1.66,0.241,0.41,39.19,30.0,10.0,3.5,1
2.6,2.17,2.88,,0.487,1.42,21.0,13.0,4.7,1
0.88,2.55,0.29,0.355,0.142,29.86,46.0,5.0,1.6,0
0.57,4.0,0.35,0.772,0.23,5.59,15.0,5.0,4.5,0
0.72,3.82,1.5,0.487,0.272,48.5,45.0,2.0,4.5,1
3.52,1.66,0.38,0.313,0.114,7.59,3.0,13.0,2.6,0
0.78,1.97,2.74,0.155,0.084,54.44,25.0,4.0,1.5,0
4.7,0.24,1.51,0.463,0.004,27.78,38.0,5.0,1.6,0
1.57,1.95,2.63,0.925,0.026,11.44,22.0,7.0,8.3,0
0.32,1.12,0.66,0.529,0.379,33.67_err,28.0,11.0,8.0,0
0.81,3.03,1.96,0.071,0.36,39.21,51.0,,0.2,1
1.7,1.45,0.81,0.74,0.013,40.06,5.0,4.0,2.2,1
0.61,0.05,1.68,0.728,0.237,49.67,34.0,6.0,0.3,1
4.24,2.85,2.6,0.038,0.069,36.12,47.0,10.0,1.4,1
4.79,0.82,0.86,0.62,0.106,13.14,12.0,0.0,0.8,1
3.79,1.1,1.41,0.939,0.458,26.98,57.0,2.0,7.6,1
3.08,0.31,1.54,0.835,0.333,,2.0,0.0,3.6,0
4.0,3.12,1.85,0.951,0.171,26.72,20.0,6.0,7.0,1
0.77,0.98,2.4,0.121,0.474,6.63,28.0,4.0,5.4,0
1.89,3.05,0.36,0.211,0.467,50.88,56.0,4.0,2.5,1
1.06,0.1,1.61,0.214,0.203,58.31,,10.0,5.0,0
2.32,2.58,0.43,0.914,0.134,51.35,58.0,5.0,2.3,1
0.88,0.48,0.54,0.344,0.473,1.36,53.0,0.0,3.4,0
4.08,1.69,1.47,0.399,0.423,59.83,58.0,7.0,8.8,1
4.0,1.24,0.25,0.873,0.206,27.75,8.0,5.0,8.2,0
1.84,3.12,0.26,0.631,0.181,21.1,51.0,12.0,4.4,1
3.62,3.17,,0.392,0.322,10.18,41.0,8.0,1.7,1
2.13,3.41,1.42,0.073,0.419,39.09,7.0,6.0,1.6,1
1.42,0.06,0.55,0.04,0.056,21.23,43.0,4.0,6.5,0
1.38,3.4,1.14,0.312,0.295,53.52,43.0,6.0,4.9,1
2.45,0.97,2.61,0.293,0.167,27.65,59.0,1.0,5.3,0
0.06,3.34,2.78,0.662,0.176,18.14,54.0,11.0,0.8,1
3.55,3.35,1.66,0.446,0.292,7.04,50.0,7.0,3.8,1
1.95,0.89,2.96,0.682,,35.21,46.0,4.0,3.7,0
0.7,0.98,2.12,0.332,0.307,40.85,10.0,13.0,2.7,1
3.17,0.65,0.41,0.917,0.252,2.18,57.0,3.0,7.6,0
3.77,0.71,2.22,0.095,0.333,53.65,25.0,4.0,1.3,1
0.59,3.82,1.99,,0.109,1.37,53.0,3.0,7.9,0
0.52,1.54,,0.912,0.299,30.7,32.0,5.0,0.9,1
1.94,0.16,1.5,0.684,0.106,15.6,16.0,9.0,1.6,0
3.25,1.32,1.76,0.075,0.251,57.91,2.0,2.0,5.3,0
2.9,0.19,1.18,0.857,0.307,28.47,14.0,14.0,5.8,0
4.87,3.93,0.05,0.235,0.21,54.28,3.0,6.0,9.7,1
2.19,2.66,1.81,,0.314,56.52,21.0,10.0,6.1,1
1.75,2.05,2.85,0.301,0.44,24.06,43.0,7.0,5.6,0
3.8,0.45,0.5,0.415,0.023,39.12,15.0,4.0,1.9,1
4.78,1.07,0.52,0.947,0.427,31.39,16.0,10.0,0.9,1
4.46,3.08,1.23,0.143,0.281,19.13,52.0,6.0,7.9,0
2.06,3.61,2.53,0.251,0.357,35.79,34.0,12.0,7.7,1
3.16,3.28,1.76,0.334,0.398,29.44,26.0,5.0,4.2,0
0.71,2.67,1.53,0.665,0.076,27.49,31.0,12.0,0.8,1
3.57,2.17,2.59,0.764,0.026,20.92,22.0,13.0,4.8,1
1.75,1.86,0.6,0.54,0.267,1.35,49.0,10.0,4.0,0
1.11,0.63,2.86,0.596,0.214,54.22,54.0,0.0,7.4,0
0.68,0.47,2.89,0.468,0.283,16.36,29.0,10.0,5.7,0
1.29,3.23,2.44,0.295,0.403,11.43,9.0,12.0,1.4,1
2.55,3.16,0.88,0.582,0.204,1.82,28.0,3.0,1.8,0
4.48,0.07,1.13,0.324,0.342,27.65,47.0,13.0,1.5,1
1.3,2.08,1.21,,0.212,38.3,17.0,12.0,3.4,1
0.28,0.61,0.51,0.895,0.375,16.1,32.0,6.0,2.8,0
3.9,3.07,0.14,0.917,0.471,10.51,6.0,13.0,2.6,1
3.9,0.73,0.2,0.293,0.117,31.19,55.0,11.0,4.5,0
0.34,2.05,1.85,0.415,0.033,59.94,43.0,3.0,8.3,0
0.91,2.69,2.91,0.858,0.24,46.74,48.0,,3.1,1
0.8,1.56,0.25,0.938,0.213,30.19,44.0,0.0,2.9,0
2.31,2.68,1.92,0.999,0.118,18.42,20.0,14.0,4.7,1
1.25,3.66,0.36,0.408,0.34,10.91,4.0,7.0,3.1,1
3.74,2.88,1.73,0.416,0.031,27.05,19.0,10.0,6.1,0
3.09,1.29,1.33,0.559,0.308,28.13,40.0,10.0,0.7,0
3.39,1.41,0.1,0.161,0.041,9.52,23.0,13.0,2.3,0
1.89,1.34,1.07,0.698,0.447,58.66,51.0,5.0,7.5,1
2.5,1.92,2.36,0.8,0.286,21.27,7.0,9.0,8.7,0
3.39,0.36,0.59,0.823,0.281,29.69,56.0,13.0,4.2,1
2.64,0.08,1.55,0.007,0.388,10.96,26.0,6.0,2.4,0
0.38,1.24,0.77,0.98,,23.15,2.0,11.0,3.5,0
1.81,3.27,2.78,0.586,0.008,8.68,43.0,13.0,8.2,0
4.86,,2.78,0.009,0.446,49.35,41.0,11.0,6.2,1
2.51,2.99,2.18,0.666,0.288,22.71,41.0,,3.2,1
2.05,0.74,2.07,0.298,0.418,1.74,43.0,8.0,7.8,0
4.45,1.97,1.66,0.227,0.365,42.02,46.0,10.0,4.2,1
3.32,2.03,2.35,0.994,0.016,21.97,42.0,2.0,1.4,1
2.13,0.77,2.95,0.028,0.061,24.29,39.0,5.0,1.6,0
2.97,1.47,2.89,0.87,0.09,21.1,5.0,7.0,9.8,1
1.68,,2.43,0.946,0.175,22.42_err,42.0,11.0,2.0,1
4.02,1.01,0.41,0.366,0.211,19.78,24.0,1.0,9.0,0
3.58,,2.58,0.466,0.367,46.79,46.0,0.0,7.9,0
1.09,1.27,1.78,0.64,0.185,36.92,57.0,5.0,3.6,1
1.54,3.71,1.6,0.023,0.415,13.56,7.0,12.0,3.6,0
0.01,2.52,1.63,0.654,0.242,44.91,8.0,5.0,6.4,0
3.96,2.32,0.76,0.114,0.174,17.27,23.0,8.0,4.1,0
0.45,1.67,0.62,0.011,0.406,12.72,1.0,12.0,1.2,0
2.86,1.82,1.35,0.06,0.073,27.62,7.0,14.0,9.6,0
4.23,1.8,1.9,0.219,0.296,45.04,6.0,4.0,3.9,0
4.83,0.07,1.95,0.405,0.013,31.5,25.0,2.0,2.7,0
1.6,3.83,1.57,0.882,0.372,26.11,1.0,4.0,0.9,1
0.92,2.86,2.46,0.452,0.305,33.38,33.0,14.0,5.4,1
4.94,2.19,2.77,0.389,0.41,54.84,45.0,6.0,4.2,1
0.93,0.95,0.65,0.206,0.134,45.2,21.0,1.0,9.4,0
0.75,0.02,2.21,0.999,0.392,33.08,29.0,10.0,0.2,1
4.62,1.11,0.7,0.667,0.149,32.0,15.0,7.0,9.5,0
4.68,3.13,2.54,0.453,0.179,6.17,38.0,10.0,8.8,1
2.4,3.88,1.52,0.323,0.471,3.18,22.0,12.0,4.3,1
3.2,3.04,1.12,0.474,0.229,53.86,32.0,3.0,4.3,1
2.09,1.73,2.29,0.755,0.261,54.46,38.0,1.0,3.9,1
4.64,3.39,0.22,0.325,0.468,36.54,17.0,6.0,3.1,1
4.18,3.98,,0.275,0.474,58.26,36.0,10.0,7.1,1
2.57,,1.64,0.225,0.171,36.46,13.0,5.0,,0
2.23,1.64,2.6,0.38,0.23,49.89,38.0,,2.5,1
3.43,1.73,0.95,0.031,0.265,6.91,44.0,13.0,4.1,1
3.32,1.53,0.91,0.746,0.154,54.68,50.0,6.0,1.7,1
0.41,2.58,0.28,0.954,0.34,28.89,23.0,6.0,8.3,0
1.39,3.49,1.63,0.905,0.129,55.93,5.0,3.0,2.6,1
2.19,3.46,0.07,0.766,0.079,37.94,19.0,5.0,6.6,0
2.8,0.41,2.81,0.698,0.466,27.4,56.0,0.0,8.9,0
0.96,,0.71,0.299,0.006,5.18,45.0,11.0,3.3,0
1.6,1.74,1.33,0.108,0.308,,17.0,0.0,7.0,0
2.52,,0.46,0.442,0.347,3.9,18.0,10.0,6.4,0
4.5,0.28,1.01,0.844,0.374,47.52,26.0,11.0,4.7,1
1.94,0.43,2.74,0.542,0.257,6.42,9.0,1.0,8.0,0
1.47,2.54,2.94,0.711,0.124,17.62,59.0,12.0,7.3,0
4.26,1.4,0.86,0.92,0.402,26.83,46.0,4.0,7.1,1
1.16,2.53,2.45,0.681,0.042,37.93,27.0,6.0,6.4,0
3.02,0.19,0.49,0.068,0.478,38.92,54.0,7.0,2.2,0
2.07,3.73,0.41,0.093,0.157,6.28,21.0,14.0,9.2,0
4.53,3.87,0.41,0.081,0.036,8.5,26.0,0.0,3.5,0
3.43,3.74,2.83,0.358,0.051,59.48,25.0,12.0,8.2,1
4.44,0.95,2.1,0.288,0.495,50.6,14.0,10.0,6.5,1
3.3,3.44,1.74,0.11,0.304,20.1,10.0,7.0,3.2,0
2.81,1.55,0.57,0.392,0.305,34.02,5.0,14.0,9.0,0
2.08,2.79,1.59,0.194,0.412,41.66,19.0,10.0,0.9,1
3.06,0.76,2.98,0.386,0.245,10.85,17.0,9.0,6.0,0
3.94,1.69,2.48,0.444,0.126,8.95,6.0,0.0,6.5,0
2.16,3.58,2.96,0.005,0.075,30.37,11.0,9.0,7.2,0
3.19,1.83,0.04,0.697,0.065,19.71,29.0,7.0,5.8,0
2.22,3.72,1.67,0.372,0.397,29.17,46.0,13.0,1.9,1
0.48,1.43,0.87,0.777,0.436,10.84,55.0,0.0,6.1,0
2.81,2.38,0.99,0.115,0.418,6.8,51.0,13.0,7.2,0
0.33,1.77,0.17,0.291,0.484,,32.0,,8.5,0
2.99,0.52,2.02,0.269,0.437,6.88,57.0,6.0,7.4,0
4.2,1.92,2.56,0.01,0.206,51.75,34.0,11.0,0.7,1
0.78,1.44,0.73,0.48,0.082,28.21,20.0,1.0,5.8,0
2.98,0.79,1.57,0.964,0.393,27.36,1.0,1.0,6.9,1
0.29,,0.16,0.014,0.254,26.82,18.0,11.0,9.7,0
1.36,1.13,0.84,0.621,0.176,3.69,48.0,14.0,1.3,1
0.63,1.03,0.67,0.857,0.011,4.3,22.0,1.0,2.8,0
0.12,3.44,2.93,0.793,0.398,8.07,11.0,5.0,8.1,1
4.23,3.07,1.5,0.287,0.438,45.23,15.0,11.0,6.0,1
2.05,2.71,0.65,0.175,0.284,16.65,55.0,2.0,3.1,0
0.76,1.46,0.4,0.214,0.477,39.43,43.0,1.0,6.8,0
3.18,0.92,2.33,0.346,0.022,22.04,47.0,3.0,2.9,0
4.51,2.53,0.14,0.103,0.039,44.83,17.0,11.0,1.8,1
2.51,1.12,0.41,0.273,0.06,52.34,23.0,14.0,1.0,0
4.15,,0.15,0.229,0.183,28.98,14.0,7.0,5.9,0
4.21,1.93,1.1,0.972,0.177,3.91,24.0,1.0,2.7,1
3.75,3.64,2.83,0.67,0.309,42.1,,9.0,,1
1.38,3.59,0.71,0.627,0.425,25.83,3.0,14.0,7.3,1
2.34,1.77,1.13,0.884,0.048,48.51,,4.0,8.2,0
0.73,3.82,2.2,0.176,0.259,55.09,7.0,0.0,4.7,0
4.6,2.64,0.61,0.072,0.035,54.77,18.0,12.0,1.7,1
3.29,2.42,0.86,0.878,0.061,51.22,12.0,8.0,1.8,1
0.03,0.37,1.16,0.352,0.383,7.42,26.0,8.0,3.5,0
4.0,3.93,2.86,0.385,0.276,46.26,53.0,5.0,6.7,1
0.07,0.37,1.63,0.031,,,56.0,5.0,9.1,0
3.06,1.08,1.31,0.015,0.157,17.8,43.0,7.0,9.4,0
2.2,0.68,,0.699,0.255,14.22,49.0,3.0,2.5,0
1.04,0.23,1.17,0.644,0.214,54.62,48.0,4.0,1.5,0
3.77,4.0,2.73,0.283,0.043,59.5,2.0,9.0,8.6,1
4.99,1.28,2.33,0.214,0.181,47.27,24.0,9.0,6.9,0
3.52,0.18,0.56,0.798,0.286,9.5,8.0,4.0,4.2,0
4.04,0.5,0.96,0.081,0.426,33.9,52.0,10.0,1.1,0
4.56,0.95,2.54,0.627,,16.87,18.0,0.0,3.8,1
2.21,0.15,2.25,0.101,0.115,16.97,20.0,3.0,0.1,0
3.19,0.59,0.31,,0.156,8.81,57.0,2.0,8.8,0
2.66,0.13,1.22,0.983,0.21,11.28,20.0,6.0,7.6,0
1.58,0.67,1.47,0.273,0.295,27.05,41.0,3.0,5.3,0
0.32,1.78,2.57,0.636,0.423,7.36,7.0,7.0,5.4,1
4.29,3.9,2.56,0.016,0.076,9.8,15.0,2.0,1.4,1
0.51,2.71,0.45,0.331,0.361,8.29,39.0,14.0,9.1,0
2.81,2.15,1.76,0.237,0.388,18.58,54.0,11.0,2.4,1
,3.96,2.83,0.293,0.333,57.68,58.0,14.0,1.1,1
2.68,2.81,0.23,0.412,0.451,3.71,47.0,12.0,8.1,1
0.28,1.48,1.08,0.416,0.433,15.63,18.0,9.0,6.6,0
3.54,3.17,1.01,0.392,0.465,53.99,25.0,1.0,1.5,1
2.97,1.93,0.51,0.822,0.31,6.34,36.0,3.0,0.0,0
3.59,0.16,2.94,0.056,0.005,48.36,42.0,13.0,7.8,0
2.83,2.54,2.12,,0.43,4.54,2.0,14.0,8.8,1
3.73,2.92,2.05,0.024,0.307,14.84,25.0,8.0,6.5,0
1.83,3.92,0.15,0.081,0.223,52.58,5.0,6.0,8.5,0
1.64,0.39,1.15,0.792,0.353,1.35,38.0,2.0,6.7,0
2.47,1.29,,0.165,0.291,28.62,55.0,3.0,9.8,0
2.52,2.89,1.46,0.347,0.147,44.2,52.0,10.0,9.8,0
1.7,2.58,2.17,0.836,0.449,21.19,3.0,2.0,8.5,1
2.48,2.06,2.48,0.704,0.132,11.75,28.0,14.0,6.5,0
1.06,0.76,2.28,0.202,0.016,4.7,9.0,3.0,0.8,0
3.26,0.84,2.83,0.992,0.078,52.8,2.0,14.0,8.0,1
4.86,3.87,1.66,0.268,0.089,46.19,22.0,0.0,7.2,0
3.02,0.42,2.56,0.285,0.494,40.95,3.0,0.0,8.5,0
2.37,2.92,2.95,0.652,0.221,48.27,31.0,5.0,9.5,1
4.52,0.01,1.53,0.711,0.281,33.08,44.0,9.0,9.9,0
3.29,0.5,0.04,0.585,0.476,51.96,25.0,6.0,1.0,1
1.49,3.42,0.98,0.162,0.196,30.77,34.0,8.0,0.1,1
3.1,1.24,1.61,0.076,0.19,24.16,3.0,0.0,7.3,0
3.73,3.98,2.04,0.933,0.03,31.99,41.0,7.0,8.8,1
,2.93,1.78,0.348,0.282,58.29,27.0,8.0,5.7,1
0.04,1.47,1.94,0.848,0.284,40.69,37.0,9.0,0.6,1
3.83,1.71,2.17,0.172,0.323,11.14,11.0,12.0,8.0,0
4.0,0.96,1.49,0.507,0.069,26.63,19.0,5.0,1.9,1
0.88,3.27,,0.878,0.29,43.36,37.0,3.0,4.8,1
4.25,,2.0,0.382,0.009,25.73,53.0,11.0,3.7,1
3.56,0.96,2.33,0.016,0.23,40.69,38.0,14.0,4.9,1
3.1,3.48,1.98,0.944,0.315,,30.0,4.0,1.6,1
3.85,3.9,0.32,0.635,0.181,24.63,9.0,13.0,,1
1.27,1.76,0.47,0.218,0.405,19.06,37.0,11.0,4.1,0
0.77,3.31,0.51,0.759,0.077,36.78,26.0,0.0,3.8,0
0.35,3.26,0.15,0.245,0.367,7.36,49.0,0.0,1.8,0
2.16,3.09,0.66,0.074,0.109,27.72,19.0,11.0,6.2,0
2.53,3.37,1.68,0.015,0.498,36.43,41.0,11.0,6.6,1
0.52,3.78,0.18,0.007,0.332,6.34,,0.0,,0
1.99,0.21,0.85,0.106,0.054,31.81,13.0,4.0,8.2,0
1.31,1.44,1.87,0.447,0.114,44.95,6.0,12.0,8.9,0
4.42,2.8,0.6,0.97,0.423,34.74,20.0,4.0,,1
2.86,0.78,,0.507,0.038,3.52,48.0,6.0,3.5,0
0.87,2.12,2.48,0.233,0.192,31.66,33.0,11.0,6.1,1
2.43,2.49,1.65,0.786,0.04,16.14,49.0,10.0,1.2,1
0.21,0.67,0.94,0.825,0.284,,28.0,3.0,4.2,0
2.25,2.74,1.65,0.605,0.039,36.22,46.0,11.0,8.6,1
4.51,0.15,1.28,0.353,0.367,9.7,58.0,9.0,7.2,0
2.6,0.11,2.85,0.406,0.445,38.33,26.0,9.0,5.1,1
1.08,2.97,0.6,0.685,0.162,35.7,52.0,8.0,8.4,0
4.59,2.61,1.99,0.156,0.129,3.81,31.0,7.0,8.3,1
4.7,3.06,2.74,0.105,0.365,27.35,39.0,12.0,9.1,1
1.38,0.06,2.16,0.269,0.012,43.75,20.0,3.0,2.0,0
0.87,0.31,1.16,0.646,0.086,23.94,56.0,13.0,2.3,1
0.45,1.23,2.24,0.364,0.021,25.92,57.0,13.0,9.8,0
3.86,0.41,0.7,0.163,0.422,3.9,16.0,12.0,5.1,0
3.57,1.33,2.15,0.591,0.363,18.42,30.0,8.0,6.5,1
3.84,2.24,2.36,0.444,0.442,57.62,29.0,9.0,9.1,1
0.81,2.21,1.13,0.728,0.079,49.73,39.0,7.0,5.4,1
4.87,0.37,1.67,0.711,0.154,5.57,21.0,0.0,1.5,0
0.96,0.29,1.69,0.941,0.038,18.84,23.0,,3.8,0
0.19,0.18,1.67,0.685,0.442,34.51,58.0,10.0,5.2,0
1.97,3.52,0.6,0.703,0.119,5.86,54.0,12.0,4.8,1
2.77,3.05,1.89,,0.357,42.06,51.0,12.0,9.9,0
2.08,3.29,1.22,0.156,0.077,42.51,22.0,10.0,2.3,0
,0.07,0.4,0.76,0.001,34.38,50.0,2.0,7.6,0
2.81,2.87,0.17,0.707,0.426,42.44,53.0,12.0,0.3,1
1.05,2.53,2.47,0.225,0.469,4.11,7.0,2.0,3.7,1
4.21,0.39,2.28,0.207,0.447,15.93,,14.0,1.0,1
1.33,2.33,2.79,0.192,0.08,21.14,41.0,6.0,5.7,0
4.99,0.26,1.43,0.191,0.424,55.18,1.0,6.0,2.9,1
4.87,1.81,1.84,0.048,0.325,55.68,18.0,,6.2,0
1.56,2.73,0.19,0.694,0.485,53.8,8.0,7.0,5.9,1
2.65,0.25,0.9,0.474,0.094,21.27,51.0,7.0,5.1,0
4.64,2.04,2.25,0.055,0.113,58.92,12.0,12.0,8.5,1
2.78,2.76,0.83,0.538,0.453,7.01,6.0,4.0,4.4,0
3.91,0.2,0.34,0.046,0.478,29.65,18.0,6.0,7.5,0
2.33,3.48,0.19,0.639,0.204,22.71,41.0,2.0,4.3,1
2.35,1.42,1.36,0.693,0.491,41.7,41.0,10.0,9.6,0
1.86,1.26,2.62,0.746,0.037,36.24,5.0,9.0,1.6,0
2.43,0.49,1.11,0.511,0.342,44.74,5.0,9.0,7.3,0
0.29,3.94,2.0,0.706,0.401,54.01,16.0,8.0,0.6,1
4.84,,1.29,0.699,0.442,,2.0,3.0,1.6,1
4.25,2.33,2.36,0.838,0.18,42.8,35.0,2.0,5.3,1
4.25,2.44,2.41,0.684,0.337,5.59,18.0,9.0,4.5,1
3.39,1.67,2.84,0.04,0.455,7.68,37.0,3.0,9.6,0
0.96,1.53,1.01,,0.497,22.87,3.0,13.0,0.0,0
1.07,2.2,1.41,0.353,0.458,25.94,33.0,8.0,6.0,0
0.44,0.66,1.94,0.185,0.371,10.28,58.0,2.0,3.2,0
3.91,2.36,1.5,0.747,0.317,8.99,42.0,5.0,4.9,1
4.48,1.99,0.25,0.275,0.372,25.64,41.0,4.0,5.6,0
3.08,0.59,1.94,0.524,0.168,26.29,21.0,2.0,5.4,0
4.25,3.12,0.33,0.305,0.363,48.89,51.0,4.0,9.6,1
4.53,0.3,2.52,0.679,0.035,18.39,51.0,1.0,9.9,0
0.73,0.96,0.25,0.676,0.493,43.44,37.0,10.0,5.0,0
1.93,0.68,,0.973,0.384,46.26,28.0,13.0,4.0,1
0.69,1.83,0.45,0.613,0.316,24.84,56.0,4.0,7.2,0
1.98,2.83,2.22,0.83,0.209,39.93,44.0,7.0,5.2,1
2.35,0.97,0.07,0.726,0.038,27.95,15.0,5.0,7.4,0
3.55,0.61,0.34,0.011,0.169,24.39,34.0,11.0,3.8,0
3.35,2.26,0.06,0.274,0.423,19.85,5.0,,4.7,0
4.94,2.66,0.55,0.053,0.195,44.61,23.0,7.0,0.8,1
1.13,3.8,0.0,0.028,0.478,24.3,55.0,10.0,6.6,1
0.77,2.43,0.26,0.589,0.261,30.67,41.0,13.0,8.2,0
3.64,2.27,0.08,0.189,0.441,37.22,33.0,10.0,1.8,1
3.51,1.89,1.3,0.599,0.424,43.27,51.0,12.0,9.5,1
0.68,1.12,0.47,0.373,0.121,7.45,46.0,7.0,9.8,0
4.09,3.8,0.86,0.933,0.152,35.92,33.0,12.0,5.8,1
1.71,,0.79,0.194,0.1,31.29,7.0,3.0,0.8,0
2.36,1.89,2.49,0.505,0.079,48.13,52.0,14.0,8.0,0
3.43,2.13,0.49,0.465,0.111,18.54,52.0,,4.7,0
3.04,3.83,1.5,0.275,0.397,48.25,22.0,14.0,8.7,1
3.34,1.94,0.21,0.378,0.044,45.34,15.0,12.0,8.1,0
0.57,3.97,1.23,0.055,0.369,50.4,50.0,8.0,5.9,1
,2.29,2.41,0.043,0.123,11.56,51.0,14.0,0.3,1
4.06,3.67,1.55,0.063,0.25,52.82,8.0,11.0,5.9,1
4.65,2.9,0.78,0.658,0.02,27.19,41.0,2.0,7.6,1
2.07,0.44,1.22,0.108,0.354,30.23,16.0,3.0,6.5,0
4.81,2.46,1.67,0.41,0.075,13.88,1.0,3.0,,0
4.66,3.81,2.71,0.487,0.399,51.38,29.0,,7.7,1
4.25,1.33,2.51,0.457,0.05,13.73,34.0,12.0,5.3,0
3.75,1.43,2.88,0.031,0.096,33.36,53.0,14.0,7.7,0
2.65,0.46,0.54,0.339,0.461,13.38,3.0,1.0,2.2,0
1.06,2.05,0.59,0.968,0.346,24.58,48.0,2.0,4.1,0
1.27,1.19,0.3,0.572,0.047,52.02,27.0,12.0,6.6,0
0.81,3.09,1.53,0.366,0.116,2.59,20.0,12.0,1.6,0
,0.82,0.54,0.694,0.335,35.01,57.0,5.0,7.7,1
0.03,2.95,2.07,0.323,0.174,48.18,1.0,10.0,5.9,0
1.33,1.64,2.87,0.772,0.395,20.64,7.0,12.0,7.3,0
3.03,3.76,1.7,0.44,0.484,39.47,12.0,5.0,8.6,1
4.93,2.29,2.15,0.778,0.342,16.85,20.0,8.0,9.7,1
1.49,3.55,0.6,0.771,0.298,53.8,25.0,5.0,2.9,1
1.05,1.03,2.45,0.334,0.142,16.59,43.0,13.0,7.9,0
0.38,3.79,2.57,0.37,0.439,37.49,45.0,4.0,3.6,1
1.42,0.87,2.65,0.484,0.052,10.34,57.0,10.0,4.9,0
4.13,3.78,2.6,0.599,0.144,10.53,57.0,0.0,6.1,1
0.66,3.5,0.93,0.959,0.218,54.96,19.0,11.0,2.4,1
0.74,0.81,1.58,0.672,0.055,4.67,45.0,4.0,2.1,0
0.71,2.63,0.93,0.31,0.097,11.09,8.0,14.0,5.9,0
0.58,1.48,2.64,0.686,0.266,49.39,7.0,1.0,7.0,0
,1.61,2.73,0.177,0.052,19.97,47.0,13.0,9.6,0
4.14,0.16,2.02,0.522,0.188,41.84,34.0,5.0,5.7,1
2.3,3.31,0.66,0.504,0.457,26.31,1.0,2.0,5.9,1
2.72,1.04,0.34,0.133,0.237,25.84,10.0,10.0,4.1,0
2.86,3.08,2.71,0.515,0.301,19.03,18.0,12.0,7.8,1
1.93,2.36,1.07,0.716,0.101,41.49,36.0,8.0,7.4,0
1.7,3.88,1.95,0.493,0.421,9.53,9.0,7.0,1.9,1
3.16,0.8,2.45,0.4,0.303,25.64,56.0,12.0,3.8,1
1.75,1.28,2.01,0.66,0.481,39.91,55.0,13.0,1.4,1
0.58,0.67,2.97,,0.129,56.29,,1.0,1.1,1
4.31,3.33,1.72,0.337,,8.79,3.0,4.0,9.3,0
2.93,1.32,1.68,0.446,0.294,8.08,36.0,11.0,6.6,1
4.14,0.78,1.85,0.078,0.444,43.88,11.0,9.0,9.0,0
2.39,2.37,1.6,0.812,0.371,8.52,59.0,14.0,5.7,1
3.22,1.51,2.33,0.343,0.082,41.39,43.0,12.0,2.6,1
4.6,3.25,2.81,0.619,0.424,4.63,45.0,7.0,2.6,1
3.74,3.05,2.72,0.557,0.436,18.37,8.0,5.0,2.4,1
1.75,0.48,1.48,0.188,0.267,37.74,28.0,13.0,3.2,1
1.64,3.42,2.78,0.354,0.245,41.51,46.0,9.0,2.0,1
1.36,3.93,0.43,0.965,0.279,49.5,39.0,11.0,,1
2.38,3.0,1.67,0.736,0.025,51.08,48.0,9.0,9.0,0
4.6,3.3,1.53,0.411,0.321,4.06,52.0,4.0,5.7,0
0.09,3.67,0.63,0.894,0.046,2.86,43.0,10.0,2.2,1
3.8,3.14,2.95,0.586,,1.77,39.0,9.0,5.7,1
1.76,2.34,2.88,0.846,0.47,44.62,33.0,8.0,2.5,1
4.05,0.27,0.01,0.526,0.339,59.41,29.0,2.0,6.8,1
2.17,1.94,1.61,0.931,0.237,47.03,6.0,1.0,8.9,1
3.61,3.13,0.46,0.836,0.34,7.73,18.0,2.0,1.6,1
4.19,1.02,1.02,0.08,0.333,,41.0,3.0,5.5,0
2.35,2.61,1.0,0.683,0.263,,57.0,2.0,3.7,1
3.66,1.26,1.03,0.446,0.398,49.99,46.0,7.0,8.3,0
0.34,3.45,1.73,0.151,0.464,,8.0,0.0,0.5,1
1.49,1.45,1.54,0.801,0.022,45.68,41.0,4.0,7.0,0
1.61,0.18,1.39,0.49,0.458,31.19,4.0,1.0,6.4,0
2.38,2.33,1.57,0.202,0.195,24.72,45.0,13.0,7.8,0
3.23,0.18,1.79,0.325,0.088,12.37,45.0,13.0,5.5,1
2.35,0.86,0.76,0.168,0.032,54.92,55.0,7.0,4.5,0
4.22,2.01,2.45,0.613,0.406,36.98,15.0,2.0,2.5,0
1.29,3.17,1.66,0.635,0.44,54.99,53.0,0.0,8.8,0
0.67,1.28,0.79,0.295,0.477,21.98,3.0,,8.9,0
1.85,1.16,0.52,0.278,0.31,19.21,59.0,,5.0,0
1.21,0.45,2.3,0.111,0.031,20.37,31.0,9.0,9.1,0
2.97,2.34,1.58,0.975,0.202,25.7,14.0,10.0,0.4,1
2.85,2.13,0.55,0.314,0.088,23.65,50.0,1.0,8.4,0
3.68,0.04,2.52,0.599,0.383,21.04,56.0,,8.1,0
3.93,2.81,2.1,0.189,0.443,4.82,22.0,13.0,8.2,1
0.71,1.84,0.98,0.72,0.089,34.57,9.0,11.0,6.5,0
1.72,1.16,0.83,0.66,0.014,52.86,22.0,12.0,5.7,1
0.39,2.84,0.66,0.123,0.351,7.02,44.0,1.0,8.3,0
3.4,3.25,0.21,0.018,0.14,25.77,46.0,14.0,7.7,0
4.01,2.39,2.83,0.022,0.264,37.26,55.0,3.0,9.4,0
4.81,0.38,2.87,0.289,0.453,28.18,43.0,13.0,8.2,0
4.79,3.62,1.21,0.411,0.27,32.92,20.0,2.0,3.3,1
3.16,0.07,0.28,0.999,0.009,12.89,21.0,10.0,1.5,1
3.7,0.84,1.02,0.96,0.355,56.59,21.0,9.0,1.6,1
1.04,1.06,1.08,0.158,0.484,19.55,9.0,6.0,8.6,0
2.91,1.48,0.78,0.656,0.451,18.67,51.0,14.0,7.4,0
1.65,1.42,0.3,0.228,0.492,28.04,9.0,10.0,9.9,0
0.55,3.6,0.3,0.026,0.046,5.75,58.0,5.0,8.9,0
2.45,3.18,2.82,0.633,0.474,58.85,52.0,13.0,9.3,1
2.11,0.81,2.38,0.178,0.447,29.61,8.0,3.0,6.8,0
0.35,3.82,0.7,0.31,0.114,27.08,15.0,,2.9,0
4.77,1.45,2.14,0.246,0.044,57.82,15.0,,4.8,1
4.78,0.87,0.17,0.211,0.47,27.41,22.0,5.0,0.3,1
2.79,3.78,0.76,0.033,0.126,50.03,27.0,3.0,6.4,1
4.72,2.29,2.07,0.771,0.313,6.12,44.0,,2.3,1
1.29,2.36,1.87,0.257,0.153,11.02,55.0,5.0,9.2,0
3.96,2.62,1.87,0.98,0.221,31.4,35.0,10.0,3.4,1
4.75,2.5,1.12,0.988,0.304,57.81,16.0,8.0,4.8,1
1.98,2.52,0.97,0.871,0.072,43.33,27.0,13.0,4.4,1
1.51,0.01,1.18,0.904,0.129,11.19,30.0,11.0,4.7,0
3.47,2.74,0.86,0.041,0.113,57.09,33.0,7.0,9.1,0
2.37,,0.25,0.687,0.454,29.71,15.0,0.0,5.2,1
1.89,0.11,0.6,0.103,0.046,38.08,34.0,4.0,6.5,0
3.89,2.5,0.14,0.436,0.497,59.15,5.0,10.0,7.3,1
1.2,1.06,0.51,0.464,0.287,41.46,12.0,9.0,7.9,0
3.44,2.51,0.85,0.042,0.358,31.27,35.0,12.0,1.5,1
1.94,1.06,1.04,0.388,0.363,50.89,50.0,1.0,0.5,0
1.31,0.38,2.82,0.283,0.458,57.04,5.0,7.0,3.4,0
4.66,0.71,2.42,0.59,0.087,58.74,3.0,5.0,1.0,1
1.24,3.67,1.53,0.448,0.485,59.02,28.0,5.0,7.3,1
1.93,1.76,1.98,0.621,0.179,26.78,22.0,11.0,8.6,1
3.11,3.67,0.52,0.002,0.215,45.47,50.0,3.0,5.9,1
0.31,1.94,1.62,0.774,0.112,43.5,31.0,10.0,3.4,1
0.51,3.59,2.41,0.51,0.16,2.8,9.0,12.0,3.0,1
3.14,2.27,0.47,0.166,0.062,33.83,27.0,9.0,5.2,0
2.96,,2.34,0.401,0.296,,7.0,12.0,8.8,0
3.01,0.89,1.34,0.342,0.486,8.55,46.0,12.0,1.6,1
2.97,1.48,0.6,0.858,0.449,56.1,21.0,6.0,8.0,1
,0.71,0.15,0.828,0.238,2.22,36.0,11.0,2.3,1
1.65,3.93,2.87,0.16,0.217,7.21,57.0,10.0,2.2,1
0.88,1.39,0.52,0.847,0.278,24.65,13.0,10.0,1.9,1
4.49,2.23,2.42,0.609,0.294,59.59,16.0,5.0,1.5,1
2.8,3.99,1.62,0.25,0.364,2.73,34.0,6.0,0.8,1
3.94,2.08,2.76,0.932,0.015,14.21,15.0,13.0,8.9,1
0.96,1.24,2.47,0.371,0.095,21.59,41.0,4.0,1.1,0
2.32,2.46,0.73,0.793,0.022,53.5,12.0,7.0,2.4,1
0.59,3.27,2.97,0.671,0.371,50.17,32.0,13.0,7.8,1
0.49,2.47,1.17,0.796,0.208,5.42,51.0,,0.9,0
2.27,0.88,2.44,0.094,0.007,37.57,36.0,5.0,1.9,0
2.98,0.77,2.96,0.209,0.425,55.38,19.0,12.0,2.3,0
4.64,2.87,0.92,0.714,0.106,16.43,45.0,6.0,6.5,1
0.24,3.4,2.24,0.147,0.086,29.75,12.0,11.0,7.5,0
,2.8,0.52,0.751,0.128,29.78,4.0,5.0,6.8,0
3.7,0.37,1.79,0.307,0.272,54.76,13.0,7.0,5.1,0
1.52,1.29,1.24,0.603,0.256,17.05,31.0,1.0,10.0,0
3.76,2.74,0.98,0.366,0.307,22.1,31.0,10.0,7.0,1
4.75,2.84,0.28,0.6,0.408,54.51,7.0,1.0,2.7,1
2.94,1.86,0.49,,0.071,38.03,12.0,,8.6,0
1.25,1.19,2.83,0.434,0.26,56.68,43.0,3.0,5.4,0
2.98,0.37,1.86,0.93,0.465,55.8,15.0,0.0,8.3,0
1.52,0.21,0.46,0.972,0.074,38.62,24.0,0.0,0.1,0
0.85,0.46,1.44,0.906,0.388,17.01,48.0,14.0,7.6,1
3.96,1.35,2.2,0.735,0.447,24.5,47.0,2.0,6.0,1
3.31,2.44,2.41,0.124,0.024,30.95,45.0,3.0,7.4,1
,3.39,2.2,0.927,0.177,7.74,8.0,7.0,7.2,1
4.36,1.0,0.48,0.637,0.026,15.51,1.0,5.0,1.4,0
1.78,0.3,2.78,0.098,0.458,26.82,11.0,12.0,8.2,0
0.56,3.86,1.49,0.662,0.168,48.54,24.0,3.0,0.2,1
2.36,2.47,2.09,0.355,0.041,21.89,39.0,8.0,4.6,0
1.77,0.57,0.85,0.905,0.043,13.21,2.0,7.0,2.6,0
3.17,1.0,1.91,0.714,0.341,51.33,59.0,12.0,5.9,1
4.21,1.67,1.58,0.612,0.497,52.09,22.0,7.0,7.4,1
3.06,3.87,0.6,0.228,0.299,12.09,33.0,0.0,9.2,0
0.05,0.47,2.7,0.85,0.002,25.19,17.0,5.0,0.8,0
3.02,1.71,1.91,0.922,0.148,10.87,47.0,14.0,5.8,1
0.65,1.75,1.0,0.631,0.046,52.64,20.0,14.0,3.6,1
1.58,3.97,1.82,0.898,0.128,10.01,45.0,11.0,2.5,1
1.2,0.77,2.61,0.185,0.371,52.67,2.0,7.0,0.8,1
2.51,1.87,1.66,0.484,0.2,10.3,51.0,5.0,2.3,1
3.94,3.95,1.26,0.13,0.123,5.41,38.0,12.0,4.6,1
0.19,2.63,1.94,0.75,0.195,4.55,59.0,2.0,0.1,0
0.29,0.66,1.02,0.426,0.182,43.29,4.0,11.0,5.9,0
4.8,3.74,1.65,0.909,0.114,50.34,55.0,3.0,1.0,1
2.2,2.17,1.28,0.919,0.057,26.89,1.0,8.0,5.8,1
3.7,3.26,0.67,0.527,0.406,50.99,16.0,7.0,3.8,1
4.38,3.22,0.52,0.101,0.332,,30.0,13.0,7.7,0
1.91,2.21,1.46,0.35,0.135,20.44,35.0,8.0,4.4,0
2.74,3.26,0.67,0.903,0.033,48.8,13.0,13.0,9.4,1
4.33,3.54,1.81,0.532,0.355,9.16,12.0,1.0,3.3,1
3.0,3.25,2.74,0.127,0.105,28.23,39.0,5.0,5.4,1
0.94,2.52,1.37,0.069,0.325,8.81,11.0,9.0,7.3,0
2.99,2.35,2.63,0.94,0.215,15.16,59.0,13.0,2.2,1
4.83,1.85,2.8,0.744,0.154,37.97,1.0,7.0,0.2,1
4.93,0.32,1.8,0.592,0.116,42.88,22.0,3.0,7.9,0
4.54,1.91,1.75,0.049,0.115,15.98,16.0,3.0,2.9,1
3.61,2.52,2.11,0.667,0.051,42.07,45.0,14.0,1.6,1
4.41,1.81,0.42,0.935,0.47,58.35,53.0,1.0,5.9,1
2.05,1.67,1.83,0.386,0.16,12.56,52.0,12.0,3.7,1
1.71,0.94,1.68,0.772,0.485,3.37,3.0,1.0,2.7,0
4.97,1.46,0.68,0.752,0.175,24.39,9.0,14.0,7.1,0
4.41,0.82,2.11,0.788,0.496,32.96,26.0,4.0,9.7,1
0.57,0.31,2.41,0.399,0.246,15.34,11.0,2.0,5.3,0
4.05,2.9,0.68,0.645,0.026,19.68,41.0,0.0,7.8,0
0.06,2.8,0.09,0.084,0.179,1.86,51.0,6.0,8.4,0
2.13,2.07,1.56,0.234,0.42,27.13,45.0,14.0,4.8,1
0.42,0.32,0.52,0.321,0.092,42.72,42.0,14.0,5.1,0
1.84,2.47,0.09,0.795,,55.51,29.0,9.0,7.2,1
4.05,1.12,1.25,0.671,0.427,37.71,22.0,2.0,9.3,0
0.75,3.8,1.68,0.425,0.44,39.81,27.0,0.0,8.2,0
1.76,0.19,2.26,0.401,0.149,52.01,28.0,12.0,7.8,0
1.28,0.01,1.09,0.448,0.002,57.35,49.0,3.0,7.8,0
0.65,3.33,0.64,0.541,0.244,20.43,43.0,,4.7,0
4.85,0.93,0.98,0.55,0.395,40.53,40.0,12.0,8.6,1
2.17,2.68,1.5,0.492,0.11,28.71,54.0,11.0,3.6,1
0.11,1.4,2.01,0.595,0.078,41.5,15.0,9.0,6.1,0
3.39,3.29,1.91,0.231,0.199,30.62,3.0,13.0,1.4,1
2.62,3.41,1.59,0.578,0.146,2.71,21.0,1.0,6.5,0
4.1,3.77,0.77,0.979,0.123,40.87,59.0,8.0,7.5,1
1.82,1.54,1.69,0.371,0.424,34.43,24.0,4.0,4.1,1
4.55,0.02,2.07,0.073,0.071,32.99,40.0,1.0,5.1,0
0.14,0.58,2.68,0.869,0.036,55.55,32.0,0.0,0.2,0
2.62,1.23,0.01,0.7,0.07,45.77,4.0,4.0,9.0,0
2.44,3.23,1.75,0.904,0.247,4.14,47.0,3.0,8.1,1
0.06,3.64,1.86,0.859,0.467,34.36,39.0,8.0,7.3,1
0.32,0.84,0.64,0.823,0.073,19.81,53.0,3.0,0.7,0
1.44,1.56,1.68,0.01,0.454,16.07,42.0,1.0,2.2,1
2.87,2.26,2.23,0.83,0.443,54.02,49.0,6.0,9.9,1
1.03,1.11,2.5,0.224,5.0,56.68,20.0,2.0,4.6,0
0.92,1.37,1.98,0.088,0.471,3.79,30.0,2.0,8.8,0
0.68,3.15,2.93,0.235,0.209,15.11,7.0,5.0,6.8,0
4.64,0.68,,0.844,0.109,,41.0,14.0,8.1,1
2.82,2.16,1.18,0.838,0.407,45.45_err,29.0,,6.1,1
1.23,2.32,2.61,0.4,0.266,12.19,56.0,2.0,1.9,0
4.86,0.57,0.64,0.617,0.267,23.19,56.0,3.0,5.1,0
2.04,2.81,2.12,0.674,0.297,38.27,28.0,11.0,8.4,1
0.56,0.8,0.5,0.634,0.01,54.38,10.0,13.0,9.1,0
2.56,2.79,2.92,0.588,0.046,15.15,41.0,4.0,7.1,0
2.18,1.6,1.92,0.835,0.01,44.54,12.0,6.0,6.7,0
3.09,2.45,2.24,0.362,0.243,8.52,5.0,12.0,6.3,1
3.5,2.33,1.85,0.345,0.201,34.27,28.0,12.0,5.7,1
1.73,3.94,1.32,0.352,0.482,41.49,9.0,14.0,8.9,1
0.86,0.25,1.05,0.262,0.358,58.8,3.0,1.0,7.7,0
2.07,1.11,0.84,0.918,0.37,9.81,7.0,5.0,7.2,0
2.52,2.36,2.37,0.212,0.142,13.12,20.0,3.0,4.1,1
2.33,3.03,0.69,0.715,0.321,37.09,1.0,13.0,4.6,0
0.17,3.58,2.57,0.69,0.065,,17.0,4.0,4.4,1
3.97,0.39,2.27,0.751,0.239,36.12,48.0,4.0,10.0,0
1.72,1.12,1.22,0.658,0.359,31.97,22.0,9.0,9.2,0
1.46,0.45,1.92,0.061,0.412,48.05,29.0,7.0,1.1,1
1.07,0.29,2.43,0.219,0.398,41.24,35.0,9.0,4.7,0
2.91,0.08,0.05,0.957,0.066,16.28,27.0,4.0,2.7,0
2.95,,0.81,0.207,0.188,24.53,24.0,9.0,3.0,1
2.15,0.63,2.91,0.334,0.169,41.4,55.0,4.0,0.2,0
3.36,1.55,1.22,0.954,0.269,47.65,43.0,1.0,1.3,1
0.19,0.05,2.09,0.927,0.167,52.31,47.0,4.0,5.9,0
4.01,3.32,0.55,0.275,0.235,26.86,42.0,0.0,6.6,0
1.28,0.43,1.11,0.545,0.155,27.04,59.0,9.0,9.5,0
2.34,1.78,2.41,0.192,0.133,25.86,15.0,0.0,8.3,0
3.73,1.44,1.4,0.561,0.082,,8.0,3.0,2.5,1
0.87,1.02,2.7,0.204,0.181,57.05,36.0,1.0,5.3,0
4.51,1.85,0.05,0.63,0.126,6.06,54.0,4.0,2.0,0
0.68,0.16,1.64,0.111,0.151,2.21,39.0,,4.7,0
4.06,1.46,2.41,0.363,0.17,51.07,36.0,10.0,7.7,1
1.99,2.15,1.22,0.777,0.048,14.59,58.0,8.0,7.6,0
0.82,2.43,0.82,0.498,0.072,4.51,24.0,8.0,7.7,0
4.35,2.19,0.75,0.952,0.101,11.62,25.0,5.0,2.1,1
,1.82,1.11,0.386,0.284,12.53,21.0,1.0,4.2,0
1.15,2.34,2.22,0.9,0.212,31.82,3.0,11.0,7.0,1
3.33,0.36,0.54,0.782,0.009,2.14,6.0,4.0,1.0,0
0.78,1.24,1.76,0.756,0.484,13.43,44.0,11.0,3.3,1
4.88,3.87,0.07,0.475,0.186,20.9,46.0,13.0,6.1,1
2.74,3.83,0.3,0.502,0.228,16.04,10.0,1.0,5.1,0
0.75,2.52,0.64,0.304,0.113,44.41,7.0,14.0,0.7,1
0.33,2.0,1.61,0.91,0.194,1.92,53.0,7.0,7.2,0
3.15,0.92,2.3,0.222,0.204,33.58,45.0,8.0,3.7,1
3.22,1.44,0.4,0.402,0.198,35.54,30.0,4.0,9.3,0
4.89,2.59,1.73,0.566,0.035,40.74,59.0,11.0,2.8,1
2.48,3.25,2.16,0.264,0.435,49.4,16.0,7.0,9.8,1
1.7,3.31,2.54,0.267,0.013,26.81,45.0,6.0,8.8,0
3.55,0.55,0.72,0.369,0.331,4.65,16.0,5.0,7.4,0
4.01,2.02,0.41,0.798,0.093,30.63,,6.0,2.2,1
3.43,2.86,1.85,0.12,0.48,44.66,26.0,8.0,6.7,1
3.72,2.79,1.1,0.629,0.139,6.73,22.0,0.0,1.5,1
3.46,3.89,1.86,0.972,0.162,46.54,21.0,12.0,6.0,1
0.87,0.51,0.74,0.658,,10.18,11.0,0.0,7.0,0
4.05,1.85,0.7,0.451,,51.27,27.0,3.0,3.3,0
3.13,,2.29,0.567,0.273,2.81,38.0,2.0,9.9,0
1.96,2.28,0.85,0.093,0.082,26.48,11.0,10.0,0.9,0
,2.74,2.86,0.421,0.201,12.77,48.0,11.0,6.0,1
4.23,0.3,2.21,0.123,0.116,30.66,47.0,8.0,7.2,0
4.31,2.13,2.84,0.301,0.039,38.96,25.0,9.0,1.4,1
1.67,3.89,1.93,0.368,0.123,36.81,34.0,8.0,9.0,0
0.59,0.14,2.35,0.827,0.31,38.62,53.0,8.0,5.6,0
1.12,0.71,1.16,0.463,0.193,58.62,18.0,6.0,9.6,0
3.03,2.18,2.98,0.273,0.452,17.01,20.0,12.0,4.6,1
2.58,2.85,0.81,0.634,0.311,7.13,53.0,14.0,9.4,1
2.47,3.3,0.26,0.678,0.184,50.85,15.0,9.0,5.7,1
1.52,1.19,2.62,0.367,0.479,58.3,14.0,0.0,2.2,1
0.38,1.34,1.67,0.374,0.437,34.73,10.0,6.0,4.4,0
1.5,3.16,1.23,0.842,0.216,56.5,40.0,9.0,4.5,1
3.46,1.68,,0.489,0.393,51.53,2.0,9.0,8.8,1
3.11,3.5,2.87,0.758,0.335,51.02,46.0,8.0,5.2,1
1.38,,2.75,0.136,0.239,53.7,23.0,7.0,8.1,0
3.86,3.4,2.6,0.439,0.3,36.37,57.0,13.0,8.2,1
4.8,0.34,1.92,0.152,0.283,16.73,4.0,4.0,5.1,0
1.26,2.16,0.7,0.034,0.116,3.05,15.0,13.0,1.0,0
3.93,3.78,2.59,0.698,0.1,34.82,49.0,5.0,8.1,1
3.93,3.85,2.72,0.24,0.324,57.98,44.0,8.0,9.4,1
2.67,2.1,0.98,0.576,0.179,19.03,15.0,6.0,9.8,0
0.05,1.73,1.9,0.308,0.024,39.32,40.0,14.0,2.6,0
1.47,0.75,0.0,0.873,0.379,12.31,29.0,5.0,1.4,0
0.2,3.99,2.36,0.76,0.14,3.68,33.0,14.0,1.5,1
2.04,2.48,2.15,0.352,0.432,15.95,53.0,10.0,6.8,1
2.85,0.32,0.6,0.312,0.031,47.8,52.0,14.0,9.4,0
2.19,3.51,0.73,0.186,0.272,57.56,56.0,1.0,0.8,1
3.47,2.63,1.44,0.358,0.095,14.5,7.0,4.0,4.6,0
1.18,1.33,1.98,0.472,0.213,26.03,18.0,13.0,7.2,0
0.39,0.74,2.2,0.746,0.187,9.67,22.0,6.0,8.1,0
0.84,2.66,0.06,0.962,0.232,48.59,25.0,2.0,4.6,0
1.34,0.04,0.12,0.262,0.298,29.37,4.0,13.0,0.0,1
1.22,3.46,,0.795,0.231,48.3,58.0,10.0,1.3,1
2.57,2.52,0.66,0.32,0.327,44.22,45.0,1.0,0.8,1
4.49,0.85,1.31,0.404,0.108,25.38,5.0,10.0,5.3,0
1.78,2.78,0.06,0.548,0.228,17.86,12.0,4.0,7.2,0
0.42,1.05,1.47,0.455,0.031,4.17,59.0,14.0,7.4,0
4.1,3.54,0.03,0.309,0.263,56.84,22.0,5.0,3.3,0
0.08,2.65,2.97,0.029,0.21,10.6,56.0,5.0,2.2,0
2.58,3.55,0.46,0.8,0.325,6.34,41.0,10.0,4.9,1
4.05,2.92,2.42,0.482,0.093,42.56,23.0,11.0,5.0,1
2.83,1.58,1.08,0.187,0.133,38.96,58.0,5.0,8.7,0
4.65,3.26,0.77,0.625,0.343,37.33,4.0,6.0,8.6,1
0.15,3.27,0.4,0.773,0.175,55.77,27.0,8.0,1.7,1
4.71,3.88,2.61,0.687,0.448,55.22,56.0,14.0,0.7,1
3.75,2.48,0.97,0.561,0.08,43.57,2.0,6.0,4.4,1
1.64,2.75,2.22,0.19,0.352,21.3,40.0,0.0,5.8,0
3.14,1.93,0.34,0.264,0.071,5.31,36.0,0.0,9.4,0
2.81,1.08,2.94,0.101,0.177,48.09,19.0,8.0,8.8,0
4.55,0.33,1.73,0.222,0.064,28.36,8.0,2.0,8.1,0
2.06,3.02,2.38,0.188,0.238,43.41,51.0,7.0,9.5,1
,1.88,0.02,0.916,0.344,20.25,26.0,14.0,7.0,0
0.34,3.38,2.02,0.111,0.11,4.19,57.0,0.0,1.6,0
2.07,1.73,2.7,0.943,0.496,20.24,15.0,3.0,8.9,1
4.93,3.77,1.57,0.143,0.148,5.67,6.0,14.0,7.0,1
3.09,1.49,2.52,0.581,0.321,38.14,16.0,2.0,7.7,0
3.71,1.74,1.56,0.19,0.165,27.68,44.0,10.0,5.5,0
,2.63,2.92,0.657,0.145,45.84,47.0,6.0,8.2,1
3.32,1.27,0.41,0.831,0.127,22.56,47.0,2.0,1.0,1
3.01,2.51,2.78,0.093,0.227,44.06,24.0,4.0,7.0,0
0.94,0.05,1.76,0.95,0.461,19.28,6.0,12.0,4.3,0
1.45,0.98,2.67,0.154,,24.52,15.0,1.0,1.9,0
4.4,0.93,0.38,0.46,0.368,21.78,3.0,14.0,4.0,1
2.54,0.44,2.74,0.935,0.208,10.77,44.0,2.0,8.6,0
4.32,3.7,1.48,0.881,0.33,22.45,27.0,0.0,2.3,1
0.08,3.94,1.37,0.106,0.128,33.99,46.0,13.0,6.4,0
2.53,0.16,1.71,0.62,0.452,13.46,50.0,11.0,7.6,0
1.58,1.78,2.63,0.798,0.486,40.0,4.0,11.0,3.3,1
1.4,0.66,2.5,0.748,0.327,8.31,56.0,2.0,2.6,0
4.3,3.32,0.37,0.247,0.054,27.11,7.0,14.0,6.9,1
4.19,0.59,0.04,0.342,0.068,8.12,38.0,7.0,0.9,0
4.48,0.74,1.54,0.25,0.318,37.23,37.0,12.0,5.6,1
2.15,2.94,2.97,0.652,0.018,29.08,26.0,12.0,,1
4.81,0.36,1.52,0.493,0.068,49.13,7.0,2.0,6.0,1
1.6,3.8,0.43,0.929,0.284,25.66,2.0,0.0,3.8,1
4.95,2.93,1.3,0.3,0.423,32.69,53.0,5.0,7.7,1
3.79,3.91,1.11,0.755,0.128,41.14,43.0,0.0,3.7,1
3.27,1.79,2.87,0.106,0.312,1.99,40.0,12.0,2.5,1
4.46,0.93,2.85,0.324,0.16,55.65,56.0,2.0,0.9,0
3.16,3.74,0.22,0.504,0.24,32.95,28.0,1.0,8.7,0
2.1,2.03,0.7,0.24,0.016,58.25,29.0,10.0,6.4,0
1.81,3.8,1.37,0.774,0.421,8.29,54.0,2.0,4.7,1
0.7,3.81,1.71,0.746,0.478,22.07,48.0,12.0,6.4,1
2.4,3.2,0.57,0.861,0.161,7.48,42.0,9.0,1.6,1
3.95,0.9,1.76,0.561,0.42,23.73,1.0,13.0,0.3,1
0.69,,0.61,0.442,0.054,6.25,18.0,9.0,8.1,0
4.64,2.59,1.26,0.133,0.475,11.4,19.0,1.0,9.0,0
1.1,1.91,1.57,0.754,0.495,7.66,48.0,0.0,1.0,1
4.8,1.67,2.93,0.584,0.009,35.28,45.0,10.0,4.3,1
2.28,0.82,0.21,0.03,0.071,35.93,20.0,4.0,9.0,0
0.69,0.89,2.78,0.148,0.267,43.47,30.0,14.0,8.1,0
0.56,1.46,0.41,0.23,0.281,42.51,30.0,3.0,4.0,0
3.31,2.53,0.29,0.778,0.294,44.58,7.0,0.0,1.0,1
4.05,0.17,0.88,0.949,0.038,54.94,22.0,12.0,3.2,0
0.29,1.56,1.69,0.839,0.422,11.06,23.0,12.0,8.1,1
4.58,2.99,1.25,0.761,0.43,51.15,35.0,2.0,2.4,1
0.19,1.68,1.57,0.327,0.397,52.13,15.0,9.0,9.3,0
2.73,2.39,2.34,0.419,0.362,27.78,35.0,11.0,3.6,1
2.58,0.4,2.49,0.855,0.01,7.89,10.0,4.0,8.5,0
4.03,3.76,2.89,0.503,0.415,4.38,24.0,6.0,4.3,1
2.91,0.56,2.78,0.837,0.004,38.75,38.0,14.0,5.3,1
1.68,2.6,0.57,0.612,0.086,30.62,3.0,13.0,8.0,0
2.9,0.67,2.15,0.46,0.063,46.56,49.0,,3.2,0
4.76,3.94,2.25,0.371,0.358,49.87,45.0,8.0,0.1,1
0.61,2.53,1.44,0.012,0.084,5.92,58.0,6.0,1.7,0
3.28,2.08,2.66,0.989,0.308,19.92,16.0,2.0,3.8,1
0.84,3.38,2.27,0.877,0.069,26.08,54.0,9.0,9.6,0
1.02,0.68,1.21,0.018,0.343,28.06,,4.0,9.3,0
4.86,1.7,1.27,0.281,0.45,2.45,26.0,4.0,9.6,0
4.13,3.91,1.12,0.304,0.386,24.97,8.0,6.0,8.8,1
4.56,2.03,1.52,0.335,0.146,,34.0,14.0,7.6,1
0.76,2.52,2.2,0.292,0.361,3.94,54.0,1.0,0.1,1
2.07,0.27,0.95,0.923,0.497,13.88,26.0,3.0,4.4,1
3.83,0.29,0.68,0.689,0.335,40.85,7.0,4.0,9.7,0
3.24,0.25,0.1,0.596,0.064,20.76,36.0,2.0,1.1,0
0.76,1.96,2.39,0.432,0.281,48.3,57.0,8.0,7.3,1
2.2,2.88,1.09,0.693,0.207,14.2,52.0,14.0,7.4,0
1.21,1.3,2.26,0.62,0.097,30.91,31.0,6.0,2.1,0
1.69,2.3,0.33,0.176,0.091,49.23,30.0,7.0,9.3,0
4.57,2.31,1.6,0.3,0.402,29.56,39.0,14.0,2.1,1
1.23,0.63,1.2,0.966,0.079,59.96,45.0,9.0,9.4,1
1.88,3.0,1.42,0.987,0.476,32.65,23.0,1.0,6.0,1
2.59,2.19,2.78,0.044,0.468,12.81,59.0,5.0,0.1,1
0.35,0.48,0.2,0.308,0.446,44.55,52.0,1.0,6.1,0
4.44,3.79,1.26,0.986,0.092,36.58,16.0,4.0,5.6,1
2.32,0.99,2.49,0.017,0.195,37.81,26.0,14.0,6.6,0
,1.65,1.85,0.953,0.243,21.81,21.0,14.0,5.2,1
2.39,3.78,2.95,0.683,0.352,16.58,13.0,5.0,5.9,1
3.37,1.33,2.23,0.628,0.138,13.68,26.0,3.0,5.9,0
3.06,0.74,0.29,0.824,0.07,5.54,9.0,6.0,8.3,0
2.89,3.93,1.13,0.998,0.313,20.87,6.0,7.0,6.6,1
1.53,3.98,0.99,0.36,0.274,5.6,22.0,13.0,2.8,1
2.17,2.75,1.47,0.883,0.255,26.6,20.0,6.0,0.5,1
3.49,3.58,1.86,0.495,0.032,13.15,24.0,,4.0,1
4.37,4.0,0.76,0.73,0.278,45.49,25.0,9.0,6.5,1
0.68,0.59,1.89,0.824,0.11,22.52,,8.0,2.2,0
4.2,3.37,0.79,0.285,0.207,34.12,42.0,4.0,9.7,0
3.98,0.19,0.37,0.18,0.175,46.75,19.0,4.0,9.9,0
3.71,2.58,1.54,0.005,0.284,20.33,39.0,13.0,4.6,1
2.32,2.5,1.46,0.312,0.18,18.11,8.0,2.0,9.6,0
2.82,1.95,1.22,0.358,0.257,7.15,12.0,6.0,7.4,0
2.39,2.3,1.6,0.4,0.436,2.12,28.0,13.0,6.6,1
2.56,1.11,1.5,0.897,0.393,33.27,31.0,7.0,7.6,0
3.08,0.03,1.75,0.156,0.445,34.35,,9.0,6.8,0
2.47,0.75,2.9,0.783,0.39,23.57,16.0,2.0,8.3,0
2.78,3.74,2.12,0.088,0.204,19.91,37.0,12.0,0.2,1
3.31,1.09,,0.269,0.298,58.38,30.0,5.0,9.0,0
1.36,2.85,1.49,0.292,0.323,5.34,47.0,4.0,2.4,0
3.58,1.82,2.08,0.262,0.303,12.45,59.0,13.0,5.5,1
4.85,3.92,0.19,0.976,0.319,45.53,54.0,9.0,8.5,1
0.98,3.91,2.44,0.835,0.317,13.48,6.0,4.0,3.3,0
4.59,2.12,2.84,0.152,0.34,42.99_err,58.0,6.0,9.9,0
2.12,1.38,2.92,0.946,0.344,56.34,45.0,10.0,1.9,1
4.58,1.61,0.56,0.37,0.294,,57.0,3.0,2.1,1
2.1,1.43,2.89,0.576,0.129,48.45,25.0,3.0,5.1,0
3.57,0.23,1.63,0.066,0.257,47.48,56.0,8.0,0.8,1
2.79,0.2,2.56,0.688,0.238,24.83,19.0,5.0,0.2,1
3.75,2.25,2.25,0.016,0.354,10.32,56.0,9.0,6.6,1
3.51,2.3,2.72,0.627,0.435,13.26,30.0,4.0,4.6,1
4.8,0.29,1.84,0.591,0.436,56.11,42.0,12.0,7.1,1
1.45,1.55,0.98,0.629,0.114,5.73,37.0,10.0,9.6,0
4.65,3.68,2.28,0.058,0.237,23.12,23.0,6.0,9.4,0
1.26,1.75,0.86,0.971,0.436,37.9,28.0,13.0,7.5,1
3.93,1.42,0.8,0.549,0.298,11.27,26.0,14.0,4.3,1
2.45,0.29,0.51,0.7,0.352,9.15,2.0,0.0,4.6,0
0.36,3.31,,0.52,0.371,37.5,4.0,6.0,4.6,0
0.17,2.36,2.41,0.761,0.038,52.47,20.0,7.0,8.6,0
2.6,0.67,0.91,0.192,0.204,55.29,,8.0,8.2,0
0.17,1.66,1.19,0.66,0.25,41.39,42.0,10.0,7.1,0
4.73,2.92,2.32,0.633,0.493,43.19,39.0,1.0,6.5,1
0.83,1.06,0.11,0.663,0.437,56.36,40.0,14.0,2.8,1
2.43,1.95,0.99,0.655,0.484,23.94,53.0,2.0,5.3,1
1.89,2.17,2.76,0.035,,58.5,39.0,12.0,3.4,1
2.62,2.86,0.61,0.611,0.241,19.02,36.0,12.0,5.8,1
1.04,2.29,0.25,0.848,0.492,22.44,22.0,3.0,9.1,0
4.33,1.83,2.91,0.575,0.309,45.87,7.0,0.0,5.5,0
0.06,0.69,2.02,0.928,0.273,43.18,24.0,3.0,10.0,0
2.86,1.24,2.45,0.032,0.497,22.86,17.0,1.0,5.0,0
1.74,1.55,0.49,0.484,0.276,3.83,31.0,9.0,1.7,1
1.07,3.66,0.03,0.324,0.099,38.43,25.0,6.0,9.8,0
1.07,2.63,1.68,0.244,0.209,36.57,36.0,0.0,1.7,1
0.92,2.16,1.98,0.326,0.264,53.14,5.0,6.0,5.8,0
3.01,2.04,0.67,0.041,0.419,18.63,20.0,8.0,7.3,0
4.46,2.62,0.06,0.087,0.245,54.8,42.0,14.0,4.8,1
1.99,0.92,2.91,0.707,0.32,34.8,17.0,13.0,,1
0.82,1.71,1.1,0.081,0.468,13.78,21.0,8.0,6.3,0
0.26,2.26,2.16,0.897,0.388,24.17,22.0,1.0,9.9,0
4.09,1.47,1.42,0.683,0.257,12.87,31.0,9.0,6.8,0
1.11,0.21,0.77,0.644,0.199,28.2,34.0,11.0,6.1,0
3.68,1.71,2.86,0.585,0.319,28.89,28.0,13.0,5.9,1
2.65,0.56,1.65,0.914,0.493,47.77,5.0,3.0,3.6,1
,3.14,1.02,0.356,0.324,44.83,48.0,3.0,2.9,1
2.88,2.02,2.21,0.246,0.101,35.33,25.0,3.0,7.3,0
4.76,3.87,,0.663,0.098,33.27,46.0,3.0,2.9,1
0.51,1.47,2.11,0.486,0.049,41.71,37.0,6.0,9.1,0
3.29,1.06,2.49,0.902,0.088,9.74,24.0,7.0,1.9,1
0.57,3.99,0.49,0.063,0.449,35.57,8.0,7.0,9.7,0
0.97,1.29,0.18,0.639,0.152,54.71,59.0,14.0,4.4,1
3.37,1.6,1.39,0.847,0.032,19.04,,11.0,1.0,1
3.09,0.04,0.07,0.232,0.346,2.39,6.0,14.0,0.4,0
2.43,0.85,0.63,,0.022,1.26,47.0,7.0,8.3,0
3.87,3.1,0.5,0.572,0.01,2.92,55.0,9.0,5.2,0
3.46,2.82,2.3,0.924,0.159,45.03,59.0,2.0,2.0,1
0.29,1.6,,0.452,0.004,52.07,14.0,3.0,2.6,0
3.27,3.67,0.4,0.262,0.258,1.21,56.0,1.0,1.0,0
1.94,2.17,0.94,0.745,0.35,41.93,33.0,6.0,2.6,1
2.36,2.52,2.13,0.333,0.103,18.8,45.0,1.0,0.8,0
2.62,3.21,0.61,0.22,0.296,24.02,6.0,7.0,4.2,1
1.68,2.81,1.04,0.712,0.216,55.43,18.0,11.0,4.8,1
2.24,0.6,1.1,0.826,0.43,41.53,14.0,1.0,5.6,0
2.81,1.91,0.22,0.945,0.253,32.57,47.0,12.0,5.7,1
0.3,2.41,0.6,0.3,0.179,29.73,31.0,8.0,3.0,0
2.87,0.2,0.65,0.469,0.261,34.1,18.0,9.0,8.7,0
1.74,0.98,2.19,0.184,0.121,14.75,40.0,13.0,3.2,0
2.86,3.13,0.86,0.939,0.199,41.37,33.0,3.0,5.8,0
2.23,3.82,2.23,0.823,0.264,8.02,52.0,4.0,3.1,1
0.92,3.92,1.55,0.565,0.356,47.96,47.0,6.0,8.3,1
0.55,2.87,0.24,0.916,0.089,15.55,51.0,10.0,10.0,0
4.37,2.81,0.66,0.82,0.383,1.0,23.0,4.0,1.7,1
1.98,2.82,0.13,0.031,0.044,44.87,,2.0,9.5,0
3.08,1.19,2.9,0.779,0.011,49.99,24.0,7.0,0.7,1
0.43,1.64,2.48,0.122,0.424,45.66,37.0,9.0,8.1,0
2.06,0.72,0.81,0.331,0.037,18.07,19.0,0.0,9.4,0
3.54,1.88,1.06,0.119,0.432,10.55,35.0,9.0,6.5,1
4.85,0.16,2.13,0.064,0.483,2.02,,9.0,3.3,0
2.78,3.32,1.37,0.606,0.348,5.66,48.0,8.0,1.9,1
0.88,3.79,,0.953,0.244,23.63,24.0,7.0,8.2,1
0.06,0.55,0.08,0.072,0.27,17.78,20.0,7.0,1.0,0
1.77,1.94,2.77,0.749,0.237,55.4,32.0,,4.8,1
2.03,1.76,0.78,0.279,0.183,14.45,53.0,12.0,8.0,0
2.49,2.98,1.97,0.09,0.244,31.75,,4.0,8.3,0
0.02,2.06,2.85,0.922,0.133,57.53,17.0,9.0,3.5,1
3.62,1.79,1.98,0.054,0.095,26.63,32.0,12.0,5.3,0
3.28,0.56,2.26,0.106,0.161,54.13,28.0,4.0,1.5,0
0.09,1.14,2.9,0.227,0.002,46.92,18.0,3.0,5.7,0
1.67,2.35,2.02,0.931,0.218,20.93,26.0,0.0,4.7,0
1.84,0.16,1.52,0.304,0.022,40.87,8.0,12.0,9.1,0
1.42,1.33,1.59,0.029,0.073,18.36,25.0,7.0,4.7,0
1.48,0.57,0.13,0.188,0.197,19.2,33.0,7.0,6.4,0
2.17,0.3,0.25,0.445,0.346,41.67,51.0,10.0,3.7,0
3.51,1.7,1.68,0.883,0.273,33.01,29.0,3.0,2.8,1
3.38,1.22,1.61,0.26,0.157,1.42,37.0,13.0,1.3,1
2.05,2.29,1.52,0.511,0.037,49.4,20.0,2.0,5.0,1
3.11,0.82,0.42,0.302,0.21,7.01,12.0,12.0,5.3,0
0.35,0.22,2.79,0.574,0.454,38.61,44.0,10.0,3.9,1
3.85,0.14,2.72,0.089,0.084,38.5,34.0,7.0,,0
2.21,1.73,0.89,0.5,0.431,16.37,19.0,9.0,5.9,0
0.45,0.03,1.2,0.071,0.385,1.34,1.0,9.0,1.2,0
1.87,0.22,1.16,0.98,0.281,41.86,52.0,6.0,2.6,1
3.54,1.37,0.67,0.918,0.228,59.44,12.0,14.0,8.6,1
0.62,3.76,0.99,0.647,0.329,33.62,55.0,8.0,4.8,1
4.07,2.86,2.98,0.919,0.377,53.87,40.0,2.0,3.5,1
3.54,2.96,1.71,0.588,0.39,47.38,59.0,3.0,0.7,1
0.42,0.68,2.7,0.306,0.35,28.09,15.0,13.0,5.1,1
4.89,2.28,2.2,0.146,0.183,33.04,32.0,8.0,6.4,0
4.72,0.92,2.63,0.994,0.012,41.14,39.0,0.0,5.7,1
0.66,2.07,1.1,0.245,0.243,46.04,53.0,3.0,7.9,0
1.01,3.25,1.93,0.867,0.072,12.75,36.0,12.0,2.8,1
1.74,1.73,1.12,0.432,0.225,22.4,37.0,11.0,0.5,1
4.95,0.91,2.45,0.325,0.229,41.58,53.0,12.0,5.8,1
3.53,1.23,2.3,0.248,0.255,26.25,28.0,10.0,2.3,0
4.57,1.96,2.34,0.863,0.47,33.43,37.0,13.0,1.8,1
1.38,3.24,0.59,0.841,0.315,43.84,28.0,0.0,6.5,1
4.35,2.54,2.57,0.872,0.02,5.27,33.0,12.0,5.3,1
0.55,3.82,2.99,0.735,0.367,57.03,27.0,12.0,8.6,1
4.98,3.91,2.49,0.063,0.345,46.34,44.0,9.0,7.7,1
0.53,1.25,1.45,0.354,0.392,19.85,23.0,3.0,4.5,1
2.18,2.64,0.92,0.815,0.188,56.06,,11.0,3.1,1
4.1,2.83,0.39,0.973,0.456,18.53,44.0,10.0,9.8,1
4.26,2.24,1.23,0.861,0.34,59.51,53.0,11.0,6.8,1
4.32,3.21,0.81,0.669,,29.02,33.0,5.0,9.9,0
1.43,1.1,1.3,0.824,0.347,27.92,9.0,5.0,5.8,0
3.3,3.05,0.16,0.367,0.212,34.93,26.0,8.0,2.3,1
1.05,1.0,0.88,0.67,0.2,56.18,55.0,7.0,6.7,0
2.47,2.17,2.88,0.758,0.037,59.01,1.0,7.0,9.1,1
4.24,0.45,0.36,0.503,0.336,14.09,48.0,2.0,6.4,0
2.05,2.74,0.22,0.261,0.172,14.56,50.0,5.0,4.7,0
0.55,3.43,2.07,0.928,0.283,24.74,40.0,0.0,2.2,1
0.12,2.96,2.48,0.8,0.446,49.89,27.0,10.0,7.2,0
4.5,3.81,0.29,0.247,0.185,38.23,24.0,14.0,3.1,1
0.62,3.96,2.87,0.12,0.102,9.31,34.0,2.0,4.3,1
4.38,1.84,0.11,0.739,0.274,31.88,23.0,9.0,6.7,1
0.47,0.62,2.63,0.66,0.498,50.38,42.0,6.0,4.9,1
1.21,2.85,2.49,0.592,0.222,2.47,33.0,8.0,5.6,0
3.64,1.68,2.01,0.958,0.236,26.46,22.0,1.0,2.1,1
0.87,1.54,1.9,,0.009,7.94,18.0,8.0,8.2,0
4.42,0.73,2.35,0.123,0.183,28.85,57.0,8.0,1.5,1
1.12,0.16,0.23,0.206,0.49,3.11,22.0,9.0,1.7,0
1.84,3.06,1.13,0.722,0.227,32.26,12.0,7.0,0.6,1
4.33,1.93,0.28,0.911,0.036,56.62,49.0,14.0,7.1,1
1.71,1.59,0.46,0.687,0.389,21.37,4.0,13.0,9.3,0
2.94,1.47,2.49,0.146,0.436,19.16,6.0,,0.7,1
1.62,2.02,2.11,0.707,0.352,49.35,2.0,1.0,1.8,1
2.39,2.97,1.1,0.317,0.147,13.04,10.0,4.0,3.7,0
2.35,1.74,1.22,0.399,0.159,23.09_err,23.0,14.0,2.8,0
2.38,0.38,2.03,0.643,0.313,57.68,42.0,13.0,6.3,0
1.83,1.03,1.92,0.427,0.357,39.68,53.0,5.0,0.4,1
3.61,0.53,1.46,0.961,0.374,41.04,19.0,7.0,5.8,1
1.71,0.76,2.25,0.794,0.438,34.5,24.0,1.0,5.5,0
,3.5,0.63,0.544,0.321,5.5,22.0,7.0,0.4,1
2.99,0.69,0.91,0.433,0.29,41.43,14.0,2.0,3.8,0
1.39,2.9,0.19,0.33,0.228,48.59,41.0,13.0,9.2,0
0.19,1.21,1.72,0.332,0.441,43.95,51.0,8.0,1.9,0
0.23,3.61,2.28,0.645,0.184,7.72,26.0,13.0,9.3,0
2.44,2.49,1.58,0.833,0.146,32.33,22.0,5.0,7.3,1
4.84,2.7,1.1,0.192,0.42,9.37,23.0,2.0,2.6,1
0.39,2.1,0.6,0.926,0.196,44.06,1.0,2.0,0.1,0
1.66,3.71,1.68,0.301,0.449,58.46,39.0,8.0,4.2,1
0.2,0.63,0.41,0.707,0.337,30.6,33.0,0.0,6.0,0
3.16,1.15,1.63,0.763,0.467,10.31,26.0,13.0,1.1,1
2.89,3.62,0.56,0.822,0.068,23.38_err,27.0,8.0,0.6,1
,3.96,0.29,0.391,0.089,29.39,52.0,5.0,0.4,1
3.8,3.08,2.89,0.411,0.474,33.26,51.0,6.0,7.6,1
0.15,0.85,0.18,0.675,0.398,27.95,32.0,8.0,7.7,0
0.63,3.63,2.65,0.952,0.284,13.28,56.0,7.0,6.7,1
0.29,0.67,2.87,0.929,0.426,30.35,35.0,8.0,7.2,1
1.69,3.5,2.08,0.747,0.354,59.64,24.0,7.0,3.5,1
2.53,1.53,2.9,0.192,0.243,53.02,12.0,3.0,1.2,0
1.45,0.19,2.27,0.669,0.354,46.06,12.0,8.0,1.4,1
1.57,2.45,0.54,0.819,0.207,50.98,36.0,14.0,3.1,1
2.87,1.48,1.67,0.987,0.477,22.99,58.0,0.0,3.7,1
1.21,0.08,2.16,0.548,0.246,14.94,6.0,12.0,9.1,0
,0.6,1.78,0.589,0.066,13.24,40.0,7.0,3.8,0
4.51,1.82,1.26,0.984,0.183,10.19,45.0,8.0,4.4,1
3.64,2.61,0.99,0.846,0.305,24.64,42.0,4.0,4.3,1
2.52,0.13,2.73,0.071,,49.58,32.0,13.0,7.3,0
3.52,2.08,2.54,0.964,0.478,43.13,24.0,6.0,0.3,1
2.21,0.19,2.57,0.246,0.478,54.52,40.0,4.0,4.5,0
4.56,3.61,1.15,0.852,0.305,16.16,43.0,0.0,8.7,1
0.88,2.83,1.29,0.39,0.005,52.06,27.0,11.0,8.7,0
0.85,0.34,2.93,0.153,0.216,38.69,3.0,3.0,7.4,0
0.3,2.03,2.61,0.857,0.322,30.56,54.0,13.0,4.0,1
0.9,2.94,2.0,0.025,0.451,42.84,32.0,12.0,2.5,1
1.1,1.15,0.93,0.584,0.103,34.93,56.0,10.0,0.9,0
4.3,0.75,1.09,0.234,0.043,49.57,24.0,13.0,4.8,0
2.54,2.7,2.12,0.176,0.349,12.12,7.0,0.0,8.6,0
1.03,3.12,0.13,0.545,0.125,25.84,32.0,8.0,3.5,0
4.26,1.6,,0.913,0.441,43.81,28.0,14.0,5.1,1
0.38,0.96,0.95,0.965,0.433,44.36,54.0,14.0,3.3,1
1.42,3.77,0.95,0.144,0.279,17.09,56.0,8.0,4.0,0
4.69,2.15,0.0,0.755,0.243,27.02,9.0,13.0,1.4,1
4.84,1.96,1.98,0.688,0.022,15.79,9.0,2.0,6.9,0
1.85,2.92,1.56,0.398,0.498,39.06,4.0,6.0,0.5,1
4.02,3.58,1.45,0.097,0.119,58.58,38.0,7.0,9.7,0
0.78,1.22,1.27,0.519,0.203,30.03,36.0,7.0,3.8,0
4.46,3.25,0.89,0.783,0.309,32.73,3.0,6.0,2.7,1
3.96,3.73,1.27,0.006,0.205,36.22,29.0,13.0,5.9,1
3.29,3.85,0.01,0.378,0.409,56.55,7.0,3.0,9.0,1
4.19,2.75,0.9,0.073,0.037,53.91,41.0,0.0,8.8,0
2.81,3.08,2.78,0.056,0.38,34.99,7.0,1.0,9.3,0
1.66,3.37,2.47,0.23,,24.54,10.0,14.0,0.9,1
3.32,3.17,1.89,0.888,0.335,,4.0,5.0,2.3,1
3.32,0.75,2.48,0.439,0.392,12.07,26.0,14.0,,1
2.9,0.01,1.63,0.728,0.409,46.1,4.0,9.0,0.9,1
3.94,2.3,0.29,0.958,0.313,12.78,25.0,10.0,1.9,1
0.27,2.5,1.38,0.005,0.373,37.75,13.0,7.0,1.2,0
3.2,0.9,2.77,0.798,0.368,15.42,54.0,13.0,3.3,1
2.88,0.75,0.19,0.123,0.008,57.83,25.0,1.0,4.1,0
1.1,2.13,2.21,0.055,0.301,38.19,27.0,0.0,3.4,0
0.44,3.57,2.1,0.659,0.154,55.14,2.0,13.0,4.1,1
2.35,0.75,0.97,0.712,0.237,51.87,27.0,12.0,8.7,0
1.27,3.5,2.6,0.716,0.323,42.04,2.0,9.0,8.3,1
3.86,3.45,1.99,0.259,0.461,36.23,39.0,11.0,9.6,1
2.45,1.0,0.65,0.153,0.333,54.96,14.0,11.0,,0
4.81,3.19,1.92,0.124,0.204,31.47,41.0,2.0,8.4,0
4.78,3.83,2.48,0.273,0.195,48.65,55.0,10.0,6.9,1
4.41,0.63,2.63,0.412,0.152,9.46,44.0,0.0,1.7,0
3.15,2.18,2.85,0.901,0.312,31.06,34.0,1.0,9.4,1
2.99,3.23,0.15,0.969,0.338,28.22,22.0,8.0,2.1,1
1.09,1.33,0.47,0.032,0.463,24.36,35.0,4.0,6.8,0
3.59,0.3,0.51,0.02,0.058,13.35,18.0,8.0,2.3,0
4.57,0.49,0.72,0.583,0.473,10.46,18.0,8.0,0.9,1
1.57,1.33,2.05,0.465,0.256,53.37,6.0,6.0,2.0,0
4.22,0.17,1.25,0.508,0.337,32.35,,12.0,2.3,1
2.05,0.18,0.36,0.977,0.341,59.05,45.0,10.0,3.8,1
4.77,3.9,2.92,0.723,0.08,5.63,54.0,8.0,0.7,1
1.99,0.49,0.3,0.153,0.346,48.22,7.0,1.0,5.9,0
3.86,0.65,2.64,0.986,0.104,6.28,26.0,9.0,8.0,0
4.05,2.36,1.02,0.505,0.171,4.78,55.0,6.0,7.6,1
3.56,3.26,0.37,0.57,0.436,19.26,26.0,8.0,8.4,1
1.91,0.64,0.16,0.98,0.421,55.01,42.0,4.0,9.8,1
0.78,0.17,1.42,0.101,0.347,56.64,,8.0,10.0,0
0.5,0.88,1.24,0.086,0.081,16.07,20.0,10.0,4.1,0
0.47,2.02,1.46,0.164,0.102,33.92,,7.0,5.0,0
3.85,3.97,2.0,0.217,0.338,7.04,2.0,6.0,5.0,0
1.91,2.47,0.81,0.515,0.14,53.85,33.0,9.0,6.4,1
1.9,0.89,0.0,0.42,0.146,6.58,25.0,9.0,2.5,0
1.01,0.04,1.62,0.639,0.091,10.37,21.0,12.0,7.7,0
1.07,0.66,0.15,0.469,0.199,17.32,35.0,7.0,1.3,0
1.9,2.62,2.45,0.68,0.062,15.65,42.0,1.0,9.5,0
1.06,1.27,2.43,0.242,0.35,26.2,10.0,13.0,1.2,1
3.17,2.22,0.36,0.729,0.002,7.85,10.0,13.0,7.4,0
4.26,2.34,2.86,0.966,0.018,19.52,46.0,13.0,4.0,1
3.39,0.64,1.21,0.04,0.397,46.18,,8.0,6.3,0
1.48,1.63,1.68,0.397,0.068,24.46,36.0,3.0,3.1,0
1.61,2.21,2.25,0.714,0.413,51.16,50.0,13.0,1.2,1
3.08,3.47,0.57,0.194,0.009,18.05,23.0,13.0,9.4,0
3.09,3.2,0.03,0.27,0.079,27.57,41.0,0.0,5.1,0
,2.69,2.21,0.955,0.244,24.19,8.0,3.0,3.0,1
4.68,3.11,2.37,0.745,0.201,33.26,55.0,3.0,6.2,1
1.13,3.83,1.98,0.947,0.239,58.62,8.0,3.0,2.6,1
1.45,3.05,1.87,0.99,0.493,7.37,30.0,5.0,0.4,1
3.6,0.82,2.71,0.29,0.307,59.71,26.0,0.0,7.9,0
0.6,1.34,2.65,0.851,0.073,13.36,5.0,2.0,10.0,0
1.21,1.47,0.29,0.255,0.09,11.36,,9.0,9.6,0
1.15,,0.61,0.781,0.39,42.11,33.0,7.0,8.8,1
1.06,2.53,1.93,0.796,0.162,47.44,23.0,8.0,7.5,0
3.52,1.68,0.24,0.968,0.309,25.08,47.0,7.0,1.6,1
0.97,1.86,1.64,0.996,0.204,44.61,27.0,13.0,1.6,1
,2.37,0.42,0.637,0.043,26.14,15.0,11.0,1.5,0
2.81,3.24,2.84,0.735,0.498,43.46,49.0,0.0,4.6,1
2.59,1.79,1.17,0.813,0.207,48.81,17.0,12.0,4.8,1
1.94,2.52,0.7,0.834,0.069,41.68,36.0,13.0,5.8,1
1.18,1.86,2.27,0.51,0.413,22.53,12.0,5.0,2.3,1
0.8,3.99,0.62,0.222,0.237,5.38,46.0,4.0,0.4,0
0.98,3.77,2.57,0.824,0.062,24.53,48.0,6.0,1.0,1
4.68,2.16,2.48,0.622,0.289,19.23,49.0,8.0,0.7,1
3.1,3.26,0.76,0.662,0.372,49.38,,3.0,7.9,1
2.43,3.45,1.0,0.41,0.165,50.35,13.0,9.0,1.3,1
0.13,0.11,0.1,0.924,0.251,19.22,33.0,9.0,7.5,0
,3.68,0.9,0.883,0.441,30.54,49.0,12.0,1.1,1
3.75,3.44,0.49,0.144,0.188,22.28,41.0,7.0,5.0,0
0.93,3.28,0.11,0.186,0.465,58.19,46.0,11.0,2.9,1
2.06,2.27,2.85,0.472,0.131,36.7,2.0,14.0,6.5,1
3.16,0.91,2.83,0.652,0.242,52.06,10.0,0.0,1.5,0
0.88,2.01,1.87,0.286,0.384,32.79,34.0,13.0,5.9,1
2.44,3.2,1.39,0.432,0.156,14.69,26.0,5.0,5.7,0
3.55,1.81,1.41,0.161,0.171,20.55,6.0,6.0,4.0,0
0.74,3.95,1.9,0.311,0.329,33.05,,12.0,4.8,0
1.25,0.91,0.74,0.604,0.245,26.77,37.0,9.0,1.5,1
2.46,3.64,2.06,0.212,0.159,48.95,,8.0,8.1,1
3.49,1.29,0.08,0.943,0.239,6.03,43.0,1.0,6.0,0
2.81,3.35,1.96,0.95,0.137,15.3,52.0,7.0,1.2,1
1.06,1.74,1.56,0.612,0.177,56.76,17.0,3.0,9.2,0
4.12,3.33,2.09,0.128,0.411,39.09,57.0,13.0,6.2,1
2.6,2.36,1.84,0.387,0.271,48.16,29.0,4.0,1.7,1
0.56,3.63,0.77,0.733,0.216,59.66,56.0,7.0,2.2,1
1.13,1.91,1.61,0.24,0.152,43.99,43.0,6.0,2.0,0
4.84,3.73,1.98,0.804,0.376,2.1,56.0,2.0,2.3,1
3.48,0.51,0.05,0.008,0.425,17.13,27.0,11.0,2.1,0
1.66,3.24,2.9,0.19,0.131,42.02,7.0,4.0,7.5,0
1.22,0.88,1.13,0.315,0.499,52.07,24.0,10.0,5.9,0
2.32,0.92,0.82,0.966,0.315,56.63,29.0,3.0,2.3,1
0.8,0.26,,0.755,0.441,4.38,8.0,13.0,9.3,1
,2.93,2.37,0.019,0.237,4.05,38.0,11.0,0.1,0
3.48,2.58,1.25,0.463,0.355,38.55,8.0,0.0,6.9,0
4.27,1.34,1.82,0.692,0.493,40.28,16.0,9.0,5.4,1
0.31,3.9,0.79,0.618,0.472,27.2,10.0,0.0,5.3,1
2.96,0.23,2.11,0.463,0.109,57.01,4.0,8.0,5.5,0
2.97,3.08,1.49,0.26,0.369,53.3,52.0,4.0,4.9,1
1.91,1.06,0.42,0.373,0.125,25.41,24.0,13.0,9.5,0
3.92,0.27,2.46,0.711,0.486,33.92,38.0,9.0,6.2,1
2.5,2.55,2.7,0.758,0.395,49.38,2.0,2.0,4.6,1
0.72,1.32,1.04,0.491,0.408,36.73,7.0,12.0,8.6,0
3.14,1.8,1.11,0.915,0.468,12.54,3.0,11.0,8.9,1
3.0,,2.32,0.959,0.366,17.81,19.0,0.0,7.7,0
4.97,0.16,2.57,0.783,0.157,15.91,9.0,1.0,5.7,0
1.1,2.13,1.57,0.203,0.331,26.79,33.0,1.0,0.4,0
3.03,0.16,2.59,0.879,0.268,43.11,44.0,4.0,9.1,0
2.86,0.73,0.06,0.454,0.365,28.72,29.0,4.0,8.2,0
1.62,2.87,0.49,0.222,0.132,57.04,30.0,0.0,9.3,0
3.82,2.89,2.59,0.786,0.275,53.95,51.0,14.0,1.3,1
1.86,0.01,2.02,0.401,0.139,40.98,32.0,1.0,9.6,0
3.3,3.4,1.92,0.239,0.363,3.67,54.0,3.0,9.7,0
1.98,0.03,1.97,0.588,0.4,19.48,19.0,13.0,4.5,1
3.97,3.88,0.33,0.118,0.089,49.59,4.0,5.0,0.7,1
4.99,2.24,2.59,0.379,0.48,11.04,21.0,12.0,6.2,1
3.44,1.47,0.29,0.346,0.274,53.56,19.0,14.0,6.3,1
3.91,2.43,,0.401,0.441,39.76,23.0,14.0,5.3,1
0.29,0.59,2.22,0.444,0.127,,40.0,11.0,3.3,0
4.46,1.91,0.72,0.638,0.097,9.6,46.0,5.0,0.7,1
4.17,2.76,2.41,0.058,0.475,37.71,31.0,1.0,5.6,1
0.69,2.62,2.18,0.463,0.497,51.27,43.0,8.0,3.1,1
3.09,3.63,2.23,0.497,0.1,27.13,12.0,14.0,1.0,1
4.32,1.14,1.27,0.337,0.281,3.22,3.0,9.0,1.9,1
3.15,0.28,,0.744,0.358,31.35,43.0,0.0,7.9,0
4.41,1.49,1.34,0.716,0.172,45.22,42.0,8.0,8.1,1
3.55,0.53,2.22,0.522,0.205,27.73,51.0,4.0,7.7,0
2.2,3.57,0.36,0.858,0.25,22.06,20.0,13.0,0.8,1
4.79,3.93,1.36,0.117,0.033,49.02,49.0,10.0,1.1,1
4.61,2.54,2.38,0.375,0.292,14.72,26.0,13.0,2.3,1
0.33,3.17,0.66,0.68,0.192,4.29,38.0,3.0,9.8,0
0.8,2.79,1.31,0.923,0.364,56.26,,12.0,2.7,1
2.9,2.19,0.87,0.86,0.117,31.25,54.0,0.0,9.3,1
3.09,3.31,1.34,0.164,0.391,13.51,48.0,2.0,6.6,0
4.5,3.57,0.15,0.062,0.041,57.79,9.0,6.0,0.3,1
0.77,2.05,1.43,0.556,0.152,57.42,56.0,0.0,4.9,1
1.89,3.24,1.22,0.496,0.277,49.55,34.0,1.0,8.4,0
4.89,1.56,2.81,0.363,0.074,38.48,25.0,9.0,0.6,1
4.3,0.93,0.76,0.207,0.11,40.73,28.0,14.0,6.1,1
4.54,1.85,0.78,0.4,0.08,46.21,35.0,4.0,3.2,1
0.16,,0.45,0.477,0.434,1.77,48.0,6.0,2.0,1
1.1,1.57,0.75,0.295,0.212,26.14,9.0,13.0,5.3,0
2.32,2.56,2.83,0.012,0.359,25.58,18.0,5.0,8.0,0
4.37,0.69,1.88,0.558,0.294,32.12,28.0,4.0,7.8,1
2.23,2.9,0.05,0.957,0.307,18.67,54.0,8.0,,1
0.8,3.58,0.1,0.347,0.468,12.82,,12.0,3.5,1
3.07,1.53,0.08,0.769,0.169,5.74,22.0,7.0,3.5,0
4.47,3.9,,0.895,0.134,12.5,42.0,4.0,,1
0.34,2.76,0.17,0.433,0.218,41.64,25.0,13.0,5.0,0
2.48,2.3,0.2,0.361,0.223,30.11,34.0,9.0,3.8,1
4.9,1.22,1.31,0.891,0.451,55.89,42.0,1.0,8.1,1
0.38,0.07,0.02,0.105,0.43,13.25,29.0,10.0,8.9,0
2.01,1.65,0.05,0.49,0.209,25.25,50.0,12.0,3.2,1
1.09,3.65,1.86,0.645,0.391,17.14,9.0,9.0,9.9,0
0.59,3.22,2.09,0.673,0.245,6.98,29.0,7.0,5.4,1
3.62,3.93,2.89,0.113,,4.62,2.0,9.0,0.6,1
0.32,3.23,1.45,0.111,0.078,44.47,21.0,1.0,3.7,0
4.57,2.92,1.7,0.287,0.481,59.06,51.0,6.0,5.4,1
4.75,0.35,1.78,0.781,0.126,29.93,28.0,5.0,8.3,1
2.9,3.92,2.24,0.982,0.149,1.77,59.0,10.0,7.1,1
3.1,1.17,1.25,0.591,0.001,52.9,5.0,4.0,2.0,0
4.54,0.98,2.96,0.663,0.163,8.53,26.0,3.0,4.2,0
2.86,0.12,1.5,0.982,0.389,8.83,1.0,13.0,1.0,1
1.04,1.61,0.38,0.231,0.297,,48.0,6.0,8.8,0
1.79,3.58,2.24,0.093,0.471,5.07,20.0,1.0,0.0,1
2.45,3.08,1.56,0.172,0.416,43.48,21.0,8.0,2.6,1
3.53,2.34,1.95,0.307,0.062,14.37,2.0,0.0,7.6,0
2.33,2.99,1.54,0.681,0.431,18.13,13.0,3.0,0.2,1
4.74,0.21,1.95,0.302,0.249,26.94,49.0,1.0,7.2,0
2.98,0.75,1.36,0.499,0.258,17.83,28.0,14.0,6.5,1
2.71,1.87,1.17,0.027,0.46,16.62,45.0,5.0,4.5,0
3.88,2.68,0.57,0.939,0.008,16.11,16.0,3.0,1.4,1
1.03,2.28,1.0,0.59,0.154,33.54,58.0,4.0,3.1,0
2.54,0.61,0.11,0.546,0.003,21.29,2.0,8.0,2.0,0
0.09,3.29,1.49,0.745,0.078,42.76,55.0,1.0,0.1,1
2.21,0.54,1.29,0.949,0.44,23.98,17.0,4.0,3.7,1
0.76,1.0,0.35,0.611,0.214,23.3,56.0,12.0,9.0,0
3.99,3.79,1.69,0.679,0.43,53.1,42.0,12.0,4.8,1
,3.75,2.68,0.279,0.025,20.54,9.0,5.0,6.0,0
2.34,0.66,1.53,0.824,0.109,51.04,6.0,11.0,9.4,0
0.16,0.92,0.15,0.788,0.41,47.99,2.0,7.0,4.5,0
0.17,2.57,1.25,0.022,0.431,43.01,59.0,12.0,5.8,0
1.31,3.35,2.74,0.778,0.276,19.17,32.0,2.0,0.9,1
3.5,2.23,2.86,0.193,0.03,31.99,49.0,14.0,1.3,1
3.77,1.12,2.54,0.179,0.304,4.03,57.0,6.0,5.8,0
4.97,1.14,1.29,0.329,0.429,3.21,20.0,13.0,0.5,1
3.92,0.14,1.14,0.95,0.191,9.93,21.0,2.0,0.4,0
3.23,0.02,0.86,0.591,0.067,29.74,24.0,3.0,1.0,0
3.51,0.51,0.43,0.946,0.224,49.71,32.0,6.0,2.3,1
2.0,3.97,2.7,0.078,0.299,38.81,47.0,11.0,1.0,1
4.82,0.78,2.04,0.532,0.412,26.24,53.0,6.0,2.6,1
3.09,2.2,2.47,0.505,0.447,27.56,15.0,8.0,7.4,1
0.09,0.69,0.3,0.442,0.31,59.48,49.0,1.0,4.2,1
1.74,3.47,0.51,0.991,0.025,23.9,52.0,11.0,6.6,1
0.71,2.65,0.1,0.473,0.439,19.98,39.0,2.0,7.6,0
1.18,2.97,1.34,0.239,0.305,24.2,48.0,13.0,3.3,1
2.83,3.26,1.3,0.644,0.187,56.9,43.0,9.0,8.9,1
2.2,3.24,2.5,0.247,0.09,4.81,56.0,11.0,8.6,0
2.25,0.03,0.09,0.132,0.202,38.26,44.0,12.0,4.1,0
2.16,,1.55,0.583,0.253,52.62,50.0,11.0,8.3,1
1.0,3.29,2.22,0.724,0.33,31.69,45.0,,3.4,1
0.53,0.22,1.91,0.451,0.167,22.56,22.0,10.0,7.2,0
2.17,2.13,2.89,0.322,0.33,21.59,38.0,9.0,9.7,1
1.35,0.69,2.64,0.153,0.206,4.93,36.0,12.0,3.1,0
1.54,0.85,0.52,0.802,0.268,32.64,53.0,12.0,5.7,1
0.53,3.37,1.18,0.891,0.426,49.42,16.0,2.0,3.6,1
3.88,1.84,2.24,0.253,0.252,45.37,4.0,13.0,5.0,1
0.31,0.74,1.26,0.428,0.482,21.91,42.0,4.0,2.2,0
3.51,2.98,,0.307,0.259,53.04,8.0,6.0,4.3,1
3.16,3.57,0.64,0.831,0.484,9.81,57.0,6.0,6.4,1
0.23,2.72,0.5,0.922,0.13,50.24,33.0,10.0,3.4,1
,3.68,1.97,0.151,0.302,52.42,24.0,11.0,2.9,1
2.87,1.15,,0.037,0.021,47.99,14.0,10.0,3.3,0
3.6,1.73,2.78,0.086,0.192,56.79,24.0,6.0,3.1,1
2.93,0.42,2.6,0.29,0.172,56.19,16.0,6.0,1.6,0
1.22,0.29,2.94,0.724,0.406,2.04,42.0,5.0,9.1,0
1.52,1.61,0.54,0.327,0.498,31.29,57.0,2.0,9.6,0
4.99,2.73,1.3,0.984,0.4,9.4,30.0,11.0,2.6,1
4.04,3.02,0.42,0.086,0.058,56.25,23.0,8.0,6.2,0
4.19,0.6,1.43,0.671,0.284,30.66,15.0,12.0,3.2,1
1.29,2.45,0.26,0.462,0.193,30.1,22.0,10.0,5.8,0
3.91,2.1,2.03,0.309,0.01,38.6,40.0,13.0,2.9,1
1.72,3.23,1.34,0.561,0.283,,37.0,5.0,0.6,1
1.65,2.91,2.62,0.248,0.251,36.94,18.0,11.0,1.5,1
1.57,2.0,0.69,0.614,0.414,22.92,13.0,13.0,,1
0.54,0.99,1.18,0.995,0.158,32.96,20.0,2.0,2.5,0
0.52,3.51,0.0,0.312,0.467,54.83,34.0,6.0,4.8,0
3.46,0.67,1.4,0.372,0.027,59.05,37.0,10.0,9.1,1
2.53,1.04,0.25,0.869,0.021,9.02,4.0,0.0,0.4,0
4.05,2.7,2.8,0.359,0.187,26.14,4.0,4.0,8.2,1
3.92,2.11,2.85,0.911,0.128,12.72,9.0,3.0,4.9,0
1.72,0.42,1.66,0.698,0.368,45.84,12.0,9.0,1.5,1
0.67,1.94,1.31,0.019,0.457,11.36,51.0,6.0,2.3,0
1.39,0.47,1.43,0.377,0.267,19.32,22.0,7.0,9.9,0
2.73,0.44,1.04,0.386,0.067,37.06,32.0,7.0,3.5,0
4.0,1.02,1.31,0.245,0.272,21.51,13.0,3.0,0.6,0
2.23,0.69,1.5,0.588,0.248,27.62,39.0,,,0
2.97,3.97,2.89,0.041,0.079,4.41,52.0,10.0,1.9,0
2.77,3.83,1.2,0.596,0.011,28.68,42.0,4.0,9.0,0
1.08,2.9,2.26,0.557,,31.13,7.0,0.0,3.5,0
2.2,3.36,2.2,0.691,0.495,48.26,46.0,7.0,6.2,1
3.32,3.59,2.88,0.538,0.449,25.18,58.0,14.0,8.5,1
0.25,2.12,0.15,0.333,0.482,17.21,23.0,2.0,9.8,0
,3.23,0.26,0.97,0.104,56.6,40.0,14.0,9.6,1
4.5,3.61,1.73,0.133,0.434,23.5,14.0,7.0,1.1,1
4.57,0.2,1.43,0.743,0.247,7.92,39.0,2.0,3.4,1
4.26,3.22,1.86,0.206,0.453,49.45,17.0,12.0,6.4,1
1.1,0.33,1.6,0.062,0.115,8.17,7.0,5.0,1.2,0
4.29,3.78,2.3,0.766,0.214,29.27,48.0,10.0,3.8,1
0.56,2.69,2.67,0.858,0.13,,41.0,8.0,9.5,1
1.61,3.99,1.6,0.122,,47.89,19.0,3.0,1.9,0
1.99,1.61,0.27,0.526,0.221,41.23,9.0,8.0,5.0,0
1.03,3.44,0.33,0.728,,33.82,55.0,8.0,0.5,0
4.37,3.83,0.67,0.382,0.356,49.94,3.0,14.0,6.4,1
3.68,1.18,2.58,0.442,0.239,4.05,57.0,13.0,5.9,1
3.57,3.44,1.74,0.977,0.373,58.41,47.0,11.0,8.4,1
4.64,1.5,1.13,0.729,0.327,1.4,21.0,1.0,8.7,0
3.81,1.67,1.09,0.922,0.314,31.62,38.0,1.0,2.1,1
2.14,3.49,0.18,0.432,0.478,13.98,13.0,1.0,8.6,0
0.67,2.16,0.83,0.476,0.089,53.27,11.0,2.0,9.8,0
4.14,1.62,1.08,0.97,0.425,54.7,23.0,6.0,8.8,1
3.57,0.61,0.26,0.427,0.376,16.05,14.0,6.0,8.6,0
3.03,1.75,1.25,0.412,0.242,57.22_err,18.0,4.0,5.7,0
3.73,2.92,1.17,0.697,0.107,42.54,10.0,13.0,6.6,1
3.77,2.76,2.85,0.044,0.122,54.1,26.0,14.0,7.9,1
3.71,3.13,1.42,0.444,0.055,39.99,6.0,10.0,1.8,1
,3.02,1.98,0.939,0.238,59.13,23.0,13.0,9.8,1
2.67,1.44,2.64,0.897,0.37,17.85,40.0,2.0,3.0,1
4.02,3.35,2.65,0.66,0.451,6.84,,8.0,5.1,1
4.65,0.16,1.86,0.443,0.32,43.3,5.0,6.0,5.5,0
2.58,0.11,1.56,,0.377,33.96,39.0,5.0,8.4,0
3.47,3.82,0.96,0.266,0.488,49.72,38.0,1.0,4.7,1
2.54,3.51,1.36,0.205,0.484,29.81,28.0,0.0,4.1,1
2.08,1.61,0.22,0.269,0.499,55.04,12.0,10.0,3.5,0
3.9,3.37,0.49,0.902,0.228,,11.0,10.0,8.8,0
0.74,2.6,1.12,0.257,0.121,50.58,25.0,3.0,8.5,0
2.22,0.68,0.07,0.469,0.415,49.29,32.0,8.0,4.3,1
2.94,1.82,2.15,0.717,0.046,18.97,46.0,8.0,4.2,1
3.54,0.25,1.77,0.742,0.095,37.1,44.0,10.0,1.9,1
4.42,1.34,2.57,0.31,0.204,19.71,29.0,0.0,5.0,0
0.81,0.83,0.5,0.259,0.124,34.01,59.0,5.0,3.4,0
2.07,3.29,2.8,0.37,0.203,41.74,9.0,7.0,4.1,1
1.14,2.95,2.71,0.101,0.119,47.05,56.0,7.0,2.0,1
2.74,0.24,1.61,0.546,0.483,38.84,22.0,14.0,6.2,0
1.02,2.15,1.1,0.731,0.46,57.91,12.0,12.0,4.4,1
1.2,2.9,2.6,0.235,0.128,21.99,58.0,13.0,9.1,1
0.61,2.49,2.82,0.09,0.02,26.07,43.0,13.0,4.3,0
2.82,,0.49,0.844,0.211,33.66,4.0,9.0,7.9,0
4.0,0.79,1.73,0.883,0.173,37.0,7.0,10.0,5.9,0
0.63,1.54,1.51,0.861,0.11,30.69,25.0,12.0,9.0,0
3.97,0.51,1.61,0.424,0.413,18.16,52.0,6.0,8.6,0
4.83,0.59,0.21,0.142,0.242,13.85,4.0,12.0,8.6,0
2.39,1.55,1.15,0.689,0.413,40.49,16.0,7.0,9.8,1
2.67,1.96,0.45,0.101,0.305,,33.0,6.0,1.1,1
3.81,0.27,2.62,0.692,0.264,52.28,5.0,11.0,2.8,1
3.76,2.92,1.36,0.218,0.181,36.28,4.0,9.0,0.0,1
0.54,2.17,2.51,0.108,0.185,14.53,29.0,12.0,8.1,0
4.14,3.84,0.65,0.002,0.121,56.74,19.0,12.0,7.0,1
0.55,1.12,2.59,0.509,0.181,26.28,34.0,11.0,9.3,0
2.83,1.04,0.42,0.864,0.077,6.23,16.0,7.0,7.1,0
2.51,1.36,0.46,0.748,0.32,40.58,57.0,14.0,0.6,1
4.14,2.18,2.96,0.261,0.11,55.49,40.0,11.0,2.2,1
0.68,1.22,0.09,0.148,0.454,10.46,57.0,6.0,0.9,0
3.22,1.21,0.09,0.959,0.216,33.81,2.0,12.0,0.2,1
4.47,3.44,0.32,0.827,0.374,41.97,9.0,1.0,2.7,1
2.76,0.39,0.57,0.624,0.375,8.2,33.0,14.0,5.8,0
4.33,2.0,0.21,0.35,0.112,23.38,19.0,2.0,8.7,0
4.42,3.02,2.85,0.788,0.322,38.99,42.0,0.0,6.6,1
1.26,3.83,0.9,0.376,0.308,55.82,29.0,13.0,,1
4.4,3.53,2.9,0.699,0.405,17.32,18.0,0.0,4.8,1
,,2.63,0.544,0.349,3.75,14.0,12.0,2.3,1
4.3,,2.3,0.551,0.336,41.53,7.0,2.0,6.0,0
1.32,2.33,0.08,0.532,0.473,25.25,51.0,11.0,6.0,1
1.89,1.3,2.18,0.974,0.303,54.98,12.0,,3.6,1
3.01,1.27,1.13,0.9,0.292,14.47,8.0,8.0,1.7,1
3.77,0.74,2.63,0.445,0.088,5.42,15.0,12.0,7.2,0
4.91,0.2,1.66,,0.076,41.44,55.0,1.0,3.0,1
0.34,3.11,0.7,0.654,0.353,56.65,15.0,2.0,9.3,0
2.71,1.79,1.82,0.841,0.424,34.01,55.0,7.0,3.9,1
2.74,3.49,1.59,,0.397,28.74,8.0,11.0,0.1,1
4.53,0.77,2.08,0.961,0.466,14.99,56.0,8.0,5.4,1
1.18,1.49,0.76,0.199,0.075,6.99,20.0,10.0,5.1,0
0.8,1.42,2.97,0.703,0.431,50.42,3.0,2.0,3.5,1
2.41,2.42,2.01,0.944,0.277,20.33,11.0,6.0,1.3,1
3.63,1.95,1.16,0.063,0.357,8.78,59.0,1.0,6.8,0
4.86,2.43,1.77,0.923,0.149,24.94,54.0,13.0,3.0,1
2.86,1.42,1.22,0.933,0.01,47.39,27.0,,0.5,1
3.63,3.77,2.6,0.507,0.003,28.24,45.0,1.0,9.1,1
1.39,3.73,2.82,0.691,0.1,21.55,34.0,0.0,1.6,0
3.38,3.11,2.73,0.015,,17.12,47.0,14.0,1.5,1
1.21,3.98,1.28,0.022,0.292,29.91,30.0,7.0,1.5,0
2.48,0.83,0.65,0.017,0.429,35.54,36.0,6.0,2.4,1
0.23,1.73,1.82,0.451,,5.67,34.0,14.0,2.3,0
1.62,2.53,1.69,0.115,0.415,30.88,35.0,12.0,1.4,1
3.91,1.56,0.19,0.789,0.116,6.3,2.0,1.0,7.6,0
0.34,0.91,2.55,0.234,0.215,21.37,21.0,4.0,7.2,0
1.59,0.17,0.11,0.159,0.047,30.26,23.0,6.0,0.4,0
0.85,3.78,0.11,0.344,0.219,27.95,15.0,12.0,1.2,1
3.14,0.92,2.2,0.223,0.349,4.71,8.0,14.0,7.9,0
3.72,1.89,2.83,0.725,0.411,19.02_err,22.0,5.0,5.3,1
0.55,0.09,2.09,0.359,0.225,22.5,43.0,5.0,2.1,0
2.61,2.15,2.35,0.778,0.119,,57.0,14.0,7.9,1
3.41,3.35,2.75,0.816,0.014,45.96,7.0,2.0,7.4,1
4.95,1.83,0.98,0.589,0.357,3.61,22.0,11.0,7.3,1
1.09,3.65,1.85,0.623,0.155,32.71,37.0,9.0,0.8,1
0.37,0.86,1.08,0.285,0.339,44.53,26.0,9.0,7.5,0
1.29,0.81,2.36,0.645,0.321,20.7,10.0,11.0,4.0,0
2.8,2.39,2.39,0.507,0.075,22.52,16.0,14.0,2.2,1
3.17,,1.46,0.701,0.432,33.04,1.0,1.0,4.6,1
1.89,0.02,2.3,0.669,0.122,58.93,33.0,4.0,3.0,0
2.17,1.01,1.17,0.694,0.32,4.36,35.0,14.0,8.7,0
2.74,0.99,2.04,0.854,0.275,30.52,4.0,11.0,5.2,1
0.78,2.05,0.94,0.591,0.293,22.95,48.0,8.0,7.0,0
4.81,2.47,0.38,0.779,0.227,42.59,24.0,3.0,0.9,1
3.37,2.17,2.48,0.327,0.264,,15.0,0.0,3.2,0
2.61,0.98,0.1,0.793,0.38,21.92,5.0,4.0,6.8,0
3.66,3.48,1.44,0.315,0.186,1.07,28.0,10.0,2.8,1
0.5,3.1,2.87,,0.373,31.35,58.0,12.0,5.7,1
3.93,2.54,0.0,0.875,0.053,5.97,25.0,11.0,2.8,0
0.96,1.49,2.81,0.251,0.292,50.53,,3.0,2.5,0
0.4,1.31,0.27,0.738,0.247,52.01,40.0,5.0,2.2,1
4.42,2.97,1.72,0.234,0.357,45.29,1.0,10.0,2.3,1
3.51,0.49,1.32,0.242,0.222,6.15,45.0,9.0,7.5,1
0.19,0.14,0.59,0.604,0.344,16.75,19.0,6.0,0.4,0
4.66,3.87,2.13,0.035,0.414,1.49,54.0,9.0,2.5,1
4.99,3.8,0.88,0.649,0.141,45.1,16.0,7.0,9.1,1
3.09,3.77,2.24,0.737,0.197,51.71,50.0,2.0,3.2,1
0.73,2.19,1.18,0.914,0.147,33.76,17.0,9.0,3.8,1
2.58,0.39,0.13,,0.108,53.93,50.0,3.0,7.9,0
3.39,2.0,1.29,0.844,0.289,3.99,49.0,0.0,7.0,0
0.93,1.44,1.96,0.234,0.493,,2.0,1.0,0.3,1
1.94,2.32,0.37,0.312,0.014,46.45,55.0,14.0,1.1,0
0.54,3.6,2.47,0.945,0.128,50.48,52.0,9.0,4.3,1
2.9,1.87,1.81,0.619,0.495,5.84,54.0,13.0,5.0,1
1.72,3.27,2.71,0.67,0.152,23.34,21.0,6.0,1.7,1
1.76,1.96,2.76,0.672,0.0,4.79,24.0,14.0,2.5,1
2.3,3.81,2.9,0.996,0.495,36.84,10.0,5.0,7.8,1
1.26,1.89,1.29,0.711,0.381,20.4,46.0,7.0,3.9,1
3.08,2.84,1.0,0.762,0.08,56.09,6.0,1.0,7.9,0
3.36,1.83,2.55,0.913,0.066,18.69,53.0,0.0,7.5,0
1.26,1.61,2.0,0.313,0.27,31.61,14.0,2.0,3.7,0
3.85,2.99,1.08,0.823,0.006,10.18,20.0,12.0,8.4,1
0.27,2.98,2.68,0.026,0.376,22.38,15.0,4.0,6.2,0
3.46,0.87,0.77,0.119,0.168,56.52,18.0,14.0,0.3,0
2.17,1.64,2.73,0.133,0.487,48.52,29.0,2.0,2.0,1
3.11,0.03,2.41,0.006,0.01,8.44,41.0,1.0,2.1,0
1.99,0.07,1.24,0.436,0.436,45.79,16.0,14.0,0.1,1
1.89,0.58,1.07,0.987,0.18,21.98,54.0,2.0,7.0,0
0.72,3.05,2.65,0.278,0.334,18.18,41.0,5.0,7.2,0
3.56,0.3,1.46,0.18,0.5,,58.0,0.0,8.2,0
1.5,3.76,2.3,0.451,0.387,23.55,16.0,14.0,4.8,1
2.15,0.77,1.94,0.738,0.314,56.48,5.0,4.0,3.3,1
3.79,3.55,0.53,0.05,0.17,3.84,46.0,14.0,6.7,1
1.15,3.8,2.71,0.535,0.258,21.63,27.0,10.0,7.5,1
2.25,1.71,1.86,0.473,0.267,44.65,59.0,4.0,7.8,0
1.6,2.09,,0.568,0.334,8.97,55.0,5.0,5.2,0
3.58,1.28,1.08,0.604,0.402,5.46,28.0,7.0,2.6,1
4.81,3.6,0.71,0.29,0.43,32.46,32.0,12.0,0.9,1
4.75,2.04,1.76,0.313,0.322,38.04,6.0,2.0,5.0,1
2.49,3.93,0.56,0.432,0.196,2.47,1.0,1.0,3.3,1
0.85,3.88,1.08,0.975,0.445,30.88,52.0,0.0,9.3,1
4.83,3.81,2.82,0.599,0.335,41.86,43.0,12.0,9.8,1
4.46,1.43,0.13,0.164,0.058,37.54,11.0,4.0,0.2,0
0.79,0.33,2.16,0.164,0.025,7.9,8.0,11.0,9.2,0
1.37,2.68,0.4,0.688,0.063,52.28,21.0,9.0,5.0,1
0.55,3.49,1.09,0.464,0.392,6.52,42.0,8.0,7.1,1
4.78,,1.72,0.855,0.479,25.51,14.0,14.0,1.8,1
0.35,3.85,2.95,0.471,,15.73,25.0,12.0,8.7,0
1.97,3.64,0.96,0.023,0.035,37.75,14.0,9.0,1.5,1
4.19,2.52,0.57,0.642,0.335,22.45,28.0,5.0,7.4,1
2.72,0.47,1.88,0.267,0.067,31.61,41.0,8.0,7.5,0
2.58,3.57,1.43,0.986,0.227,44.02,11.0,9.0,0.3,1
1.92,0.49,0.78,0.006,0.089,27.68,9.0,8.0,5.9,0
0.04,2.09,2.2,0.209,0.324,41.75,19.0,3.0,6.4,0
0.75,,2.33,0.649,0.323,51.88,24.0,14.0,7.7,1
2.89,0.62,2.2,0.174,0.456,12.6,46.0,11.0,6.6,0
4.01,2.25,2.5,0.704,0.104,28.25,41.0,14.0,0.5,1
3.24,0.01,2.04,0.515,0.467,38.67,21.0,11.0,4.8,1
3.8,0.61,2.05,0.138,0.391,36.79,19.0,5.0,8.2,0
1.03,0.88,1.33,0.401,0.055,25.22,42.0,8.0,6.0,0
2.81,0.17,1.74,0.551,0.172,16.31,21.0,10.0,1.5,0
1.85,2.32,2.05,0.556,0.423,1.97,41.0,11.0,1.7,1
1.67,3.06,1.56,0.49,0.065,57.14,38.0,7.0,3.1,1
2.12,0.15,2.06,0.733,0.085,5.49,49.0,8.0,5.1,0
4.36,1.67,2.65,0.36,0.389,27.62,13.0,10.0,,1
4.43,2.17,1.28,0.62,0.253,26.01,22.0,6.0,,1
3.94,2.09,1.32,0.189,0.345,55.47,2.0,14.0,6.1,1
1.88,1.94,2.33,0.972,0.322,13.6,20.0,12.0,8.2,1
0.12,0.38,0.95,0.239,,46.82,52.0,3.0,6.1,0
1.84,1.0,0.23,0.862,0.484,7.69,58.0,12.0,1.5,1
4.13,3.71,1.15,0.175,0.415,4.5,4.0,10.0,0.4,1
0.49,0.73,1.54,0.964,0.128,57.56,33.0,0.0,5.9,0
3.34,3.14,0.84,0.985,0.331,5.31,56.0,10.0,9.8,1
4.29,0.59,2.02,0.268,0.005,10.88,52.0,14.0,1.9,0
2.34,2.97,1.61,0.215,0.005,45.51,31.0,1.0,6.1,0
0.21,2.72,0.9,0.747,0.021,47.74,29.0,,4.7,1
2.52,3.97,0.51,0.681,0.248,5.7,5.0,10.0,8.3,0
3.46,0.61,2.2,0.709,0.307,12.35,4.0,4.0,0.6,1
3.28,1.1,0.0,0.089,0.076,10.81,52.0,5.0,4.4,0
2.56,3.37,1.1,0.559,0.251,42.29,3.0,2.0,3.0,1
3.01,2.23,0.94,0.676,0.313,50.29,44.0,10.0,2.4,1
1.38,1.32,0.37,0.317,0.331,14.34,34.0,11.0,7.4,0
1.06,0.6,2.89,0.69,0.419,55.37,6.0,1.0,2.0,1
4.43,2.23,0.99,0.403,0.231,5.33,32.0,8.0,3.6,1
1.44,1.93,2.55,0.327,0.486,44.87,17.0,1.0,8.9,0
3.46,0.99,1.38,0.789,0.472,5.16,26.0,7.0,7.7,0
0.92,2.52,1.75,0.209,0.492,52.11,56.0,3.0,6.8,1
2.15,2.73,1.78,0.003,0.477,57.45,20.0,9.0,3.7,1
0.71,2.22,1.68,0.779,0.309,5.6,44.0,13.0,6.6,1
1.47,2.66,2.82,0.915,0.246,24.87,44.0,2.0,1.6,1
0.9,1.02,1.75,,0.212,51.55,44.0,5.0,6.2,0
4.78,3.62,2.98,0.388,0.21,57.54,16.0,8.0,2.2,1
0.08,0.21,1.04,0.975,0.254,28.6,1.0,13.0,1.7,1
1.74,0.68,1.86,0.196,0.307,30.8,50.0,2.0,7.4,0
3.15,0.89,2.84,0.758,0.165,9.81,49.0,0.0,8.2,0
4.39,3.81,2.02,0.074,0.248,12.09,31.0,0.0,8.5,0
4.98,1.15,0.76,0.968,0.161,47.98,43.0,14.0,0.7,1
3.04,3.73,2.51,0.72,0.17,27.95,28.0,,1.3,1
4.59,1.91,1.57,0.149,0.224,45.88,26.0,1.0,9.0,0
4.74,2.87,2.18,0.706,0.178,31.08,,5.0,3.9,1
2.68,1.11,0.08,0.869,0.349,56.53,31.0,13.0,7.3,1
,2.81,1.2,0.143,0.234,11.06,32.0,3.0,3.4,0
2.51,3.48,1.92,0.797,0.347,5.19,38.0,6.0,2.1,1
2.42,2.31,2.03,0.959,0.372,22.94,37.0,12.0,9.5,1
2.74,3.65,1.61,0.923,0.063,48.36,22.0,1.0,2.2,1
1.76,1.56,0.12,0.387,0.242,26.0,9.0,5.0,6.2,0
3.34,2.48,2.4,0.683,0.208,43.57,25.0,13.0,3.4,1
2.32,1.11,1.89,0.416,0.086,40.39,36.0,14.0,9.3,0
2.86,0.59,0.29,0.098,0.135,54.46,47.0,14.0,8.2,0
1.51,0.65,2.59,0.276,0.225,35.87,13.0,7.0,2.6,0
2.2,1.78,1.87,0.474,0.105,31.24,41.0,12.0,4.1,0
3.57,3.75,2.54,0.67,0.11,7.35,30.0,14.0,5.4,1
0.54,1.19,2.5,0.236,0.469,4.29,37.0,11.0,0.4,1
4.01,0.37,2.08,0.67,0.046,1.54,30.0,10.0,3.1,1
2.12,1.79,0.86,0.994,0.171,50.55,41.0,3.0,6.6,1
4.88,0.57,2.32,0.511,0.075,22.56,13.0,11.0,0.7,1
2.66,0.84,0.99,0.725,0.105,7.56,43.0,9.0,3.0,0
0.28,3.65,1.02,0.786,0.421,36.27,3.0,11.0,6.6,1
2.56,,2.0,0.233,0.158,24.47,46.0,6.0,2.3,1
2.65,2.08,2.72,0.059,0.04,13.25,45.0,5.0,2.3,1
3.33,0.9,1.34,0.601,0.223,39.83,17.0,14.0,2.0,1
0.82,0.37,1.69,0.453,0.104,25.5,1.0,13.0,8.0,0
2.38,3.77,0.68,0.832,0.333,24.08,11.0,11.0,7.7,1
1.94,2.14,2.01,0.585,0.112,51.43,4.0,6.0,7.2,0
4.59,0.52,0.92,0.546,0.497,,45.0,9.0,8.2,1
1.48,1.85,2.66,0.267,0.061,42.8,13.0,7.0,1.3,0
0.09,2.46,0.01,0.635,0.322,55.89,21.0,13.0,6.8,1
2.49,2.75,1.44,0.086,0.188,50.26,40.0,2.0,4.9,0
4.81,0.36,2.49,0.389,0.266,7.99,32.0,14.0,3.1,1
3.21,2.82,0.88,0.954,0.182,41.47,26.0,12.0,3.8,1
3.0,3.1,1.46,0.06,0.431,4.32,51.0,1.0,5.1,0
4.16,1.47,0.32,0.955,0.175,10.42,1.0,3.0,4.1,1
0.78,2.68,0.35,0.494,0.172,59.89,21.0,1.0,1.5,1
1.77,0.39,1.91,0.878,0.231,50.44,12.0,7.0,5.7,0
1.04,3.98,2.42,0.656,0.202,15.93,9.0,13.0,0.5,1
1.92,0.29,0.18,0.071,0.096,18.7,52.0,4.0,2.4,0
0.28,0.81,0.64,,0.269,57.67,47.0,0.0,7.7,0
2.05,3.04,1.29,0.763,0.098,20.02,36.0,12.0,,1
0.74,3.84,2.88,0.877,0.142,32.72,46.0,2.0,9.4,1
3.1,1.02,0.29,0.628,0.385,57.43,53.0,11.0,8.4,0
2.4,0.39,2.29,0.381,0.102,20.68,9.0,13.0,3.8,0
3.34,0.57,1.83,0.921,0.004,6.72,42.0,14.0,9.0,0
2.21,2.73,1.26,0.971,0.349,48.04,22.0,12.0,1.7,1
3.13,2.04,0.88,0.734,0.461,10.04,3.0,,2.0,1
0.5,3.53,1.12,0.18,0.103,42.11,2.0,1.0,8.4,0
0.82,0.4,1.27,0.273,0.391,4.05,32.0,,8.2,0
4.84,2.01,2.63,0.779,0.417,13.63,57.0,0.0,7.5,1
4.2,2.45,2.96,0.212,0.383,11.08,10.0,12.0,7.9,0
2.79,3.45,2.87,0.266,0.422,24.93,35.0,6.0,5.6,1
4.99,2.21,0.44,0.072,0.344,14.94,28.0,0.0,0.8,0
0.18,0.73,0.09,0.616,0.021,58.94,54.0,5.0,8.9,0
4.89,3.56,0.64,0.402,0.224,17.75,59.0,10.0,1.3,1
0.3,3.46,0.91,0.225,0.097,19.53,48.0,12.0,1.7,1
3.21,3.49,1.38,0.529,0.297,10.21,43.0,4.0,7.9,0
2.92,2.35,1.54,0.543,0.349,49.93,4.0,11.0,0.5,1
4.38,3.85,1.11,0.188,0.488,58.49,37.0,9.0,4.9,1
2.92,2.22,2.77,0.026,0.332,25.83,41.0,11.0,2.7,1
1.1,0.59,2.17,0.877,0.232,53.66,11.0,7.0,3.4,1
1.08,1.6,2.08,0.157,0.442,52.36,22.0,1.0,3.9,0
3.67,3.3,1.73,0.847,0.072,41.38,49.0,13.0,1.7,1
4.17,3.91,1.67,0.469,0.106,48.64,31.0,14.0,8.1,1
2.43,3.32,1.29,0.643,0.132,44.27,42.0,6.0,2.9,0
4.03,1.45,1.32,0.425,0.124,41.06,47.0,5.0,4.1,1
0.78,0.04,2.82,0.699,0.195,15.1,32.0,,0.8,1
2.66,0.71,1.76,0.27,0.363,34.34,38.0,3.0,1.0,1
2.39,0.15,1.24,0.223,0.482,,34.0,13.0,6.0,0
4.15,3.29,1.47,0.425,0.141,36.78,11.0,13.0,4.2,1
4.6,1.23,2.79,0.456,0.066,39.84,17.0,1.0,4.9,1
0.57,2.78,1.04,0.217,0.484,48.27,37.0,10.0,6.0,0
2.91,1.63,2.99,0.877,0.331,30.91,20.0,14.0,8.5,1
2.08,1.09,1.16,0.342,0.108,10.56,48.0,3.0,2.4,0
2.38,2.1,2.38,0.864,0.378,25.43,35.0,7.0,0.4,1
4.17,1.96,0.2,0.438,0.225,57.78,44.0,1.0,5.0,1
3.35,3.29,1.23,0.361,0.298,52.21,13.0,8.0,5.7,1
2.54,2.78,0.44,0.848,0.434,59.18,25.0,13.0,0.4,1
2.81,1.24,0.88,0.221,0.109,25.78,31.0,3.0,1.3,0
4.27,3.22,,0.076,0.215,48.4,16.0,7.0,8.8,0
4.19,2.39,1.68,0.24,0.02,10.18,21.0,6.0,0.1,1
1.71,1.36,,0.017,0.365,59.83,10.0,12.0,8.0,0
0.57,3.24,1.33,0.445,0.057,55.3,33.0,5.0,7.0,0
0.78,1.48,2.79,0.667,0.389,56.63,42.0,12.0,9.5,1
1.61,0.21,1.52,0.36,0.273,3.52,39.0,8.0,2.3,0
4.83,3.52,0.2,0.966,0.162,25.79,46.0,4.0,2.2,1
4.66,1.78,0.59,0.079,0.069,39.19,50.0,0.0,5.3,0
4.51,1.29,2.4,0.183,0.13,54.56,31.0,0.0,4.8,1
2.82,3.65,0.92,0.3,0.256,24.18,15.0,7.0,6.6,0
2.49,1.01,2.55,0.228,0.01,42.7,9.0,9.0,6.9,0
1.24,3.88,0.9,0.235,0.087,26.6,12.0,10.0,0.6,1
3.39,0.11,1.68,0.168,0.307,49.36,49.0,7.0,5.9,0
4.4,2.68,1.76,0.545,0.296,2.12,46.0,8.0,6.8,1
4.2,0.24,1.96,0.723,0.223,26.37,17.0,0.0,4.1,1
3.8,0.36,2.23,0.498,0.003,50.4,23.0,14.0,8.9,1
1.22,3.84,2.99,0.582,0.263,26.47,35.0,14.0,4.6,1
2.88,3.68,0.02,0.323,0.454,6.94,32.0,5.0,7.7,0
1.12,3.38,2.33,0.313,0.196,33.82,41.0,11.0,1.0,1
4.02,2.72,2.4,0.864,0.007,23.87,3.0,9.0,9.4,1
4.61,1.87,0.64,,0.312,19.26,38.0,5.0,4.8,1
,2.71,0.83,0.327,0.319,51.82,41.0,14.0,1.9,1
4.6,2.23,1.8,0.771,0.265,27.02,24.0,0.0,1.1,1
1.42,3.41,0.63,0.501,0.237,12.66,12.0,7.0,5.0,0
1.05,2.97,1.81,0.064,0.428,7.07,45.0,2.0,1.9,0
0.41,2.72,0.54,0.294,0.381,55.85,25.0,7.0,2.4,1
3.75,0.77,1.66,0.958,0.347,42.81,,2.0,0.5,1
4.81,2.64,,0.527,0.235,7.97,33.0,13.0,9.2,1
0.59,1.95,2.92,0.827,0.184,5.21,1.0,11.0,4.0,1
2.39,3.11,1.33,0.219,0.222,32.95,37.0,1.0,8.0,0
1.37,1.82,1.08,0.815,0.448,21.57,33.0,11.0,8.0,1
3.65,1.99,2.4,0.806,0.435,37.15,51.0,12.0,7.5,1
4.32,1.66,0.8,0.264,0.136,38.62,55.0,1.0,8.1,0
1.75,3.94,1.35,0.636,0.276,20.72,49.0,13.0,0.2,1
3.42,2.37,0.56,0.347,0.434,28.3,20.0,3.0,7.1,0
1.99,3.65,2.34,0.397,0.305,53.1,,7.0,7.9,1
4.74,3.49,1.25,0.779,0.017,48.02,8.0,14.0,3.8,1
0.01,3.01,1.81,0.608,0.332,41.16,20.0,5.0,5.2,1
3.84,2.02,0.48,0.164,0.01,51.63,4.0,1.0,8.2,0
0.22,2.15,2.81,0.754,0.389,44.48,47.0,,9.2,0
3.62,3.74,2.97,0.318,0.187,43.33,31.0,0.0,4.2,1
4.75,0.92,1.17,0.915,0.092,27.35,3.0,12.0,3.3,1
,3.14,2.53,0.261,0.3,24.87,46.0,9.0,1.9,1
0.59,1.19,,0.915,0.224,15.59,43.0,9.0,2.3,0
0.36,0.23,2.27,0.28,0.148,55.63,8.0,12.0,3.2,0
4.6,1.58,2.45,0.807,0.271,36.4,17.0,0.0,0.3,1
1.37,2.09,1.65,0.252,0.142,,47.0,10.0,8.3,0
0.88,,1.72,0.98,0.015,4.18,38.0,12.0,8.7,0
1.17,2.99,2.35,0.89,0.335,51.82,7.0,4.0,1.1,1
2.68,2.97,0.75,0.158,0.011,12.93,10.0,11.0,8.2,0
0.34,2.92,0.53,0.599,0.272,40.36,39.0,8.0,6.2,0
0.13,1.28,2.22,0.254,0.349,10.92,7.0,5.0,2.9,0
2.93,1.99,1.47,0.28,0.053,6.15,50.0,8.0,1.8,0
2.18,0.7,2.66,0.769,0.077,15.4,4.0,7.0,8.5,0
4.5,1.75,2.98,0.07,0.484,21.77,1.0,5.0,8.5,0
2.79,3.82,2.56,0.652,0.235,5.59,24.0,0.0,5.0,1
2.91,1.21,0.56,0.53,0.412,17.34,21.0,11.0,9.5,0
4.59,0.2,1.33,0.806,0.474,35.73,44.0,12.0,5.8,1
0.47,1.25,1.95,0.065,0.393,28.9,38.0,0.0,4.7,0
2.29,3.34,0.88,0.319,0.475,43.85,6.0,8.0,1.9,1
2.01,3.63,2.52,0.195,0.444,35.77,29.0,8.0,1.6,1
3.91,0.04,1.34,0.619,0.32,49.0,55.0,2.0,2.2,1
2.1,1.92,0.33,0.7,0.256,38.77,2.0,0.0,9.1,0
2.42,3.79,0.72,0.006,0.406,7.87,19.0,9.0,2.3,1
2.36,0.5,1.79,0.587,0.432,42.54,53.0,13.0,9.1,1
3.96,0.25,2.05,0.387,0.467,20.22,38.0,2.0,7.6,0
3.36,3.03,2.09,0.786,0.109,2.51,47.0,5.0,5.2,1
2.13,2.56,0.49,0.596,0.358,1.44,12.0,7.0,,1
0.36,2.88,2.29,0.548,0.489,14.18,17.0,2.0,2.0,1
4.17,1.09,0.29,0.737,0.269,12.23,50.0,8.0,6.4,1
4.96,1.61,2.87,0.673,0.442,,26.0,11.0,9.7,1
3.72,2.29,2.31,0.559,0.271,55.54,45.0,12.0,8.9,1
2.16,3.04,2.1,0.449,0.307,34.89,21.0,11.0,2.9,1
1.97,1.27,0.65,0.721,0.202,1.6,26.0,3.0,9.8,0
2.99,1.62,0.42,0.85,0.12,52.82,21.0,7.0,8.0,0
1.07,2.15,0.44,0.341,0.386,3.87,44.0,4.0,6.8,0
0.78,0.03,0.69,0.935,0.178,57.25,42.0,14.0,1.0,1
0.56,3.39,2.51,0.862,0.423,54.96,53.0,2.0,7.9,1
4.84,2.5,1.98,0.46,0.431,26.93,21.0,14.0,1.1,1
3.3,0.33,2.9,0.025,0.189,34.06,14.0,10.0,5.0,0
2.78,1.41,0.28,0.944,0.072,24.37,35.0,3.0,7.8,0
4.41,0.72,2.12,0.459,0.207,6.32,54.0,12.0,1.3,1
1.64,0.16,2.56,0.526,0.086,1.85,16.0,6.0,9.0,0
2.55,1.24,1.44,0.797,0.351,28.9,,10.0,9.2,0
0.7,3.49,0.18,0.216,0.194,55.64,48.0,0.0,6.3,0
3.03,0.27,1.94,0.195,0.377,4.23,37.0,9.0,,0
4.49,3.51,1.86,0.757,0.242,44.17,7.0,9.0,4.2,1
3.73,0.87,2.83,0.319,0.048,,32.0,7.0,3.6,0
2.87,3.82,2.47,0.623,0.099,44.02,58.0,4.0,7.8,1
2.6,0.88,1.63,0.478,0.456,27.75,55.0,10.0,1.6,1
3.01,3.42,0.34,0.147,0.181,27.07,2.0,14.0,5.7,0
3.14,3.67,0.17,0.962,0.245,48.53,44.0,11.0,5.0,1
3.06,3.69,2.71,0.369,0.136,11.38,48.0,5.0,7.5,0
2.33,0.5,1.42,0.322,0.21,27.88,54.0,6.0,8.5,0
3.13,2.68,1.93,0.923,0.184,5.66,1.0,8.0,6.4,0
2.6,3.29,2.15,0.199,0.068,41.57,8.0,14.0,9.3,0
2.11,2.94,1.67,0.015,0.427,12.95,45.0,3.0,4.3,0
2.61,1.89,2.58,0.379,0.421,36.41,35.0,5.0,8.4,0
4.1,3.77,0.18,0.811,0.297,26.33,38.0,11.0,1.9,1
4.54,0.72,2.29,0.027,0.474,53.95,30.0,9.0,0.0,1
3.19,3.51,2.29,0.838,0.312,31.08,33.0,4.0,6.3,1
4.31,0.96,0.7,0.226,0.15,48.78,22.0,9.0,1.8,1
0.02,1.8,0.36,0.713,0.012,54.43,27.0,4.0,9.8,0
4.7,1.85,1.92,0.456,0.202,,8.0,9.0,0.6,1
0.04,1.16,1.0,0.11,0.198,,46.0,11.0,5.6,0
4.68,1.14,0.05,0.45,0.362,8.43,22.0,12.0,8.7,0
0.9,1.49,1.32,0.242,0.165,8.11,7.0,3.0,5.9,0
0.47,0.05,1.92,0.289,0.179,2.5,43.0,4.0,4.9,0
4.43,0.97,2.75,0.798,0.219,33.89,31.0,1.0,5.0,0
0.08,3.8,1.3,0.858,0.254,18.11,58.0,7.0,1.6,1
4.14,2.88,0.43,0.571,0.44,25.73,33.0,1.0,4.3,1
1.01,1.78,1.29,0.874,0.118,37.92,48.0,9.0,9.4,0
2.0,0.0,2.29,0.684,,34.61,54.0,12.0,0.4,1
0.04,2.83,0.29,0.266,0.495,27.24,7.0,10.0,6.5,0
4.86,1.97,0.56,0.854,0.4,35.9,15.0,8.0,6.5,1
2.21,2.63,0.82,0.118,0.217,10.83,,12.0,9.3,0
2.17,1.58,1.37,,0.06,30.89,55.0,7.0,1.1,0
0.12,0.0,2.75,0.417,0.221,57.77,4.0,12.0,7.0,0
0.93,2.33,2.29,0.529,0.241,56.77,52.0,2.0,8.4,1
0.98,3.15,1.87,0.746,0.131,48.01,11.0,6.0,1.1,1
0.05,0.87,,0.124,0.152,37.05,23.0,5.0,2.7,0
0.85,2.65,2.65,0.715,0.232,23.42,41.0,1.0,5.7,0
4.7,1.41,1.39,0.462,0.179,8.96,7.0,3.0,0.1,1
2.91,3.33,2.23,0.269,0.194,52.15,47.0,0.0,1.0,1
,1.75,2.77,0.809,0.114,48.38,57.0,2.0,0.5,1
1.08,0.25,1.6,0.499,0.143,26.21,45.0,11.0,0.0,0
2.07,2.12,2.29,0.797,0.052,35.54,28.0,3.0,5.8,0
0.86,2.43,2.95,0.261,0.307,33.23,2.0,12.0,5.2,0
0.79,1.28,1.42,0.842,0.11,7.41,17.0,14.0,4.7,0
4.79,0.31,2.02,0.123,0.024,44.55,,8.0,9.7,0
4.96,3.01,1.34,0.996,0.241,20.98,47.0,0.0,5.5,1
3.12,2.16,2.15,0.755,0.461,26.39,45.0,8.0,9.5,1
,0.84,1.16,0.66,0.441,34.81,59.0,6.0,6.0,1
2.18,0.75,0.38,0.341,0.424,58.27,32.0,5.0,6.4,0
0.03,2.18,2.66,0.65,0.133,37.05,35.0,,1.1,0
2.92,1.24,2.13,0.901,0.176,18.34,1.0,2.0,4.2,1
0.83,2.76,2.98,0.228,0.371,2.37,19.0,12.0,8.4,1
2.88,,2.18,0.383,0.072,19.18,23.0,0.0,8.5,0
4.46,1.88,2.54,0.118,0.338,34.86,16.0,14.0,8.3,1
3.75,0.24,2.87,0.627,0.084,32.2,32.0,11.0,6.3,1
1.29,1.84,0.18,0.402,0.026,48.15,35.0,9.0,4.6,1
4.05,0.04,2.57,0.82,0.057,1.39,41.0,4.0,7.1,0
3.56,1.44,0.33,0.122,0.335,55.74,18.0,1.0,3.6,1
4.68,1.24,2.64,0.137,0.271,49.88,8.0,1.0,3.1,0
3.11,3.02,2.32,0.322,0.189,14.26,21.0,4.0,7.8,0
4.9,3.08,1.4,0.32,0.361,7.1,12.0,0.0,3.2,1
2.64,1.68,2.44,0.702,0.42,43.65,36.0,2.0,1.7,1
2.63,3.9,1.21,0.384,0.006,33.14,30.0,4.0,9.8,0
0.09,1.0,,0.551,0.459,46.52,36.0,6.0,5.2,0
4.68,0.66,0.59,0.553,0.412,,49.0,3.0,2.8,1
2.15,3.26,0.21,0.234,0.259,35.92,36.0,3.0,4.5,1
4.34,,2.0,0.923,0.108,,58.0,14.0,1.6,1
1.93,0.78,1.24,0.211,0.475,58.85,48.0,7.0,2.9,0
4.64,1.33,0.66,0.685,0.331,45.29,51.0,4.0,4.4,1
4.75,0.38,0.49,0.462,0.013,59.47,50.0,4.0,1.9,1
0.1,2.78,2.62,0.55,0.219,57.65,6.0,13.0,6.9,0
3.55,1.99,1.04,0.697,0.345,57.95,21.0,13.0,1.4,1
0.16,2.26,2.48,0.959,0.381,25.37,55.0,9.0,8.7,1
0.49,0.3,0.52,0.001,0.408,8.39,13.0,10.0,,0
0.2,2.8,1.38,0.72,0.446,9.0,46.0,8.0,5.3,0
0.15,1.18,1.31,0.158,0.407,6.1,12.0,11.0,8.3,0
2.06,0.64,0.69,0.775,0.227,1.02,55.0,7.0,0.5,0
2.26,1.7,0.59,0.888,0.392,24.35,26.0,14.0,6.9,1
2.34,3.42,1.49,0.537,0.203,58.31,31.0,13.0,1.9,1
0.78,1.49,1.36,0.468,0.12,5.58,29.0,2.0,2.9,0
1.34,0.44,2.35,0.047,0.138,32.46,26.0,13.0,4.0,0
3.77,3.77,1.42,0.847,0.44,49.68,3.0,1.0,5.3,1
1.75,2.56,0.99,0.916,0.312,57.56,59.0,10.0,7.6,1
1.3,1.21,1.44,0.718,0.156,39.61,44.0,8.0,2.2,0
1.69,2.33,2.75,0.241,0.207,54.13,58.0,4.0,5.8,1
4.47,0.36,0.45,0.243,0.122,28.66,40.0,12.0,2.7,0
4.46,2.26,2.75,0.896,0.275,15.88,47.0,14.0,1.5,1
2.19,3.28,2.09,,0.03,5.65,9.0,4.0,9.1,0
4.29,0.55,2.0,0.083,0.468,21.49,7.0,9.0,4.7,0
1.84,3.34,1.3,0.614,0.181,35.64,55.0,6.0,1.9,1
0.39,2.21,1.08,0.503,0.247,58.95,15.0,6.0,8.2,0
2.27,0.77,2.24,0.034,0.444,13.28,7.0,0.0,3.2,0
4.53,0.85,1.83,0.891,0.388,33.45,40.0,6.0,1.3,1
0.34,3.53,1.96,0.312,0.262,32.98,8.0,6.0,0.6,0
1.24,1.9,1.86,0.266,0.349,9.36,31.0,14.0,3.3,0
0.25,1.13,0.18,0.888,0.039,2.56,39.0,6.0,8.5,0
3.8,1.01,1.55,0.631,0.348,57.75,11.0,2.0,4.3,0
4.06,1.6,1.08,0.401,0.131,57.73,39.0,11.0,1.7,1
4.47,3.11,2.41,0.419,0.388,,57.0,9.0,3.0,1
0.4,0.11,1.77,0.5,0.242,13.0,49.0,0.0,1.2,0
3.26,0.43,1.31,0.47,0.082,48.48,12.0,3.0,6.8,0
2.64,1.78,2.98,0.079,0.331,10.08,26.0,12.0,1.8,1
1.29,3.63,2.02,0.94,,51.29,17.0,6.0,4.4,1
3.39,3.53,2.65,0.18,0.497,26.88,31.0,14.0,0.4,1
0.09,3.12,2.76,0.075,0.381,7.23,24.0,8.0,6.6,0
0.63,3.92,2.23,0.079,0.234,58.44,8.0,7.0,3.0,0
4.56,0.43,1.26,0.626,0.073,3.86,3.0,,1.8,0
3.19,3.53,,0.88,0.451,23.29,19.0,,7.0,1
0.54,0.08,0.47,0.678,0.255,37.13,59.0,8.0,4.7,0
3.28,1.66,1.85,0.352,0.269,12.68,37.0,13.0,6.9,1
1.28,0.9,1.54,0.533,0.261,38.21,42.0,6.0,4.5,0
1.68,1.45,0.64,0.264,0.209,31.3,16.0,12.0,1.6,1
0.55,3.9,0.12,0.108,0.281,33.77,57.0,5.0,5.9,0
3.64,1.32,2.61,0.09,0.364,21.6,11.0,14.0,8.9,1
1.45,2.52,0.09,0.688,0.246,54.82,19.0,1.0,7.9,0
0.78,2.75,1.14,0.422,0.283,,28.0,11.0,4.1,1
4.89,2.2,1.68,0.628,0.198,25.17,47.0,4.0,8.4,0
0.85,0.36,1.59,0.675,,41.52,38.0,11.0,0.3,1
3.12,3.42,1.6,0.957,0.053,18.12,23.0,12.0,7.7,1
0.65,3.15,0.68,0.357,0.232,54.11,42.0,6.0,7.0,1
4.79,3.0,0.99,0.199,0.275,32.79,47.0,2.0,7.2,1
2.29,3.64,0.02,0.129,0.499,33.55,29.0,9.0,1.4,1
3.03,1.39,2.77,0.019,0.394,1.67,50.0,14.0,0.1,1
0.28,2.3,1.82,0.153,0.197,38.79,10.0,0.0,3.1,0
4.73,3.13,2.46,0.692,0.411,2.63,45.0,11.0,3.1,1
3.32,1.78,2.17,0.429,0.406,41.47,31.0,11.0,5.9,1
0.71,3.85,1.69,0.875,0.186,27.95,21.0,3.0,3.3,1
2.63,3.39,1.54,0.013,0.49,31.5,51.0,2.0,1.8,1
4.17,2.12,1.34,0.931,0.228,56.51,58.0,10.0,9.5,1
3.74,0.59,1.66,0.052,0.472,55.31,20.0,6.0,6.6,0
4.58,2.01,0.61,0.981,0.181,4.22_err,11.0,5.0,3.3,1
4.74,0.83,1.19,0.104,0.458,57.01,5.0,10.0,5.8,1
0.16,1.63,1.65,0.207,0.008,6.33,6.0,4.0,5.5,0
3.2,1.06,,0.724,0.186,18.94,57.0,6.0,8.0,1
0.28,3.25,2.36,0.388,0.272,34.59,55.0,6.0,7.5,1
0.03,1.04,2.59,0.934,0.481,42.44,54.0,5.0,2.1,1
0.41,2.37,1.05,0.113,0.132,49.51,19.0,5.0,4.9,0
4.96,0.21,1.77,0.734,0.262,31.54,50.0,2.0,3.6,1
0.01,3.02,1.61,0.543,0.276,19.87,51.0,7.0,2.0,1
3.3,1.8,1.21,0.858,0.17,32.91,23.0,13.0,8.2,1
3.07,1.66,1.01,0.112,0.057,6.17,55.0,13.0,0.4,1
3.95,1.74,0.03,0.903,0.399,7.75,15.0,9.0,2.3,1
3.36,2.85,0.53,0.036,0.333,38.82,35.0,9.0,8.4,0
4.7,1.72,0.41,0.882,0.091,22.31,55.0,7.0,7.1,1
4.27,2.95,0.9,0.955,0.139,3.76,33.0,7.0,4.3,1
1.41,1.13,1.08,0.097,0.097,35.65,47.0,5.0,2.4,0
4.38,3.84,0.84,0.363,0.125,57.01,19.0,12.0,3.4,1
1.4,2.04,2.38,0.864,0.184,22.23,29.0,6.0,7.2,1
3.3,2.33,0.59,0.345,0.215,32.96,15.0,11.0,7.1,0
1.23,2.78,0.79,0.238,0.457,57.76,52.0,2.0,3.2,1
,,1.51,0.192,0.205,15.63,18.0,6.0,8.0,0
3.53,2.26,0.85,0.634,0.25,48.93,,2.0,7.4,0
2.4,0.01,2.69,0.171,0.494,,26.0,2.0,4.1,0
4.01,1.84,1.84,,0.028,51.67,18.0,3.0,7.5,0
,3.47,1.01,0.155,0.126,12.21,22.0,1.0,0.9,0
3.18,3.7,1.36,0.667,0.449,12.78_err,3.0,11.0,4.0,1
0.16,1.15,1.27,0.825,0.065,,50.0,9.0,7.3,0
1.14,2.83,2.67,0.853,0.273,10.81,2.0,6.0,3.2,1
1.56,3.43,1.75,0.764,0.284,22.34,9.0,11.0,1.0,1
3.75,1.76,1.12,0.337,0.443,31.92,53.0,4.0,1.6,1
4.59,2.39,1.49,0.058,0.468,53.46,43.0,7.0,6.0,1
1.84,2.56,1.09,0.671,0.262,38.16,45.0,3.0,9.9,1
3.09,3.8,2.31,0.826,0.308,27.7,30.0,13.0,9.3,1
3.89,1.93,0.06,0.752,0.203,56.08,44.0,5.0,3.8,1
4.23,3.11,1.49,0.852,0.058,22.93,9.0,0.0,1.9,1
4.81,0.75,0.74,0.607,0.467,7.29,44.0,11.0,7.3,1
3.91,2.34,0.7,0.826,0.096,56.83,38.0,2.0,8.6,1
0.16,1.82,0.56,0.569,0.24,37.16,41.0,1.0,8.8,0
0.51,0.92,1.5,0.018,0.277,50.59,44.0,14.0,2.6,0
4.17,0.05,0.32,0.235,,,17.0,3.0,5.2,0
1.4,2.36,1.56,0.518,0.378,56.97,59.0,9.0,1.5,1
0.41,3.24,1.81,0.127,0.351,58.82,10.0,8.0,0.0,1
4.79,3.23,2.7,0.618,0.111,1.69,50.0,13.0,1.3,1
1.9,1.56,2.3,0.037,0.228,35.3,10.0,8.0,8.2,0
1.83,0.72,1.95,,0.443,25.43,24.0,0.0,5.0,0
0.58,3.77,2.42,0.715,0.29,31.11,17.0,11.0,2.6,1
4.13,1.53,1.05,0.165,0.117,11.55,42.0,10.0,9.9,0
2.26,1.39,1.6,0.578,0.128,46.28,8.0,8.0,3.3,1
1.51,2.46,0.26,0.504,0.244,16.51,19.0,2.0,5.3,0
4.14,1.76,1.57,0.742,0.42,37.99,15.0,6.0,5.9,1
4.27,1.38,1.17,0.831,0.112,7.8,22.0,5.0,1.9,0
3.57,1.3,2.74,0.434,0.084,33.44,11.0,13.0,1.9,1
2.13,1.57,0.91,0.991,0.172,26.34,44.0,7.0,9.6,0
1.5,2.74,2.06,0.124,0.03,7.54,13.0,6.0,4.9,0
,0.05,2.06,0.918,0.447,3.62,44.0,14.0,3.1,0
2.79,0.81,2.14,0.478,0.241,51.35,46.0,10.0,1.5,1
2.83,1.02,2.04,,0.447,32.91,16.0,14.0,0.4,1
,4.0,2.65,0.776,0.301,40.81,30.0,3.0,9.4,1
0.3,3.54,1.79,0.507,0.375,41.33,2.0,0.0,2.3,1
3.24,1.68,2.57,0.598,0.107,17.67,41.0,0.0,4.6,0
4.34,2.8,,0.279,0.026,43.93,46.0,6.0,0.4,1
0.66,0.94,2.64,0.576,0.24,3.26,49.0,9.0,8.0,0
2.77,3.76,2.19,0.483,0.326,5.44,41.0,11.0,2.8,1
3.44,3.71,1.37,0.251,0.081,10.15,3.0,5.0,9.6,0
4.8,0.65,0.81,0.25,0.059,32.88,17.0,,8.2,0
0.48,3.71,2.73,0.243,0.351,51.65,34.0,5.0,8.5,0
3.63,1.64,0.4,0.675,0.055,28.25,16.0,8.0,2.1,0
2.91,1.97,2.61,0.43,0.243,43.0,43.0,3.0,1.9,0
1.71,2.77,1.96,0.814,0.029,20.1,35.0,1.0,6.1,0
0.25,1.91,1.83,0.645,0.036,15.79,21.0,1.0,1.2,0
1.65,2.29,1.61,0.449,0.417,49.1,46.0,,9.6,1
4.13,1.79,0.88,0.656,0.318,17.18,51.0,14.0,1.0,1
3.17,0.27,1.82,0.831,0.077,25.75,58.0,10.0,7.0,0
1.14,2.2,1.43,0.893,0.021,50.7,24.0,8.0,1.6,0
4.96,0.2,1.2,0.389,0.177,36.37,31.0,6.0,6.2,0
3.73,0.4,1.92,,0.108,36.39,14.0,8.0,8.7,0
0.94,2.75,0.25,0.409,,6.57,56.0,1.0,2.1,0
3.91,1.88,1.81,0.804,0.339,16.31,42.0,8.0,1.3,1
4.16,2.16,2.99,0.009,0.136,22.57,16.0,5.0,6.3,0
4.35,0.67,0.13,0.317,0.474,29.68,28.0,3.0,1.0,1
3.7,2.74,1.42,0.822,0.468,36.35,59.0,10.0,8.7,1
0.4,0.29,1.36,0.481,0.015,3.7,59.0,1.0,8.9,0
4.07,1.01,0.22,0.871,0.268,56.6,38.0,8.0,7.7,1
4.64,3.61,1.48,0.761,0.282,54.62,26.0,7.0,3.9,1
2.5,0.1,0.45,0.66,0.143,51.18,22.0,5.0,4.0,0
3.81,2.98,2.47,0.113,0.132,34.31,24.0,6.0,,1
2.52,0.63,2.7,0.013,0.174,38.89,35.0,11.0,6.5,1
3.2,3.33,2.47,0.452,0.234,45.39,32.0,6.0,0.8,1
3.23,2.43,2.78,0.085,0.135,11.55,1.0,8.0,7.6,0
2.26,0.14,1.94,0.677,0.303,,,12.0,2.0,0
1.77,0.03,2.53,0.692,0.455,42.36,13.0,10.0,9.1,1
2.18,2.3,1.5,0.81,0.365,7.16,43.0,1.0,7.4,1
,3.18,2.37,0.127,0.062,33.42,49.0,1.0,4.2,0
2.64,2.86,2.84,0.007,0.017,14.5,52.0,9.0,3.0,0
3.21,1.18,1.14,0.094,0.322,15.25,12.0,14.0,2.5,1
0.23,2.9,2.5,0.42,0.327,43.24,36.0,1.0,6.9,0
2.3,1.11,1.42,0.065,0.318,26.06,56.0,3.0,8.9,0
0.35,1.98,1.84,0.352,0.052,7.57,35.0,12.0,9.4,0
3.78,0.88,2.65,0.489,0.176,9.98,59.0,2.0,9.7,0
1.34,0.46,2.64,0.814,0.086,6.24,,10.0,9.4,0
1.73,3.84,2.23,0.069,0.238,2.79,54.0,14.0,7.1,0
3.27,2.59,0.94,0.966,0.246,50.7,41.0,0.0,1.9,1
1.73,0.9,0.26,0.579,0.01,4.34,24.0,13.0,3.3,0
3.65,0.49,2.96,0.914,0.384,30.23,1.0,8.0,3.8,1
4.31,1.03,1.71,0.787,0.114,2.92,21.0,9.0,6.6,0
3.18,1.49,0.33,0.006,0.466,44.78,15.0,0.0,4.4,0
0.78,3.46,2.88,0.895,0.303,4.27,33.0,0.0,3.5,1
2.25,2.73,1.37,0.842,0.454,4.48,50.0,1.0,3.6,1
3.66,1.44,2.89,0.988,0.411,22.4,58.0,5.0,5.6,1
1.36,1.3,1.1,0.128,0.274,22.3,15.0,9.0,7.5,0
4.74,0.95,2.73,0.787,0.3,16.76,15.0,5.0,2.7,1
4.72,0.45,2.56,0.036,0.21,56.79,13.0,0.0,5.5,1
1.69,3.45,1.41,0.806,0.198,20.25,50.0,10.0,1.7,1
3.07,1.89,0.94,0.388,0.132,8.13,31.0,2.0,,0
1.94,3.78,2.22,0.941,0.068,57.61,17.0,8.0,5.3,1
3.63,3.12,2.55,0.243,0.036,37.82,5.0,14.0,2.3,0
3.97,2.77,0.13,0.583,0.304,1.02,1.0,3.0,6.3,0
0.83,1.38,0.67,0.272,0.308,20.89,40.0,13.0,2.7,0
2.6,1.88,1.29,0.904,0.132,54.14,25.0,13.0,6.7,1
1.73,0.95,0.62,0.7,0.159,34.44,7.0,4.0,2.3,0
4.63,3.2,0.81,0.346,0.23,19.75,50.0,2.0,1.3,1
0.98,1.87,1.54,0.482,0.131,10.69,26.0,,2.5,0
4.73,3.16,1.15,0.991,0.301,43.0,40.0,5.0,5.7,1
2.1,0.33,2.8,0.399,0.309,33.79,36.0,9.0,4.6,0
4.37,1.26,,0.042,0.134,47.42,24.0,12.0,7.5,0
2.32,0.35,0.62,0.968,0.333,36.21,44.0,10.0,2.5,1
3.07,2.36,2.84,0.971,0.169,48.4,15.0,11.0,6.6,1
4.94,2.89,0.65,0.635,0.152,16.46,33.0,4.0,3.7,1
3.66,3.14,1.79,0.516,0.315,11.89,45.0,8.0,4.7,1
0.97,1.48,0.92,0.871,0.142,37.02,27.0,3.0,9.2,0
1.32,0.55,0.85,0.998,0.13,43.96,47.0,3.0,7.9,0
2.32,3.87,1.62,0.992,0.442,58.31,11.0,12.0,2.5,1
2.93,0.76,2.84,0.741,0.168,37.61,40.0,2.0,7.0,1
0.31,1.29,1.26,0.256,0.252,44.13,11.0,5.0,1.2,1
0.22,1.22,0.84,0.611,0.446,22.9,50.0,7.0,10.0,0
2.29,3.08,0.75,0.073,0.035,42.33,9.0,14.0,8.9,0
2.62,3.35,0.93,0.733,0.413,46.62,5.0,9.0,8.5,1
0.4,1.14,1.33,0.133,0.022,23.43,46.0,8.0,6.4,0
2.38,1.13,2.62,0.331,0.294,52.46,26.0,7.0,2.0,1
,2.76,0.94,0.917,0.214,37.29,56.0,9.0,5.0,1
2.75,3.44,0.82,0.605,0.47,2.82,55.0,8.0,4.6,1
2.39,0.61,1.72,0.64,0.491,15.61,35.0,13.0,4.1,1
0.36,3.94,1.77,0.153,0.434,43.56,58.0,11.0,6.5,0
4.9,2.73,,0.741,0.315,31.18,54.0,11.0,7.4,1
2.71,1.21,0.57,0.785,0.132,27.03,50.0,0.0,2.7,0
2.25,3.06,0.57,0.959,0.43,58.19,15.0,14.0,6.6,1
0.37,0.19,1.56,0.622,0.023,24.64,29.0,11.0,3.6,0
3.68,3.64,0.85,0.895,0.093,8.11,22.0,6.0,0.2,1
1.38,1.91,0.46,0.769,0.149,22.52,38.0,4.0,1.6,0
0.4,0.85,0.08,0.39,0.346,,54.0,4.0,6.5,0
3.6,2.7,0.4,0.172,0.256,53.84,5.0,13.0,8.1,0
2.4,0.37,2.49,0.952,0.467,50.67,39.0,9.0,0.6,1
0.28,1.9,0.47,0.957,0.168,47.02,27.0,2.0,1.6,1
4.25,3.76,0.01,0.252,0.348,32.36,13.0,2.0,4.6,1
2.24,2.55,1.17,0.977,0.019,21.72,9.0,1.0,1.1,0
0.72,0.38,2.78,0.569,0.34,47.28,52.0,14.0,6.5,1
1.69,3.51,1.56,0.289,0.21,13.89,26.0,1.0,0.3,0
0.14,3.32,0.03,0.865,0.426,27.17,33.0,4.0,1.1,1
4.9,2.96,2.13,,0.308,50.77,17.0,14.0,7.3,1
3.75,0.65,1.2,0.471,0.345,22.2,32.0,8.0,8.3,1
0.24,2.47,2.31,0.484,0.419,43.47,29.0,4.0,2.6,1
1.2,,1.79,0.947,0.017,27.42,26.0,7.0,4.6,1
2.38,2.85,,0.382,0.494,9.28,12.0,2.0,5.8,0
3.59,1.33,1.42,0.372,0.106,28.44,52.0,10.0,0.2,1
3.18,3.8,1.67,0.375,0.094,1.01,31.0,9.0,7.1,0
2.21,0.8,1.5,0.941,0.4,,58.0,4.0,0.6,1
2.73,1.75,2.36,0.62,0.212,13.74,52.0,1.0,1.8,1
0.22,1.64,2.55,0.964,0.1,22.9,22.0,,7.3,0
4.99,3.59,2.0,0.734,0.091,21.61,26.0,7.0,8.3,0
4.34,0.83,0.11,0.824,0.075,30.27,33.0,6.0,7.1,0
1.61,3.08,1.06,0.525,0.22,44.97,16.0,11.0,9.2,0
0.54,2.13,1.11,0.7,0.029,39.66,8.0,4.0,9.9,0
3.14,2.43,0.67,0.29,0.005,39.02,16.0,3.0,8.1,0
4.58,0.07,1.28,0.078,0.406,57.58,30.0,14.0,6.2,1
3.42,2.7,0.56,0.165,0.279,5.35,59.0,14.0,0.5,1
0.34,0.9,2.27,0.973,0.129,10.35,11.0,5.0,9.0,0
1.9,1.82,2.5,0.068,0.042,4.28,48.0,12.0,2.9,0
3.59,1.9,2.8,0.433,0.345,17.85,43.0,6.0,3.9,1
1.21,3.85,0.04,0.976,0.402,10.3,46.0,0.0,5.2,1
,1.86,,0.4,0.237,21.04,16.0,2.0,8.8,0
2.92,1.67,0.63,0.859,0.407,34.59,23.0,1.0,8.0,1
0.48,3.04,1.59,0.162,0.449,9.18,2.0,14.0,5.0,0
3.69,,0.21,0.51,0.219,8.27,14.0,0.0,8.8,0
2.19,3.5,2.3,,0.467,37.25,15.0,6.0,8.5,1
0.8,2.12,0.88,0.742,0.078,15.41,24.0,10.0,3.4,0
4.63,3.49,1.7,0.027,0.326,16.97,36.0,11.0,2.8,1
3.73,2.66,2.39,0.769,0.217,18.15,2.0,1.0,3.9,1
3.62,2.6,1.3,0.281,0.048,15.02,47.0,2.0,7.7,0
2.23,2.26,2.98,0.79,0.465,36.24,34.0,9.0,,1
3.22,1.99,2.42,0.36,0.394,9.05,30.0,0.0,1.2,1
3.2,1.45,1.27,0.046,0.273,17.32,48.0,5.0,3.2,0
0.68,3.2,2.11,0.012,0.372,58.94,37.0,6.0,8.8,1
4.4,2.56,2.01,0.896,0.24,24.01,48.0,10.0,9.3,1
4.09,0.38,0.13,0.935,0.293,31.48,10.0,1.0,1.4,1
0.69,2.71,1.11,0.336,0.101,17.67,38.0,3.0,9.7,0
1.61,0.19,1.58,,0.244,44.72,6.0,11.0,6.3,0
0.35,3.9,1.25,0.932,0.102,32.37,48.0,12.0,8.0,1
1.73,1.28,0.55,0.477,0.481,24.95,21.0,4.0,8.3,0
3.65,0.47,1.98,0.679,0.22,58.73,51.0,14.0,1.5,1
0.02,0.93,2.96,0.505,0.212,2.64,18.0,9.0,6.2,0
2.53,3.8,1.02,0.866,0.484,12.79,22.0,14.0,1.4,1
4.34,1.98,2.88,0.951,0.474,56.2,27.0,14.0,4.4,1
1.56,3.91,2.27,0.729,0.368,59.71,56.0,3.0,3.6,1
3.62,1.3,0.98,0.242,0.372,32.44,37.0,10.0,8.5,0
0.27,0.17,1.26,0.147,0.447,54.51,9.0,13.0,1.5,0
2.79,3.68,1.88,0.031,0.483,42.1,47.0,10.0,8.5,1
4.38,3.67,2.24,0.681,0.441,57.25,58.0,8.0,3.6,1
2.04,,2.24,0.779,0.012,24.88,20.0,4.0,0.6,0
3.11,2.64,1.92,0.646,0.338,37.03,27.0,3.0,6.6,1
3.17,1.03,0.34,0.108,0.478,50.68,32.0,8.0,10.0,0
3.66,2.5,2.56,0.124,0.113,11.12,12.0,9.0,8.9,0
1.14,0.26,0.8,0.615,0.274,10.2,19.0,,9.2,0
3.74,1.38,0.53,0.656,0.498,25.6,34.0,11.0,3.6,1
,1.55,0.64,0.243,0.279,,59.0,11.0,2.0,0
2.99,1.25,0.12,0.401,0.163,15.76,37.0,7.0,8.7,0
0.8,1.96,2.21,0.933,0.377,40.44,13.0,9.0,0.3,1
3.68,2.63,0.16,0.068,0.494,10.91,31.0,11.0,9.5,1
1.44,2.0,0.13,0.222,0.039,40.87,10.0,8.0,3.7,0
3.26,1.79,0.0,0.823,0.063,25.46,14.0,4.0,7.0,0
0.78,2.65,0.01,0.686,0.292,59.45,28.0,8.0,3.8,1
1.16,3.38,2.04,0.534,0.381,51.0,15.0,14.0,6.2,1
4.09,1.78,1.49,0.591,0.382,47.92,16.0,13.0,3.3,1
0.47,1.89,,0.153,0.261,18.51,,2.0,3.2,0
0.49,3.48,0.7,0.65,0.484,47.67,39.0,3.0,3.6,1
3.87,0.03,2.16,0.395,0.326,24.58,1.0,7.0,7.9,0
0.62,1.65,0.93,0.996,0.238,34.77,31.0,14.0,2.1,1
4.47,0.09,1.49,0.027,0.283,28.28,5.0,3.0,4.4,0
0.7,1.51,2.59,0.95,0.404,46.49,4.0,3.0,3.0,1
3.41,1.04,0.19,0.234,0.451,33.2,34.0,9.0,0.8,1
2.99,2.23,2.57,0.335,0.415,37.99,48.0,10.0,7.3,1
3.64,1.86,0.99,0.06,0.296,33.96,28.0,10.0,8.8,0
3.48,0.41,0.74,0.636,0.035,53.87,50.0,0.0,2.5,0
1.83,2.13,2.55,0.573,0.365,56.85,48.0,3.0,3.7,1
4.73,2.77,2.09,0.793,0.38,26.36,5.0,1.0,8.8,1
2.54,0.22,0.89,0.488,0.044,30.94,3.0,0.0,8.9,0
4.86,0.13,2.09,0.673,0.157,11.21,18.0,11.0,7.2,0
1.91,3.54,2.71,0.952,0.042,19.37,20.0,5.0,4.7,1
2.64,2.27,2.61,0.412,0.203,45.75,51.0,10.0,1.5,1
2.92,0.43,2.42,0.474,0.27,39.0,21.0,5.0,6.0,0
2.82,2.87,2.99,0.505,0.085,36.85,33.0,3.0,3.8,1
3.31,3.43,0.51,0.538,0.301,28.33,31.0,3.0,3.2,0
1.43,3.87,2.25,0.251,0.383,24.89,11.0,5.0,8.3,0
0.32,3.32,0.88,0.231,0.44,14.78,4.0,2.0,4.2,0
0.99,3.0,2.8,0.388,0.433,54.86,16.0,3.0,5.1,1
2.8,3.51,0.24,0.862,,58.52,1.0,2.0,4.2,1
4.29,1.95,2.0,0.82,0.344,13.64,23.0,0.0,7.0,0
2.38,1.95,0.61,0.042,0.057,25.29,48.0,12.0,2.2,1
1.61,2.7,2.97,0.807,0.11,11.16,25.0,2.0,6.6,0
3.66,,1.56,0.295,0.482,42.87,45.0,0.0,5.2,1
1.98,0.83,1.6,0.049,0.5,40.16,3.0,1.0,7.6,0
4.11,1.73,1.58,0.394,0.011,2.26,45.0,8.0,5.2,1
0.06,3.02,2.28,0.097,0.381,19.38,4.0,10.0,3.7,0
0.58,1.13,2.91,0.241,0.316,20.12,50.0,3.0,1.1,0
0.51,0.22,2.88,0.748,0.016,43.28,10.0,7.0,5.2,0
0.17,1.65,0.7,0.053,0.289,11.35,3.0,10.0,,0
0.84,3.89,1.68,0.443,0.296,55.34,55.0,0.0,9.0,0
4.94,2.58,1.64,0.2,0.169,5.81,35.0,6.0,2.5,0
2.41,3.11,0.37,0.429,0.46,13.64,50.0,13.0,8.0,1
2.11,0.4,2.09,0.878,0.497,2.48,41.0,8.0,4.6,1
4.55,2.12,2.28,0.811,0.463,59.51,53.0,9.0,0.1,1
3.97,3.51,2.61,0.411,0.003,49.95,5.0,14.0,2.7,1
1.36,3.52,2.21,0.156,0.12,41.03,47.0,,9.2,0
4.02,3.92,0.36,0.96,0.266,59.21,30.0,0.0,3.1,1
0.41,3.3,2.76,0.489,0.392,1.95,3.0,8.0,5.9,0
3.58,3.5,0.63,0.147,0.057,50.43,30.0,7.0,5.8,0
0.09,0.82,1.83,0.248,0.281,41.39,3.0,2.0,6.6,0
,0.1,1.93,0.829,,10.4,44.0,9.0,9.5,0
4.44,2.62,0.46,0.214,0.203,48.01,13.0,9.0,7.4,0
1.87,2.76,1.03,,0.469,46.87,2.0,11.0,5.6,0
2.35,,0.9,0.306,0.179,18.58,39.0,0.0,9.1,0
3.23,2.23,2.13,0.743,0.309,29.06,49.0,0.0,7.7,0
3.47,1.7,1.87,0.394,0.095,3.02,29.0,13.0,2.5,1
0.73,3.74,1.27,0.189,0.038,1.36,7.0,5.0,2.4,0
4.64,0.8,0.5,0.899,0.457,16.48,36.0,12.0,8.5,1
2.84,,2.22,0.527,0.496,19.02,38.0,2.0,1.2,1
2.99,0.17,2.82,0.957,0.013,51.46,35.0,0.0,1.8,1
3.2,3.18,1.73,0.945,0.24,28.23,23.0,4.0,7.0,1
4.26,2.49,2.74,0.608,0.027,56.55,7.0,9.0,1.8,1
1.05,1.16,2.43,0.454,0.275,39.79,3.0,2.0,8.6,0
4.56,2.16,2.85,0.415,0.387,37.85,59.0,0.0,2.0,1
3.9,2.75,1.02,0.431,0.229,20.05,44.0,14.0,2.7,1
1.12,3.17,1.9,0.031,0.105,14.67,10.0,8.0,5.2,0
3.99,0.41,0.69,0.683,0.286,28.29,18.0,5.0,6.1,0
2.52,0.77,2.21,0.313,0.117,45.15,41.0,2.0,5.6,0
2.88,2.09,2.95,0.333,0.424,22.67,34.0,13.0,4.7,1
4.96,2.84,0.96,0.785,0.39,50.41,30.0,12.0,0.7,1
0.07,3.52,0.2,,0.29,42.38,9.0,1.0,5.9,1
4.68,2.18,2.92,,0.21,10.27,32.0,,7.6,0
3.63,,0.09,0.214,0.423,21.15,56.0,3.0,4.7,0
1.74,3.43,1.09,0.088,0.339,3.77,10.0,0.0,2.9,0
3.65,3.84,1.68,0.79,0.339,23.92,52.0,3.0,1.4,1
1.01,1.0,2.35,0.724,0.344,29.51,51.0,10.0,3.3,1
2.57,2.41,0.65,0.639,0.06,50.03,29.0,5.0,9.2,0
4.08,1.29,0.16,0.192,0.292,25.18,14.0,5.0,3.7,0
1.05,3.44,2.09,0.544,0.178,37.56,6.0,0.0,7.4,0
2.8,1.63,0.29,0.599,0.2,22.18,5.0,8.0,3.0,1
0.21,3.66,0.73,0.95,0.275,41.52,55.0,2.0,1.2,1
4.18,1.9,0.8,0.675,0.498,11.22,21.0,11.0,8.8,1
1.75,2.93,2.51,,0.453,13.88,4.0,4.0,2.1,1
1.64,1.38,1.74,0.838,0.498,51.7,6.0,11.0,0.8,1
1.28,2.11,1.36,0.754,0.404,22.02,18.0,7.0,3.8,0
3.6,2.76,0.08,0.367,0.061,15.76,8.0,9.0,8.5,0
0.87,0.76,1.52,0.878,,1.69,44.0,11.0,1.0,1
0.17,0.7,2.14,0.758,0.114,43.33,3.0,5.0,1.6,0
1.39,0.35,2.93,0.729,0.499,28.61,1.0,12.0,7.2,1
3.31,1.41,1.45,0.138,0.253,11.24,37.0,6.0,3.5,0
0.25,2.36,1.67,0.927,0.388,52.62,23.0,1.0,5.7,1
2.14,0.43,0.96,0.002,0.381,48.11,27.0,7.0,3.7,0
4.03,0.6,2.45,0.31,0.486,17.34,36.0,10.0,9.7,1
2.13,3.15,1.62,0.677,0.046,14.13,45.0,8.0,8.6,0
2.76,1.75,1.13,0.15,0.045,25.6,45.0,,7.7,0
2.14,0.36,0.35,0.773,0.38,22.53,20.0,9.0,,0
0.87,1.28,2.68,0.144,0.007,10.27,12.0,1.0,5.0,0
4.85,1.85,2.4,0.002,0.437,58.89,35.0,1.0,4.1,1
0.95,0.95,0.62,0.028,0.255,20.73,5.0,13.0,0.1,0
3.1,2.71,2.63,0.216,0.129,32.28,1.0,7.0,6.8,0
1.36,3.23,1.67,0.545,0.456,44.83,17.0,0.0,5.6,1
4.12,3.1,2.31,0.076,0.37,55.74,32.0,7.0,1.0,1
3.97,2.27,1.95,0.359,0.146,9.8,4.0,4.0,6.9,1
2.28,1.82,0.21,0.191,0.37,9.36,2.0,9.0,5.3,0
0.95,3.71,0.75,0.879,0.152,36.78,50.0,10.0,3.4,1
0.24,0.46,1.27,0.268,0.269,16.38,25.0,4.0,2.3,0
2.38,2.04,0.34,0.652,0.375,40.28,19.0,2.0,6.4,1
0.82,1.28,1.12,0.734,0.212,10.36,19.0,0.0,1.9,0
4.75,1.78,0.11,0.138,0.407,35.06,46.0,13.0,5.1,1
0.68,2.56,2.65,0.121,0.079,44.22,22.0,2.0,7.4,0
1.18,2.31,0.13,0.909,0.259,43.6,12.0,14.0,7.9,1
3.84,2.85,1.65,0.158,0.015,43.94,57.0,6.0,4.2,1
2.16,0.07,2.07,0.551,0.49,39.29,37.0,3.0,4.0,1
1.79,1.92,0.88,0.604,0.088,59.57,56.0,3.0,5.3,0
1.81,2.77,0.01,0.32,0.082,57.71,3.0,5.0,3.3,0
2.65,3.18,1.66,,0.221,6.64,51.0,13.0,8.7,0
2.68,0.46,1.4,0.304,0.033,22.87,8.0,,6.6,0
1.62,1.27,0.56,0.827,0.436,48.79,55.0,5.0,3.7,1
3.47,2.34,0.28,0.153,0.097,28.03,29.0,12.0,1.7,1
1.43,1.54,2.39,0.303,0.316,18.48,25.0,14.0,9.8,0
1.2,1.56,0.59,0.507,0.394,53.42,19.0,8.0,9.6,0
,0.65,1.27,0.3,0.25,23.9,46.0,4.0,2.3,0
0.56,0.88,2.36,0.862,0.018,2.57,11.0,,2.8,0
4.85,1.12,2.75,0.895,0.158,28.07,26.0,11.0,2.9,1
2.83,2.87,1.2,0.806,0.304,24.79,3.0,11.0,3.4,0
4.64,1.66,1.4,0.885,0.185,13.95,47.0,14.0,3.2,1
4.91,0.84,2.13,0.43,0.324,22.2,46.0,1.0,0.1,1
2.08,0.25,0.46,0.539,0.256,8.27,55.0,11.0,7.7,0
0.97,2.25,2.52,0.634,0.239,34.82,8.0,7.0,5.7,1
4.68,0.82,0.82,0.781,0.122,25.77,21.0,10.0,0.8,1
4.25,2.36,1.25,0.349,0.475,7.28,51.0,0.0,9.7,0
0.9,2.18,2.82,0.062,0.281,59.69,1.0,13.0,3.3,1
0.76,1.35,2.91,0.869,0.11,58.6,31.0,4.0,8.6,1
4.95,,1.3,0.772,0.183,51.51,42.0,5.0,9.4,0
2.89,1.75,0.81,0.497,0.058,15.66,21.0,3.0,0.2,0
2.27,1.34,0.41,0.083,0.397,6.63,38.0,5.0,9.6,0
3.12,1.33,0.47,0.434,0.297,24.02,54.0,0.0,3.7,1
4.17,3.77,1.53,,0.39,46.64,27.0,9.0,1.0,1
0.07,2.36,2.06,0.541,0.342,52.38,57.0,,5.7,1
,2.64,1.09,0.075,0.481,24.14,33.0,8.0,0.4,0
3.42,0.77,0.72,0.743,0.372,25.31,47.0,4.0,3.0,1
,1.6,0.01,0.121,0.337,1.47,6.0,11.0,8.4,0
4.93,1.03,0.87,,0.303,51.2,,14.0,7.9,1
0.13,3.7,1.89,0.303,0.037,23.28,16.0,10.0,9.7,0
0.4,1.83,2.22,0.212,0.032,59.22,3.0,13.0,0.3,1
2.4,3.66,2.44,0.948,0.385,21.47,13.0,11.0,5.5,1
3.29,2.01,1.57,0.755,0.36,1.16,37.0,14.0,1.0,1
1.29,,2.77,0.751,0.118,13.83,3.0,0.0,9.1,0
1.28,2.76,2.37,0.391,0.493,33.0,17.0,9.0,0.4,1
0.19,2.33,2.36,0.729,0.073,48.14,55.0,11.0,9.2,1
0.23,2.6,0.05,0.491,0.225,2.37,12.0,6.0,3.0,0
0.45,0.4,0.15,0.464,0.498,1.82,52.0,7.0,6.7,0
0.35,2.5,2.3,0.817,0.455,16.94,58.0,7.0,4.4,1
4.4,1.21,0.91,0.347,0.101,11.64,41.0,5.0,6.1,0
2.04,3.1,0.85,0.09,0.051,29.64,49.0,2.0,4.2,0
3.79,1.61,0.89,0.049,0.051,54.0,33.0,9.0,7.2,0
0.64,3.49,2.26,0.845,0.131,14.73,23.0,10.0,1.8,1
0.06,1.46,2.03,0.798,0.249,22.53,31.0,6.0,3.2,0
4.99,1.14,0.15,0.554,0.428,43.69,46.0,9.0,2.3,1
3.99,2.02,2.37,0.345,0.015,33.57,50.0,6.0,3.1,1
4.16,1.83,1.31,0.235,0.247,11.86,11.0,3.0,1.7,0
3.01,0.23,2.22,0.83,0.073,17.52,56.0,0.0,6.1,1
0.99,3.07,2.84,0.115,0.322,46.25,18.0,14.0,4.5,1
0.12,1.56,1.91,0.849,0.363,7.7,11.0,1.0,4.0,0
3.73,1.84,2.05,0.303,0.121,3.37,29.0,1.0,8.6,0
4.06,2.84,1.02,0.22,,48.82,31.0,7.0,6.0,1
2.41,0.19,1.87,0.929,0.247,3.45,24.0,12.0,5.4,1
3.11,1.01,2.15,0.394,0.055,17.14,27.0,14.0,6.7,0
4.89,0.88,0.78,0.954,0.348,35.17,19.0,6.0,,1
1.69,2.11,0.99,0.644,0.319,2.22,20.0,7.0,6.5,0
4.25,3.42,0.27,0.605,0.179,54.04,17.0,11.0,6.3,1
4.36,1.91,2.3,0.381,0.039,55.06,48.0,5.0,2.8,1
0.42,1.23,1.88,0.261,0.212,23.91,12.0,3.0,7.1,0
2.38,0.41,1.15,0.107,0.208,50.85,32.0,10.0,5.1,0
2.9,0.01,1.6,0.587,0.232,2.23,2.0,13.0,7.8,0
0.72,1.13,2.03,0.05,0.139,8.13,40.0,8.0,3.3,0
2.06,1.86,0.55,0.406,0.477,13.11,53.0,6.0,5.3,1
2.27,1.43,2.03,0.859,0.005,16.93,44.0,6.0,7.5,0
1.39,1.84,1.89,0.911,0.425,37.04,44.0,8.0,3.5,1
0.45,1.76,1.94,0.432,0.283,58.23,31.0,3.0,7.1,0
1.74,1.8,0.98,0.351,0.26,10.23,39.0,12.0,7.6,0
3.06,2.68,0.45,0.516,0.441,50.88,46.0,8.0,5.5,1
1.86,,1.17,0.103,0.114,46.28,35.0,2.0,2.1,0
1.18,3.28,0.28,0.108,0.082,23.45,44.0,,9.4,0
0.99,3.2,0.49,0.039,0.018,34.57,2.0,4.0,4.7,0
2.04,0.93,1.66,0.873,0.499,21.84,25.0,6.0,8.6,1
4.84,0.45,2.78,0.796,0.124,15.33,4.0,7.0,9.1,1
3.15,3.62,0.67,0.259,0.051,8.85,37.0,5.0,0.8,0
0.53,0.69,1.61,0.689,0.408,39.92,53.0,,4.3,0
,2.59,0.47,0.891,,11.68,59.0,12.0,4.1,1
2.98,3.46,1.61,0.814,0.481,52.16,39.0,9.0,4.8,1
1.24,0.02,2.26,0.193,0.321,36.22,,7.0,1.9,0
4.16,1.07,2.44,0.297,0.037,41.38,2.0,12.0,9.4,0
0.35,1.15,2.1,0.285,,37.41,56.0,1.0,1.5,0
1.18,2.76,0.61,0.446,0.199,38.95,47.0,10.0,1.2,1
3.17,2.58,,0.483,0.33,53.82,21.0,0.0,2.5,1
3.28,2.21,2.45,0.288,0.493,20.09,50.0,1.0,0.8,1
3.57,3.65,2.21,0.851,0.135,43.0,36.0,9.0,4.0,1
4.33,3.95,2.41,0.063,0.266,10.78,33.0,3.0,2.3,1
4.84,0.27,0.29,0.515,0.232,38.89,16.0,0.0,4.8,0
1.0,3.49,2.18,0.356,0.278,24.93,39.0,8.0,5.7,0
1.29,0.85,1.33,0.807,0.263,50.88,16.0,9.0,5.1,0
1.97,0.62,1.07,0.946,0.286,21.42,13.0,13.0,8.9,1
1.91,3.12,,0.111,0.273,51.46,56.0,1.0,8.9,0
1.77,2.53,0.71,0.449,0.07,27.97,13.0,3.0,5.9,0
0.31,0.24,1.8,0.41,0.132,53.87,51.0,1.0,5.3,0
4.31,0.86,2.11,0.021,0.08,59.95,56.0,7.0,3.9,1
3.32,2.85,1.63,0.861,0.143,58.84,44.0,2.0,6.9,1
3.94,0.04,2.9,0.21,0.36,26.95,52.0,3.0,2.1,0
5.0,1.14,0.56,0.087,0.478,58.0,40.0,13.0,2.7,1
2.45,1.81,1.72,0.907,0.11,51.1,7.0,11.0,5.5,1
0.67,,2.23,0.287,0.17,1.74,27.0,1.0,6.0,0
4.17,3.4,0.72,0.557,0.29,20.23,25.0,12.0,7.2,1
3.71,0.87,0.13,0.565,0.245,6.29,51.0,7.0,9.6,0
3.84,1.22,0.72,1.0,0.319,8.91,41.0,1.0,0.5,0
0.81,2.07,0.02,0.825,0.174,54.74,58.0,9.0,6.4,0
3.77,1.74,1.37,,0.027,18.78,20.0,9.0,5.1,0
2.96,3.08,0.13,0.611,0.201,35.27,23.0,10.0,3.9,1
0.25,3.8,2.25,0.024,0.159,28.07,20.0,14.0,0.9,1
1.46,2.49,2.7,0.578,0.232,55.36,17.0,12.0,7.0,1
1.1,0.45,0.96,0.926,0.214,14.86,,12.0,7.4,0
1.46,1.77,1.76,0.08,0.382,27.06,48.0,,1.6,0
1.0,2.19,2.48,0.101,0.285,6.04,8.0,10.0,7.0,0
1.99,3.82,0.79,0.042,0.08,38.15,27.0,0.0,0.4,1
1.09,1.38,2.12,0.57,0.255,53.28,42.0,0.0,1.5,1
,2.68,2.68,0.35,0.461,19.03,10.0,10.0,2.0,1
0.08,0.05,2.06,0.084,0.112,47.81,41.0,6.0,9.7,0
3.68,1.75,2.04,0.236,0.303,8.97,37.0,9.0,5.5,0
1.74,0.16,0.32,0.906,0.096,28.55,3.0,0.0,5.1,0
1.44,0.95,0.48,0.334,0.218,17.37,59.0,1.0,9.8,0
4.29,1.88,1.76,0.158,0.498,40.43,19.0,2.0,1.6,1
3.74,2.33,0.57,0.383,0.275,41.65,18.0,1.0,9.7,0
4.32,3.51,1.4,0.324,0.349,25.06,40.0,2.0,2.3,1
4.36,0.74,2.61,0.66,0.217,20.72,4.0,5.0,6.6,0
3.65,1.23,2.85,0.245,0.443,,11.0,3.0,7.6,0
0.29,2.23,1.24,0.006,0.123,33.02,31.0,7.0,0.1,0
0.48,0.85,0.45,0.747,0.173,33.19,1.0,0.0,,0
0.37,3.63,2.74,0.502,0.362,47.56,20.0,1.0,5.1,1
1.24,3.5,1.4,0.211,0.369,37.65,57.0,6.0,5.2,0
4.32,3.55,0.87,0.421,0.393,9.8,12.0,13.0,3.2,1
0.19,2.88,2.98,0.456,0.446,7.38,22.0,,9.1,0
0.28,3.98,,0.906,0.307,16.2,58.0,6.0,1.9,1
0.59,,1.3,,0.376,22.68,21.0,8.0,3.8,0
2.89,1.98,0.15,0.93,0.137,16.91,51.0,7.0,0.4,1
1.6,2.96,1.75,0.036,0.043,15.01,33.0,7.0,4.4,1
4.7,0.38,2.15,0.987,0.493,4.59,7.0,10.0,9.2,1
0.68,3.67,0.02,0.506,0.43,31.44,57.0,10.0,2.4,1
4.02,3.94,0.99,0.443,0.359,2.22,34.0,10.0,7.9,1
3.22,3.43,0.28,0.729,0.045,31.49,50.0,8.0,0.4,1
3.27,0.14,,0.028,0.156,9.09,54.0,11.0,8.2,0
1.76,0.66,0.13,0.833,0.22,52.59,45.0,10.0,3.1,1
0.02,0.42,2.85,0.904,0.072,24.2,49.0,12.0,0.6,0
1.83,1.7,0.11,0.064,0.182,46.64,32.0,3.0,3.3,0
3.01,0.15,0.1,0.469,0.004,15.64,47.0,10.0,5.6,0
3.69,3.77,1.3,0.358,0.07,59.49,22.0,11.0,9.3,1
2.77,2.34,1.06,0.738,0.153,27.85,,7.0,3.3,1
4.91,2.27,0.15,0.76,0.317,41.47,29.0,2.0,3.7,1
2.93,1.78,2.37,0.594,0.365,54.54,1.0,0.0,6.9,1
0.42,1.35,,0.816,0.165,18.33,40.0,13.0,0.2,1
4.28,1.94,0.18,0.667,0.374,24.55,,12.0,7.0,1
3.26,2.07,1.46,0.497,0.123,39.62,30.0,1.0,0.4,1
2.59,2.78,1.05,0.565,0.398,10.41,19.0,2.0,9.5,0
3.9,0.66,0.42,0.308,0.467,42.39,12.0,8.0,9.9,0
3.45,2.3,0.37,0.448,0.029,49.06,,7.0,7.4,0
4.74,2.32,2.91,0.936,0.354,36.47,27.0,11.0,4.4,1
2.32,1.47,1.93,,0.048,19.91,34.0,2.0,1.8,0
3.55,3.86,0.63,0.223,0.084,37.67,22.0,1.0,0.4,0
2.3,2.98,0.96,0.092,0.371,53.38,50.0,6.0,8.3,0
1.39,2.84,1.99,0.069,0.067,15.93,38.0,4.0,7.7,0
1.6,3.49,0.26,0.852,0.222,52.36,5.0,6.0,9.2,1
2.96,1.36,,0.836,,44.29,32.0,1.0,2.7,0
0.9,0.85,0.08,0.32,0.273,27.04,27.0,4.0,4.2,0
2.53,1.75,1.82,0.012,0.434,59.91,5.0,9.0,9.1,0
3.47,2.39,2.56,0.426,0.352,9.25,38.0,11.0,,1
2.68,2.23,2.71,0.335,0.174,26.62,39.0,4.0,2.7,1
2.81,,1.93,0.128,0.053,42.37,27.0,10.0,5.8,0
1.06,1.07,2.43,0.198,0.457,1.88,14.0,5.0,4.7,0
3.29,3.7,2.28,0.601,0.159,53.72,43.0,5.0,2.1,1
2.99,0.32,0.06,0.719,0.492,21.64,40.0,3.0,8.8,0
2.67,2.02,0.51,0.571,0.181,12.95,26.0,3.0,6.4,0
3.48,1.9,0.2,0.167,0.184,19.21,28.0,7.0,2.7,0
3.5,1.53,0.84,0.312,0.188,12.67,5.0,5.0,6.3,0
3.46,3.13,0.25,0.705,0.276,1.21,23.0,8.0,,0
0.7,3.69,1.53,0.082,0.246,3.97,35.0,11.0,1.8,1
2.94,3.99,0.58,0.683,,11.41,57.0,10.0,6.3,0
3.49,0.49,0.51,0.855,0.35,40.4,26.0,13.0,10.0,0
3.04,0.17,2.95,0.792,0.27,1.06,25.0,6.0,4.9,0
0.96,1.1,2.74,0.576,,42.13,35.0,12.0,7.7,0
0.12,2.73,0.6,0.894,0.295,9.4,35.0,1.0,7.1,0
3.04,1.62,0.62,0.058,0.253,30.92,28.0,9.0,4.9,1
1.1,1.86,2.2,0.531,0.473,22.56,26.0,8.0,4.2,1
4.14,4.0,1.97,0.772,0.299,29.04,34.0,7.0,6.8,1
4.68,1.97,0.91,0.458,,40.69,31.0,1.0,5.9,1
4.19,3.66,2.6,0.988,0.028,12.52,26.0,8.0,4.8,1
0.85,1.65,0.37,0.018,0.016,10.29,13.0,8.0,1.2,0
4.09,1.76,2.33,0.332,0.27,55.8,18.0,11.0,7.8,1
0.89,3.09,2.72,,0.143,,28.0,11.0,8.0,1
1.49,3.61,0.45,0.17,0.381,31.77,21.0,11.0,3.3,1
4.14,3.25,1.67,0.459,0.474,32.09,33.0,8.0,3.1,1
0.73,1.89,0.17,0.74,0.078,2.29,31.0,12.0,4.7,0
0.94,2.79,2.43,0.499,0.461,,15.0,9.0,3.5,1
4.23,1.06,2.18,0.382,0.319,27.02,48.0,7.0,7.8,1
4.94,0.31,1.41,0.02,0.345,54.1,21.0,1.0,9.6,0
3.18,0.63,0.87,0.792,0.148,6.19,1.0,12.0,0.9,0
3.09,0.1,0.54,0.712,0.247,44.98,3.0,11.0,1.4,0
2.7,1.78,2.17,0.91,0.397,35.16,25.0,7.0,3.8,1
1.22,2.62,2.08,0.905,0.397,52.11,39.0,9.0,4.5,1
,0.13,1.56,0.852,0.383,3.65,58.0,7.0,2.5,1
2.25,0.21,0.43,0.362,0.335,25.74,9.0,1.0,9.0,0
4.23,2.08,0.15,0.429,0.207,33.82,26.0,10.0,7.4,1
,3.76,0.1,0.923,0.18,9.66,56.0,3.0,8.7,0
2.53,0.57,2.65,0.149,0.018,12.1,16.0,1.0,3.5,0
4.7,2.71,0.37,0.026,0.448,34.32,32.0,12.0,8.8,1
2.82,2.62,1.46,0.645,0.366,35.53,29.0,0.0,9.2,1
3.8,1.22,2.48,0.331,0.196,8.83,1.0,12.0,9.2,0
2.21,0.3,1.38,0.195,0.026,29.11,,0.0,0.0,0
0.41,2.44,0.03,0.422,0.122,9.6,26.0,3.0,4.7,0
4.19,1.77,2.42,0.244,0.338,5.26,31.0,12.0,7.1,1
4.72,1.25,0.28,0.272,0.381,47.79,17.0,2.0,7.8,1
3.62,3.12,1.53,0.208,0.465,7.85,,13.0,2.2,1
2.04,1.62,2.46,0.763,0.369,8.09,25.0,1.0,6.0,0
4.3,2.47,1.71,0.963,0.327,35.85,26.0,13.0,4.6,1
3.16,1.02,0.6,0.638,0.461,16.92,39.0,5.0,6.7,1
0.01,0.31,0.38,0.556,0.175,32.05,12.0,10.0,7.4,0
4.68,0.62,2.96,0.888,0.424,3.74,40.0,12.0,4.6,1
2.31,1.47,0.74,0.023,0.369,34.97,28.0,5.0,0.3,1
0.87,2.94,0.04,0.214,0.213,31.7,13.0,8.0,6.2,0
0.92,2.34,1.12,0.464,0.289,,3.0,13.0,9.9,1
1.71,1.5,2.2,0.105,0.097,42.16,,10.0,8.0,0
0.21,1.9,1.25,0.395,0.047,59.7,14.0,10.0,2.2,1
1.53,2.33,0.48,0.382,0.143,49.95,44.0,13.0,7.0,1
0.46,0.68,0.58,0.947,0.157,57.81,15.0,0.0,4.2,0
1.01,1.09,2.15,0.164,0.272,54.0,45.0,13.0,3.0,0
0.09,1.11,2.8,0.476,0.07,,53.0,9.0,4.2,0
3.41,0.41,0.8,0.108,0.074,42.63,40.0,3.0,6.7,0
2.88,0.8,2.79,0.785,0.031,9.53,51.0,6.0,7.1,0
0.46,2.24,0.39,0.749,0.492,54.6,28.0,4.0,0.7,1
3.88,0.91,,0.968,0.196,30.99,12.0,3.0,7.4,0
3.44,2.33,0.51,0.358,0.085,30.4,57.0,2.0,8.8,0
0.77,0.1,1.18,0.99,0.474,33.32,13.0,9.0,6.9,0
0.21,0.7,1.61,0.693,0.039,13.39,,2.0,3.9,0
0.68,2.45,0.69,0.083,0.035,13.32,45.0,4.0,8.5,0
0.58,2.34,0.25,0.041,0.5,34.49,46.0,5.0,4.7,0
3.05,1.1,2.21,0.122,0.23,46.82,,5.0,6.3,0
0.26,2.49,0.88,0.0,0.223,6.99,12.0,5.0,1.8,0
1.55,0.66,1.64,0.693,0.152,44.61,36.0,4.0,0.2,0
1.8,3.27,2.29,0.958,0.253,,53.0,9.0,6.3,1
0.43,1.0,0.32,0.044,0.396,25.45,21.0,12.0,1.8,0
1.72,1.87,,0.198,0.446,5.15,53.0,0.0,0.5,1
2.83,3.79,2.5,0.96,0.354,37.34,31.0,7.0,1.9,1
1.61,2.31,1.08,0.249,0.05,51.29,55.0,4.0,7.4,0
4.65,3.01,1.59,0.857,0.162,28.21,47.0,13.0,2.6,1
1.43,2.98,2.82,,0.477,51.66,3.0,14.0,6.2,1
,1.53,2.23,0.969,0.219,42.3,52.0,2.0,6.9,1
2.69,0.4,1.17,0.39,0.45,44.87,58.0,7.0,2.2,1
1.88,1.36,0.43,0.706,0.347,22.6,16.0,9.0,6.1,0
4.84,0.14,0.82,0.945,0.098,20.94,2.0,7.0,2.7,1
4.29,1.06,1.66,0.277,0.458,8.85,58.0,4.0,6.9,0
1.0,0.15,0.5,0.432,0.333,34.95,2.0,9.0,2.4,0
4.86,1.68,1.07,0.274,0.051,59.27,58.0,10.0,4.6,1
0.1,0.04,1.96,0.489,0.191,32.65,47.0,11.0,2.8,0
0.05,3.04,2.79,0.905,0.467,32.78,48.0,12.0,9.9,1
0.48,3.85,0.67,0.196,0.377,22.96,34.0,1.0,6.6,0
1.78,0.13,0.76,,0.156,15.31,27.0,4.0,1.1,0
1.82,2.31,2.06,0.153,0.355,58.44,57.0,11.0,9.5,0
0.28,1.08,0.36,0.406,0.179,26.1,26.0,2.0,6.9,0
3.72,2.09,0.5,0.202,0.047,9.63,11.0,11.0,5.5,0
1.6,3.77,0.52,0.229,0.243,19.25,43.0,12.0,3.3,1
4.74,3.06,1.95,0.47,,44.21,,9.0,4.3,1
4.99,2.99,1.4,0.742,0.19,57.56,3.0,10.0,6.5,1
3.45,1.17,0.37,0.128,0.22,15.23,10.0,13.0,2.1,0
0.58,3.19,0.82,0.79,0.209,28.93,44.0,5.0,4.4,0
2.59,0.41,1.38,0.988,0.289,19.2,33.0,5.0,6.6,0
3.92,2.83,0.93,0.305,0.233,20.42,1.0,8.0,5.4,1
4.59,1.62,1.25,0.199,0.056,6.32,33.0,3.0,9.0,0
2.13,1.75,2.75,0.028,0.346,36.17,15.0,2.0,2.9,1
0.0,1.96,2.9,0.194,0.206,17.26,50.0,7.0,9.2,0
2.03,3.07,2.98,0.599,0.317,13.93,10.0,9.0,6.9,1
2.86,1.25,0.08,0.846,0.03,8.83,30.0,1.0,3.4,0
0.56,1.29,2.14,0.005,0.104,26.96,13.0,12.0,1.5,0
3.23,2.08,2.81,0.631,0.134,24.91,48.0,8.0,2.9,1
2.81,1.07,2.71,0.146,0.446,45.74,38.0,4.0,2.3,1
2.39,1.78,0.07,0.799,0.036,25.71,59.0,13.0,9.1,0
2.71,2.64,2.42,0.218,0.373,56.74,26.0,3.0,5.1,1
0.15,3.96,1.38,0.067,0.077,27.56,25.0,1.0,6.7,0
3.76,1.05,2.55,0.981,0.221,31.28,33.0,10.0,0.7,1
3.49,1.05,2.15,0.465,0.139,55.26,42.0,11.0,9.5,1
1.0,1.58,1.32,0.377,0.367,7.67,15.0,9.0,8.9,0
0.38,2.64,0.89,0.576,0.023,23.33,26.0,0.0,5.0,0
1.96,3.7,0.0,0.556,0.171,11.78,52.0,11.0,9.5,1
3.79,3.8,1.62,0.046,0.481,32.69,53.0,7.0,5.3,1
1.98,1.35,1.2,0.346,0.148,49.75,26.0,1.0,8.6,0
3.61,1.67,1.02,0.611,0.367,53.58,54.0,10.0,6.3,1
3.88,1.75,1.4,0.944,0.48,3.3,58.0,3.0,3.0,1
0.23,1.4,1.43,0.652,0.103,23.15,45.0,4.0,7.4,0
1.98,1.26,1.73,0.169,0.283,23.12,45.0,14.0,3.1,0
4.94,0.29,1.98,0.01,0.066,44.22,17.0,3.0,3.2,0
0.13,2.18,0.49,0.786,0.316,49.89,30.0,11.0,7.7,0
4.47,2.65,0.67,0.832,0.18,20.82,51.0,6.0,5.7,1
0.58,3.97,1.37,0.183,0.206,28.74,16.0,7.0,5.7,0
3.05,2.48,0.8,0.321,0.24,6.05,46.0,3.0,4.3,0
4.75,2.44,2.38,0.786,0.421,6.06,42.0,12.0,2.7,1
3.08,1.48,1.44,0.684,0.284,43.94,2.0,9.0,6.7,1
0.95,0.23,1.61,0.132,0.429,49.78,12.0,1.0,9.9,0
1.04,2.46,1.68,0.664,0.49,17.32,36.0,1.0,,1
0.15,0.5,2.18,0.709,0.311,33.96,13.0,1.0,1.4,0
1.78,2.98,2.12,0.989,0.353,32.47,29.0,11.0,3.6,1
2.92,3.02,2.06,0.893,0.221,53.14,5.0,2.0,6.5,1
4.05,0.42,0.24,0.036,0.256,5.13,56.0,11.0,7.5,0
2.91,1.11,2.25,0.107,0.467,38.15,57.0,9.0,4.7,1
4.56,3.28,2.37,0.403,0.41,20.03,29.0,1.0,0.1,1
3.46,3.85,1.93,0.321,0.245,46.24,44.0,12.0,3.7,1
2.76,2.92,2.56,0.105,0.066,9.82,,3.0,9.0,0
1.03,1.61,0.92,0.759,0.04,41.77,38.0,1.0,4.4,0
3.93,3.31,0.24,0.292,0.293,52.71,57.0,11.0,0.8,1
1.51,1.17,0.92,0.848,0.23,50.11,43.0,7.0,1.4,1
1.6,3.47,2.16,0.353,0.333,57.18,24.0,5.0,6.0,1
0.53,0.17,2.32,0.745,0.257,8.44,23.0,6.0,4.1,0
0.25,3.97,1.86,0.21,0.252,38.17,39.0,0.0,0.2,1
2.28,0.44,0.51,0.471,0.327,5.11,41.0,7.0,8.3,0
0.61,3.66,2.2,0.554,0.186,32.29,12.0,,5.0,0
1.69,3.41,,0.447,0.037,28.55,17.0,2.0,7.8,0
4.19,1.17,0.17,0.778,0.245,12.0,32.0,2.0,8.3,0
1.65,1.85,0.28,0.662,0.112,,23.0,14.0,1.7,1
3.1,0.86,0.74,0.582,0.435,53.05,6.0,2.0,8.8,0
4.25,1.92,1.33,0.231,0.369,36.12,50.0,5.0,3.6,1
0.75,0.72,1.62,0.525,0.383,28.39,39.0,14.0,1.8,1
4.73,1.17,1.54,0.704,0.257,25.98,2.0,8.0,3.8,1
2.8,0.16,2.18,0.942,0.271,38.79,50.0,4.0,9.7,0
3.68,2.21,0.39,0.139,0.109,20.56,9.0,11.0,9.1,0
4.29,2.89,1.81,0.867,0.335,43.84,3.0,13.0,9.5,1
3.9,0.81,1.42,0.12,0.333,12.26,41.0,10.0,0.0,1
1.21,2.45,2.03,0.683,0.272,13.53,22.0,6.0,2.3,1
1.26,0.19,2.92,0.641,0.332,54.41,59.0,3.0,7.3,0
0.89,0.33,1.11,0.875,0.487,21.58,36.0,9.0,8.0,0
0.98,2.18,0.74,0.059,0.48,46.51,47.0,1.0,5.2,0
4.02,0.24,2.57,0.885,0.479,3.53,46.0,5.0,3.3,1
2.8,1.83,0.88,0.327,0.048,30.26,11.0,14.0,3.4,0
0.64,0.26,2.58,0.48,0.401,27.42,39.0,2.0,5.4,0
1.55,1.4,0.17,0.857,0.455,5.22,46.0,,0.0,1
0.39,3.52,0.19,0.547,0.429,43.05,39.0,11.0,6.9,0
4.14,2.99,1.88,0.339,0.154,20.34,12.0,13.0,5.7,1
3.08,1.65,0.85,0.779,0.212,47.41,4.0,9.0,5.1,1
0.82,1.4,1.18,0.067,0.075,15.82,51.0,13.0,2.0,0
4.19,1.46,0.05,0.67,0.297,19.19,52.0,1.0,1.8,0
4.48,0.53,1.56,0.002,0.009,7.66,6.0,14.0,1.0,1
3.53,1.56,0.04,0.039,,13.17,55.0,12.0,9.1,0
2.49,2.35,2.57,0.962,0.086,57.29,36.0,3.0,8.7,1
3.86,3.39,2.03,0.474,0.382,38.03,15.0,12.0,5.8,1
1.92,2.73,1.32,0.06,0.168,48.85,15.0,3.0,2.7,1
2.24,2.55,1.92,0.89,0.497,6.87,40.0,2.0,7.6,1
2.15,0.27,1.41,0.12,0.204,29.06,52.0,2.0,1.5,0
4.88,0.57,0.49,0.035,0.41,,58.0,13.0,8.1,0
1.65,0.38,1.61,0.393,0.105,6.09,54.0,1.0,8.2,0
2.48,0.76,2.75,0.163,0.258,10.86,21.0,3.0,2.9,0
4.43,3.1,1.9,0.077,0.351,40.24,30.0,1.0,4.9,1
0.43,2.48,2.46,0.225,0.262,32.16,17.0,2.0,6.1,0
1.45,1.77,0.75,0.062,0.374,50.81,12.0,11.0,2.0,1
3.76,0.05,1.24,,0.318,27.6,7.0,2.0,3.4,0
3.69,2.67,0.83,0.907,0.328,36.34,51.0,10.0,6.0,1
2.78,2.16,2.26,,0.071,38.07,41.0,8.0,5.5,1
3.47,0.33,1.91,0.735,0.418,5.36,10.0,13.0,4.4,0
1.42,2.8,1.72,0.077,,52.3,16.0,11.0,2.3,1
3.24,1.08,0.02,0.034,0.133,29.47,6.0,11.0,5.4,1
0.24,1.94,2.57,0.225,0.481,41.68,21.0,4.0,3.7,1
4.93,1.28,2.74,0.716,0.359,27.19,22.0,9.0,2.1,1
3.2,1.29,2.11,0.223,0.457,34.26,39.0,14.0,3.0,1
0.9,0.24,2.65,0.103,0.01,28.93,53.0,11.0,,0
3.61,0.19,2.52,0.391,0.082,39.96,45.0,12.0,3.8,0
3.2,3.11,2.46,0.645,0.489,7.57,13.0,7.0,9.6,1
4.82,0.01,2.21,0.719,0.328,38.87,43.0,12.0,9.4,1
1.44,1.15,0.19,0.103,0.071,46.98,5.0,6.0,6.6,0
0.28,3.81,0.39,0.149,0.31,4.91,4.0,11.0,7.5,0
0.92,3.2,2.53,0.008,0.175,34.92,20.0,10.0,3.9,0
2.09,2.07,1.19,0.935,0.35,5.49,3.0,1.0,7.7,1
1.19,2.97,2.27,0.43,0.436,16.57,24.0,3.0,8.5,1
3.72,3.78,0.6,0.001,0.454,15.44,22.0,5.0,8.0,0
,3.76,1.95,0.639,0.037,54.36,55.0,14.0,1.9,1
0.64,1.78,0.73,0.705,0.043,13.96,51.0,7.0,8.2,0
1.54,1.29,1.31,0.324,0.089,15.97,9.0,13.0,8.1,0
2.8,2.99,0.86,0.024,0.158,26.53,31.0,12.0,7.1,1
1.46,1.64,1.34,0.995,0.268,6.01,15.0,2.0,8.4,0
2.81,0.62,2.95,0.294,0.451,23.51,42.0,6.0,8.4,1
1.56,0.78,2.0,0.082,0.124,35.81,7.0,14.0,5.8,0
3.8,,2.59,0.961,0.278,10.22,15.0,7.0,6.8,1
3.71,2.04,1.44,0.215,0.307,56.02,16.0,2.0,3.5,1
3.95,1.85,0.05,0.645,0.449,19.94,38.0,14.0,1.1,1
4.78,1.48,2.14,0.496,0.487,20.62,16.0,13.0,5.4,1
4.13,1.3,2.9,0.783,0.153,27.16,4.0,1.0,5.2,0
4.14,0.75,0.86,0.108,0.239,16.89,33.0,2.0,8.0,0
1.91,2.73,1.98,0.764,,41.3,25.0,12.0,1.9,1
1.56,2.01,1.31,0.44,0.469,22.87,4.0,7.0,8.5,0
1.11,1.48,1.62,0.141,0.409,17.77,15.0,13.0,7.9,0
2.22,3.11,0.21,0.653,0.334,6.38,12.0,3.0,7.3,0
1.88,2.53,2.26,0.905,0.235,42.69,45.0,14.0,,1
1.11,,2.57,0.326,0.473,32.87,41.0,1.0,3.2,1
0.01,2.58,0.21,0.767,0.094,57.6,36.0,13.0,4.2,1
2.28,2.5,1.64,0.15,0.044,10.89,40.0,3.0,0.0,0
4.9,1.65,2.29,0.991,0.075,16.04,10.0,2.0,2.0,1
3.65,1.12,2.95,0.704,0.034,53.84,2.0,2.0,6.6,0
4.7,0.92,0.98,0.554,0.176,58.82,8.0,13.0,5.8,1
2.5,3.59,1.02,0.472,0.319,10.36,4.0,13.0,9.5,1
4.93,0.8,2.63,0.654,0.413,8.94,24.0,11.0,1.7,1
1.0,2.69,2.11,0.787,0.147,57.66,4.0,2.0,5.2,0
2.76,0.76,2.87,0.123,0.065,57.92,48.0,6.0,0.2,1
1.3,3.76,1.45,0.662,0.44,50.95,,4.0,5.8,1
1.14,0.78,1.86,0.919,0.211,35.34,12.0,11.0,,1
4.68,3.42,0.23,0.274,,46.01,48.0,4.0,0.9,1
2.88,3.74,2.91,0.773,0.105,46.87,20.0,10.0,4.4,1
0.42,0.83,1.1,0.106,0.019,23.68,35.0,9.0,3.4,0
1.84,3.55,1.69,0.9,0.257,38.48,35.0,12.0,4.5,1
4.19,0.44,1.74,0.038,0.179,56.44,9.0,13.0,0.3,1
0.47,2.8,1.36,0.009,0.225,24.42,,10.0,0.7,0
0.11,2.03,2.37,0.377,0.096,16.68,56.0,0.0,0.7,0
4.23,3.84,1.74,0.53,0.093,45.87,30.0,2.0,1.3,1
3.41,1.92,0.69,0.454,0.229,56.51,37.0,4.0,4.3,0
0.35,0.27,1.03,0.183,0.113,34.6,18.0,8.0,4.4,0
0.92,0.5,2.86,0.802,0.091,38.43,36.0,7.0,3.2,0
0.35,1.29,2.52,0.704,0.073,18.8,54.0,14.0,1.0,1
0.35,1.88,2.9,0.877,,24.31,45.0,1.0,8.6,0
4.5,3.83,0.75,0.021,0.303,33.31,14.0,13.0,6.3,1
3.77,1.94,1.33,0.344,0.206,52.69,22.0,,6.3,0
2.56,3.72,0.22,0.198,0.46,53.27,6.0,14.0,3.1,1
1.59,3.65,1.39,0.637,0.326,39.19,35.0,2.0,8.9,1
3.06,0.67,0.71,,0.195,34.21,,2.0,3.1,1
1.43,3.68,1.25,0.297,0.187,,38.0,4.0,,0
0.71,1.02,0.92,0.855,0.144,2.09,47.0,11.0,9.2,0
2.43,3.35,0.14,0.867,0.167,38.99,49.0,14.0,9.9,1
4.23,3.9,0.8,0.287,0.182,14.75,9.0,12.0,2.1,1
3.42,0.29,1.57,0.078,0.142,17.97,28.0,9.0,8.7,0
3.92,2.73,0.26,0.866,0.051,57.62,13.0,13.0,7.1,1
0.89,1.71,1.88,0.801,0.242,16.86,51.0,4.0,0.7,1
4.81,1.82,,0.622,0.226,55.65,39.0,14.0,1.8,1
0.38,2.24,1.15,0.383,0.363,30.64,59.0,14.0,5.1,1
2.55,3.78,2.73,0.217,0.458,6.64,10.0,14.0,5.1,1
1.86,2.53,0.25,0.329,0.306,10.57,30.0,7.0,7.9,0
2.96,3.97,1.88,0.106,0.365,10.97,57.0,,4.3,1
4.7,3.86,2.21,0.826,0.255,18.92,11.0,2.0,7.2,1
0.55,3.43,2.36,0.138,0.202,22.93,18.0,8.0,10.0,0
0.66,2.8,1.35,0.136,,28.4,44.0,11.0,9.5,0
1.67,0.93,0.8,,0.19,35.23,29.0,11.0,5.4,1
3.21,2.29,,0.689,0.256,47.44,10.0,11.0,7.7,1
0.73,0.94,2.78,0.256,0.152,16.75,6.0,2.0,3.4,0
0.65,3.82,2.96,0.273,0.184,20.84,12.0,4.0,7.8,0
3.96,3.84,2.17,0.867,0.174,46.39,56.0,2.0,6.4,1
3.97,1.33,2.35,0.587,0.274,34.71,20.0,,4.3,1
3.4,0.19,2.79,0.417,0.481,43.51,49.0,5.0,4.8,1
2.05,3.31,1.33,0.898,0.098,40.44,10.0,0.0,4.5,0
2.87,1.41,0.49,0.206,0.177,11.8,16.0,13.0,6.5,0
3.08,1.28,1.68,0.544,0.498,35.51,46.0,2.0,7.0,1
3.4,2.32,1.43,0.93,,50.75,46.0,12.0,4.9,1
1.17,0.0,2.34,0.479,0.394,59.36,1.0,9.0,8.6,0
2.58,1.5,2.22,0.294,0.197,5.57,34.0,9.0,9.5,0
4.99,1.67,0.83,0.994,0.246,17.96,48.0,6.0,6.8,1
0.88,3.88,0.31,0.525,0.386,1.34,58.0,9.0,1.9,0
0.39,0.63,1.72,0.411,0.276,11.52,49.0,2.0,1.8,0
0.35,0.6,2.03,0.331,0.236,40.35,16.0,9.0,10.0,0
3.34,2.48,1.52,0.321,0.069,27.61,43.0,2.0,5.2,0
4.07,0.31,,0.16,0.5,34.23,49.0,2.0,6.6,0
1.19,2.48,2.26,0.78,0.094,5.78,37.0,5.0,5.1,1
0.17,1.63,1.33,0.398,0.225,26.2,17.0,13.0,6.6,0
3.57,0.01,1.51,0.568,0.312,12.5,17.0,9.0,4.6,0
3.74,1.76,1.9,0.675,0.026,41.63,10.0,0.0,8.7,0
1.32,2.96,1.85,0.523,0.093,25.79,57.0,2.0,2.8,1
0.07,0.53,1.46,0.307,0.401,39.93,14.0,11.0,9.9,0
4.0,0.73,0.76,0.777,0.322,8.19,40.0,11.0,6.2,1
1.81,0.94,2.04,0.532,0.203,7.76,59.0,,0.9,0
2.6,,1.16,0.143,0.306,35.58,49.0,6.0,4.6,0
4.5,3.8,1.37,0.243,0.222,53.61,39.0,7.0,4.0,0
1.03,0.28,1.58,0.209,0.267,44.99,48.0,5.0,9.3,0
0.65,3.29,1.4,0.476,0.215,48.48,53.0,10.0,3.0,1
2.91,3.2,1.99,0.088,0.023,12.77,23.0,9.0,4.7,1
3.33,1.86,1.54,0.629,,31.03,48.0,7.0,7.2,1
1.97,0.54,0.9,0.867,0.25,53.18,35.0,4.0,0.9,1
0.16,2.45,2.87,0.676,0.243,56.25,6.0,12.0,1.9,1
0.45,2.89,2.96,0.265,0.032,4.37,28.0,0.0,6.6,0
1.34,0.62,0.22,0.472,0.39,10.41,40.0,8.0,1.0,0
1.1,2.8,2.02,0.269,0.189,7.09,57.0,8.0,2.9,0
1.57,3.68,2.66,0.338,0.431,11.0,18.0,,4.2,1
2.69,0.76,2.85,0.736,0.204,10.28,38.0,14.0,2.2,1
,0.5,2.44,0.578,0.41,29.0,51.0,12.0,3.3,1
1.13,2.67,2.68,0.192,0.129,20.74,52.0,14.0,2.4,1
4.0,1.92,1.07,0.738,0.474,5.75,24.0,2.0,7.8,1
0.84,3.42,2.49,,0.109,20.03,13.0,8.0,2.4,1
1.5,2.06,1.83,0.778,0.089,54.14,3.0,14.0,7.9,0
2.29,3.28,1.28,0.452,0.125,28.29,47.0,5.0,2.5,1
0.81,1.58,2.43,0.223,0.045,44.38,36.0,8.0,0.6,0
3.79,0.78,0.66,0.282,0.087,15.17,13.0,11.0,8.9,0
0.14,1.5,2.84,0.063,,28.49,51.0,8.0,7.2,0
2.14,1.44,1.39,0.304,0.099,53.13,15.0,14.0,2.1,1
2.73,1.2,2.55,0.652,0.071,53.89,32.0,6.0,3.0,0
0.62,0.94,0.74,0.734,0.387,9.84,51.0,8.0,2.3,1
3.44,1.55,2.68,0.548,0.301,20.82,18.0,3.0,7.4,0
0.49,3.89,1.63,0.887,0.148,21.08,10.0,2.0,0.1,1
2.78,1.97,0.82,0.169,0.024,18.19,9.0,1.0,9.6,0
,0.56,1.8,0.53,0.384,25.44,3.0,13.0,3.7,1
0.83,0.94,0.22,0.121,0.395,28.51,29.0,2.0,2.9,0
2.85,1.41,1.08,0.257,0.447,32.21,15.0,8.0,7.8,0
4.12,0.75,1.59,0.922,0.24,,49.0,13.0,3.2,1
1.08,2.97,1.58,0.954,0.463,14.77,55.0,2.0,5.7,1
0.09,3.16,1.84,0.144,0.379,39.1,9.0,12.0,4.1,0
0.11,3.21,0.13,0.429,0.002,,31.0,4.0,6.3,0
1.22,3.66,2.3,0.754,0.385,36.84,,2.0,1.0,1
3.58,3.43,0.28,0.675,0.493,13.14,5.0,6.0,3.8,1
1.7,2.32,2.82,0.693,0.375,25.64,21.0,7.0,9.0,1
2.4,2.0,1.64,0.61,0.483,31.98,3.0,1.0,9.8,0
0.29,3.2,2.94,0.186,0.272,11.22,49.0,4.0,1.1,0
4.41,3.86,0.55,0.791,0.197,57.32,48.0,12.0,6.6,1
2.05,0.12,2.33,0.64,0.276,33.08,44.0,0.0,4.1,0
3.94,1.44,1.75,0.533,0.001,4.83,36.0,8.0,3.6,0
0.08,2.67,2.51,0.078,0.244,46.83,27.0,1.0,0.2,0
3.5,1.43,0.15,0.171,0.325,59.9,11.0,1.0,1.1,0
2.51,3.05,1.1,0.767,0.29,9.72,8.0,9.0,2.3,1
1.3,3.17,1.98,0.377,0.189,2.77,53.0,5.0,4.6,1
3.58,2.73,0.86,0.558,0.479,33.31,15.0,12.0,6.7,1
2.45,0.63,2.73,0.872,0.398,4.4,13.0,7.0,5.5,0
3.01,3.73,2.32,0.158,0.423,6.03,8.0,5.0,4.3,0
3.67,1.31,1.12,0.178,0.197,32.62,35.0,14.0,6.2,1
0.45,3.91,0.45,0.406,0.061,57.46,46.0,1.0,4.3,0
3.45,,2.01,0.675,0.099,5.68,40.0,4.0,3.6,0
2.14,0.64,2.16,0.166,0.219,33.73,4.0,10.0,9.8,0
4.65,1.15,0.82,0.531,0.148,31.01,55.0,8.0,8.4,0
4.39,3.26,0.27,0.693,0.205,37.31,9.0,1.0,1.0,1
3.76,1.23,0.4,0.305,0.12,52.89,34.0,6.0,6.7,0
3.67,2.39,2.63,0.352,0.499,28.9,1.0,4.0,10.0,0
4.42,2.78,1.13,0.876,0.16,34.58,26.0,9.0,6.2,1
3.98,1.22,2.4,0.181,0.11,,32.0,14.0,2.2,1
4.81,2.66,1.2,0.77,0.385,9.27,34.0,5.0,6.7,1
4.32,0.62,2.29,0.181,0.211,15.8,28.0,2.0,1.9,0
,2.52,2.52,0.432,0.059,13.88,15.0,7.0,8.2,0
3.49,2.62,0.99,0.729,0.067,20.16,52.0,3.0,5.3,1
4.33,0.13,2.99,0.375,0.248,14.65,23.0,7.0,2.7,0
4.05,1.18,0.53,0.078,0.212,21.15,15.0,13.0,3.5,0
3.11,0.02,1.69,0.354,0.189,40.32,17.0,6.0,7.2,0
2.52,3.17,2.0,0.229,0.357,18.55,23.0,11.0,1.2,1
0.42,1.79,0.46,0.151,0.452,29.84,11.0,1.0,9.1,0
1.6,1.71,0.1,0.606,0.314,54.34,36.0,1.0,1.2,0
3.03,1.83,0.36,0.037,0.286,54.89,49.0,13.0,4.1,1
2.89,1.62,0.44,0.847,0.23,53.68,46.0,4.0,7.6,1
3.75,0.66,1.91,0.754,0.318,25.56,21.0,0.0,7.8,0
4.38,2.65,2.91,0.755,0.45,42.43,31.0,5.0,1.0,1
2.81,3.67,,0.74,0.124,18.52,20.0,5.0,2.8,1
3.21,3.95,2.38,0.271,0.467,44.67,28.0,14.0,3.5,1
2.13,3.19,0.32,0.126,0.431,57.47,22.0,11.0,9.2,0
0.29,1.55,1.06,0.993,0.22,51.26,21.0,3.0,4.6,1
1.64,2.25,0.47,0.995,0.024,13.59,39.0,6.0,9.0,1
2.7,0.05,2.06,0.95,0.314,31.42,38.0,3.0,8.6,1
2.46,1.42,2.88,0.678,0.089,51.31,55.0,0.0,0.4,1
2.82,2.69,0.98,0.464,0.023,48.88,18.0,14.0,7.0,1
3.13,3.58,0.92,0.197,0.183,20.99,24.0,3.0,8.8,0
0.35,0.44,1.31,0.548,0.429,55.83,30.0,0.0,3.7,0
0.06,0.37,0.31,0.299,0.072,50.48,42.0,11.0,4.8,0
1.14,0.62,2.28,0.195,0.465,4.05,38.0,13.0,2.4,0
2.69,0.58,2.74,0.769,0.032,59.57,34.0,13.0,5.2,1
1.7,3.14,0.27,0.11,0.008,40.16,56.0,3.0,3.5,1
2.91,2.85,1.08,0.779,0.044,46.99,57.0,5.0,7.2,1
3.19,3.62,2.62,0.23,0.17,13.9,16.0,12.0,2.4,1
0.87,1.18,0.46,0.001,0.288,59.56,39.0,4.0,5.1,0
2.94,2.72,2.06,0.164,0.451,33.36,48.0,10.0,4.7,1
4.98,1.46,0.58,0.85,0.388,40.81,26.0,6.0,4.0,1
4.81,0.55,2.19,0.52,0.434,29.57,7.0,4.0,2.5,1
1.77,3.14,1.96,0.767,0.461,51.1,,11.0,7.1,1
1.02,2.5,2.86,0.301,0.164,15.96,4.0,3.0,2.2,0
4.53,2.81,1.67,0.921,0.207,7.58,8.0,2.0,9.0,0
3.76,,1.37,0.899,0.469,37.8,53.0,2.0,6.1,1
1.18,2.58,1.55,0.321,0.423,2.68,41.0,14.0,9.8,0
,1.24,1.8,0.851,0.057,3.34,7.0,6.0,9.2,0
2.15,1.01,2.89,0.245,0.089,13.51,5.0,1.0,1.5,0
1.95,2.6,0.18,0.977,0.46,1.37,8.0,4.0,7.8,0
,0.1,1.76,0.516,0.144,5.28,14.0,8.0,1.8,0
3.62,3.62,1.53,0.552,0.128,25.08,56.0,0.0,9.4,0
4.5,0.65,2.91,0.019,0.441,24.24,2.0,9.0,6.8,1
0.88,1.68,2.35,0.75,0.281,34.72,47.0,5.0,1.9,1
1.83,2.18,2.62,0.245,0.27,16.23,23.0,0.0,1.7,0
3.75,3.34,0.23,0.171,,22.7,54.0,6.0,7.5,1
3.48,0.89,2.57,0.375,0.333,43.86,3.0,1.0,6.2,0
4.49,3.69,2.27,0.329,0.183,15.03,50.0,10.0,1.3,1
3.55,1.19,1.5,0.141,0.492,2.34,58.0,11.0,5.0,0
0.58,2.15,0.96,0.793,0.203,12.87,,10.0,8.3,0
3.6,0.68,1.06,0.721,,24.71,18.0,14.0,1.5,1
,2.49,1.95,0.288,0.033,51.79,24.0,0.0,0.1,0
2.81,0.63,0.29,0.497,,44.34,13.0,4.0,1.3,0
,0.34,0.73,0.289,0.33,38.55,47.0,6.0,1.8,1
4.13,1.97,1.99,0.093,0.2,21.2,57.0,5.0,6.3,0
3.0,2.79,0.89,0.4,0.474,41.87,44.0,0.0,3.4,1
3.18,0.75,2.37,0.369,0.024,35.1,10.0,12.0,1.0,0
0.76,0.22,2.21,0.889,0.267,42.03,42.0,8.0,4.0,0
0.31,0.17,1.51,0.656,0.372,59.91,7.0,8.0,5.9,0
0.51,0.01,2.37,0.777,0.226,48.18,19.0,1.0,3.1,0
1.15,0.93,0.48,0.674,0.321,27.95,8.0,5.0,5.8,0
2.23,3.47,2.44,0.276,0.414,57.79,19.0,0.0,9.1,1
1.96,1.81,0.61,0.815,0.371,12.88,47.0,13.0,4.0,1
1.51,3.69,2.06,0.683,,38.4,39.0,0.0,9.4,1
4.44,1.0,2.09,0.102,0.475,20.41,22.0,4.0,8.6,0
0.44,3.93,1.83,0.452,0.499,6.98,20.0,2.0,0.2,1
0.72,3.3,1.63,0.033,0.295,58.59,30.0,9.0,,0
2.17,3.14,2.65,0.356,0.049,30.24,33.0,10.0,3.4,0
0.65,2.38,2.0,0.623,0.12,,42.0,10.0,2.5,1
0.78,0.78,1.06,0.52,0.386,9.68,13.0,13.0,7.4,0
4.84,3.81,2.36,0.475,0.214,47.19,14.0,8.0,7.3,1
2.47,3.24,0.64,0.203,0.31,14.02,40.0,4.0,6.9,1
0.52,3.33,1.03,0.109,0.019,26.76,39.0,5.0,0.4,0
0.26,3.54,2.34,0.407,0.495,28.73,52.0,3.0,5.9,1
3.67,1.03,2.91,0.427,0.212,11.08,59.0,10.0,6.0,1
1.92,3.48,2.73,0.729,0.388,47.1,1.0,8.0,9.7,1
1.42,1.96,0.92,0.122,0.374,49.14,13.0,14.0,7.8,1
3.44,2.61,2.54,0.341,0.239,57.63,33.0,6.0,3.6,1
3.49,3.84,1.63,0.35,0.409,30.58,24.0,10.0,6.4,1
1.8,3.59,1.32,0.421,0.167,24.39,55.0,5.0,8.9,1
4.75,1.0,1.54,0.127,0.028,22.19,17.0,10.0,8.1,0
2.0,2.94,2.11,0.665,0.188,56.6,47.0,0.0,4.3,1
1.9,3.32,1.41,0.381,0.294,45.77,52.0,12.0,9.3,0
3.89,1.77,0.19,0.542,0.025,31.39,9.0,7.0,9.7,0
4.08,0.43,0.14,0.09,0.337,43.73,43.0,7.0,7.7,0
1.44,1.26,1.43,0.694,0.481,27.03,25.0,2.0,1.8,0
3.45,2.94,1.33,0.651,0.112,46.46,17.0,13.0,7.5,1
3.2,2.35,2.41,0.431,0.025,55.83,50.0,14.0,4.0,1
0.17,3.09,0.67,0.465,0.041,13.7,3.0,10.0,2.4,0
0.98,3.59,1.75,0.277,0.029,22.76,28.0,2.0,1.1,1
0.5,1.3,1.87,0.298,0.451,39.29,59.0,8.0,1.0,1
4.43,2.75,0.54,0.942,0.092,31.72,21.0,3.0,4.0,0
4.78,0.39,0.54,0.011,0.155,29.66,40.0,5.0,5.6,0
4.12,2.66,2.19,0.552,0.464,50.45,16.0,11.0,6.8,1
1.56,0.14,0.68,0.31,0.035,45.24,31.0,14.0,8.7,0
4.3,,0.74,0.353,0.305,31.95,1.0,9.0,1.4,1
0.29,1.79,0.75,0.528,0.13,15.5,18.0,9.0,3.1,0
3.43,3.38,2.05,0.395,0.469,46.77,25.0,6.0,0.3,1
0.62,0.59,1.99,0.149,0.001,26.86,58.0,3.0,6.6,0
0.06,3.12,2.87,0.224,0.222,55.33,26.0,14.0,0.2,1
0.88,2.26,1.41,0.033,0.468,1.17,34.0,4.0,0.5,0
4.82,1.83,0.64,0.378,0.309,34.52,5.0,10.0,6.0,1
3.77,2.57,1.28,0.895,0.139,37.33,6.0,11.0,1.9,1
2.59,1.38,1.57,0.491,0.356,9.12,28.0,12.0,6.6,1
4.68,3.98,0.59,0.547,0.318,30.88,27.0,2.0,3.6,1
,0.44,2.3,0.444,0.153,,22.0,5.0,2.6,0
,0.55,0.29,0.887,0.488,24.59,44.0,4.0,7.6,0
2.97,3.54,,0.43,0.44,40.94,50.0,3.0,7.4,1
4.14,0.88,0.5,0.754,0.364,41.27,31.0,13.0,0.6,1
1.43,0.24,0.1,0.751,0.263,29.3_err,11.0,4.0,7.2,0
1.59,3.56,0.35,0.498,0.131,49.86,20.0,,9.5,0
3.36,0.25,0.24,0.655,,35.09,,3.0,4.7,1
4.02,3.44,2.07,0.436,0.233,36.48,45.0,2.0,5.3,1
2.17,2.12,2.18,0.749,0.006,11.33,17.0,1.0,3.4,0
0.44,2.14,0.98,0.862,0.303,,40.0,7.0,7.6,1
3.73,0.52,0.59,0.89,0.026,3.88,24.0,2.0,7.6,0
2.13,2.52,2.3,0.099,0.217,16.19,7.0,13.0,8.9,0
4.55,1.48,0.48,0.334,0.334,13.12,4.0,0.0,7.2,0
1.27,1.45,1.17,0.295,0.222,23.07,27.0,13.0,9.8,0
2.32,2.79,1.71,0.846,0.173,28.87,41.0,13.0,9.7,1
3.54,3.47,1.66,0.641,0.113,14.43,45.0,1.0,4.1,1
1.23,2.93,1.29,0.4,0.027,4.52,25.0,5.0,7.2,0
1.13,2.73,1.66,,0.161,21.52,43.0,1.0,0.2,0
3.64,3.54,2.0,0.013,0.284,6.96,40.0,7.0,3.9,1
0.9,3.6,0.73,0.887,0.142,9.09,22.0,1.0,4.1,0
0.6,2.95,1.17,0.797,0.359,,19.0,6.0,8.3,0
1.29,3.28,2.06,0.453,0.212,25.53,43.0,14.0,2.7,1
4.1,0.97,0.38,0.041,0.215,21.46,18.0,8.0,2.1,0
4.32,2.72,1.03,0.892,0.153,4.83,39.0,0.0,4.6,1
0.52,1.96,0.1,0.291,0.377,24.36,13.0,0.0,2.3,0
0.55,3.4,0.63,0.359,,33.97,14.0,14.0,1.8,1
4.19,3.84,1.23,0.892,0.165,20.44,38.0,5.0,4.7,1
2.59,2.78,1.05,0.565,0.398,10.41,19.0,2.0,9.5,0
4.15,0.3,2.43,0.533,0.493,37.02,19.0,11.0,8.9,1
2.02,3.39,0.82,0.056,0.418,17.43,31.0,4.0,4.0,0
3.75,3.18,2.61,0.37,0.28,13.51,38.0,1.0,2.1,1
0.19,3.47,2.38,0.168,0.228,12.59,28.0,5.0,7.6,0
4.31,0.66,1.56,0.716,0.098,54.65,5.0,7.0,4.6,0
0.42,0.83,1.1,0.106,0.019,23.68,35.0,9.0,3.4,0
4.4,2.56,2.01,0.896,0.24,24.01,48.0,10.0,9.3,1
4.85,1.12,2.75,0.895,0.158,28.07,26.0,11.0,2.9,1
0.34,3.11,0.7,0.654,0.353,56.65,15.0,2.0,9.3,0
4.83,1.07,2.04,0.433,,40.51,9.0,3.0,4.1,1
3.11,1.01,2.15,0.394,0.055,17.14,27.0,14.0,6.7,0
4.35,3.91,1.27,0.113,0.369,27.0,20.0,11.0,0.2,1
4.15,2.94,2.08,0.13,0.297,19.84,33.0,11.0,4.5,0
3.01,2.23,0.94,0.676,0.313,50.29,44.0,10.0,2.4,1
3.83,1.84,0.03,0.223,0.027,34.0,3.0,2.0,8.2,0
3.2,1.06,,0.724,0.186,18.94,57.0,6.0,8.0,1
0.1,0.2,2.75,,0.322,42.84,34.0,2.0,8.0,0
2.23,1.18,0.63,0.444,0.006,33.55,36.0,6.0,9.0,0
4.58,2.3,2.57,0.864,0.343,48.46,48.0,12.0,3.6,1
4.87,3.43,0.74,0.294,0.305,30.34,19.0,1.0,1.8,1
0.54,0.18,0.92,0.979,0.434,18.53,53.0,10.0,3.4,0
4.2,0.51,1.63,,0.189,6.76,47.0,4.0,9.4,0
4.91,2.37,0.02,0.892,0.047,24.74,5.0,7.0,6.7,0
2.99,1.25,0.12,0.401,0.163,15.76,37.0,7.0,8.7,0
4.21,0.77,1.81,0.215,0.205,37.72,21.0,7.0,4.4,0
3.91,3.71,2.1,0.739,0.007,21.06,11.0,4.0,0.7,1
3.03,1.48,1.99,0.875,0.396,,20.0,1.0,5.5,1
1.58,0.56,0.76,0.605,0.221,9.34,52.0,13.0,0.8,0
4.74,2.18,0.27,0.665,0.306,38.26,44.0,10.0,2.8,1
1.12,0.72,0.7,0.026,0.221,49.17,56.0,14.0,2.4,0
3.91,0.57,2.06,0.908,0.079,18.01,37.0,0.0,5.5,0
1.03,2.28,1.0,0.59,0.154,33.54,58.0,4.0,3.1,0
3.01,2.04,0.67,0.041,0.419,18.63,20.0,8.0,7.3,0
3.76,1.59,1.09,0.838,0.095,10.4,12.0,2.0,6.8,1
4.79,1.54,1.69,0.186,0.214,45.59,53.0,11.0,3.4,1
3.47,3.72,0.85,0.714,0.335,8.64,37.0,14.0,8.0,1
3.05,3.87,1.19,0.258,0.297,31.33,19.0,13.0,2.6,1
2.53,3.8,1.02,0.866,0.484,12.79,22.0,14.0,1.4,1
3.59,0.3,0.51,0.02,0.058,13.35,18.0,8.0,2.3,0
0.6,0.24,1.09,0.179,0.27,15.18,10.0,5.0,9.4,0
2.26,2.7,2.68,0.553,0.048,32.06,57.0,12.0,7.4,1
4.5,3.9,2.36,0.656,0.447,47.16,11.0,0.0,4.3,1
0.14,2.83,1.1,0.417,0.453,1.67,49.0,1.0,3.3,1
0.9,2.94,2.0,0.025,0.451,42.84,32.0,12.0,2.5,1
1.34,0.05,0.29,0.875,0.111,16.56,46.0,11.0,5.3,0
3.46,1.28,2.46,0.012,0.194,9.18,26.0,5.0,9.0,0
0.55,3.49,0.74,0.487,0.11,4.06,5.0,11.0,0.0,0
1.24,1.9,1.86,0.266,0.349,9.36,31.0,14.0,3.3,0
,0.08,2.18,0.456,0.283,46.12,55.0,7.0,6.8,0
