bill_length_mm,bill_depth_mm,flipper_length_mm,body_mass_g,island,sex,species
,18.5,230.3,3140.0,1.0,0.0,1
47.9,16.3,500.0,4099.0,0.0,1.0,1
33.0,13.1,219.3,-100.0,2.0,0.0,0
54.0,-3.0,216.7,6022.0,2.0,1.0,1
52.7,13.4,230.9,3572.0,2.0,1.0,1
57.3,18.2,186.4,5827.0,2.0,1.0,0
42.0,16.5,178.3,3879.0,2.0,0.0,0
38.9,21.4,215.2,5698.0,2.0,1.0,1
47.0,16.0,190.8,3617.0,0.0,0.0,0
42.2,17.3,213.2,5004.0,1.0,1.0,1
47.5,19.8,184.3,3713.0,0.0,1.0,0
45.6,15.9,215.5,4339.0,2.0,1.0,1
59.3,18.2,203.8,2981.0,2.0,,1
39.8,21.2,176.6,4323.0,0.0,0.0,0
55.3,16.8,221.8,5172.0,2.0,0.0,1
57.0,14.9,226.3,2717.0,2.0,1.0,1
37.9,16.4,221.9,2863.0,2.0,0.0,0
44.9,16.3,217.8,6234.0,0.0,0.0,1
44.2,18.8,214.2,5082.0,0.0,0.0,1
47.9,13.1,189.8,3825.0,1.0,0.0,1
53.4,21.8,206.2,3969.0,2.0,1.0,1
36.6,,177.7,5036.0,1.0,1.0,0
39.8,17.9,195.4,3234.0,2.0,,0
47.8,17.4,197.0,5897.0,1.0,0.0,1
32.2,14.5,189.8,4453.0,2.0,0.0,0
37.0,20.5,228.2,3723.0,2.0,1.0,1
59.4,15.6,205.6,3515.0,2.0,1.0,1
53.3,15.6,206.4,5770.0,2.0,0.0,1
55.4,19.7,233.4,4339.0,1.0,0.0,1
37.9,19.0,200.1,5404.0,1.0,1.0,0
44.9,18.5,196.5,4226.0,2.0,1.0,0
40.5,17.4,183.6,4925.0,1.0,1.0,0
52.2,16.2,191.1,4475.0,1.0,1.0,1
44.6,13.1,231.4,5820.0,0.0,1.0,1
53.7,19.9,198.8,5712.0,0.0,1.0,1
42.9,13.5,219.8,5811.0,1.0,0.0,1
60.0,18.1,174.9,5068.0,0.0,0.0,0
40.4,16.4,200.1,4594.0,1.0,1.0,0
42.4,14.9,191.0,5385.0,2.0,0.0,0
36.4,13.9,229.5,5627.0,2.0,1.0,1
48.6,21.1,197.5,5544.0,2.0,1.0,0
36.6,20.0,204.9,5332.0,2.0,1.0,0
36.1,20.2,175.1,,0.0,1.0,0
33.0,15.7,172.4,5733.0,1.0,0.0,0
46.0,14.0,213.5,5978.0,1.0,0.0,1
57.4,14.8,223.7,5310.0,2.0,0.0,1
48.3,13.0,172.9,4228.0,2.0,0.0,0
32.2,21.0,197.5,4990.0,2.0,0.0,0
39.7,13.2,180.6,5090.0,0.0,0.0,0
33.4,15.0,178.4,5818.0,2.0,1.0,1
53.6,20.8,222.7,5270.0,1.0,1.0,1
43.6,17.9,214.2,3993.0,0.0,0.0,0
,18.6,210.5,5709.0,2.0,0.0,1
57.3,13.8,216.7,4309.0,0.0,0.0,1
39.1,21.2,227.9,5944.0,1.0,1.0,1
38.9,19.5,233.6,5279.0,0.0,0.0,1
57.2,18.2,178.0,3633.0,2.0,0.0,1
53.9,14.3,222.0,3371.0,1.0,1.0,1
45.2,15.7,229.2,5073.0,2.0,,1
46.6,16.9,209.8,3218.0,1.0,1.0,0
47.0,15.1,207.1,6009.0,1.0,0.0,1
42.0,17.4,196.3,5194.0,0.0,0.0,0
53.3,14.8,230.8,5139.0,2.0,0.0,1
50.4,13.2,181.5,2952.0,1.0,0.0,0
49.2,16.4,198.0,5017.0,1.0,1.0,1
50.4,16.2,206.7,3723.0,2.0,0.0,1
53.2,15.5,216.1,4944.0,2.0,1.0,1
38.0,18.6,231.0,3859.0,1.0,0.0,0
56.8,18.7,228.5,5678.0,0.0,0.0,1
54.1,19.3,221.0,6148.0,1.0,1.0,1
46.9,20.9,172.0,2903.0,2.0,0.0,0
48.5,13.7,173.4,5686.0,1.0,0.0,1
39.9,16.4,199.2,4907.0,1.0,1.0,1
39.1,21.4,190.0,6067.0,1.0,0.0,0
44.9,18.3,201.9,6228.0,2.0,0.0,1
49.5,20.9,183.0,4233.0,2.0,0.0,0
34.8,15.6,228.1,6158.0,2.0,1.0,1
42.2,19.9,224.4,4422.0,0.0,0.0,0
57.0,14.4,185.6,6197.0,0.0,0.0,1
55.5,16.1,218.8,3294.0,2.0,1.0,1
38.4,20.0,207.1,4565.0,1.0,1.0,0
46.4,17.8,218.1,6059.0,0.0,0.0,0
50.5,16.9,185.7,6191.0,1.0,0.0,0
38.5,15.7,209.6,2817.0,,1.0,0
52.2,13.5,180.7,5687.0,2.0,1.0,1
45.6,19.0,231.5,2807.0,0.0,0.0,0
42.3,20.2,215.5,,0.0,1.0,0
39.3,16.6,231.3,,1.0,1.0,0
50.8,21.4,171.7,3012.0,1.0,0.0,0
47.6,13.3,197.2,2829.0,0.0,0.0,0
45.1,21.8,189.2,3980.0,2.0,0.0,0
54.0,13.5,203.6,5880.0,2.0,1.0,1
49.4,16.8,193.0,5665.0,2.0,0.0,0
58.2,16.6,188.1,4175.0,2.0,1.0,1
33.2,15.7,213.6,5971.0,1.0,0.0,1
53.9,15.0,220.7,5572.0,2.0,1.0,1
43.5,19.1,188.1,5183.0,0.0,0.0,0
54.6,18.6,209.0,2901.0,0.0,0.0,0
55.4,20.3,215.4,6182.0,0.0,1.0,1
57.0,18.6,216.7,4121.0,1.0,0.0,1
49.3,19.0,229.4,5044.0,1.0,1.0,1
50.8,20.8,219.6,3159.0,0.0,0.0,1
38.9,14.7,177.4,4670.0,1.0,0.0,0
53.7,14.0,198.7,5015.0,1.0,1.0,1
47.9,,180.1,5395.0,2.0,0.0,1
59.8,15.6,187.7,,2.0,1.0,1
47.6,21.5,228.6,5844.0,0.0,0.0,1
39.5,15.1,185.6,5279.0,2.0,1.0,1
48.6,17.3,234.1,2873.0,1.0,0.0,1
56.7,17.6,206.8,4971.0,2.0,1.0,1
34.6,14.4,197.3,6040.0,0.0,1.0,0
43.4,18.7,202.0,4703.0,2.0,0.0,1
32.9,14.8,227.1,6191.0,2.0,1.0,1
38.3,21.2,184.8,4781.0,1.0,1.0,0
39.7,21.9,209.1,2815.0,0.0,0.0,0
58.3,21.3,205.6,3982.0,2.0,1.0,1
57.8,18.3,,4112.0,2.0,1.0,1
45.2,17.3,233.2,5479.0,0.0,1.0,1
57.0,20.3,209.7,5913.0,2.0,1.0,1
54.3,15.9,212.2,4468.0,1.0,1.0,1
48.8,15.7,191.2,3104.0,0.0,1.0,0
40.9,17.0,222.0,3921.0,2.0,0.0,0
34.5,15.0,185.0,5633.0,1.0,1.0,0
41.7,14.6,222.1,5743.0,1.0,0.0,1
51.9,19.1,206.4,6027.0,0.0,1.0,1
,,205.7,2804.0,0.0,0.0,0
53.3,15.6,227.8,3506.0,1.0,1.0,1
47.7,13.5,231.9,5239.0,2.0,0.0,1
52.1,13.7,191.9,4805.0,2.0,1.0,1
33.8,15.7,194.5,4287.0,0.0,1.0,0
49.3,14.1,215.8,3450.0,2.0,1.0,1
36.7,20.8,,3258.0,1.0,1.0,0
56.7,16.9,227.5,4183.0,0.0,1.0,1
52.3,18.2,226.7,5833.0,0.0,1.0,1
49.0,18.1,195.6,3898.0,1.0,1.0,1
33.0,16.2,212.0,3822.0,1.0,0.0,1
44.7,18.4,195.2,4437.0,1.0,,0
39.1,13.4,173.8,4504.0,0.0,0.0,0
53.9,13.4,214.6,3139.0,0.0,0.0,1
40.1,19.4,202.6,3444.0,2.0,0.0,0
53.6,13.5,172.3,5801.0,0.0,1.0,0
35.0,14.9,181.6,5723.0,0.0,0.0,0
53.9,13.9,222.1,2866.0,0.0,0.0,0
50.8,18.2,171.2,4530.0,0.0,0.0,0
53.3,18.5,186.1,2949.0,1.0,1.0,0
36.2,21.3,231.2,4655.0,2.0,1.0,1
40.0,18.4,183.4,6286.0,1.0,1.0,0
32.0,15.1,225.8,4367.0,2.0,0.0,1
38.8,17.0,182.3,5716.0,1.0,1.0,1
35.9,18.2,229.8,5459.0,2.0,1.0,1
33.5,19.0,204.6,,0.0,0.0,0
54.5,19.3,195.6,5494.0,1.0,1.0,1
51.6,18.5,197.8,5139.0,1.0,0.0,0
60.0,16.7,185.0,3217.0,0.0,0.0,0
50.3,21.0,177.9,3286.0,0.0,1.0,0
44.9,20.3,209.4,5947.0,2.0,1.0,1
43.5,13.5,216.8,4602.0,0.0,1.0,1
39.7,14.3,224.9,3724.0,0.0,0.0,1
40.0,13.8,192.4,4818.0,1.0,0.0,0
51.7,20.6,203.8,4200.0,1.0,0.0,0
49.8,14.4,233.8,2794.0,2.0,0.0,1
56.8,14.5,177.7,3053.0,1.0,0.0,0
50.0,17.7,188.1,5133.0,1.0,0.0,1
44.5,13.6,207.7,3866.0,0.0,0.0,0
42.7,14.3,212.5,4049.0,0.0,0.0,0
50.6,16.1,212.8,3893.0,0.0,1.0,1
47.3,15.0,234.8,6096.0,2.0,0.0,1
35.8,18.1,218.3,,0.0,1.0,1
34.0,21.6,175.9,4639.0,0.0,1.0,0
45.2,21.9,175.3,6023.0,1.0,1.0,0
46.2,17.6,228.6,5430.0,0.0,0.0,1
39.5,17.7,206.3,2711.0,0.0,0.0,0
52.6,18.1,206.6,,1.0,0.0,1
44.3,19.7,174.9,3672.0,1.0,0.0,0
38.7,13.4,172.9,5579.0,0.0,0.0,0
51.2,21.2,188.2,4408.0,1.0,1.0,0
38.2,15.5,178.2,2741.0,0.0,1.0,0
48.2,17.3,206.3,5813.0,1.0,0.0,0
38.3,15.5,185.7,5100.0,1.0,1.0,1
47.7,13.9,217.7,4048.0,0.0,0.0,0
52.2,18.5,179.6,2806.0,0.0,,0
,13.2,221.5,3235.0,0.0,0.0,0
33.9,14.0,189.7,3055.0,2.0,1.0,1
36.4,13.5,182.9,5425.0,0.0,1.0,1
44.5,16.6,190.0,3386.0,0.0,0.0,0
49.0,15.5,217.0,4580.0,2.0,0.0,1
55.8,14.2,201.3,3989.0,1.0,0.0,0
49.3,14.0,211.4,4518.0,0.0,0.0,1
44.7,16.7,186.3,3411.0,2.0,1.0,0
44.1,13.8,222.6,3480.0,,1.0,1
42.2,16.4,187.0,5212.0,1.0,1.0,0
57.2,19.5,180.1,6171.0,0.0,0.0,0
34.9,17.9,194.4,3147.0,0.0,1.0,0
44.0,17.6,230.7,4594.0,1.0,0.0,1
42.6,17.1,203.1,5797.0,2.0,1.0,1
48.9,20.1,186.3,3329.0,,0.0,0
48.3,14.1,171.9,3539.0,0.0,1.0,1
34.9,18.4,224.5,5263.0,2.0,1.0,1
32.3,18.9,218.0,3098.0,0.0,0.0,0
42.6,20.9,179.5,5479.0,,1.0,0
33.7,17.2,208.2,2893.0,0.0,0.0,0
52.4,20.9,229.8,4064.0,1.0,1.0,1
42.0,13.5,212.0,3979.0,2.0,1.0,1
53.6,21.4,203.7,5528.0,1.0,0.0,1
57.3,17.2,195.6,3699.0,0.0,1.0,1
56.1,13.6,181.2,5682.0,,0.0,1
36.9,18.6,190.2,5454.0,1.0,1.0,1
49.1,19.3,207.9,5141.0,1.0,1.0,1
47.0,16.2,223.2,2771.0,1.0,0.0,0
34.4,16.5,222.8,4937.0,,0.0,1
55.8,21.8,232.7,4429.0,2.0,0.0,1
58.2,21.1,221.6,3150.0,2.0,1.0,1
42.2,13.7,178.8,4740.0,1.0,0.0,0
41.2,21.3,180.9,3129.0,2.0,0.0,0
52.0,18.8,231.7,4904.0,2.0,1.0,1
50.8,18.3,179.5,3449.0,1.0,0.0,0
34.3,21.7,216.6,3004.0,0.0,0.0,0
59.1,18.3,231.0,3673.0,0.0,0.0,1
55.2,15.4,,5270.0,0.0,0.0,1
38.2,13.5,225.7,3636.0,0.0,0.0,0
44.2,13.6,226.5,4123.0,2.0,0.0,1
55.7,14.4,175.9,5573.0,2.0,0.0,1
57.8,18.4,227.7,6293.0,1.0,1.0,1
47.3,19.4,171.2,5903.0,1.0,1.0,0
44.1,13.5,232.0,4045.0,2.0,,1
45.6,14.6,209.4,4496.0,0.0,0.0,1
44.6,14.5,188.6,3102.0,1.0,0.0,1
34.5,14.1,206.1,5916.0,0.0,0.0,1
53.4,20.7,208.2,4346.0,0.0,0.0,1
38.1,15.7,200.5,5471.0,1.0,0.0,0
56.2,15.2,199.3,3325.0,1.0,1.0,0
34.7,21.1,174.7,4334.0,2.0,1.0,0
51.7,19.4,203.6,,,1.0,0
47.6,16.6,184.7,5313.0,2.0,1.0,1
34.8,13.3,193.1,4169.0,0.0,1.0,0
40.2,14.3,204.2,5801.0,1.0,1.0,1
33.5,13.5,196.7,5372.0,1.0,1.0,0
41.6,21.1,188.9,5344.0,1.0,0.0,0
36.8,15.4,179.0,6221.0,1.0,0.0,0
51.1,15.8,211.6,5232.0,2.0,0.0,1
51.0,14.5,194.9,5197.0,2.0,0.0,1
53.9,15.6,204.8,4027.0,1.0,1.0,1
33.1,20.1,206.2,5885.0,0.0,0.0,0
48.9,14.4,193.2,3060.0,0.0,0.0,0
53.9,20.7,220.5,4446.0,0.0,1.0,1
54.9,21.5,204.5,6050.0,1.0,1.0,1
41.8,14.4,,3641.0,2.0,1.0,0
52.6,15.2,210.9,2910.0,0.0,0.0,1
48.2,18.7,208.6,5121.0,1.0,0.0,0
44.6,13.1,232.4,2800.0,2.0,1.0,1
53.0,13.2,191.4,5552.0,1.0,0.0,1
36.4,19.8,185.7,2933.0,2.0,0.0,0
41.0,13.5,200.2,4919.0,0.0,0.0,0
35.2,19.0,233.5,3270.0,1.0,,0
57.5,19.2,207.5,,2.0,1.0,1
58.1,13.2,184.1,4238.0,2.0,0.0,1
44.4,18.5,190.0,4997.0,0.0,1.0,0
32.5,15.9,212.2,5587.0,2.0,1.0,1
51.7,18.8,172.1,5138.0,0.0,1.0,1
42.9,20.5,224.7,4668.0,0.0,0.0,0
40.8,16.2,175.5,5846.0,1.0,0.0,0
42.5,19.9,177.7,3624.0,2.0,1.0,0
52.9,17.0,193.9,5229.0,1.0,0.0,1
,14.4,179.8,4842.0,0.0,0.0,0
47.1,21.2,225.9,3683.0,0.0,1.0,0
47.3,,213.0,3173.0,1.0,1.0,0
47.1,13.5,228.8,3670.0,2.0,1.0,1
55.1,20.0,186.4,3197.0,0.0,0.0,0
50.9,,191.1,6167.0,0.0,0.0,1
54.9,16.6,185.8,3593.0,0.0,0.0,0
50.9,20.7,181.6,5054.0,1.0,0.0,1
40.3,19.8,188.9,5955.0,2.0,1.0,0
43.8,18.3,215.6,,0.0,1.0,0
37.4,15.8,197.2,4193.0,2.0,0.0,0
45.9,16.6,229.2,,1.0,1.0,0
58.6,18.2,213.5,3663.0,1.0,1.0,0
46.4,21.1,228.9,5479.0,2.0,0.0,1
45.5,20.2,187.2,4305.0,1.0,0.0,0
55.6,19.6,234.7,4600.0,2.0,1.0,1
33.6,20.2,206.6,4762.0,1.0,1.0,1
38.7,21.8,186.7,,0.0,1.0,0
50.7,19.7,192.9,5707.0,0.0,0.0,0
40.1,19.3,186.3,4550.0,1.0,0.0,0
59.8,13.5,226.8,4717.0,1.0,1.0,1
35.3,13.6,180.5,4664.0,2.0,0.0,0
41.3,21.2,181.3,4725.0,0.0,1.0,0
58.4,16.7,209.5,5886.0,2.0,0.0,1
56.6,16.9,183.1,5749.0,1.0,0.0,1
47.5,13.5,201.4,,0.0,1.0,1
42.7,15.0,210.1,5318.0,1.0,1.0,1
36.3,14.2,207.4,4495.0,2.0,0.0,1
46.2,14.2,214.9,5855.0,1.0,0.0,1
37.0,18.3,194.9,3115.0,1.0,1.0,0
35.6,19.6,228.7,4664.0,0.0,1.0,0
47.7,17.1,194.2,5144.0,1.0,1.0,1
32.9,18.8,198.5,5166.0,2.0,1.0,1
39.4,15.0,210.9,4308.0,0.0,1.0,0
59.3,18.2,208.4,3692.0,0.0,1.0,1
48.6,15.9,205.8,3592.0,2.0,0.0,1
48.0,15.5,210.7,4999.0,0.0,0.0,0
42.4,17.1,227.5,3914.0,1.0,0.0,1
37.1,21.7,186.5,4305.0,0.0,0.0,0
42.8,13.1,173.7,2922.0,1.0,0.0,0
35.2,13.7,216.6,4825.0,1.0,0.0,0
40.5,14.9,222.9,4372.0,2.0,1.0,1
53.9,17.7,205.3,4577.0,1.0,1.0,1
40.1,19.7,183.0,3883.0,,0.0,0
32.6,13.2,183.7,3397.0,2.0,0.0,0
39.3,15.7,174.3,3455.0,1.0,1.0,0
56.9,17.9,172.8,3045.0,2.0,0.0,0
59.6,14.4,227.7,3303.0,1.0,0.0,1
59.3,13.5,207.4,5414.0,1.0,0.0,1
41.3,15.8,188.1,5147.0,1.0,0.0,0
48.7,17.6,193.7,3874.0,0.0,0.0,0
40.2,16.9,206.6,5828.0,0.0,1.0,1
47.6,17.0,198.6,4499.0,1.0,0.0,0
32.9,14.8,182.3,2751.0,1.0,0.0,0
32.4,20.6,201.7,4111.0,2.0,1.0,0
49.0,13.9,176.0,2846.0,1.0,1.0,0
48.7,18.7,221.6,5035.0,0.0,0.0,0
39.2,15.4,204.9,5634.0,2.0,0.0,1
55.3,21.7,231.7,4431.0,0.0,0.0,1
39.4,15.4,215.2,4606.0,2.0,1.0,1
59.7,14.9,185.0,6186.0,2.0,1.0,1
34.4,,175.8,4835.0,0.0,0.0,0
41.6,13.0,194.3,4660.0,2.0,0.0,1
58.5,19.5,181.9,3085.0,2.0,1.0,1
38.9,17.0,219.8,5064.0,1.0,0.0,1
45.0,20.1,213.4,4282.0,1.0,1.0,1
52.7,19.4,220.0,5688.0,1.0,1.0,1
44.6,,194.8,3609.0,2.0,0.0,0
35.4,15.7,193.6,5737.0,2.0,1.0,1
35.9,16.9,218.9,3068.0,1.0,1.0,1
46.8,15.4,191.2,5068.0,2.0,1.0,1
48.5,20.2,231.0,3374.0,2.0,1.0,1
45.2,20.8,184.0,3523.0,1.0,1.0,0
36.0,14.8,177.5,3864.0,2.0,0.0,0
54.9,14.7,220.2,5437.0,1.0,0.0,1
59.6,17.4,234.3,5242.0,1.0,0.0,1
57.6,19.9,,3972.0,1.0,0.0,1
45.5,13.9,206.3,3610.0,1.0,1.0,0
38.4,20.0,198.7,3421.0,0.0,0.0,0
39.9,13.5,182.4,6295.0,1.0,0.0,1
35.1,13.6,221.7,4230.0,1.0,0.0,1
37.0,16.4,207.2,3678.0,1.0,0.0,0
50.6,21.2,192.1,4069.0,2.0,0.0,1
56.2,18.9,217.4,4793.0,2.0,1.0,1
44.4,17.8,233.3,5248.0,1.0,0.0,1
41.8,17.4,231.8,4008.0,0.0,1.0,1
56.4,18.6,216.8,4130.0,2.0,1.0,1
55.1,19.2,215.0,4605.0,1.0,0.0,1
33.6,13.1,218.8,4268.0,0.0,0.0,1
43.5_err,20.4,205.7,4192.0,2.0,0.0,0
42.7,13.1,228.6,4855.0,0.0,0.0,1
42.3,14.0,214.7,5591.0,2.0,0.0,1
38.8,21.2,200.2,5901.0,2.0,0.0,0
35.0,15.6,,4069.0,0.0,0.0,0
48.6,17.8,205.0,2760.0,2.0,1.0,0
38.5,14.8,177.3,4672.0,2.0,1.0,0
56.4,18.7,181.7,3045.0,0.0,1.0,0
47.0,15.2,180.2,5445.0,1.0,0.0,0
52.6,21.1,193.9,5950.0,2.0,1.0,1
42.4,13.3,174.6,3020.0,1.0,0.0,1
57.4,19.5,207.5,3634.0,0.0,0.0,1
36.8,21.6,212.5,5140.0,0.0,1.0,0
45.5,16.4,171.9,4748.0,0.0,0.0,0
41.9,15.0,177.1,3137.0,2.0,0.0,0
35.5,14.1,203.3,5453.0,0.0,0.0,1
55.9,16.6,187.7,4581.0,2.0,1.0,1
57.2,20.5,214.4,3579.0,1.0,1.0,1
56.1,19.0,205.2,5550.0,0.0,1.0,1
33.4,17.5,,4521.0,,0.0,0
53.0,19.4,199.8,5099.0,1.0,0.0,1
36.3,19.7,175.6,5491.0,1.0,0.0,0
56.9,14.9,199.8,4948.0,1.0,0.0,1
55.7,16.3,,5514.0,1.0,1.0,1
37.7,14.7,177.1,5662.0,0.0,1.0,0
38.8,19.7,206.5,3948.0,1.0,1.0,0
55.7,16.5,228.5,5643.0,0.0,0.0,1
38.6,15.4,179.6,5588.0,0.0,0.0,0
50.6,19.2,209.2,5765.0,1.0,0.0,1
48.0,21.3,184.3,5532.0,1.0,1.0,1
52.9,13.6,187.4,3051.0,0.0,0.0,1
35.9,13.1,172.1,4149.0,1.0,0.0,0
55.9,19.7,178.8,3309.0,0.0,0.0,0
51.8,16.7,197.2,5688.0,1.0,0.0,1
45.8,19.4,207.6,4318.0,1.0,0.0,0
57.3,21.3,192.5,4391.0,0.0,0.0,0
52.5,17.6,219.1,3909.0,2.0,0.0,1
36.7,21.5,189.3,6127.0,1.0,0.0,0
44.6,13.4,179.8,4413.0,1.0,1.0,1
58.5,16.7,185.0,2862.0,0.0,0.0,0
44.5,,191.0,3603.0,0.0,0.0,1
34.9,14.8,204.4,4758.0,0.0,1.0,0
59.2,20.0,223.8,3127.0,2.0,0.0,1
33.3,16.0,213.3,5844.0,0.0,1.0,0
36.9,21.4,181.3,6159.0,0.0,1.0,0
39.1,20.0,178.1,,0.0,1.0,0
35.9,,201.5,6270.0,0.0,1.0,0
42.4,,205.0,6020.0,2.0,1.0,1
57.3,20.7,196.5,,1.0,,1
56.1,13.4,204.1,3432.0,1.0,1.0,1
32.8,14.5,189.9,3867.0,0.0,1.0,0
55.8,16.3,193.5,,0.0,0.0,0
43.1,14.1,231.0,3088.0,0.0,1.0,0
43.0,20.5,184.0,4400.0,,1.0,0
51.7,21.7,192.3,5435.0,0.0,0.0,1
36.0,13.4,178.5,5219.0,1.0,1.0,1
59.5,18.0,196.4,4996.0,2.0,0.0,1
52.4,18.3,208.0,3405.0,1.0,0.0,1
32.0,15.3,182.0,3248.0,2.0,1.0,0
57.5,21.2,195.4,5578.0,1.0,1.0,1
35.0,16.8,211.7,3028.0,0.0,1.0,0
52.2,13.6,234.0,3325.0,2.0,0.0,1
51.6,18.0,223.2,6200.0,2.0,1.0,1
57.1,14.2,223.4,3021.0,0.0,1.0,1
33.3,14.6,224.2,4973.0,2.0,1.0,1
33.8,13.6,228.5,5244.0,0.0,1.0,1
42.4,17.3,214.1,4678.0,1.0,0.0,1
52.2,18.0,191.6,2906.0,0.0,0.0,0
40.3,21.0,226.8,3737.0,2.0,0.0,1
34.7,13.6,221.7,4447.0,0.0,1.0,0
59.6,13.4,192.7,4297.0,0.0,0.0,1
41.3,16.5,228.8,3068.0,0.0,0.0,0
38.5,16.3,207.3,3220.0,2.0,0.0,1
44.5,13.2,203.6,4302.0,,1.0,1
32.6,16.3,217.8,5153.0,2.0,0.0,1
59.5,19.6,176.4,4101.0,1.0,1.0,0
47.5,17.5,214.6,5462.0,0.0,0.0,0
55.3,13.6,230.6,4585.0,0.0,0.0,1
48.3,15.8,197.0,2771.0,2.0,,0
40.6,,207.3,4087.0,2.0,1.0,1
35.1,17.4,223.1,6222.0,0.0,0.0,1
47.6,14.3,194.5,4421.0,1.0,1.0,1
45.7,14.1,214.7,3072.0,2.0,0.0,1
59.3,18.3,193.9,5750.0,2.0,1.0,1
54.2,22.0,215.3,3406.0,2.0,1.0,1
43.7,19.0,197.2,5867.0,2.0,0.0,0
40.5,20.1,182.0,3977.0,1.0,0.0,0
55.1,17.7,184.8,2941.0,0.0,0.0,0
46.9,14.0,204.7,3018.0,2.0,0.0,1
59.5,16.8,191.2,6299.0,0.0,0.0,1
48.1,15.4,176.5,5151.0,1.0,0.0,0
32.5,15.2,221.2,4781.0,0.0,0.0,0
52.2,19.9,172.0,5681.0,1.0,1.0,1
48.3,16.5,223.0,3388.0,1.0,1.0,1
32.9,20.5,213.1,4335.0,2.0,0.0,0
38.7,18.7,232.2,2985.0,1.0,0.0,0
44.6,14.7,199.9,5874.0,1.0,1.0,1
50.7,17.5,234.9,5876.0,1.0,1.0,1
36.2,17.4,177.8,5207.0,0.0,0.0,0
58.0,14.2,206.0,5788.0,2.0,0.0,1
39.1,20.3,231.0,4159.0,2.0,0.0,1
50.3,21.0,178.0,6170.0,2.0,0.0,0
,18.8,195.4,3068.0,2.0,0.0,0
40.5,18.8,175.8,5568.0,1.0,0.0,0
53.7,19.8,219.1,2833.0,2.0,0.0,1
50.8,16.5,220.3,6254.0,1.0,0.0,1
34.3,14.0,205.0,3186.0,1.0,0.0,1
40.9,18.1,214.1,,0.0,0.0,1
37.0,20.1,181.8,2936.0,1.0,0.0,0
42.3,14.4,222.6,5545.0,2.0,0.0,1
51.3,19.2,233.6,3224.0,1.0,1.0,1
53.5,15.0,186.4,5951.0,2.0,1.0,1
49.8,16.3,195.6,5325.0,2.0,1.0,0
48.9,18.3,171.2,4759.0,2.0,1.0,1
59.0,19.4,171.2,2851.0,,1.0,0
45.6_err,18.5,202.9,3887.0,1.0,0.0,1
45.9,13.2,198.4,4188.0,2.0,1.0,1
56.6,17.4,215.4,6176.0,1.0,1.0,1
55.2,15.3,179.3,4334.0,1.0,1.0,1
54.4,19.5,191.7,3032.0,2.0,0.0,0
44.2,15.3,226.4,2996.0,1.0,0.0,1
38.2,14.0,210.1,6267.0,,0.0,1
56.7,,188.1,4946.0,0.0,0.0,0
55.7,18.5,179.9,3501.0,0.0,,0
49.6,17.8,234.0,5703.0,1.0,1.0,1
51.4,21.9,228.6,3145.0,2.0,0.0,1
36.0,19.3,196.6,6276.0,1.0,1.0,0
46.6,15.4,211.0,5780.0,2.0,1.0,1
58.1,17.0,228.3,6142.0,1.0,0.0,1
33.6,13.3,210.6,4356.0,0.0,0.0,1
57.9,18.6,171.5,5715.0,1.0,0.0,0
41.9,15.0,175.8,2791.0,2.0,0.0,0
33.7,17.3,182.3,4379.0,0.0,0.0,0
33.5,13.3,229.3,4783.0,2.0,1.0,1
35.6,19.5,,4345.0,2.0,0.0,1
36.8,20.3,230.3,6218.0,0.0,,1
49.6,15.5,171.1,4863.0,2.0,1.0,1
42.3,20.7,180.0,4615.0,0.0,0.0,0
43.2,16.6,209.6,4978.0,2.0,0.0,1
54.9,15.9,206.1,6033.0,0.0,0.0,0
49.1,15.5,191.6,3573.0,0.0,0.0,0
40.8,17.5,188.3,4509.0,1.0,0.0,0
42.1,21.1,225.8,3152.0,1.0,0.0,1
45.6,15.5,218.8,4575.0,0.0,0.0,0
55.7,20.1,180.7,4029.0,1.0,1.0,0
57.5,14.2,206.7,3651.0,0.0,1.0,1
36.3,17.5,187.5,3447.0,2.0,0.0,0
54.3,16.4,205.6,5419.0,0.0,1.0,1
41.0,13.3,231.4,4635.0,,1.0,1
41.4,13.4,205.1,4254.0,0.0,0.0,0
33.4,15.4,171.2,4674.0,2.0,0.0,1
57.9,17.4,189.1,4056.0,0.0,0.0,0
33.3,17.1,213.4,5223.0,2.0,0.0,0
37.3,16.1,174.7,5673.0,0.0,1.0,1
41.4,14.2,196.4,5435.0,1.0,1.0,1
46.0,21.0,183.5,3816.0,0.0,0.0,0
40.6,13.7,192.7,4806.0,2.0,1.0,0
34.7,16.1,231.0,3948.0,2.0,1.0,1
39.9,21.8,233.8,5398.0,1.0,1.0,1
34.8,14.5,196.8,4755.0,2.0,1.0,0
48.2,17.4,214.4,5514.0,2.0,0.0,1
39.3,16.5,183.6,6040.0,2.0,0.0,1
58.1,17.9,174.0,6204.0,1.0,1.0,1
52.4,16.0,225.1,3829.0,0.0,1.0,1
34.1,14.4,173.2,5495.0,1.0,1.0,0
52.3,18.3,211.5,6106.0,1.0,0.0,1
35.4,16.3,213.2,5416.0,2.0,0.0,1
35.1,19.0,193.5,3007.0,1.0,1.0,0
35.1,13.5,191.1,3787.0,0.0,1.0,0
40.2,19.2,222.8,4184.0,1.0,0.0,0
49.5,19.9,178.4,6111.0,0.0,0.0,1
34.2,18.2,211.9,5987.0,0.0,1.0,0
46.6,17.3,215.0,4788.0,0.0,1.0,1
34.9,19.3,173.6,3190.0,1.0,1.0,0
53.9,16.4,204.6,5229.0,2.0,1.0,1
32.9,13.6,197.4,4130.0,2.0,0.0,0
,17.9,183.8,4566.0,0.0,0.0,0
49.2,19.2,171.7,4802.0,1.0,0.0,0
42.8,21.4,170.3,5462.0,2.0,0.0,0
32.1,17.5,191.0,4858.0,2.0,1.0,1
57.4,16.3,193.8,5923.0,2.0,0.0,1
38.6,21.5,233.1,4503.0,0.0,1.0,0
54.9,15.8,192.1,4280.0,1.0,0.0,1
42.2,17.2,217.5,5104.0,2.0,0.0,0
32.3,18.3,,3864.0,0.0,0.0,0
41.1,16.6,212.1,5329.0,0.0,1.0,1
36.1,,226.2,2778.0,1.0,0.0,0
50.1,19.8,200.4,3973.0,1.0,0.0,0
41.7,17.1,179.5,6079.0,1.0,0.0,0
39.4,17.3,207.1,4279.0,1.0,0.0,0
43.1,21.4,192.0,5788.0,2.0,1.0,0
44.7,16.2,179.6,3945.0,2.0,0.0,0
50.0,14.6,214.0,4191.0,2.0,0.0,1
59.2,19.8,186.5,3375.0,1.0,0.0,0
51.1,16.8,215.6,6080.0,1.0,1.0,1
32.9,15.9,198.1,2974.0,2.0,1.0,0
40.0_err,13.0,213.4,5993.0,0.0,0.0,1
33.9,17.0,189.5,5026.0,0.0,1.0,0
50.7,20.2,210.1,4930.0,0.0,0.0,0
35.6,17.7,171.3,5574.0,1.0,1.0,0
39.7,15.0,184.8,5016.0,0.0,1.0,1
56.2,20.8,181.3,2739.0,0.0,0.0,0
34.5,14.6,185.3,2774.0,1.0,0.0,0
59.2,15.4,229.0,4341.0,2.0,1.0,1
54.3,19.7,200.2,5447.0,2.0,1.0,1
38.8,17.9,185.6,5188.0,0.0,1.0,1
32.4,20.5,192.8,3864.0,0.0,0.0,0
58.4,14.6,216.5,5633.0,1.0,1.0,1
43.5,21.7,224.7,4246.0,0.0,0.0,0
54.2,19.5,200.0,6076.0,2.0,0.0,1
57.2,17.5,193.0,,2.0,0.0,1
34.3,18.0,190.7,3188.0,1.0,0.0,0
51.6,,201.1,3058.0,1.0,0.0,0
54.9,13.3,204.6,5248.0,2.0,1.0,1
57.7,20.2,222.5,4974.0,0.0,0.0,1
32.5,17.4,223.8,,0.0,1.0,0
51.9,19.2,176.1,3559.0,1.0,1.0,0
33.8,18.6,220.3,2745.0,2.0,,0
,19.4,216.8,4551.0,2.0,1.0,0
49.0,20.0,194.8,3115.0,1.0,0.0,0
45.5,18.6,,3132.0,2.0,0.0,0
46.2,13.6,181.3,4311.0,0.0,1.0,0
39.3,17.0,197.3,6164.0,2.0,0.0,1
57.8,18.5,225.8,3730.0,2.0,1.0,1
47.0,21.1,223.6,3341.0,1.0,1.0,0
35.6,17.1,213.0,5153.0,0.0,1.0,0
57.3,20.2,228.9,3261.0,2.0,,1
47.2,,215.1,4106.0,,1.0,1
47.1,18.4,171.9,6003.0,0.0,1.0,0
46.3,17.2,188.6,5913.0,0.0,1.0,0
45.2,15.7,214.5,3785.0,,0.0,0
44.5,13.9,184.5,3033.0,2.0,1.0,0
38.6,21.7,226.6,4006.0,2.0,0.0,0
44.4,21.2,,2846.0,2.0,0.0,0
54.2,21.4,218.0,5457.0,0.0,0.0,0
54.5,18.9,210.6,4076.0,2.0,1.0,1
32.7,19.7,233.1,3812.0,2.0,1.0,0
57.7,21.2,226.3,4981.0,2.0,1.0,1
32.5,20.5,234.3,5088.0,2.0,0.0,0
48.1,17.5,177.1,4718.0,2.0,1.0,0
54.0,13.9,231.9,4871.0,2.0,0.0,1
42.4,15.9,207.7,2832.0,2.0,1.0,0
37.4_err,13.7,223.6,4987.0,1.0,1.0,1
51.2,20.7,197.6,4598.0,2.0,0.0,1
33.5,14.7,217.7,3909.0,2.0,1.0,0
53.9,20.5,171.0,4341.0,1.0,0.0,1
46.5,17.1,217.1,3757.0,2.0,0.0,1
45.6,16.3,186.1,3585.0,1.0,0.0,0
54.4,13.1,216.5,5460.0,1.0,1.0,1
36.9,,191.4,4183.0,1.0,0.0,0
43.2,16.7,210.1,6250.0,0.0,1.0,1
32.2,14.2,227.1,3056.0,1.0,0.0,0
41.4,17.4,193.3,3134.0,2.0,1.0,0
50.6,,211.3,5541.0,0.0,0.0,0
54.1,21.3,179.6,3128.0,2.0,0.0,0
39.6,20.8,202.4,4343.0,2.0,1.0,1
50.5,13.7,234.2,5076.0,1.0,1.0,1
55.1,13.1,199.8,2955.0,0.0,0.0,1
47.8,15.9,233.3,5363.0,0.0,0.0,1
51.8,13.6,172.7,4356.0,2.0,0.0,1
34.1,19.6,233.5,5919.0,2.0,1.0,1
34.4,17.6,201.9,3723.0,0.0,0.0,0
34.7,17.3,195.7,5921.0,0.0,0.0,0
56.4,18.1,220.7,4942.0,1.0,0.0,0
45.3,16.8,234.6,6088.0,1.0,1.0,1
44.4,17.6,220.6,3383.0,2.0,1.0,1
55.7,19.5,232.2,2816.0,0.0,1.0,1
47.0,20.5,183.5,4215.0,0.0,1.0,1
34.7,19.0,220.0,5241.0,1.0,1.0,0
36.8,13.2,213.9,3559.0,2.0,1.0,1
41.6,21.9,230.4,5549.0,0.0,1.0,1
53.2,19.3,217.1,4120.0,1.0,0.0,0
58.8,14.6,214.1,5372.0,0.0,1.0,1
38.8,14.3,187.1,2722.0,,1.0,0
55.3,21.9,192.8,3581.0,0.0,1.0,0
44.1,20.0,224.1,3200.0,0.0,1.0,1
46.8,14.3,,4056.0,2.0,,1
35.4,20.3,182.1,5534.0,2.0,1.0,0
48.9,19.0,186.5,4476.0,1.0,1.0,0
33.4,18.2,217.1,5698.0,1.0,1.0,0
53.6,19.8,183.6,5377.0,2.0,0.0,0
57.5,15.7,211.2,3052.0,2.0,0.0,1
52.2,18.3,179.4,4744.0,1.0,0.0,1
45.3,20.5,218.6,2821.0,2.0,0.0,0
40.2,17.4,193.0,3764.0,1.0,1.0,0
54.5,18.5,226.9,3833.0,1.0,0.0,0
32.9,14.7,191.5,2777.0,2.0,0.0,0
55.6,15.4,187.8,4051.0,2.0,1.0,1
48.0,16.9,172.6,4316.0,1.0,1.0,0
,17.8,188.1,3852.0,,0.0,0
35.0,16.9,173.1,5011.0,0.0,0.0,0
59.4,18.7,227.2,2901.0,1.0,0.0,1
58.5,20.8,189.9,4978.0,1.0,1.0,1
44.3,14.8,186.9,4967.0,2.0,1.0,1
57.3,15.1,220.8,5070.0,1.0,0.0,1
57.3,14.4,219.8,6286.0,1.0,1.0,1
52.2,19.5,181.8,3464.0,1.0,1.0,0
50.2,16.2,182.7,4762.0,0.0,1.0,0
40.0,13.4,216.6,5587.0,0.0,1.0,1
40.4,22.0,193.8,5767.0,0.0,1.0,1
37.3,19.4,209.2,6098.0,0.0,0.0,0
34.9,,233.7,3324.0,0.0,1.0,0
39.3,20.5,220.5,4184.0,1.0,1.0,0
43.3,14.3,173.4,3229.0,1.0,0.0,0
55.6,19.9,189.6,4530.0,0.0,0.0,0
37.3,15.7,215.6,4475.0,2.0,1.0,1
39.5,15.6,225.5,4619.0,1.0,0.0,0
,14.3,211.3,5032.0,2.0,1.0,1
41.9,16.0,204.7,3238.0,1.0,0.0,0
34.4,13.2,197.5,5036.0,0.0,1.0,0
39.3,14.9,224.6,4655.0,1.0,0.0,0
54.4,19.7,227.9,4364.0,2.0,0.0,1
39.8,19.1,225.1,5347.0,0.0,1.0,1
49.4,15.7,219.3,6110.0,0.0,1.0,1
33.4,19.7,,4284.0,0.0,1.0,0
58.4,16.8,199.2,3210.0,2.0,1.0,1
33.8,13.9,233.3,4968.0,2.0,0.0,1
35.0,13.8,176.2,4071.0,0.0,1.0,0
47.1,14.8,228.0,,2.0,1.0,1
34.7,16.1,175.2,6075.0,2.0,0.0,0
41.1,19.1,208.6,4094.0,2.0,1.0,1
55.3,20.0,221.1,4221.0,0.0,1.0,1
57.5,15.7,217.3,4539.0,1.0,0.0,1
32.6,21.4,219.9,6188.0,0.0,1.0,1
46.5,17.2,213.8,5496.0,0.0,1.0,1
56.5,13.3,177.2,6131.0,0.0,0.0,1
59.5,21.1,181.6,4041.0,1.0,0.0,0
44.7,14.0,220.5,3705.0,2.0,1.0,1
58.8,20.8,204.8,6254.0,0.0,0.0,1
41.6,20.5,171.9,4729.0,0.0,1.0,0
42.0,15.6,185.6,4836.0,2.0,0.0,1
47.4,19.9,192.8,6160.0,2.0,0.0,1
53.8,19.1,171.8,4111.0,0.0,1.0,0
52.7,15.7,179.1,4555.0,0.0,0.0,0
56.5,16.7,170.7,2977.0,2.0,0.0,1
57.9,17.9,175.1,4308.0,1.0,0.0,0
36.9,13.3,170.4,5198.0,1.0,1.0,0
50.7,19.0,202.7,3725.0,2.0,1.0,1
47.2,19.9,180.8,2850.0,2.0,1.0,0
39.6,21.5,229.4,5502.0,0.0,1.0,1
42.7,18.7,177.8,3325.0,0.0,1.0,0
40.6,20.7,181.0,3192.0,2.0,1.0,0
44.3,16.7,,3343.0,0.0,0.0,0
41.8,14.7,204.3,5578.0,2.0,0.0,1
33.9,17.1,180.4,3534.0,0.0,0.0,0
50.8,21.6,199.9,2908.0,,1.0,0
54.1,14.9,225.5,2932.0,1.0,1.0,1
42.1,16.9,174.7,5911.0,0.0,1.0,0
40.7,17.4,219.4,4652.0,2.0,1.0,0
48.6,17.2,201.5,2899.0,1.0,0.0,0
48.1,15.6,223.4,4624.0,2.0,0.0,1
58.6,17.7,197.1,4463.0,0.0,1.0,1
52.0,14.0,208.8,6294.0,2.0,1.0,1
34.1,17.3,207.7,,1.0,1.0,0
51.9,15.8,197.2,4940.0,1.0,1.0,1
51.3,18.2,,4323.0,1.0,0.0,0
54.1,17.2,204.9,5664.0,1.0,1.0,1
35.6,13.6,191.1,4224.0,2.0,1.0,0
44.2,13.2,226.7,3795.0,2.0,0.0,1
44.7,19.6,184.9,5202.0,0.0,1.0,1
33.8,20.1,179.8,4067.0,1.0,0.0,0
51.8,21.1,189.7,5628.0,0.0,1.0,1
33.2,19.4,191.6,5329.0,2.0,1.0,0
54.0,14.2,180.6,3591.0,2.0,0.0,0
42.5,15.0,190.7,5629.0,1.0,1.0,1
36.1,16.4,177.5,4468.0,1.0,0.0,1
42.8,19.0,233.9,3732.0,1.0,0.0,0
46.9,20.4,233.2,4491.0,0.0,0.0,1
32.5,14.9,218.3,3379.0,0.0,1.0,0
35.6,19.0,207.4,3918.0,1.0,0.0,0
45.5,19.0,202.0,3596.0,0.0,1.0,0
56.6,13.1,187.7,3823.0,0.0,1.0,1
56.4,16.4,231.7,3201.0,2.0,1.0,1
,20.7,200.3,3588.0,0.0,0.0,0
39.4,19.8,226.7,2825.0,0.0,1.0,1
49.1,19.5,202.5,3038.0,1.0,1.0,0
45.0,21.1,207.7,3576.0,1.0,1.0,1
55.9,18.9,199.1,6014.0,2.0,1.0,1
32.3,17.5,218.9,3016.0,2.0,1.0,0
36.0,16.7,184.8,6034.0,1.0,0.0,0
51.8,17.2,194.2,6211.0,1.0,0.0,0
52.8,20.9,196.6,3580.0,1.0,0.0,0
40.2,14.5,230.4,2981.0,0.0,0.0,1
35.8,18.5,185.7,4023.0,2.0,0.0,0
38.9,21.8,196.1,3578.0,1.0,1.0,0
50.9,16.3,211.6,2927.0,2.0,0.0,1
58.7,21.9,207.1,5128.0,2.0,0.0,1
,17.1,180.8,5142.0,2.0,1.0,1
46.0,18.7,226.1,4005.0,2.0,0.0,1
40.9,14.0,229.7,3496.0,0.0,1.0,1
53.8,19.7,181.6,3733.0,1.0,1.0,0
33.9,17.4,188.4,,2.0,1.0,0
53.0,20.4,192.8,4432.0,1.0,0.0,1
55.6,21.8,219.8,2865.0,2.0,0.0,0
47.9,,203.7,4232.0,1.0,1.0,1
50.0,21.7,185.8,3639.0,2.0,0.0,0
57.1,17.6,,5796.0,2.0,0.0,1
44.9,17.9,180.0,3141.0,2.0,0.0,0
47.4,18.7,216.1,4832.0,1.0,0.0,1
39.3,14.3,206.3,5494.0,0.0,0.0,0
46.4,21.2,202.6,3936.0,1.0,1.0,1
55.4,15.0,185.3,5462.0,1.0,1.0,1
47.2,21.7,174.9,6058.0,2.0,1.0,1
46.9,17.3,179.7,5774.0,0.0,0.0,1
43.1,20.4,206.1,3155.0,2.0,0.0,0
49.4,21.7,223.0,2706.0,2.0,0.0,1
56.6,18.5,226.3,5100.0,2.0,1.0,1
41.1,21.5,232.4,2708.0,2.0,0.0,1
54.1,14.0,218.4,6276.0,1.0,1.0,1
40.1,16.6,207.1,5648.0,0.0,1.0,0
58.8,20.5,231.5,4952.0,2.0,1.0,1
46.2,19.0,214.3,5335.0,2.0,0.0,1
45.5,18.5,202.3,5561.0,0.0,1.0,1
,16.2,174.0,4387.0,0.0,1.0,1
33.5,15.9,205.7,4921.0,1.0,0.0,1
44.5,15.8,170.0,3331.0,1.0,0.0,0
33.5,20.2,195.6,5379.0,2.0,0.0,0
54.2,20.5,182.7,3785.0,2.0,0.0,0
44.0,21.8,226.5,5191.0,0.0,0.0,0
32.6,19.1,187.9,2887.0,0.0,1.0,0
53.7,15.0,184.4,4707.0,0.0,1.0,1
58.0,13.8,234.5,4674.0,0.0,0.0,1
46.7,19.7,186.0,4329.0,1.0,0.0,0
34.9,18.9,199.1,6115.0,1.0,0.0,0
58.7,18.9,228.3,5793.0,1.0,0.0,1
43.5,17.8,175.1,3163.0,2.0,0.0,0
49.1,19.8,,3461.0,1.0,0.0,0
44.2,17.4,223.1,6147.0,1.0,0.0,1
42.8,20.7,215.6,5350.0,1.0,0.0,0
35.3,16.4,210.8,4872.0,2.0,1.0,1
53.7,19.0,173.5,3368.0,1.0,1.0,0
59.4,17.6,217.7,6184.0,0.0,1.0,1
42.4,19.6,193.6,2877.0,0.0,1.0,0
54.4,16.6,189.4,3257.0,1.0,1.0,0
43.8,14.1,,5997.0,0.0,1.0,1
41.8,18.4,178.0,2771.0,0.0,1.0,0
54.6,18.4,197.7,3860.0,2.0,1.0,1
,13.8,229.1,6048.0,1.0,1.0,1
56.9,14.5,203.6,3183.0,0.0,,1
54.6,19.0,184.9,4652.0,1.0,1.0,1
58.9,15.5,188.0,3769.0,0.0,0.0,1
44.6,17.7,231.8,3049.0,1.0,0.0,1
52.8,17.6,234.5,2895.0,0.0,1.0,1
56.0,16.9,223.6,3765.0,2.0,1.0,1
51.9,14.9,190.4,6285.0,1.0,1.0,1
52.6,20.6,211.2,3918.0,0.0,1.0,0
41.9,15.3,172.1,3943.0,0.0,1.0,0
38.1,16.4,177.8,3319.0,0.0,0.0,0
45.8_err,16.0,177.6,3882.0,0.0,0.0,0
38.0,14.1,228.0,6100.0,2.0,0.0,1
54.9,20.1,234.9,6096.0,1.0,1.0,1
48.9,14.5,181.6,5054.0,2.0,1.0,1
47.6,19.7,230.0,4650.0,0.0,1.0,1
55.4,19.2,182.3,4619.0,2.0,1.0,1
41.6,18.0,216.5,2963.0,1.0,1.0,0
50.5,17.1,218.6,3355.0,2.0,0.0,1
40.2,19.2,188.1,5190.0,2.0,1.0,0
37.1,16.4,210.7,3811.0,0.0,1.0,0
47.8,16.1,190.2,4926.0,2.0,0.0,1
33.8_err,19.5,230.4,4947.0,2.0,1.0,1
41.9_err,16.1,172.9,99999.0,1.0,0.0,0
56.4,19.2,213.7,2794.0,2.0,0.0,1
38.5,21.4,211.5,5187.0,0.0,0.0,0
53.8,21.0,230.2,5122.0,2.0,1.0,1
51.8,17.9,234.2,6044.0,1.0,0.0,1
49.6,21.7,189.5,3419.0,2.0,1.0,0
49.4,15.6,226.4,4477.0,2.0,1.0,1
41.8,14.0,211.7,3339.0,1.0,0.0,0
51.8,15.4,178.2,3425.0,2.0,1.0,1
47.2,17.7,191.1,3605.0,2.0,1.0,1
47.9,15.6,226.0,2990.0,1.0,1.0,1
33.0,19.1,221.9,5785.0,2.0,,0
51.7,22.0,206.2,5512.0,2.0,0.0,0
44.6,16.6,195.3,2710.0,0.0,0.0,0
35.5,19.7,222.3,3367.0,1.0,1.0,0
36.1,18.7,179.4,5053.0,2.0,0.0,0
54.8,16.7,193.3,2988.0,0.0,0.0,0
47.9,21.4,190.8,3445.0,1.0,0.0,0
49.6,13.3,229.1,5240.0,0.0,0.0,1
43.1,18.8,183.4,4557.0,1.0,0.0,0
41.8,19.6,192.5,4953.0,0.0,0.0,0
44.1,13.6,190.6,6222.0,1.0,1.0,1
59.7,15.7,216.5,4533.0,2.0,0.0,1
40.1,16.4,202.2,4928.0,1.0,1.0,1
49.6,20.8,206.2,4527.0,2.0,0.0,1
34.0,18.0,175.8,4921.0,1.0,0.0,0
43.3,13.3,206.7,6285.0,0.0,1.0,1
57.0,18.3,197.7,5412.0,1.0,0.0,1
38.4,19.6,207.2,4202.0,1.0,1.0,0
35.9,13.7,184.2,4854.0,1.0,1.0,0
44.0,20.8,182.1,5475.0,1.0,0.0,0
55.1,17.0,216.1,3581.0,2.0,1.0,1
,16.2,179.1,3661.0,1.0,0.0,0
34.7,20.8,221.7,5809.0,1.0,0.0,0
49.3,18.8,212.4,5747.0,0.0,1.0,1
53.1,13.6,170.4,5135.0,2.0,1.0,1
43.3,22.0,180.2,5267.0,1.0,0.0,1
,14.0,212.9,5977.0,2.0,1.0,1
55.6,14.0,219.4,4018.0,2.0,1.0,1
56.7,13.7,174.7,5756.0,2.0,0.0,1
40.8,,210.4,3690.0,0.0,0.0,0
33.9,16.7,182.6,5254.0,0.0,1.0,0
58.8,13.2,218.8,4039.0,1.0,1.0,1
45.2,16.4,203.7,3046.0,2.0,0.0,0
53.7,18.5,233.4,6257.0,1.0,0.0,1
50.1,14.6,188.7,4628.0,1.0,,1
36.3,,187.5,3649.0,1.0,1.0,0
33.6,18.5,194.6,4243.0,0.0,1.0,0
44.2,19.4,172.1,2758.0,2.0,0.0,0
42.3,16.0,182.3,5195.0,1.0,0.0,0
44.6,17.1,205.6,4732.0,2.0,0.0,1
52.0,,220.4,3834.0,0.0,0.0,1
48.0,18.2,173.6,6066.0,2.0,1.0,1
49.1,14.3,177.6,4468.0,0.0,0.0,0
39.4,21.4,213.4,3416.0,1.0,0.0,0
41.6,21.1,210.4,4340.0,2.0,0.0,0
34.3,21.5,176.0,,1.0,0.0,0
42.1,19.4,211.4,5939.0,0.0,1.0,0
33.1,21.6,175.9,6150.0,2.0,0.0,0
53.4,14.8,185.2,3988.0,2.0,0.0,1
37.8,18.2,186.8,5705.0,2.0,0.0,0
43.4,16.7,194.8,4302.0,2.0,0.0,1
47.9,17.0,189.5,4494.0,0.0,0.0,1
47.0,16.5,176.6,3880.0,1.0,0.0,0
42.2,18.1,185.4,6221.0,0.0,0.0,0
32.7,21.8,,5911.0,0.0,0.0,0
57.4,,222.0,5628.0,1.0,1.0,1
44.0,21.5,203.7,3549.0,2.0,1.0,0
48.9,22.0,226.5,6028.0,1.0,1.0,1
47.3,16.3,183.8,4470.0,1.0,1.0,0
45.4,13.6,233.2,4687.0,0.0,1.0,1
51.7,19.7,209.3,3109.0,0.0,0.0,0
50.9,21.1,199.4,5704.0,0.0,0.0,0
41.1,18.8,201.8,,0.0,0.0,0
57.8,15.0,174.0,4157.0,2.0,1.0,1
34.5,16.8,177.7,5275.0,0.0,0.0,0
59.9,18.0,,2739.0,1.0,0.0,0
38.5,15.5,232.1,6063.0,2.0,1.0,1
54.5,20.5,215.7,2712.0,1.0,1.0,0
41.1,13.9,175.1,3734.0,1.0,0.0,0
47.5,18.3,177.4,3219.0,1.0,0.0,0
44.4,16.9,177.5,5421.0,1.0,1.0,0
33.4,20.6,227.2,3032.0,1.0,1.0,0
39.1,15.2,206.4,5310.0,1.0,1.0,0
58.4,16.1,183.3,5518.0,1.0,0.0,1
32.2,14.6,199.1,5593.0,1.0,1.0,1
38.7,17.2,207.6,5214.0,0.0,0.0,0
57.0,16.2,210.1,4513.0,1.0,1.0,1
43.5,14.4,194.1,2912.0,0.0,0.0,0
58.9,17.9,175.1,5560.0,1.0,0.0,1
59.5,17.7,216.8,4217.0,2.0,1.0,1
43.8,20.2,232.7,4828.0,0.0,1.0,1
39.2,18.3,193.6,4231.0,2.0,0.0,0
,18.6,196.7,6116.0,1.0,0.0,0
57.0,19.0,225.0,5139.0,1.0,0.0,1
46.0,15.6,184.9,4044.0,0.0,0.0,1
37.2,15.4,234.6,6025.0,0.0,1.0,1
59.3,21.9,229.3,3936.0,2.0,1.0,1
57.4,16.0,188.2,6131.0,2.0,0.0,1
49.8,19.8,192.3,5247.0,2.0,0.0,0
53.5,20.4,219.0,3939.0,1.0,0.0,1
41.9,21.0,212.0,4936.0,2.0,0.0,0
32.4,17.5,186.7,6282.0,,0.0,0
38.6,15.3,207.7,5469.0,1.0,1.0,1
53.1,19.0,202.4,3917.0,2.0,1.0,0
51.2,19.0,188.4,5820.0,0.0,1.0,1
38.9,,225.3,2971.0,1.0,0.0,1
34.4,13.0,182.8,3274.0,0.0,1.0,0
53.9,16.5,220.3,3865.0,0.0,1.0,1
55.5,17.7,182.9,2805.0,0.0,1.0,1
49.5,15.1,224.8,3935.0,0.0,0.0,0
59.7,13.9,191.2,4195.0,1.0,0.0,1
35.0,17.4,188.4,3798.0,1.0,0.0,0
51.4,13.3,202.8,5399.0,2.0,0.0,1
32.9,21.6,221.5,4439.0,0.0,1.0,0
45.5,14.4,180.0,5256.0,2.0,1.0,1
45.1,14.5,208.1,5700.0,1.0,1.0,1
35.7,,176.8,5513.0,2.0,0.0,0
54.3,21.0,198.8,6270.0,2.0,1.0,1
58.8,17.3,228.9,4685.0,0.0,1.0,1
53.1,,176.7,4558.0,0.0,0.0,0
32.6,20.4,196.2,4456.0,2.0,1.0,0
54.7,19.3,200.9,4883.0,2.0,0.0,1
41.8,17.2,187.6,5392.0,1.0,1.0,0
46.4,19.0,192.5,3455.0,1.0,0.0,0
57.3,17.6,196.4,3616.0,0.0,,0
36.8,18.0,192.1,5578.0,0.0,0.0,0
47.3,20.0,177.1,2892.0,0.0,0.0,0
32.0,17.3,229.4,3606.0,2.0,1.0,0
33.0,21.8,189.3,4801.0,0.0,0.0,0
47.1,13.4,204.8,4861.0,2.0,1.0,1
47.6,16.0,228.4,4616.0,,1.0,1
43.6,19.5,174.8,3314.0,0.0,0.0,0
52.2,21.3,208.3,5018.0,2.0,1.0,1
40.4,19.5,207.4,5173.0,0.0,1.0,1
35.4,14.5,205.1,4565.0,0.0,1.0,0
41.3,14.0,220.0,3764.0,1.0,1.0,1
39.1,18.7,177.0,4803.0,0.0,1.0,0
36.7,17.2,228.6,5477.0,0.0,1.0,1
59.7,19.1,200.1,3124.0,1.0,0.0,1
47.7,20.7,187.9,6248.0,2.0,1.0,1
58.4,15.8,201.1,3168.0,2.0,0.0,1
41.1,15.0,201.2,4582.0,2.0,0.0,0
58.3,21.2,231.7,3226.0,0.0,1.0,0
50.3,14.6,178.9,2939.0,1.0,,0
43.3,18.8,227.7,3445.0,1.0,0.0,0
54.0,13.3,224.8,3934.0,1.0,1.0,0
40.1,17.9,186.7,3471.0,1.0,,0
52.4,17.4,172.7,5846.0,0.0,0.0,0
40.1,13.3,208.0,5274.0,0.0,1.0,1
32.1,17.8,186.9,3152.0,1.0,1.0,0
34.6,20.2,198.7,5934.0,2.0,1.0,0
54.0,21.0,225.1,4064.0,1.0,0.0,1
50.5,18.3,229.2,5637.0,0.0,0.0,1
58.0,,201.0,3708.0,2.0,0.0,1
54.3,21.7,225.9,4434.0,0.0,0.0,0
38.3,16.9,212.2,3902.0,1.0,0.0,0
44.8,20.5,211.8,3137.0,1.0,0.0,0
54.6,21.0,174.5,5121.0,1.0,1.0,1
51.4,19.4,190.8,5992.0,2.0,0.0,0
43.3,15.8,203.0,4921.0,2.0,1.0,1
33.5,18.6,190.4,3288.0,1.0,0.0,0
34.1,21.0,220.2,5979.0,0.0,0.0,0
49.7,16.1,205.7,6134.0,1.0,0.0,1
35.5,14.4,188.4,6205.0,2.0,0.0,1
51.8,18.1,201.2,5535.0,2.0,0.0,1
34.8,18.2,196.3,4279.0,1.0,0.0,0
49.9,13.2,183.8,2892.0,0.0,0.0,0
53.1,15.4,203.4,4765.0,0.0,0.0,1
56.4,19.8,205.9,4306.0,1.0,1.0,1
46.7,18.6,206.5,5128.0,0.0,0.0,0
39.1,19.2,205.8,5192.0,1.0,0.0,1
36.2,15.6,181.3,5324.0,1.0,0.0,1
32.7,13.8,222.1,5931.0,0.0,1.0,1
48.6,17.9,186.2,6292.0,2.0,0.0,0
36.8,21.1,191.2,6073.0,2.0,1.0,0
54.0,21.6,186.9,4428.0,2.0,1.0,1
58.2,19.5,197.6,4401.0,1.0,1.0,1
59.8,14.0,210.8,3059.0,0.0,1.0,0
40.0,13.0,185.8,4112.0,1.0,1.0,0
56.5,18.5,188.2,2754.0,1.0,1.0,1
37.1,17.1,179.2,4147.0,1.0,0.0,0
51.1,13.3,193.3,5850.0,2.0,0.0,1
54.9,16.7,172.1,4916.0,0.0,1.0,1
,16.8,177.0,3401.0,2.0,1.0,0
59.4,17.2,184.9,4418.0,0.0,0.0,1
57.4,14.3,181.3,3110.0,2.0,0.0,1
43.3,19.0,220.8,3458.0,0.0,1.0,0
55.8,18.2,186.8,4732.0,0.0,0.0,0
49.8,20.8,199.1,5525.0,0.0,1.0,0
52.4,13.3,182.1,5414.0,2.0,1.0,1
44.5,15.1,177.7,4900.0,1.0,1.0,0
46.4,18.7,220.5,3291.0,2.0,1.0,1
58.7,17.3,183.8,3553.0,2.0,1.0,1
34.8,21.2,222.8,3573.0,2.0,0.0,0
59.8,13.7,230.2,5844.0,0.0,0.0,1
32.6,13.2,195.3,5960.0,2.0,0.0,0
37.2,14.6,218.2,5776.0,0.0,1.0,1
41.2,17.8,224.5,3998.0,2.0,0.0,1
52.3,19.1,186.5,4275.0,1.0,0.0,1
43.0,20.3,223.9,3306.0,2.0,0.0,0
58.4,17.1,174.6,6223.0,2.0,1.0,0
53.9,14.5,173.5,4189.0,2.0,1.0,1
47.4,20.1,204.2,3534.0,1.0,0.0,0
36.0,16.1,219.8,3246.0,2.0,0.0,1
47.8,14.3,207.8,4901.0,2.0,1.0,1
45.2,16.6,181.2,5516.0,2.0,0.0,0
45.6,14.7,231.0,5694.0,1.0,1.0,1
54.2,15.1,219.2,5913.0,2.0,0.0,1
56.5,17.2,176.7,3433.0,2.0,0.0,0
55.0,19.9,185.6,4683.0,1.0,1.0,1
56.2,15.1,179.5,4518.0,0.0,1.0,0
42.0,16.6,197.4,3644.0,0.0,1.0,0
32.3,18.7,224.9,5850.0,0.0,1.0,0
52.3,21.4,201.3,3995.0,0.0,1.0,1
,20.7,182.8,4905.0,1.0,1.0,0
42.6,13.6,190.4,4522.0,2.0,1.0,0
44.7,15.0,190.2,5869.0,2.0,1.0,1
47.4,18.9,191.5,4854.0,0.0,0.0,0
51.7,13.4,228.8,6111.0,1.0,1.0,1
57.1,20.6,235.0,5152.0,2.0,0.0,1
55.4,17.7,186.9,4337.0,2.0,0.0,0
56.3,15.7,192.4,5367.0,0.0,0.0,1
35.6,16.7,217.4,5975.0,0.0,0.0,0
54.1,20.2,200.9,3354.0,1.0,0.0,1
43.1,14.2,220.0,3786.0,2.0,1.0,1
55.4,14.3,180.1,5075.0,1.0,1.0,1
46.4,21.8,174.8,6271.0,0.0,0.0,0
38.7,15.4,222.5,5904.0,1.0,1.0,1
36.1,13.0,226.2,6278.0,0.0,0.0,0
54.8,,211.3,6227.0,2.0,1.0,1
37.7,18.1,205.4,5810.0,0.0,0.0,1
42.1,16.5,222.1,6098.0,1.0,0.0,1
46.5,17.2,209.3,4517.0,1.0,0.0,0
45.0,16.1,228.8,4215.0,2.0,1.0,1
37.7,13.6,223.5,4453.0,1.0,0.0,1
37.8,15.2,195.4,3072.0,0.0,1.0,0
39.1,13.6,220.2,5617.0,2.0,0.0,1
53.9,20.5,197.3,,0.0,1.0,0
42.3,15.1,205.8,5674.0,1.0,0.0,1
53.6,15.5,213.4,5099.0,1.0,1.0,1
40.0,19.9,201.2,5299.0,0.0,1.0,1
35.4,18.9,210.7,4228.0,2.0,0.0,0
57.8,15.0,184.4,3539.0,1.0,1.0,1
50.4,14.9,231.4,3173.0,0.0,1.0,1
58.9,19.4,205.3,,0.0,1.0,1
38.3,21.2,214.9,3115.0,2.0,0.0,0
57.4,18.3,233.4,6089.0,2.0,0.0,1
34.4,20.0,196.7,5443.0,0.0,0.0,0
56.4,17.2,213.3,4174.0,1.0,1.0,1
34.5,16.9,224.8,3908.0,0.0,0.0,0
52.1,16.6,176.1,3216.0,1.0,1.0,0
40.9,17.0,173.4,5604.0,0.0,1.0,0
35.6,21.9,193.5,3707.0,2.0,0.0,0
34.4,20.1,202.9,3596.0,2.0,0.0,0
35.7,20.2,233.3,3334.0,0.0,0.0,0
46.6,15.5,202.5,4541.0,1.0,1.0,1
38.6,18.3,180.7,2787.0,1.0,0.0,0
45.4,20.7,212.0,5458.0,1.0,1.0,1
38.3,18.3,178.0,3122.0,1.0,0.0,0
44.8,19.3,207.0,4908.0,1.0,0.0,0
43.3,21.2,221.4,5031.0,1.0,0.0,0
44.8,13.0,199.6,3811.0,0.0,0.0,0
57.9,13.1,192.3,3848.0,2.0,0.0,1
33.2,19.8,209.3,5385.0,1.0,1.0,1
55.3,21.1,197.6,3568.0,0.0,0.0,0
59.7,14.0,187.0,3994.0,2.0,1.0,1
50.2,14.8,197.7,3432.0,1.0,1.0,0
48.3,15.2,171.6,4498.0,2.0,0.0,0
52.9,16.9,215.7,5252.0,2.0,1.0,1
47.9,19.6,204.1,3925.0,2.0,1.0,1
42.6,21.5,232.0,6254.0,0.0,0.0,0
56.7,16.3,194.7,5324.0,1.0,1.0,1
37.8,16.5,200.9,4166.0,2.0,1.0,0
47.2,16.2,213.9,6198.0,0.0,1.0,1
53.2,14.0,193.7,3625.0,2.0,1.0,0
49.6,18.7,209.6,3146.0,2.0,0.0,0
58.2,17.8,231.5,3286.0,0.0,1.0,1
56.4,14.6,225.3,4862.0,0.0,0.0,1
59.6,20.3,227.7,5515.0,2.0,1.0,1
57.0,13.7,199.3,5649.0,0.0,0.0,1
50.6,20.0,207.1,4370.0,1.0,1.0,1
54.3,21.2,220.4,4175.0,0.0,1.0,0
52.2,13.7,232.7,4173.0,0.0,0.0,1
47.3,18.1,195.5,4389.0,,0.0,0
38.1,13.0,197.1,2991.0,2.0,0.0,0
49.4,16.5,196.5,4804.0,0.0,1.0,1
35.3,19.0,193.6,5666.0,1.0,1.0,0
54.4,17.5,225.6,6052.0,0.0,0.0,1
55.7,19.4,206.8,5591.0,0.0,1.0,1
35.7,19.5,172.3,5991.0,1.0,0.0,0
32.2,15.1,226.3,5377.0,1.0,0.0,1
38.6,20.3,190.5,6100.0,2.0,1.0,0
53.6,13.7,198.4,5562.0,0.0,1.0,1
50.1,18.3,226.9,3484.0,0.0,0.0,1
36.6,15.0,176.1,5698.0,1.0,1.0,1
52.1,20.1,201.8,4344.0,1.0,0.0,1
38.9,17.2,195.8,3424.0,0.0,1.0,1
48.8,21.5,183.1,3162.0,2.0,1.0,0
35.2,13.2,184.9,6042.0,0.0,0.0,0
59.8,14.3,200.9,4219.0,0.0,1.0,1
44.4,18.5,196.9,3345.0,0.0,1.0,0
,17.7,221.7,5575.0,2.0,0.0,1
33.2,14.3,170.5,3856.0,2.0,1.0,0
59.0,13.4,230.0,2899.0,1.0,0.0,1
43.4,21.6,186.9,3930.0,0.0,1.0,0
35.9,20.3,208.8,4451.0,1.0,1.0,1
39.3,16.2,208.3,3332.0,2.0,1.0,1
46.7,15.3,189.7,6112.0,1.0,1.0,1
53.6,21.8,209.7,3965.0,0.0,0.0,1
41.2,19.5,180.9,3955.0,2.0,1.0,0
59.8,17.1,207.2,5234.0,0.0,0.0,1
58.9,21.1,182.6,3270.0,0.0,1.0,0
42.0,21.8,216.2,5682.0,2.0,0.0,1
42.1,13.9,172.5,5353.0,0.0,0.0,0
49.3,16.6,232.5,5252.0,2.0,0.0,1
44.7,17.1,198.4,4461.0,2.0,1.0,1
52.6,17.7,232.2,4839.0,1.0,0.0,1
43.6,20.9,175.9,3415.0,0.0,0.0,0
35.0,18.2,199.7,6040.0,2.0,1.0,1
38.6,14.1,222.2,4330.0,2.0,1.0,1
41.4,18.6,216.5,5599.0,2.0,1.0,0
44.2,13.3,177.1,2812.0,2.0,1.0,0
41.9,14.0,202.8,5272.0,0.0,0.0,1
52.4,17.9,179.5,5787.0,2.0,0.0,1
54.3,16.4,184.4,4361.0,1.0,1.0,0
38.8,15.5,176.5,2978.0,2.0,1.0,0
45.7,21.2,219.0,4924.0,2.0,1.0,1
47.5,14.4,197.8,4288.0,1.0,0.0,1
47.2,18.8,231.4,5817.0,0.0,0.0,1
42.0,16.8,176.9,5356.0,0.0,1.0,0
39.8,18.5,193.7,5935.0,2.0,0.0,0
48.5,21.2,207.6,5908.0,0.0,1.0,1
55.3,18.4,232.7,5434.0,2.0,0.0,1
47.4,18.8,214.8,6145.0,0.0,1.0,1
36.4,18.6,176.8,3223.0,0.0,0.0,0
58.5,17.9,184.2,,2.0,1.0,1
38.1,20.2,195.5,5686.0,2.0,0.0,0
55.3,14.1,232.3,5918.0,0.0,0.0,1
42.4,20.8,170.5,4514.0,0.0,0.0,0
47.9,16.2,206.1,4738.0,2.0,1.0,1
nan_err,13.7,180.1,4261.0,1.0,0.0,1
47.1,17.0,188.1,4424.0,1.0,0.0,1
43.4,14.9,174.4,5793.0,0.0,0.0,1
46.5,13.4,194.5,4481.0,1.0,0.0,1
56.3,16.1,232.9,4370.0,0.0,0.0,1
49.5,15.4,204.1,3994.0,1.0,1.0,0
33.1,17.8,183.1,6258.0,1.0,0.0,0
41.3,16.1,186.2,4319.0,1.0,0.0,0
54.4,20.7,195.2,4938.0,2.0,1.0,1
49.6,13.4,231.7,4739.0,2.0,1.0,1
51.8,17.9,228.4,4085.0,2.0,1.0,1
38.3,19.2,207.5,4869.0,0.0,1.0,1
57.4,18.0,203.0,3135.0,0.0,0.0,0
33.1,14.7,217.4,3435.0,2.0,0.0,1
58.9,16.1,181.1,3302.0,1.0,1.0,1
,17.6,223.1,4012.0,0.0,0.0,0
38.3,15.5,224.9,4562.0,2.0,1.0,1
46.0,13.1,225.2,,0.0,1.0,1
53.3,18.2,210.0,3017.0,2.0,1.0,1
51.0,13.5,172.2,5893.0,0.0,0.0,0
46.1,21.3,188.9,2792.0,0.0,0.0,0
39.3,20.7,196.5,3161.0,2.0,0.0,0
33.6,18.8,208.6,4799.0,2.0,1.0,1
39.5,14.7,212.7,5926.0,0.0,1.0,0
57.8,14.9,194.9,6150.0,0.0,0.0,1
35.0,14.2,212.1,4476.0,2.0,0.0,0
50.4,17.4,181.6,4576.0,1.0,1.0,1
33.9,17.4,221.9,5050.0,1.0,1.0,0
44.6,18.8,188.2,5835.0,0.0,1.0,0
35.9,16.7,222.8,4766.0,2.0,0.0,0
52.6,15.5,181.4,4467.0,2.0,1.0,1
41.3,19.0,176.9,4362.0,2.0,0.0,0
56.1,22.0,183.1,4574.0,0.0,1.0,0
37.9,14.0,184.8,3129.0,2.0,0.0,0
52.7,14.2,190.0,4533.0,1.0,0.0,0
35.5,14.5,190.9,2917.0,1.0,0.0,0
53.0,14.1,208.7,3354.0,0.0,1.0,0
44.8,19.9,207.4,3151.0,1.0,0.0,0
46.6,20.5,230.7,3660.0,1.0,1.0,0
51.6,18.1,177.9,4805.0,2.0,0.0,1
48.1,,,6262.0,1.0,1.0,1
32.1,14.5,219.9,6164.0,1.0,1.0,1
54.6,13.4,189.6,3415.0,1.0,0.0,1
52.7,16.6,233.6,3278.0,1.0,0.0,0
41.3_err,17.0,211.3,3116.0,1.0,0.0,1
48.0,16.8,175.3,3004.0,1.0,0.0,0
33.3,21.1,171.8,2748.0,0.0,1.0,0
56.9,14.6,220.1,4323.0,0.0,0.0,1
57.6,21.7,195.4,3458.0,0.0,1.0,0
40.9,,218.1,5390.0,0.0,0.0,1
57.4,15.7,191.3,4471.0,0.0,0.0,1
33.6,18.3,191.5,3399.0,1.0,1.0,0
33.3,21.7,201.4,2938.0,0.0,0.0,0
50.8,20.9,181.1,5794.0,1.0,0.0,1
57.6,13.0,180.7,2723.0,2.0,1.0,0
52.9,18.7,181.7,4456.0,1.0,0.0,0
36.9,19.5,216.9,4647.0,1.0,0.0,0
56.4,18.4,175.1,5776.0,2.0,0.0,0
55.0,13.9,223.3,4774.0,0.0,0.0,1
44.0,20.6,191.2,4224.0,0.0,0.0,0
37.4,14.0,197.9,3105.0,,1.0,0
54.2,21.2,176.0,2833.0,2.0,1.0,1
32.5,21.8,191.9,3027.0,0.0,0.0,0
32.7,21.0,193.4,4690.0,1.0,1.0,0
35.8,16.1,183.6,3737.0,0.0,1.0,1
46.5,18.5,213.6,3543.0,1.0,1.0,1
47.5,15.4,192.8,3378.0,1.0,0.0,0
44.8,19.8,223.6,3381.0,2.0,0.0,0
43.8,14.5,184.7,3304.0,1.0,1.0,0
42.4,16.4,186.2,2859.0,0.0,1.0,0
42.6,19.5,232.5,5713.0,1.0,0.0,1
49.7,17.4,193.5,4150.0,0.0,1.0,0
54.8,14.6,226.5,5140.0,1.0,0.0,1
37.0,20.7,189.3,2781.0,1.0,0.0,0
35.5,15.2,193.5,3038.0,2.0,0.0,0
59.5,20.6,219.5,2879.0,0.0,0.0,1
53.4,16.5,233.8,4515.0,1.0,0.0,1
39.1,21.0,188.5,5489.0,1.0,0.0,0
39.8,19.8,183.7,5535.0,1.0,1.0,1
36.0,14.4,233.3,2770.0,2.0,1.0,1
38.2,17.2,203.8,5048.0,2.0,0.0,1
58.0,13.4,,4099.0,1.0,0.0,1
47.7,22.0,218.2,3151.0,1.0,1.0,0
41.9,21.6,232.3,5533.0,0.0,0.0,1
58.0,15.2,175.6,3033.0,0.0,1.0,1
41.5,20.6,209.0,5611.0,2.0,0.0,1
32.8,18.9,204.6,2880.0,1.0,1.0,0
35.8,15.1,211.5,5728.0,0.0,1.0,1
56.1,18.5,208.5,4361.0,1.0,1.0,0
41.3,15.2,,2814.0,0.0,0.0,0
46.4,18.4,207.1,3545.0,1.0,0.0,0
59.9,16.9,184.8,2779.0,2.0,1.0,1
49.7,17.6,183.1,4890.0,0.0,0.0,0
32.1,14.9,200.8,3961.0,2.0,1.0,0
49.7,18.3,174.8,5989.0,0.0,1.0,1
45.9,19.8,226.1,5692.0,2.0,0.0,1
34.4,20.4,181.0,5815.0,1.0,0.0,0
40.2,15.3,170.6,3155.0,1.0,0.0,0
60.0,21.8,178.1,4562.0,1.0,1.0,0
48.1,17.0,174.2,4316.0,2.0,0.0,0
59.1,14.3,188.1,3507.0,0.0,1.0,1
41.7,18.8,180.0,4310.0,0.0,1.0,0
56.8,13.4,231.0,3946.0,1.0,1.0,1
54.3,17.0,229.6,4922.0,2.0,0.0,1
35.1,19.2,201.1,2904.0,2.0,0.0,0
37.5,21.0,199.4,6245.0,0.0,1.0,0
,14.7,180.7,4478.0,2.0,1.0,1
56.5,15.9,187.0,6172.0,0.0,1.0,1
47.5,19.4,201.6,5698.0,1.0,1.0,1
42.2,18.2,183.7,3625.0,1.0,0.0,0
43.7,13.7,228.3,2854.0,0.0,0.0,0
46.4,15.9,173.7,4762.0,1.0,0.0,0
46.4,19.6,178.9,5811.0,2.0,0.0,0
38.6,16.9,222.0,4093.0,0.0,0.0,0
57.7,20.1,221.5,3282.0,0.0,1.0,0
52.3,13.3,177.2,5663.0,1.0,1.0,1
48.6,17.4,222.5,4183.0,2.0,1.0,1
51.3,15.3,197.0,4152.0,1.0,1.0,1
36.5,19.1,172.6,4140.0,1.0,1.0,0
,21.0,,4315.0,1.0,0.0,1
32.4,19.7,184.0,3518.0,2.0,1.0,0
40.1,15.9,193.4,5376.0,1.0,0.0,0
33.9,13.1,234.4,4531.0,0.0,0.0,1
47.9,21.1,229.7,4407.0,0.0,0.0,0
,18.2,229.8,5717.0,2.0,1.0,1
56.3,16.6,215.0,4048.0,2.0,0.0,0
39.0,17.8,212.3,4485.0,1.0,0.0,0
49.2,18.4,218.2,3001.0,0.0,1.0,0
40.6,14.9,220.0,5842.0,0.0,0.0,0
36.0,21.2,188.2,3354.0,0.0,0.0,0
33.6,19.3,204.4,3014.0,2.0,0.0,0
47.6,15.6,193.5,4452.0,1.0,0.0,1
52.0,,174.1,4430.0,2.0,1.0,1
49.1,14.9,232.3,5780.0,1.0,0.0,1
57.0,21.8,176.1,4279.0,1.0,,0
32.0,17.2,184.7,4735.0,0.0,0.0,0
36.2,21.1,177.0,5777.0,2.0,1.0,0
54.4,20.0,205.5,2770.0,0.0,1.0,0
36.3,19.6,189.6,4137.0,0.0,1.0,0
56.4,13.0,233.7,4135.0,0.0,0.0,1
39.2,20.9,193.2,6273.0,0.0,0.0,1
47.9,21.7,231.9,3852.0,0.0,1.0,0
41.2,20.3,182.8,4657.0,0.0,1.0,0
59.9,21.3,230.3,5261.0,0.0,1.0,1
40.7,21.4,181.5,5924.0,0.0,0.0,0
51.2,14.6,231.3,4880.0,2.0,0.0,1
48.0,14.3,195.9,4229.0,1.0,0.0,1
38.8,15.0,180.0,4760.0,0.0,0.0,0
35.8,20.1,182.1,4617.0,0.0,1.0,0
36.2,14.7,193.1,3493.0,0.0,1.0,0
33.3,14.9,190.5,2903.0,0.0,0.0,0
59.2,19.4,192.3,5983.0,2.0,1.0,1
36.3,16.1,193.1,3391.0,0.0,0.0,0
41.7,16.4,203.4,3516.0,,1.0,1
32.2,13.0,191.4,3674.0,0.0,0.0,0
53.7,13.6,215.1,4142.0,1.0,0.0,1
49.4,20.0,223.1,3703.0,2.0,0.0,0
33.7,13.1,213.8,5480.0,0.0,0.0,0
59.5,14.5,172.5,5776.0,2.0,0.0,1
35.3,13.7,209.7,5697.0,1.0,1.0,0
33.3,14.7,230.9,5242.0,2.0,1.0,1
45.7,15.8,218.2,5435.0,2.0,1.0,0
46.0,17.3,209.9,6223.0,1.0,1.0,1
43.1,21.3,229.2,3499.0,2.0,1.0,0
53.8,20.2,232.3,4194.0,2.0,1.0,1
,13.5,171.5,3586.0,0.0,1.0,0
41.1,16.0,204.1,6034.0,0.0,0.0,0
46.7,21.1,223.9,,2.0,0.0,1
50.4,19.0,221.1,2778.0,2.0,1.0,1
49.0,13.7,170.4,3656.0,1.0,1.0,0
37.0,13.3,185.1,4494.0,0.0,1.0,0
47.4,15.2,223.5,4708.0,1.0,1.0,1
51.7,18.3,210.2,6281.0,1.0,0.0,1
58.2,14.6,170.4,6234.0,1.0,0.0,1
54.9,17.8,208.1,4997.0,2.0,1.0,1
55.4,17.5,172.6,3904.0,0.0,0.0,1
52.6,16.4,185.1,6035.0,2.0,1.0,1
47.6,20.9,205.9,6042.0,1.0,1.0,1
48.0,15.8,190.1,5101.0,2.0,1.0,1
33.8,22.0,234.4,3604.0,0.0,0.0,0
36.6,21.6,183.1,6004.0,1.0,1.0,1
47.9,15.2,225.5,4154.0,,1.0,1
40.8,15.0,219.8,5370.0,0.0,0.0,0
42.5,15.1,192.4,3715.0,0.0,1.0,0
47.6,17.0,184.1,3756.0,2.0,0.0,0
49.3,14.5,194.9,5293.0,2.0,0.0,1
38.0,21.9,200.5,4462.0,1.0,1.0,0
43.3,19.0,227.1,5222.0,1.0,1.0,0
37.3,17.0,214.7,4936.0,0.0,1.0,0
40.1,16.7,,3886.0,0.0,0.0,0
37.2,21.1,202.1,5933.0,2.0,0.0,0
47.2,19.4,186.4,4986.0,1.0,0.0,0
40.0,19.4,234.0,4270.0,2.0,0.0,1
52.2,14.2,179.5,2765.0,0.0,0.0,0
54.9,20.0,198.4,4403.0,1.0,1.0,0
45.9,22.0,184.1,5267.0,,1.0,0
43.5,13.1,189.1,4911.0,0.0,1.0,1
44.2,18.3,222.8,2717.0,,1.0,1
46.9,19.2,230.0,3091.0,0.0,0.0,0
37.3,15.8,188.8,6214.0,0.0,0.0,0
44.3,17.0,192.0,5639.0,1.0,0.0,1
58.5,16.3,199.0,4844.0,1.0,0.0,1
54.0,21.8,213.6,3937.0,2.0,1.0,1
36.9,17.8,171.5,3055.0,0.0,1.0,0
50.6,21.7,191.8,3569.0,1.0,0.0,0
52.8,19.3,196.8,4014.0,1.0,0.0,0
55.9,16.2,180.9,2818.0,0.0,1.0,0
42.7,19.7,215.0,4252.0,1.0,0.0,0
51.3,15.5,209.5,5996.0,1.0,1.0,1
43.2,21.2,208.5,6275.0,2.0,0.0,1
36.5,19.6,222.4,3668.0,1.0,0.0,0
50.9,18.7,211.4,6107.0,1.0,0.0,1
32.7,16.6,196.1,5055.0,1.0,0.0,0
34.5,17.9,195.0,3166.0,0.0,1.0,0
43.9,19.2,209.1,5055.0,2.0,1.0,1
55.5,16.1,213.5,5814.0,1.0,1.0,1
33.0,15.2,184.7,2834.0,2.0,0.0,0
56.5,21.7,228.9,4007.0,0.0,1.0,1
49.8,17.2,212.5,,1.0,0.0,1
55.0,16.5,221.8,4907.0,1.0,0.0,1
46.0,13.8,209.6,3599.0,0.0,1.0,1
34.3,15.0,229.2,4315.0,0.0,1.0,0
34.4,21.6,212.4,3960.0,1.0,0.0,0
40.2,14.7,211.5,5858.0,1.0,0.0,1
33.1,13.8,216.1,4025.0,1.0,1.0,0
52.7,16.0,192.0,5558.0,1.0,1.0,1
56.9,19.5,233.5,4859.0,0.0,1.0,1
41.0,15.6,185.6,3029.0,2.0,0.0,0
32.8,21.9,194.2,5286.0,,1.0,0
41.4,21.7,181.6,,0.0,0.0,0
54.7,13.5,176.3,2792.0,1.0,0.0,0
39.7,16.4,202.7,4467.0,1.0,1.0,1
35.8,19.2,183.0,4668.0,2.0,1.0,0
37.1,16.5,178.2,3292.0,1.0,0.0,0
55.7,13.5,178.6,5587.0,2.0,0.0,1
45.2,18.0,229.5,5034.0,,0.0,0
37.7,18.4,173.9,2947.0,2.0,0.0,0
37.1,16.8,187.9,5037.0,1.0,0.0,0
55.8,18.7,209.2,2938.0,0.0,0.0,0
33.3,19.5,174.4,3904.0,2.0,1.0,0
58.7,14.7,174.8,2982.0,1.0,0.0,0
59.8,14.1,214.6,3809.0,0.0,0.0,1
38.1,17.3,171.4,3033.0,1.0,0.0,0
39.2,18.7,222.1,4507.0,2.0,1.0,1
33.0,15.2,210.8,5415.0,0.0,0.0,1
46.4,19.0,188.0,3413.0,2.0,1.0,0
43.2,15.2,189.4,6170.0,2.0,0.0,0
59.4,18.7,223.8,3128.0,1.0,0.0,1
39.9,20.2,173.8,4873.0,0.0,0.0,0
40.2,19.8,211.7,3128.0,0.0,1.0,0
51.9,15.5,219.2,3255.0,1.0,1.0,1
35.5,15.5,186.1,4696.0,0.0,0.0,0
52.3,17.0,231.7,3695.0,0.0,0.0,0
45.5,15.7,178.3,5254.0,0.0,0.0,0
47.0,14.9,220.6,4405.0,2.0,0.0,1
51.6,13.2,232.2,5960.0,2.0,1.0,1
,18.0,209.8,3497.0,1.0,0.0,0
49.5,21.6,226.4,3960.0,1.0,1.0,1
38.5,15.6,202.3,3729.0,0.0,0.0,1
44.4,,190.7,2740.0,2.0,1.0,0
,14.2,196.6,6004.0,0.0,0.0,1
36.6,21.7,205.2,6037.0,1.0,0.0,0
40.6,13.3,216.8,4331.0,2.0,1.0,1
48.7,16.4,,5840.0,1.0,1.0,0
53.8,20.4,218.5,3956.0,0.0,0.0,0
59.8,18.3,200.4,3446.0,2.0,0.0,1
54.8,20.9,210.7,5692.0,0.0,0.0,1
42.6,13.3,196.0,5719.0,2.0,1.0,1
39.1,13.5,208.4,5794.0,0.0,0.0,1
55.6,20.9,174.3,2752.0,0.0,0.0,0
35.4,20.4,204.2,5692.0,,1.0,0
59.8,,198.8,4048.0,1.0,1.0,1
38.5,17.4,178.1,2921.0,0.0,1.0,0
40.7,19.7,214.5,2782.0,0.0,0.0,0
50.8,16.6,190.5,4267.0,2.0,1.0,0
45.9,13.6,210.2,4445.0,1.0,1.0,1
45.4,13.5,195.7,4326.0,0.0,1.0,1
58.9,13.1,218.0,6204.0,1.0,1.0,1
56.0,19.7,185.0,4839.0,0.0,1.0,0
42.5,16.0,184.4,,1.0,1.0,0
51.2,21.5,196.4,2915.0,2.0,1.0,0
57.0,14.6,,3458.0,1.0,1.0,1
59.5,13.7,181.1,6270.0,1.0,0.0,1
54.7,13.4,216.2,3605.0,1.0,1.0,1
56.0,21.7,210.4,4221.0,2.0,1.0,1
54.2,16.9,232.9,3993.0,1.0,1.0,1
34.1,15.6,201.9,5608.0,0.0,1.0,1
44.5,13.7,201.4,4475.0,0.0,0.0,1
42.7,21.4,197.2,4528.0,1.0,0.0,0
49.4,21.6,220.6,4854.0,0.0,0.0,0
34.1,13.5,205.2,,1.0,0.0,0
44.0,14.2,200.1,4493.0,0.0,1.0,1
42.3,17.1,195.8,4573.0,2.0,1.0,1
49.8,16.0,212.1,5806.0,1.0,1.0,1
56.3,17.6,179.2,4154.0,2.0,0.0,1
56.7,,210.1,5418.0,1.0,1.0,0
36.9,17.2,183.4,5059.0,0.0,0.0,0
,14.7,200.6,5936.0,0.0,1.0,0
55.3,20.2,206.1,3831.0,0.0,0.0,0
34.9,16.7,182.9,4856.0,2.0,1.0,0
50.5,16.3,234.0,4624.0,2.0,0.0,1
32.1,15.7,185.4,4962.0,1.0,0.0,1
39.8,14.4,208.7,6227.0,1.0,1.0,1
57.6,19.9,203.9,3656.0,0.0,1.0,1
53.0,16.9,223.4,3153.0,1.0,0.0,0
47.5,20.5,198.5,6197.0,0.0,1.0,0
41.1,17.0,175.0,4158.0,0.0,1.0,0
55.6,18.1,208.0,2774.0,0.0,1.0,0
34.8,21.2,190.4,4291.0,1.0,1.0,0
32.8,14.7,180.8,3346.0,2.0,0.0,0
40.4,16.2,181.8,3338.0,2.0,1.0,0
48.8,21.8,200.1,5170.0,,0.0,1
40.0,21.8,172.6,5530.0,1.0,0.0,1
49.1,20.2,201.0,5572.0,1.0,0.0,0
56.4,19.6,213.0,3174.0,1.0,0.0,1
36.1,20.5,215.4,5209.0,,0.0,0
44.5,14.3,205.2,3042.0,2.0,1.0,1
37.8,20.4,177.5,4217.0,0.0,0.0,0
43.2,18.6,196.7,2738.0,0.0,1.0,0
33.7,20.9,223.5,3486.0,0.0,0.0,0
58.6,18.0,221.1,5975.0,1.0,0.0,1
59.1,22.0,184.5,4087.0,0.0,0.0,1
46.6,14.3,218.0,3619.0,2.0,1.0,1
42.8,17.8,217.2,5118.0,1.0,0.0,1
55.4,16.5,216.5,6065.0,0.0,0.0,1
41.0,17.3,221.4,,2.0,0.0,1
40.4,,234.7,4669.0,1.0,1.0,1
46.3_err,20.4,204.5,5498.0,2.0,1.0,0
41.4,17.7,212.0,2871.0,0.0,0.0,0
32.2,21.3,,3412.0,1.0,1.0,0
57.1,13.2,197.9,5325.0,1.0,0.0,1
58.7,20.4,233.7,3022.0,0.0,1.0,1
32.3,19.7,214.9,5175.0,0.0,0.0,0
36.3,21.7,214.1,5290.0,2.0,0.0,0
46.1,19.8,184.2,2834.0,2.0,1.0,0
39.4,16.4,221.5,3090.0,1.0,1.0,1
40.2,16.1,177.5,4747.0,0.0,1.0,0
55.7,17.8,212.5,3490.0,1.0,1.0,0
48.1,16.6,178.1,3386.0,2.0,0.0,0
47.8,22.0,188.8,3794.0,2.0,1.0,0
55.0,20.8,185.0,3522.0,1.0,1.0,0
46.3,16.3,233.5,4975.0,1.0,1.0,1
50.4,18.0,174.6,3485.0,2.0,1.0,1
36.4,,203.6,4102.0,0.0,1.0,0
38.5,15.3,198.0,4615.0,2.0,0.0,1
44.1,19.9,,5422.0,0.0,0.0,0
48.1,21.9,198.6,5554.0,0.0,1.0,0
53.4,21.2,217.7,2751.0,1.0,1.0,1
56.9,13.2,201.0,5965.0,0.0,1.0,1
45.1,20.7,215.0,4222.0,0.0,0.0,0
54.0,19.5,189.1,4075.0,0.0,1.0,0
53.1,18.4,182.7,3605.0,2.0,,0
55.7,14.5,213.1,4435.0,1.0,0.0,1
51.7,13.3,202.5,5274.0,0.0,0.0,1
37.2,20.8,199.5,3641.0,0.0,0.0,0
38.3,13.6,209.7,2819.0,0.0,1.0,1
50.4,14.1,232.9,4886.0,2.0,0.0,1
49.0,15.4,183.0,5734.0,2.0,1.0,1
32.1,16.0,212.7,6238.0,1.0,0.0,1
34.7,16.9,173.4,3439.0,2.0,1.0,0
43.2,18.6,232.3,5953.0,2.0,0.0,1
40.6,18.5,171.3,4654.0,1.0,1.0,0
35.6,16.3,180.4,5490.0,2.0,1.0,0
39.6,14.5,199.2,5323.0,0.0,0.0,0
32.2,13.3,206.3,4426.0,1.0,0.0,1
36.2,21.3,182.7,5955.0,0.0,0.0,0
48.2,17.9,231.5,3334.0,2.0,1.0,1
57.2,14.7,189.7,3202.0,1.0,0.0,0
37.9,13.9,228.2,3969.0,1.0,1.0,0
36.8,21.7,178.0,5562.0,0.0,,0
35.1,17.2,173.2,4172.0,1.0,1.0,0
48.0,13.8,193.3,3298.0,2.0,0.0,0
51.0,13.1,183.2,5719.0,2.0,0.0,1
43.3,14.0,210.5,3343.0,2.0,1.0,1
45.3,17.4,192.3,3422.0,2.0,0.0,0
42.1,19.5,223.0,5608.0,2.0,0.0,1
56.0,19.3,182.3,5538.0,0.0,1.0,1
56.4,17.3,227.6,6191.0,0.0,0.0,1
36.0,14.1,181.3,4355.0,1.0,1.0,1
36.6,20.3,195.8,4171.0,2.0,1.0,0
32.4,16.6,177.3,3214.0,2.0,0.0,0
47.2,17.4,177.9,3415.0,2.0,1.0,0
39.7,15.8,221.6,4692.0,2.0,0.0,1
45.4,16.4,212.2,4119.0,0.0,0.0,0
58.0,15.7,234.1,5281.0,2.0,0.0,1
36.3,16.3,201.0,5665.0,2.0,1.0,0
44.2,13.4,193.2,2746.0,1.0,1.0,1
58.8,13.3,203.0,6250.0,0.0,1.0,1
47.1,15.0,215.1,3196.0,0.0,0.0,0
42.7,21.6,233.7,5976.0,0.0,0.0,1
32.7,20.9,233.6,5430.0,2.0,0.0,1
42.3,21.5,201.0,4120.0,2.0,1.0,0
32.9,19.5,219.2,4741.0,,0.0,0
48.3,21.7,179.1,5697.0,0.0,1.0,0
57.1,18.4,218.9,3988.0,0.0,0.0,1
32.8,18.8,203.0,4477.0,2.0,0.0,0
39.4,14.6,221.8,3749.0,2.0,0.0,1
52.0,15.2,227.8,5044.0,0.0,1.0,1
43.8,17.3,173.8,4680.0,1.0,0.0,0
34.3,13.0,220.6,5029.0,2.0,1.0,1
53.7,20.0,230.5,4569.0,1.0,1.0,1
42.0,20.3,222.6,2864.0,2.0,0.0,0
46.4,19.9,197.1,4079.0,2.0,1.0,0
52.6,14.9,180.8,4255.0,1.0,1.0,0
35.5,17.1,,3487.0,2.0,1.0,0
36.7,15.7,207.4,3880.0,2.0,1.0,0
45.5,21.9,195.4,4031.0,2.0,1.0,1
52.5,21.1,221.4,4325.0,1.0,1.0,1
52.9,14.4,220.0,5155.0,0.0,1.0,1
41.5,,232.3,3069.0,2.0,1.0,0
48.3,15.8,188.4,5587.0,1.0,0.0,1
45.6,14.0,178.2,4644.0,1.0,0.0,1
36.3,21.6,224.5,3675.0,0.0,0.0,0
51.1,21.1,220.8,6007.0,0.0,1.0,1
51.4,13.3,216.1,3182.0,1.0,1.0,1
52.3,13.4,211.1,5555.0,1.0,0.0,1
37.0,16.0,186.0,3533.0,2.0,1.0,0
51.3,17.0,228.2,6045.0,1.0,0.0,1
38.6,13.1,224.8,3856.0,0.0,0.0,1
39.6,13.5,231.4,3245.0,0.0,0.0,0
40.0,19.4,185.1,4202.0,0.0,1.0,0
44.9,17.4,175.5,6259.0,0.0,1.0,1
58.9,17.1,228.1,5487.0,1.0,0.0,1
44.3,20.9,175.3,2834.0,1.0,0.0,0
37.1,20.1,204.0,5887.0,1.0,,0
45.9,20.8,234.1,5819.0,0.0,0.0,1
57.8,21.4,186.4,3413.0,2.0,0.0,0
37.8,19.9,193.1,5336.0,1.0,1.0,0
39.0,13.6,213.7,4157.0,2.0,0.0,1
47.3,14.4,226.0,4321.0,1.0,1.0,1
49.2,20.0,188.8,5100.0,1.0,1.0,1
52.4,18.1,213.6,3065.0,1.0,0.0,0
40.0,15.1,218.0,3222.0,0.0,1.0,0
46.0,20.5,214.1,5822.0,1.0,0.0,1
43.2,14.1,216.7,5347.0,0.0,0.0,1
48.5,19.9,186.8,4699.0,0.0,1.0,0
59.4,15.4,184.7,5177.0,0.0,0.0,1
40.6,16.3,190.2,5227.0,0.0,0.0,0
38.1,17.4,191.0,6065.0,1.0,1.0,0
42.9,,178.6,4997.0,2.0,0.0,1
53.0,15.9,224.9,3130.0,2.0,0.0,1
54.3,13.6,209.7,2986.0,2.0,1.0,1
59.6,21.8,,5214.0,1.0,1.0,0
44.1,14.4,199.5,3423.0,0.0,0.0,0
57.7,21.4,210.5,3896.0,2.0,1.0,1
43.3,21.2,231.8,3389.0,0.0,,0
42.5,14.3,218.9,4857.0,2.0,0.0,1
41.6,13.4,203.9,6033.0,1.0,0.0,0
44.0,17.2,205.8,5698.0,2.0,1.0,1
49.1,22.0,192.3,3278.0,0.0,0.0,0
,21.2,177.3,4875.0,2.0,0.0,0
59.5,21.2,202.1,4200.0,1.0,1.0,1
35.7,19.0,216.9,4116.0,2.0,0.0,0
47.7,16.6,224.0,6254.0,1.0,1.0,1
40.7,21.7,215.2,,0.0,0.0,0
49.8,18.1,207.4,5678.0,0.0,0.0,1
45.7,20.2,170.9,5220.0,2.0,1.0,1
43.3,14.1,222.3,4285.0,0.0,1.0,1
42.0,20.1,189.0,4179.0,1.0,0.0,0
45.4,20.7,181.9,3164.0,1.0,0.0,0
35.8,13.8,175.5,3118.0,0.0,0.0,0
49.6,14.6,231.6,3331.0,0.0,1.0,0
40.6,16.9,170.3,4315.0,2.0,1.0,0
42.6,21.9,173.4,5882.0,2.0,1.0,0
48.9,13.4,187.7,4404.0,1.0,1.0,1
37.1,19.6,,5143.0,,0.0,0
54.6,13.7,225.0,4642.0,1.0,0.0,1
37.5,21.8,176.5,5772.0,1.0,1.0,0
54.5,13.8,220.8,3497.0,1.0,1.0,1
49.3,16.1,185.3,4902.0,1.0,1.0,1
42.2,20.4,220.5,3760.0,0.0,0.0,1
47.0,21.7,181.1,4922.0,1.0,1.0,0
40.2,18.1,176.1,3932.0,0.0,1.0,0
40.3,20.3,188.4,3927.0,1.0,1.0,0
55.9,15.0,208.1,4427.0,2.0,1.0,1
52.0,21.0,214.6,3886.0,2.0,1.0,1
55.5,13.3,185.1,5406.0,2.0,1.0,1
56.4,,231.9,5036.0,0.0,0.0,1
41.6,20.6,183.7,3829.0,2.0,0.0,0
49.2,13.1,204.8,4551.0,2.0,0.0,1
52.6,13.7,179.7,4971.0,2.0,1.0,1
38.3,17.7,204.1,3171.0,2.0,1.0,0
33.2,21.8,189.8,,0.0,1.0,0
51.0,19.5,209.9,3044.0,0.0,0.0,0
55.8,17.1,174.7,4212.0,0.0,0.0,0
42.7,18.2,217.9,5634.0,0.0,0.0,1
46.3,15.0,202.0,4712.0,0.0,0.0,0
39.8,16.9,182.5,4035.0,0.0,1.0,0
57.4,18.4,192.2,4113.0,0.0,0.0,0
57.7,20.8,231.9,2891.0,2.0,1.0,1
50.8,17.7,177.1,5167.0,2.0,1.0,1
32.8,18.0,216.5,4567.0,0.0,1.0,0
55.3,15.1,208.4,5900.0,0.0,1.0,1
32.3,20.6,192.1,4021.0,1.0,1.0,0
38.6,13.1,231.6,6079.0,0.0,1.0,1
38.7,17.1,203.4,4070.0,0.0,1.0,1
50.5,18.5,226.4,5820.0,0.0,1.0,1
54.0,21.1,212.9,4291.0,0.0,0.0,0
56.8,17.3,180.6,,0.0,0.0,1
39.6,20.4,198.3,4455.0,2.0,1.0,1
40.8,18.8,231.6,2722.0,2.0,0.0,1
47.5,14.4,221.3,4202.0,1.0,0.0,1
39.4,16.9,222.0,5114.0,1.0,0.0,1
36.2,14.7,207.8,6174.0,2.0,1.0,0
41.9,20.0,219.3,3651.0,1.0,1.0,1
43.9,18.5,193.0,3822.0,2.0,0.0,0
46.8,18.8,182.7,5353.0,2.0,1.0,1
41.8,20.6,199.0,6159.0,1.0,0.0,0
35.8,21.6,218.1,5393.0,1.0,0.0,1
46.1,13.5,204.7,3290.0,1.0,0.0,1
36.7,14.9,179.5,4815.0,1.0,1.0,0
43.4,16.3,229.8,3069.0,0.0,1.0,1
44.0,21.3,185.9,5211.0,0.0,1.0,0
59.7,16.7,170.7,5440.0,2.0,0.0,0
47.2,14.7,206.3,5856.0,1.0,1.0,1
37.3,14.8,198.4,6180.0,2.0,1.0,1
50.6,21.9,220.7,5882.0,0.0,1.0,1
36.2,17.3,211.2,5692.0,2.0,1.0,1
36.0,15.0,183.9,5067.0,2.0,1.0,0
37.1,20.2,206.3,5166.0,0.0,1.0,0
54.6,15.4,227.8,5997.0,1.0,1.0,1
50.2,15.7,222.9,5154.0,2.0,1.0,1
37.8,18.2,227.4,3957.0,0.0,0.0,0
51.8,18.6,232.7,3174.0,1.0,0.0,1
44.7,20.6,185.9,5389.0,0.0,0.0,0
49.9,16.8,185.3,4274.0,2.0,1.0,0
58.1,18.7,227.4,6086.0,0.0,0.0,1
50.7,14.4,195.7,4288.0,0.0,1.0,1
35.0,19.0,210.1,5934.0,2.0,1.0,0
42.1,14.3,185.8,5105.0,0.0,0.0,0
46.0,18.3,217.2,4896.0,0.0,0.0,0
46.6,19.9,190.2,6284.0,1.0,1.0,1
43.8,13.0,194.2,3811.0,1.0,0.0,1
39.3,21.3,206.8,5209.0,2.0,0.0,0
56.5,18.0,225.6,3772.0,2.0,0.0,1
55.4,20.7,213.6,4778.0,1.0,1.0,1
33.2,20.6,210.6,5504.0,0.0,0.0,0
45.8,17.0,231.2,5146.0,2.0,0.0,1
39.7,18.7,231.1,3585.0,0.0,0.0,1
45.0,16.6,180.7,5131.0,,0.0,0
56.8,18.5,173.4,4111.0,0.0,0.0,0
35.8,20.8,188.0,5189.0,2.0,0.0,0
42.6,16.5,195.3,5586.0,2.0,0.0,0
43.7,21.1,181.1,5772.0,0.0,1.0,0
42.0,17.0,208.1,5635.0,2.0,0.0,1
38.8,19.1,232.7,3749.0,1.0,0.0,0
37.2,18.2,211.6,5165.0,0.0,1.0,0
56.2,20.5,202.3,6132.0,1.0,0.0,1
42.9,18.5,209.0,4319.0,1.0,0.0,0
47.6,19.6,229.9,4934.0,2.0,1.0,1
54.3,19.3,219.3,2844.0,0.0,0.0,0
51.8,17.6,233.4,5568.0,0.0,0.0,1
48.2,16.6,232.2,2711.0,2.0,1.0,1
39.5,20.8,223.1,5591.0,0.0,0.0,0
48.9,19.7,211.6,,2.0,1.0,1
37.4,19.3,177.5,3992.0,0.0,,0
42.4,13.7,192.2,3899.0,0.0,0.0,0
42.2,15.8,183.4,4442.0,2.0,1.0,0
55.8,20.4,229.8,5214.0,0.0,1.0,1
49.6,18.6,190.5,5262.0,2.0,0.0,0
48.0,17.9,197.6,6232.0,2.0,1.0,1
59.6,20.6,232.6,2840.0,2.0,1.0,1
53.0,14.8,232.7,5517.0,1.0,,1
59.3,18.4,202.4,3510.0,0.0,1.0,1
34.9,20.6,215.8,5545.0,1.0,0.0,0
46.7,19.6,231.7,5435.0,0.0,1.0,1
40.5,20.6,179.3,2927.0,1.0,0.0,0
51.6,14.5,190.2,2946.0,0.0,0.0,1
58.8,14.4,185.2,2749.0,0.0,0.0,0
48.7,18.5,206.0,4356.0,2.0,1.0,0
32.4,18.6,175.7,3628.0,0.0,0.0,0
45.7,20.2,199.2,5794.0,1.0,1.0,1
36.5,18.1,211.8,3404.0,2.0,0.0,0
59.0,18.9,233.9,6184.0,2.0,1.0,1
41.4,19.0,209.2,4991.0,1.0,1.0,1
35.7,21.7,207.3,4964.0,1.0,1.0,0
53.3,14.8,231.9,5204.0,0.0,1.0,1
48.8,21.9,193.8,3172.0,0.0,0.0,0
42.9,18.6,177.6,4443.0,2.0,0.0,0
36.4,16.3,184.9,3199.0,2.0,1.0,0
41.5,13.3,187.3,3830.0,2.0,1.0,1
46.6,13.1,233.9,3303.0,1.0,1.0,0
41.7,20.6,208.4,5908.0,2.0,1.0,1
36.2,20.8,179.1,2901.0,0.0,,0
54.7,14.9,232.6,2714.0,2.0,0.0,1
57.7,13.5,195.1,6093.0,2.0,0.0,1
55.7,20.9,222.2,4004.0,0.0,1.0,1
32.5,19.3,195.9,4765.0,2.0,1.0,0
46.0,21.0,202.6,3842.0,2.0,0.0,0
32.6,13.4,195.9,3475.0,1.0,1.0,0
33.0,16.7,224.1,3297.0,2.0,1.0,0
36.5,17.8,231.5,5672.0,2.0,1.0,1
43.2,15.5,186.3,5793.0,0.0,1.0,1
35.0,20.3,189.1,2825.0,2.0,0.0,0
52.2,18.3,224.7,3195.0,1.0,0.0,1
59.7,21.7,202.7,3631.0,2.0,0.0,1
36.4,17.2,194.2,5956.0,2.0,1.0,1
44.7,18.3,174.1,6280.0,2.0,0.0,0
59.8,21.3,175.0,5641.0,2.0,0.0,1
50.0,20.1,174.8,5404.0,2.0,0.0,0
48.8,19.2,180.9,4732.0,2.0,0.0,0
51.9,20.6,200.2,5272.0,1.0,0.0,0
47.8,18.3,186.2,4071.0,,1.0,0
33.6,13.6,212.2,5185.0,2.0,0.0,1
45.1,14.3,187.6,4694.0,1.0,0.0,1
32.6,13.9,226.8,2870.0,2.0,0.0,1
50.7,13.7,206.5,5029.0,1.0,1.0,1
45.5,20.3,219.2,4336.0,0.0,0.0,0
59.3,13.4,,5488.0,1.0,0.0,1
59.0,17.1,196.5,3098.0,0.0,0.0,0
38.1,17.4,181.6,3622.0,2.0,0.0,1
35.3,16.4,196.0,4504.0,2.0,0.0,0
45.5,14.4,192.6,2915.0,0.0,0.0,0
36.6,20.4,185.1,3124.0,0.0,1.0,0
40.3,15.5,232.0,3853.0,1.0,,1
33.6,16.5,,2972.0,0.0,0.0,0
51.2,20.6,215.4,5697.0,2.0,0.0,1
47.6,15.8,193.8,3215.0,0.0,0.0,0
36.8,15.2,218.9,3515.0,0.0,1.0,0
58.8,21.2,180.6,3301.0,2.0,0.0,0
37.3,17.8,231.9,4192.0,0.0,1.0,0
43.5,16.8,234.4,4351.0,0.0,1.0,1
35.3,21.4,217.4,4157.0,2.0,1.0,0
53.9,20.7,177.1,4335.0,1.0,0.0,0
39.3,16.1,215.2,4899.0,1.0,1.0,1
54.3,16.0,173.8,4049.0,2.0,1.0,1
41.8,14.3,232.7,6227.0,2.0,1.0,1
44.1,19.4,174.5,5684.0,1.0,0.0,1
42.4,19.9,232.0,5372.0,2.0,0.0,1
54.1,20.5,171.6,4705.0,1.0,0.0,0
56.6,17.8,218.9,3124.0,2.0,1.0,1
50.0,19.1,212.0,5673.0,2.0,1.0,0
41.1,18.5,200.7,5022.0,0.0,1.0,0
49.7,20.5,206.9,4185.0,2.0,1.0,0
37.8,17.3,,4109.0,2.0,0.0,0
37.0,13.6,196.4,5628.0,0.0,0.0,0
40.3,15.5,172.8,5563.0,0.0,0.0,0
59.6,16.6,229.9,5034.0,1.0,0.0,1
34.5,19.6,211.4,5435.0,0.0,1.0,0
36.3,20.9,181.3,2799.0,1.0,0.0,0
59.1,18.2,214.2,6261.0,0.0,0.0,1
41.6,18.8,226.8,5585.0,2.0,1.0,1
47.6,17.5,227.9,5026.0,2.0,0.0,1
34.8,19.9,226.4,3241.0,1.0,1.0,0
40.0,21.2,190.3,3302.0,1.0,1.0,0
37.7,16.8,196.6,2920.0,1.0,0.0,0
44.0,17.7,232.0,3623.0,1.0,1.0,1
57.2,17.3,232.0,3748.0,2.0,0.0,1
41.0,17.4,231.0,6122.0,2.0,1.0,1
44.3,16.3,204.1,5715.0,0.0,0.0,1
34.2,14.8,227.8,3716.0,1.0,1.0,0
59.2,14.0,222.1,3312.0,2.0,1.0,1
38.5,16.6,199.7,3460.0,1.0,0.0,0
53.4,13.9,224.3,5138.0,2.0,0.0,1
49.1,13.5,192.0,3130.0,0.0,1.0,0
58.4,19.7,227.7,3256.0,2.0,0.0,1
45.1,16.0,170.9,5071.0,2.0,0.0,1
35.1,20.2,190.2,3066.0,1.0,1.0,0
59.7,19.0,217.1,4812.0,0.0,1.0,1
59.7,20.4,218.8,5759.0,1.0,1.0,1
46.2,15.5,195.7,5491.0,2.0,0.0,0
51.0,15.9,218.7,2769.0,2.0,0.0,1
50.7,15.6,175.7,2804.0,0.0,1.0,1
39.7,13.0,220.1,,0.0,1.0,0
50.2,17.2,202.9,5177.0,1.0,0.0,1
58.6,18.0,194.9,4398.0,2.0,1.0,1
42.0,17.9,234.1,6223.0,0.0,0.0,1
35.9,16.3,219.1,5089.0,2.0,0.0,1
35.3,21.9,192.7,5500.0,2.0,1.0,0
34.8,18.6,234.2,3069.0,2.0,0.0,0
59.1,21.6,221.8,6200.0,0.0,1.0,1
41.9,20.2,227.1,3364.0,1.0,0.0,1
38.4,21.9,226.8,2780.0,0.0,0.0,0
53.2,19.0,174.8,3111.0,2.0,0.0,1
37.4,17.0,204.5,5919.0,0.0,1.0,0
,19.8,208.2,3481.0,1.0,1.0,0
35.1,16.8,219.8,3501.0,0.0,1.0,0
54.9,17.9,232.4,5287.0,0.0,,1
52.7,14.9,176.0,3058.0,2.0,0.0,1
41.8,14.7,211.0,5810.0,2.0,0.0,1
49.0,21.4,207.8,5037.0,2.0,1.0,1
56.9,17.8,184.3,5134.0,1.0,0.0,1
35.5,20.4,193.6,5127.0,0.0,0.0,0
35.4,21.0,178.2,3855.0,1.0,0.0,0
57.8,18.5,203.0,4600.0,0.0,0.0,1
,13.9,180.7,5018.0,1.0,0.0,1
48.6,17.7,215.5,4048.0,2.0,0.0,0
32.4,19.1,221.9,4337.0,0.0,1.0,0
46.6,17.0,185.5,5294.0,0.0,0.0,1
47.1,15.1,178.4,3245.0,0.0,1.0,0
38.3,14.4,219.3,3208.0,0.0,1.0,1
59.1,13.4,209.8,5090.0,2.0,1.0,1
50.2,16.3,233.6,4435.0,2.0,0.0,1
54.3,14.2,229.4,4571.0,1.0,1.0,1
47.4,21.7,217.3,2997.0,2.0,1.0,0
48.2,17.7,204.4,,1.0,0.0,1
35.9,20.0,211.3,3511.0,0.0,0.0,0
40.5,17.6,195.3,4185.0,0.0,1.0,1
35.8,15.4,170.3,4746.0,1.0,1.0,0
52.6,21.8,170.8,4242.0,0.0,0.0,0
49.6,21.6,216.9,4646.0,2.0,1.0,0
53.8,19.2,175.0,4883.0,2.0,1.0,0
54.5,17.6,211.8,3736.0,2.0,1.0,1
57.8,20.2,195.4,5082.0,0.0,1.0,1
38.2,19.8,213.8,4429.0,2.0,0.0,0
56.3_err,15.8,185.5,3703.0,2.0,0.0,1
,19.2,190.1,5474.0,0.0,1.0,0
45.1,14.3,210.8,3296.0,0.0,1.0,0
53.9,18.1,172.8,5007.0,2.0,1.0,1
39.4,16.5,185.5,3083.0,1.0,0.0,0
34.3,13.3,210.2,5627.0,2.0,1.0,1
56.4,20.2,190.7,4232.0,2.0,,1
34.0,14.0,176.8,5078.0,0.0,0.0,0
42.4,14.8,198.7,4116.0,1.0,1.0,0
35.3,13.6,171.3,4815.0,1.0,1.0,0
58.5,18.9,226.0,3348.0,2.0,0.0,1
38.5,14.8,201.2,5529.0,2.0,0.0,1
42.6,17.0,191.8,4401.0,2.0,1.0,1
54.1,17.6,214.3,5257.0,0.0,,1
37.9,15.4,192.8,5819.0,0.0,1.0,0
58.0,13.5,,5505.0,2.0,,1
47.0,15.3,208.5,3662.0,2.0,1.0,1
47.4,17.9,214.7,3178.0,0.0,0.0,0
49.8,17.8,188.1,,2.0,0.0,0
51.8,21.4,191.4,6195.0,2.0,0.0,1
35.0,14.5,176.2,4019.0,2.0,1.0,0
32.5,15.2,175.1,4134.0,1.0,1.0,0
48.3,21.3,182.2,4057.0,1.0,1.0,0
42.2,19.4,193.1,6243.0,1.0,1.0,0
55.6,17.7,201.9,5607.0,2.0,0.0,1
42.6,18.4,201.8,5167.0,2.0,1.0,1
43.4,16.0,184.2,4887.0,0.0,1.0,0
40.2,15.6,185.3,3720.0,,0.0,0
39.0,21.9,173.6,3043.0,1.0,0.0,0
47.1,16.3,181.2,3370.0,1.0,1.0,0
43.1,16.9,217.3,3621.0,0.0,,0
56.4,16.0,170.0,3666.0,0.0,1.0,0
42.4,18.6,203.1,6264.0,2.0,1.0,1
42.9,16.4,227.1,6240.0,1.0,1.0,1
48.0,15.1,219.9,5804.0,0.0,0.0,0
55.9,17.6,189.9,5244.0,1.0,0.0,0
56.3,15.2,206.1,4259.0,0.0,0.0,1
53.1,14.4,215.2,6000.0,1.0,0.0,1
51.0,14.6,204.3,3330.0,1.0,,0
47.1,18.1,201.7,3370.0,,0.0,1
56.4,20.2,226.6,3591.0,0.0,1.0,1
36.4,21.4,170.8,4235.0,1.0,0.0,0
50.8,15.9,197.7,4976.0,,0.0,1
43.0,14.6,218.1,4761.0,1.0,1.0,1
60.0,15.4,173.0,3843.0,0.0,1.0,0
58.5,17.7,181.4,3751.0,1.0,0.0,1
48.8,20.4,216.0,3235.0,2.0,0.0,0
47.0,15.2,188.3,2969.0,1.0,1.0,1
32.1,17.5,229.5,3795.0,,1.0,0
,19.2,219.7,3231.0,1.0,,0
57.6,21.8,178.6,3407.0,0.0,0.0,0
37.1,16.7,210.5,4603.0,1.0,0.0,0
49.6,15.9,213.2,4625.0,1.0,0.0,0
50.3,16.0,228.8,2877.0,1.0,1.0,1
51.2,21.1,214.0,3516.0,1.0,0.0,1
42.0,17.4,182.4,4918.0,2.0,1.0,1
57.3,18.9,179.1,5202.0,,1.0,1
57.5,15.7,188.4,6021.0,2.0,0.0,1
45.8,15.3,178.1,3042.0,0.0,0.0,0
33.1,16.7,175.8,5407.0,0.0,1.0,0
44.2,16.9,217.5,4671.0,1.0,1.0,1
58.2,13.1,193.7,6166.0,1.0,1.0,1
47.8,15.3,226.8,3270.0,1.0,1.0,1
57.2,21.2,177.8,5545.0,0.0,0.0,0
36.8,17.8,,3466.0,1.0,0.0,0
43.0_err,18.7,199.4,3001.0,0.0,1.0,0
41.0,21.6,176.3,3670.0,2.0,1.0,0
51.1,14.6,216.0,3365.0,0.0,1.0,0
34.9,18.4,174.1,4613.0,1.0,1.0,0
43.5,17.0,204.3,5020.0,2.0,1.0,1
47.3,13.2,222.2,5878.0,2.0,0.0,1
46.1,18.5,176.6,4242.0,2.0,1.0,0
41.5,19.4,184.7,6241.0,2.0,0.0,1
34.0,19.9,175.3,5793.0,2.0,1.0,0
44.3,19.8,185.9,6098.0,1.0,0.0,0
45.8,20.7,216.8,5673.0,,1.0,1
52.7,20.0,204.6,6015.0,2.0,0.0,1
41.1,17.0,226.9,3196.0,1.0,1.0,1
44.6,14.3,214.7,4310.0,0.0,1.0,0
32.6,19.3,222.1,5051.0,0.0,0.0,0
52.8,18.4,,3490.0,0.0,1.0,0
51.5,16.6,215.2,3367.0,0.0,1.0,1
57.6,16.8,222.1,4513.0,0.0,0.0,1
35.2,21.2,197.3,3481.0,0.0,0.0,0
48.6,19.0,205.2,5772.0,,,1
53.4,18.4,190.9,4572.0,1.0,0.0,0
52.1,16.6,222.1,6274.0,0.0,0.0,1
44.1,13.1,216.2,4720.0,1.0,1.0,1
57.0,18.3,180.5,4512.0,0.0,0.0,0
34.7,21.4,212.4,5906.0,2.0,1.0,1
54.5,13.5,,4435.0,0.0,1.0,1
51.7,18.0,201.9,2999.0,2.0,0.0,0
38.5,14.2,188.9,3613.0,0.0,0.0,0
59.1,21.2,192.8,6101.0,1.0,0.0,0
49.1,13.7,210.2,3282.0,0.0,1.0,1
57.1,15.6,208.9,4651.0,1.0,1.0,1
34.4,20.4,206.0,3390.0,0.0,0.0,0
38.6,15.9,222.8,6063.0,1.0,1.0,1
58.5,13.9,173.3,5500.0,2.0,0.0,1
59.5,16.3,187.2,3311.0,,0.0,1
44.5,21.2,199.9,3673.0,2.0,1.0,0
44.2,16.6,193.3,4130.0,1.0,1.0,0
49.7,20.0,192.5,3596.0,,1.0,1
43.1,18.7,186.5,5476.0,0.0,0.0,0
40.9,19.3,202.6,,1.0,1.0,1
33.1,14.3,214.5,6187.0,1.0,1.0,1
49.0,13.4,179.4,3203.0,1.0,0.0,1
47.6,21.3,,4171.0,1.0,0.0,1
39.2,19.1,220.9,3778.0,0.0,1.0,0
37.2,14.1,220.0,4016.0,2.0,0.0,1
51.1,16.7,217.9,3378.0,2.0,0.0,1
36.5,16.7,224.2,6196.0,0.0,0.0,1
51.9,15.0,,2795.0,0.0,0.0,0
43.8,15.7,232.6,6057.0,0.0,0.0,1
50.0,20.4,176.0,4479.0,0.0,1.0,0
56.0,15.5,220.0,3216.0,1.0,1.0,1
48.0,14.6,170.4,2910.0,0.0,0.0,0
44.7,21.0,180.9,4546.0,0.0,1.0,0
46.1,13.6,221.6,3740.0,1.0,0.0,1
43.2,15.5,177.2,4159.0,2.0,0.0,0
42.4,15.1,221.1,4813.0,0.0,1.0,0
53.4,19.5,200.7,6082.0,0.0,1.0,1
38.6,20.3,205.5,3816.0,1.0,1.0,0
52.7,16.7,233.5,5518.0,0.0,0.0,1
43.8,20.5,179.6,2820.0,0.0,1.0,0
32.1,15.8,220.6,4312.0,1.0,1.0,1
47.6,16.3,222.8,3120.0,0.0,1.0,0
58.3,21.2,173.1,4545.0,2.0,1.0,1
49.8,21.4,197.8,3320.0,0.0,0.0,0
42.0,21.3,216.4,3242.0,0.0,1.0,0
48.6,17.2,231.2,5922.0,1.0,0.0,1
33.7,17.4,222.5,,0.0,1.0,0
36.1,18.7,220.8,3309.0,,0.0,0
59.3,21.1,174.3,3212.0,1.0,0.0,0
38.6,20.1,212.1,3873.0,2.0,0.0,0
49.2,15.7,179.9,5518.0,2.0,0.0,1
50.6,14.4,183.1,4464.0,1.0,1.0,0
55.6,18.3,229.5,,2.0,1.0,1
35.1,19.8,216.2,5411.0,2.0,1.0,0
59.0,20.5,183.9,5342.0,2.0,0.0,1
51.5,14.2,229.3,5174.0,2.0,1.0,1
32.7,16.9,187.6,3589.0,2.0,1.0,0
36.6,17.9,170.2,4565.0,0.0,1.0,0
39.8,17.9,176.8,3459.0,1.0,0.0,0
53.8,18.0,201.0,5675.0,0.0,,1
44.4,17.7,216.8,4593.0,2.0,1.0,1
41.1_err,14.0,201.4,5351.0,0.0,1.0,1
32.8,19.4,,6211.0,1.0,1.0,0
,14.1,205.6,4803.0,2.0,1.0,1
47.1,18.6,201.7,4689.0,2.0,1.0,0
,17.3,194.5,2745.0,0.0,1.0,0
38.9,16.9,215.0,5585.0,1.0,1.0,1
32.9,13.9,180.9,5330.0,,0.0,1
43.9,18.1,182.2,5994.0,0.0,0.0,0
51.5,19.7,229.8,4134.0,0.0,0.0,1
35.4,17.6,184.6,5955.0,2.0,0.0,1
57.0,13.0,180.3,2808.0,0.0,1.0,0
39.6,14.0,204.1,5966.0,2.0,0.0,1
47.1,19.7,198.2,5211.0,2.0,0.0,1
53.1,14.0,181.2,5043.0,1.0,0.0,1
36.9,17.1,184.6,5975.0,2.0,1.0,0
33.0,17.1,212.4,4608.0,1.0,1.0,0
45.1,21.1,190.6,3249.0,1.0,0.0,0
34.8,20.3,208.9,3862.0,1.0,0.0,0
39.6,16.2,190.9,3032.0,0.0,1.0,0
50.7,21.2,226.4,5583.0,1.0,1.0,1
36.2,21.0,181.4,3792.0,0.0,1.0,0
,16.6,232.3,5247.0,1.0,0.0,1
43.4,18.4,214.9,5823.0,0.0,1.0,1
53.9,16.5,205.1,5900.0,0.0,1.0,1
36.0,13.9,200.9,5272.0,0.0,1.0,0
39.5,20.4,222.9,4041.0,2.0,0.0,1
39.8,13.8,173.6,6204.0,0.0,0.0,1
39.1,15.0,213.1,5012.0,0.0,0.0,1
57.0,18.5,225.2,3580.0,1.0,1.0,0
49.5,20.0,179.1,,0.0,0.0,0
34.0,16.8,196.5,5419.0,2.0,0.0,1
34.0,13.5,198.7,4319.0,2.0,0.0,0
51.7,19.1,231.7,4133.0,0.0,1.0,1
47.6,15.8,227.5,6292.0,0.0,0.0,1
49.4,16.0,229.1,6062.0,0.0,1.0,0
51.2,17.9,231.9,6101.0,0.0,0.0,1
52.9,15.8,184.0,5057.0,2.0,0.0,0
46.4,15.6,171.1,4664.0,1.0,0.0,1
49.7,13.7,221.3,4130.0,0.0,1.0,1
58.3,21.3,,4218.0,0.0,0.0,0
33.3,15.6,210.6,5373.0,0.0,1.0,0
44.4,16.3,201.2,3211.0,2.0,0.0,0
39.3,17.1,218.0,4541.0,1.0,1.0,1
33.5,13.3,195.3,3170.0,0.0,0.0,0
47.9,16.3,229.2,3578.0,0.0,1.0,1
50.4,21.3,208.5,3579.0,2.0,0.0,1
36.1,15.5,205.7,4695.0,0.0,1.0,1
57.5,18.3,198.5,5834.0,0.0,0.0,0
51.5,13.3,195.7,5234.0,0.0,0.0,1
48.2,14.3,201.2,4596.0,1.0,,0
53.7,17.1,189.6,3503.0,1.0,0.0,0
47.4,,202.7,3093.0,2.0,1.0,0
32.2,15.4,172.1,3217.0,1.0,1.0,0
36.6,14.7,189.1,4764.0,1.0,1.0,0
42.7,15.7,185.3,2965.0,1.0,0.0,0
32.6,15.9,176.4,2926.0,1.0,,0
33.6,15.7,189.5,6082.0,1.0,0.0,1
54.1,21.4,199.3,2769.0,2.0,0.0,1
55.3,18.0,195.9,5765.0,2.0,0.0,1
50.5,18.7,203.2,4602.0,2.0,0.0,1
41.9,18.0,179.8,5271.0,1.0,0.0,0
32.6,20.5,174.0,4712.0,0.0,,0
39.8,21.7,223.1,5801.0,2.0,0.0,1
37.0,13.2,180.1,4364.0,1.0,1.0,0
56.3,14.9,195.8,5300.0,0.0,,1
32.2,17.5,183.0,3081.0,0.0,1.0,0
53.9,14.0,187.2,3499.0,2.0,1.0,1
44.3,14.2,213.0,2753.0,1.0,1.0,0
50.3,18.1,213.0,5193.0,1.0,1.0,1
55.6,14.9,227.6,3387.0,1.0,0.0,1
59.9,17.9,186.3,3818.0,2.0,0.0,1
41.7,17.6,182.9,5029.0,1.0,1.0,1
40.9,17.0,175.9,6220.0,1.0,1.0,0
58.4,13.5,218.1,2827.0,1.0,1.0,1
44.8,19.9,230.5,4906.0,2.0,0.0,1
52.0,16.1,174.4,3861.0,1.0,0.0,1
59.9,19.7,228.4,,1.0,1.0,1
43.1,,225.0,5973.0,,0.0,1
36.8,17.1,199.2,6181.0,1.0,1.0,1
44.8,20.5,197.5,2959.0,0.0,0.0,0
59.8,21.3,178.8,3021.0,2.0,0.0,0
37.7,19.3,205.3,6213.0,1.0,1.0,1
48.1,17.4,205.6,5060.0,1.0,1.0,1
42.2,16.5,220.4,3702.0,0.0,0.0,0
37.9,15.8,225.7,6284.0,1.0,1.0,1
49.7,15.8,190.9,3790.0,0.0,1.0,1
55.4,16.7,214.9,3002.0,1.0,1.0,1
58.4,17.0,205.0,3825.0,2.0,0.0,0
33.3,20.7,211.3,3292.0,0.0,0.0,0
46.4,17.1,200.2,5924.0,2.0,0.0,1
,20.6,224.1,4875.0,2.0,1.0,1
59.7,13.2,171.1,6022.0,1.0,1.0,1
53.5,17.1,181.8,6275.0,2.0,1.0,1
41.6,14.5,194.0,4507.0,0.0,1.0,0
59.5,21.8,217.4,6042.0,0.0,1.0,1
59.3,19.3,216.6,5151.0,2.0,1.0,1
53.8,16.6,215.1,5384.0,0.0,1.0,1
37.4,15.9,181.0,4292.0,2.0,1.0,1
41.0,14.4,191.6,4751.0,2.0,1.0,0
59.2_err,18.8,199.8,5453.0,1.0,1.0,1
48.4,19.9,218.5,2781.0,0.0,0.0,0
57.9,16.4,192.4,2959.0,1.0,0.0,1
51.0,20.0,206.9,4143.0,0.0,0.0,0
54.7,14.1,180.6,5512.0,0.0,1.0,0
57.9,16.9,214.4,3321.0,1.0,1.0,1
55.2,21.6,191.3,5023.0,2.0,0.0,1
39.5,17.3,,4046.0,1.0,1.0,0
42.7,15.1,224.7,4683.0,1.0,0.0,0
34.4,15.8,219.6,4864.0,0.0,0.0,0
44.1,18.4,210.3,5706.0,1.0,0.0,1
57.4,13.8,227.1,4863.0,1.0,1.0,1
51.1,17.9,228.6,3842.0,0.0,1.0,1
53.1,17.7,200.3,6137.0,0.0,1.0,1
48.7,15.7,209.0,4906.0,0.0,0.0,0
32.1,17.9,233.9,5345.0,0.0,0.0,1
50.9,16.5,200.1,5285.0,1.0,0.0,1
36.8,16.7,186.7,3232.0,0.0,,0
42.5,16.1,201.4,4107.0,1.0,1.0,0
48.6,18.9,174.5,4943.0,0.0,0.0,0
33.9,20.3,201.5,5612.0,,1.0,0
36.4,15.7,185.0,6201.0,0.0,1.0,1
37.5,20.2,213.7,5054.0,1.0,1.0,1
32.5,16.9,219.3,3242.0,2.0,0.0,0
53.6,13.1,231.9,5460.0,1.0,1.0,1
34.9,19.8,171.6,4730.0,1.0,1.0,0
57.8,20.3,199.1,3218.0,0.0,1.0,0
41.2,19.0,211.2,4962.0,1.0,1.0,1
49.8,16.8,215.9,6090.0,2.0,1.0,1
,17.9,223.8,6096.0,2.0,0.0,1
57.8,17.7,187.5,5493.0,2.0,1.0,1
59.1,15.7,,4756.0,0.0,0.0,1
41.4,19.5,228.2,3077.0,0.0,0.0,0
42.2,20.6,225.8,4487.0,1.0,0.0,0
49.9,17.4,232.6,5054.0,2.0,0.0,1
50.0,13.3,191.8,5108.0,1.0,1.0,1
45.0,13.9,203.1,5189.0,0.0,1.0,1
50.5,18.3,223.4,3228.0,0.0,1.0,1
58.3,17.0,207.7,5973.0,2.0,0.0,1
45.9,21.6,205.5,2749.0,0.0,,0
55.8,20.1,210.2,4855.0,1.0,1.0,1
57.8,15.2,228.9,5555.0,0.0,0.0,1
32.4,16.8,221.5,4318.0,0.0,0.0,0
50.8,15.3,218.4,3853.0,1.0,1.0,1
52.2,18.9,233.7,5804.0,1.0,1.0,1
59.9,18.1,196.9,4184.0,2.0,0.0,1
45.8,17.4,199.8,6048.0,0.0,1.0,0
56.4,21.5,194.7,5774.0,0.0,1.0,1
34.5,20.7,192.9,5740.0,2.0,0.0,0
41.8,17.8,178.7,4997.0,0.0,1.0,1
57.3,19.8,192.3,4778.0,2.0,0.0,1
49.8,21.7,,5495.0,2.0,1.0,1
35.0,18.9,187.6,5499.0,2.0,0.0,0
43.1,16.8,233.8,5870.0,0.0,0.0,1
39.4,13.8,195.8,4508.0,0.0,1.0,1
34.9,15.5,200.8,2973.0,2.0,1.0,0
41.3,20.3,216.8,4456.0,0.0,1.0,0
51.7,19.5,178.2,5165.0,0.0,1.0,1
57.8,19.5,234.9,4086.0,0.0,0.0,1
34.4,21.9,220.6,4050.0,2.0,0.0,1
35.0,16.7,216.9,4926.0,2.0,0.0,1
33.9,20.5,188.8,4568.0,0.0,0.0,0
42.1,20.9,196.2,5114.0,0.0,0.0,1
32.2,20.5,,3821.0,1.0,1.0,0
46.4,13.1,181.1,2988.0,1.0,0.0,0
47.7,20.3,175.6,4461.0,2.0,0.0,0
54.2,15.4,201.7,5411.0,1.0,0.0,1
42.2,21.9,194.0,6088.0,2.0,1.0,1
53.2,14.1,191.0,2861.0,0.0,0.0,0
40.5,13.8,209.6,6101.0,0.0,0.0,1
54.1,18.9,218.7,5077.0,1.0,0.0,1
39.2,15.1,198.8,4000.0,2.0,1.0,0
39.7,19.6,226.4,4541.0,1.0,1.0,0
49.8,18.0,183.9,5450.0,2.0,1.0,0
48.2,15.5,188.8,3339.0,2.0,1.0,0
41.5,20.3,234.6,5216.0,2.0,1.0,1
39.1,19.7,175.0,4485.0,2.0,0.0,0
55.0,14.0,208.2,5913.0,0.0,1.0,1
53.9,16.5,213.3,3480.0,2.0,1.0,1
41.3,19.6,234.5,5280.0,1.0,0.0,0
39.1,14.5,198.1,4465.0,2.0,1.0,1
35.0,13.1,222.5,3906.0,1.0,1.0,1
50.1,13.3,211.3,,,0.0,1
47.4,14.0,191.9,5114.0,1.0,1.0,1
58.7,,188.9,5391.0,,1.0,1
59.1,18.6,182.4,3889.0,0.0,0.0,1
35.7,15.7,203.6,5763.0,2.0,1.0,1
36.5,13.1,189.3,5933.0,2.0,0.0,0
32.4,21.5,197.8,3451.0,1.0,1.0,0
40.2,19.9,222.1,5364.0,1.0,0.0,0
32.4,21.1,181.4,2833.0,1.0,1.0,0
47.2,17.9,190.4,4892.0,1.0,0.0,1
42.7,17.2,194.9,5945.0,0.0,0.0,1
46.1,15.1,187.4,2875.0,1.0,1.0,0
44.1,20.4,178.9,6203.0,0.0,1.0,1
34.2,20.6,176.6,6120.0,0.0,1.0,0
54.6,15.2,231.4,3260.0,0.0,1.0,1
46.0,18.6,171.2,5625.0,1.0,1.0,0
59.0,14.3,170.4,2841.0,2.0,1.0,1
43.9,20.1,184.2,6162.0,0.0,0.0,0
39.9,18.9,215.9,3165.0,2.0,0.0,0
38.9,18.7,221.9,4019.0,2.0,1.0,1
42.1,16.6,170.6,4864.0,1.0,1.0,1
55.8,21.6,234.6,5665.0,2.0,0.0,1
52.0,18.6,176.6,6179.0,2.0,0.0,0
48.5,17.5,225.2,5857.0,0.0,1.0,1
,17.9,179.1,5018.0,1.0,0.0,1
48.4,16.8,213.3,,1.0,1.0,1
37.8,21.3,209.1,5619.0,0.0,1.0,0
59.5,14.3,184.6,4724.0,1.0,0.0,0
36.4,21.9,184.7,3138.0,,0.0,0
50.9,18.3,187.3,4053.0,2.0,1.0,0
37.7,21.1,192.4,4141.0,1.0,1.0,0
47.1,20.0,207.7,4674.0,1.0,1.0,0
52.6,15.5,190.0,6292.0,1.0,1.0,1
53.8,18.0,227.4,5472.0,0.0,1.0,1
38.7,16.6,195.1,3508.0,2.0,0.0,0
52.8,20.2,176.4,2980.0,1.0,1.0,1
33.5,19.2,205.4,5677.0,1.0,1.0,1
50.9,18.8,188.7,5546.0,1.0,1.0,1
56.8,20.8,216.9,5311.0,2.0,,1
58.1,14.7,228.5,4098.0,1.0,1.0,1
49.7,17.9,221.3,2766.0,0.0,0.0,1
44.2,19.1,171.8,4137.0,1.0,0.0,0
55.4,19.0,201.8,3629.0,1.0,0.0,1
37.7,16.3,173.1,5898.0,2.0,0.0,0
32.1,19.8,224.1,3354.0,2.0,0.0,0
39.1,15.4,204.4,4402.0,0.0,1.0,0
44.6,19.5,223.1,2894.0,2.0,0.0,0
32.2,20.1,221.7,5239.0,0.0,1.0,0
52.6,15.5,173.4,5519.0,1.0,1.0,0
47.7,18.9,186.6,5545.0,0.0,0.0,0
50.2,17.1,230.4,3173.0,1.0,0.0,1
37.9,15.4,,5376.0,0.0,1.0,0
33.1,14.5,230.4,5031.0,2.0,1.0,1
48.3,16.9,225.9,5587.0,2.0,0.0,1
37.3,14.5,211.6,6015.0,2.0,1.0,1
33.5,17.8,195.3,5153.0,0.0,0.0,0
41.4,14.6,223.5,6136.0,1.0,0.0,1
57.3,16.8,173.8,5675.0,1.0,0.0,0
47.1,19.1,210.4,4933.0,0.0,1.0,0
39.6,17.9,228.1,5357.0,2.0,1.0,1
39.9,18.4,177.0,4729.0,0.0,1.0,0
45.2,14.1,190.1,3591.0,0.0,0.0,0
,21.3,228.6,4158.0,2.0,0.0,1
47.8,18.7,213.4,2928.0,1.0,1.0,0
53.0,13.3,234.3,5271.0,0.0,1.0,1
50.9,19.4,184.8,3767.0,1.0,0.0,0
59.1,20.0,193.2,5598.0,0.0,1.0,1
53.8,,223.0,3096.0,0.0,1.0,1
39.0,17.5,202.3,5784.0,1.0,1.0,1
57.2,19.4,177.1,3160.0,2.0,0.0,0
51.6,14.6,173.4,4373.0,1.0,0.0,1
59.9,14.0,184.4,4752.0,2.0,0.0,1
53.4_err,16.6,192.6,5132.0,1.0,0.0,1
58.0,21.4,232.8,3228.0,1.0,0.0,1
38.8,18.9,219.9,5077.0,0.0,1.0,0
53.3,19.8,177.9,3442.0,1.0,1.0,1
37.0,15.8,232.6,4189.0,0.0,1.0,1
37.9,13.3,225.7,4702.0,1.0,1.0,1
59.8,21.7,179.9,6161.0,0.0,0.0,1
53.5,18.7,224.7,5714.0,1.0,1.0,1
36.4,21.7,200.6,3381.0,1.0,0.0,0
38.1,14.3,187.8,4182.0,1.0,0.0,0
41.7,16.7,225.5,4267.0,1.0,0.0,1
44.5,16.4,195.9,4252.0,1.0,0.0,1
41.3,19.2,,,1.0,1.0,0
36.2,19.8,187.0,5291.0,2.0,0.0,1
42.8,13.2,192.5,4372.0,0.0,,1
45.6,14.8,175.3,5471.0,2.0,0.0,1
41.9,18.0,216.1,4238.0,2.0,1.0,1
43.6,14.4,219.7,5028.0,2.0,1.0,1
52.9,13.1,230.2,4210.0,0.0,1.0,1
42.5,21.5,210.4,3046.0,1.0,1.0,0
54.0,17.3,215.9,6281.0,2.0,1.0,1
42.5,14.3,210.8,4901.0,0.0,1.0,1
36.6,16.9,221.6,5636.0,0.0,1.0,1
38.0,13.1,178.5,3718.0,2.0,0.0,0
52.3,15.6,212.7,4457.0,0.0,1.0,1
38.9,21.6,222.3,6298.0,1.0,0.0,1
45.0,21.1,232.7,4995.0,1.0,0.0,0
34.1,19.1,230.7,3695.0,2.0,1.0,0
34.7,18.2,198.3,3677.0,1.0,1.0,0
59.5,14.3,204.6,4920.0,0.0,0.0,1
43.9,18.8,180.8,3500.0,1.0,1.0,0
57.5,20.6,182.9,5459.0,1.0,0.0,1
38.8,21.1,171.3,6280.0,2.0,1.0,0
35.2_err,13.1,192.8,3114.0,1.0,1.0,0
59.5,21.1,232.6,2982.0,1.0,1.0,1
49.3,15.2,208.0,3482.0,2.0,0.0,1
38.7,15.7,203.2,4258.0,2.0,0.0,0
32.3,13.4,189.9,4802.0,2.0,1.0,0
45.4,17.7,214.0,5246.0,1.0,0.0,1
47.3,21.8,232.0,5500.0,0.0,0.0,0
45.4,13.5,227.1,4507.0,0.0,0.0,1
33.9,16.0,208.3,2987.0,0.0,1.0,0
43.7,21.1,223.1,5749.0,1.0,0.0,1
47.2,18.3,172.9,5083.0,2.0,0.0,1
55.2,20.9,193.1,4625.0,1.0,0.0,0
39.7,14.0,182.9,6166.0,1.0,0.0,0
49.6,14.0,173.3,2844.0,1.0,1.0,0
33.5,18.3,187.5,4151.0,0.0,0.0,0
52.8,,201.1,2775.0,2.0,1.0,1
36.5,16.5,199.8,3799.0,0.0,,0
43.9,,177.5,4410.0,1.0,1.0,1
33.5,19.8,230.5,6200.0,1.0,0.0,0
54.9,,221.2,3387.0,0.0,1.0,0
46.4,16.2,189.0,4494.0,0.0,0.0,0
40.5,,234.7,5552.0,1.0,0.0,1
56.2,13.4,214.8,5099.0,2.0,0.0,1
32.4,19.2,234.7,4889.0,0.0,1.0,1
44.2,17.8,193.2,5297.0,1.0,1.0,1
46.3,14.4,218.6,4453.0,1.0,0.0,1
42.1,16.6,183.8,3832.0,1.0,0.0,0
39.3,14.1,181.7,3813.0,2.0,0.0,0
49.2,15.7,171.4,5785.0,0.0,0.0,0
46.1,18.9,234.3,6091.0,0.0,0.0,1
38.5,13.2,186.4,4171.0,2.0,1.0,0
34.0,,226.0,4083.0,2.0,1.0,1
44.4,18.5,183.8,5719.0,0.0,0.0,0
34.9,16.3,186.0,5585.0,0.0,1.0,0
39.1,18.3,233.0,4915.0,0.0,0.0,0
57.6,19.4,182.5,5721.0,1.0,0.0,1
55.9,20.6,191.7,4175.0,1.0,0.0,0
49.0,18.5,172.9,4544.0,2.0,1.0,0
57.0,19.5,190.0,3781.0,1.0,0.0,0
40.6,15.5,217.6,3185.0,0.0,1.0,0
58.9,17.3,172.5,5178.0,0.0,1.0,1
43.0,14.8,222.9,,0.0,1.0,1
53.2,18.8,174.9,2828.0,0.0,0.0,0
49.1,19.3,230.0,4128.0,1.0,0.0,0
45.7,19.3,223.4,4459.0,1.0,1.0,0
49.2,21.5,189.3,5007.0,1.0,0.0,0
48.8,20.2,204.7,3346.0,0.0,1.0,1
42.9,15.8,201.7,5398.0,0.0,1.0,0
37.1,21.2,197.3,3879.0,2.0,1.0,0
57.6,16.3,222.4,3519.0,0.0,0.0,1
57.4,20.8,178.0,6282.0,1.0,0.0,1
33.4,21.8,220.4,5760.0,0.0,0.0,0
53.9,18.7,204.0,5842.0,2.0,0.0,0
39.2,,232.5,5292.0,2.0,0.0,0
33.6,13.0,178.4,5791.0,2.0,1.0,1
37.2,21.1,205.8,6263.0,2.0,1.0,1
45.2,20.3,176.1,3930.0,0.0,1.0,0
55.9,19.1,212.8,2855.0,2.0,0.0,1
59.5,20.3,188.6,3782.0,1.0,1.0,1
52.7,19.6,203.2,4944.0,0.0,0.0,0
37.8,20.9,203.0,4609.0,2.0,0.0,1
33.6,21.9,231.4,4001.0,0.0,1.0,0
41.8,21.7,208.7,2910.0,1.0,0.0,0
37.8_err,13.6,209.6,3321.0,1.0,0.0,1
,20.1,187.7,3785.0,1.0,1.0,0
36.2,21.0,200.7,3205.0,2.0,1.0,0
55.1,17.1,212.9,5943.0,1.0,1.0,1
58.5,21.3,175.7,3591.0,1.0,0.0,0
37.8,14.5,172.6,3090.0,2.0,1.0,0
50.1,13.4,218.1,6237.0,1.0,1.0,1
35.2,13.6,218.5,5469.0,1.0,0.0,1
45.7,19.6,206.0,3062.0,2.0,1.0,1
38.0,18.9,202.3,4460.0,2.0,1.0,0
32.0,14.7,181.5,4408.0,2.0,0.0,0
32.1,13.2,214.4,4970.0,1.0,0.0,1
52.8,13.9,179.2,3640.0,2.0,0.0,1
48.2,17.5,225.7,5307.0,0.0,0.0,0
55.1,19.2,226.9,3485.0,,0.0,1
38.3,14.3,208.9,2970.0,0.0,0.0,1
41.5,18.4,202.2,4472.0,2.0,,1
50.1,18.7,188.6,2910.0,1.0,1.0,0
32.4,,222.5,4361.0,0.0,1.0,0
50.8,17.7,221.0,6013.0,1.0,1.0,1
43.1,17.4,184.9,4251.0,2.0,1.0,1
,15.9,213.8,3877.0,2.0,1.0,1
34.8,17.2,183.1,4887.0,2.0,0.0,0
46.4,17.3,191.4,2732.0,0.0,0.0,0
49.5,13.1,196.1,4716.0,2.0,0.0,1
49.6,14.1,212.7,5322.0,2.0,0.0,1
36.2,14.1,170.1,3847.0,2.0,0.0,0
35.6,18.3,208.2,4850.0,1.0,0.0,0
34.8,21.3,234.4,5058.0,0.0,0.0,0
34.9,17.3,212.6,2906.0,2.0,1.0,0
49.0_err,17.2,228.9,4113.0,0.0,,1
45.9,16.5,233.1,4676.0,1.0,0.0,1
44.7,16.2,202.9,3191.0,2.0,1.0,1
36.3,20.7,225.6,5041.0,0.0,1.0,1
52.1,16.0,225.1,6044.0,1.0,1.0,1
36.6,13.5,171.5,5898.0,0.0,1.0,0
56.2,18.1,215.8,4655.0,,0.0,1
33.0,17.8,180.3,3667.0,1.0,1.0,0
37.6,16.3,217.2,5244.0,2.0,0.0,1
32.2,17.4,178.1,4951.0,1.0,0.0,0
56.7,18.7,190.2,2712.0,0.0,0.0,0
48.6,13.1,195.6,4581.0,0.0,1.0,0
,21.4,199.3,4389.0,0.0,1.0,0
59.7,,192.5,3603.0,2.0,0.0,1
,21.7,180.0,4126.0,1.0,1.0,0
41.7,19.7,229.8,6003.0,2.0,1.0,1
52.4,15.7,172.3,,2.0,0.0,1
34.1,13.5,194.5,5832.0,1.0,0.0,1
51.4,16.5,174.6,4416.0,0.0,0.0,0
54.8,19.2,178.1,2758.0,1.0,0.0,0
42.8,16.7,227.1,4190.0,0.0,1.0,1
35.0,21.6,231.5,,2.0,0.0,0
32.1,15.4,214.8,4560.0,2.0,0.0,1
39.4,17.8,216.7,4570.0,1.0,1.0,1
40.4,17.4,,6138.0,2.0,0.0,1
33.3,18.3,172.9,4468.0,2.0,1.0,0
47.2,15.3,205.1,4332.0,0.0,1.0,1
44.3,13.7,201.3,5120.0,2.0,0.0,1
48.5,20.6,177.0,4484.0,2.0,0.0,0
34.9,21.5,204.8,5640.0,1.0,1.0,0
43.8,17.2,182.4,3238.0,0.0,1.0,0
41.4,18.1,191.8,6059.0,2.0,1.0,1
32.2,13.5,205.9,4271.0,2.0,1.0,1
42.3,18.8,228.8,4561.0,2.0,0.0,1
46.7,18.2,229.0,5810.0,1.0,1.0,1
54.5,15.1,189.2,4962.0,0.0,1.0,0
47.6,18.6,232.9,4806.0,0.0,1.0,1
49.5,19.1,202.6,3086.0,1.0,1.0,1
42.0,14.0,215.7,3747.0,0.0,0.0,0
57.0,20.2,204.1,3222.0,1.0,1.0,1
53.1,16.5,209.2,4463.0,0.0,0.0,0
58.5,19.7,201.5,4130.0,0.0,1.0,1
42.6,20.8,203.5,3182.0,,0.0,0
49.9,16.9,194.4,5560.0,0.0,1.0,1
47.1,14.2,171.5,4724.0,0.0,0.0,0
44.8,13.8,213.1,5676.0,1.0,1.0,1
59.2,19.5,187.4,3105.0,2.0,1.0,0
38.5,16.0,224.8,4119.0,0.0,1.0,1
58.0,13.7,185.4,4128.0,2.0,1.0,1
43.8,15.4,217.8,5731.0,1.0,0.0,1
50.7,21.7,200.7,4885.0,1.0,0.0,1
55.1,14.5,213.2,3571.0,0.0,1.0,1
49.3,21.8,211.6,3719.0,1.0,1.0,0
35.5,18.3,215.3,3145.0,2.0,1.0,1
49.9,20.7,193.5,4868.0,0.0,1.0,1
37.3,16.0,185.5,6273.0,2.0,0.0,1
46.8,15.4,193.6,3656.0,0.0,1.0,0
36.6,18.6,221.0,5017.0,2.0,0.0,0
33.2,21.9,210.6,5218.0,2.0,1.0,0
37.8,16.9,207.4,5627.0,0.0,0.0,1
40.5,19.9,198.0,3415.0,1.0,1.0,0
57.5,13.3,174.7,5454.0,0.0,0.0,1
36.4,21.4,179.7,4561.0,1.0,1.0,0
57.5,14.3,187.4,5167.0,0.0,0.0,1
59.5,14.4,202.6,3812.0,2.0,,1
,15.0,177.9,2849.0,2.0,0.0,0
35.4,20.8,192.3,5390.0,2.0,0.0,1
49.4,13.2,181.7,4565.0,2.0,1.0,1
57.4,18.8,217.3,5188.0,1.0,1.0,0
33.7,15.6,233.2,4080.0,2.0,1.0,1
51.0,14.4,215.4,4124.0,0.0,0.0,0
37.6,21.2,202.4,3591.0,2.0,1.0,0
45.3,19.1,201.3,3014.0,1.0,1.0,0
45.5,18.3,205.6,3955.0,2.0,0.0,1
59.7,18.9,,3735.0,2.0,1.0,1
37.5,14.5,186.7,5753.0,0.0,1.0,0
37.4,21.3,176.9,5116.0,0.0,0.0,0
33.8,19.2,202.5,5360.0,2.0,0.0,0
36.1,13.9,207.3,,2.0,1.0,1
32.7,20.4,192.3,5614.0,1.0,1.0,0
52.1,15.6,194.9,4493.0,1.0,0.0,1
51.6,17.0,221.7,2870.0,2.0,1.0,1
38.1,16.2,225.0,5663.0,0.0,1.0,1
33.4,19.4,215.8,6200.0,2.0,,0
48.1,14.0,223.4,4924.0,0.0,1.0,1
34.1,21.9,186.2,3958.0,2.0,0.0,0
53.6,19.8,185.4,4955.0,1.0,1.0,0
55.4,20.9,216.7,4714.0,1.0,0.0,1
41.2,20.5,234.8,4465.0,0.0,0.0,1
57.5,18.6,226.9,4669.0,2.0,1.0,1
33.3,18.2,225.7,4258.0,2.0,0.0,1
56.2,14.0,191.5,4100.0,0.0,0.0,1
36.8,19.0,175.8,4220.0,0.0,1.0,0
,13.5,228.8,3112.0,1.0,0.0,1
35.5,17.1,184.7,2775.0,1.0,0.0,0
35.9,13.9,186.4,4460.0,1.0,0.0,0
39.0,18.4,231.4,2792.0,0.0,0.0,0
51.0,14.0,222.9,3761.0,0.0,1.0,1
40.8,20.8,193.1,3253.0,1.0,1.0,0
32.4,18.6,213.8,3515.0,2.0,1.0,0
55.9,21.8,228.2,5831.0,2.0,1.0,1
47.5,14.3,179.6,5844.0,2.0,0.0,1
49.0,17.1,213.2,2889.0,0.0,1.0,1
42.8,16.9,223.2,4919.0,2.0,0.0,1
53.1,19.2,200.4,4108.0,1.0,0.0,1
45.2,15.3,195.1,3478.0,0.0,1.0,0
44.2,20.5,213.7,4556.0,0.0,1.0,0
48.4,20.8,209.5,2744.0,0.0,1.0,0
37.4,20.5,232.3,3251.0,2.0,0.0,0
,18.3,202.8,4042.0,1.0,0.0,1
38.9,17.4,181.0,3085.0,0.0,0.0,0
33.5,14.8,204.3,4942.0,0.0,1.0,0
34.2,22.0,208.1,3483.0,0.0,1.0,0
53.3,14.9,216.7,5855.0,2.0,0.0,1
44.8,15.8,213.5,5405.0,0.0,1.0,1
59.7,16.4,231.8,,0.0,1.0,1
,18.2,199.8,6035.0,0.0,0.0,1
49.5,18.6,,4650.0,2.0,1.0,0
44.8,13.8,223.4,2931.0,2.0,0.0,1
52.0,17.6,176.4,3040.0,0.0,1.0,0
37.9,16.8,203.7,6194.0,2.0,1.0,1
34.0,18.1,223.8,5976.0,0.0,0.0,1
56.0,20.2,199.7,4318.0,2.0,0.0,1
40.2,16.2,191.7,3473.0,1.0,1.0,0
38.5,19.1,179.6,5956.0,2.0,1.0,0
45.8,16.9,201.4,,2.0,1.0,1
49.9,17.7,222.8,6029.0,2.0,0.0,1
46.6,20.6,212.9,3200.0,1.0,0.0,0
47.3,21.5,209.3,4650.0,0.0,1.0,0
53.7,18.8,191.1,5603.0,1.0,0.0,1
39.4,19.1,218.4,6156.0,0.0,1.0,1
46.2,17.4,220.2,5427.0,1.0,1.0,1
42.8,17.4,186.7,5715.0,1.0,1.0,1
54.4,17.5,233.0,3672.0,0.0,1.0,1
42.4,16.4,172.5,4982.0,0.0,0.0,0
47.0,20.4,220.9,5284.0,0.0,1.0,1
50.6,15.3,204.7,3202.0,1.0,1.0,1
33.7,18.3,185.2,6245.0,2.0,1.0,1
52.9,17.0,226.2,4648.0,1.0,1.0,1
38.5,18.6,185.4,3736.0,0.0,1.0,0
54.7,21.0,223.5,6252.0,0.0,0.0,1
33.0,15.5,222.2,4548.0,2.0,1.0,1
53.0,17.1,229.2,5909.0,1.0,1.0,1
,14.6,183.5,5448.0,2.0,0.0,0
50.1,21.4,184.4,4990.0,1.0,0.0,1
59.4,17.5,205.0,5970.0,0.0,1.0,1
45.3,17.6,232.5,4973.0,0.0,0.0,0
57.5,16.0,189.6,3362.0,1.0,1.0,1
57.3,20.6,,4385.0,2.0,0.0,0
51.2,18.1,216.1,5804.0,0.0,1.0,1
44.3,14.9,176.0,4546.0,2.0,1.0,0
36.8,19.4,187.1,4527.0,0.0,1.0,0
43.8,15.8,177.0,4463.0,2.0,1.0,1
38.0,20.2,198.9,2865.0,0.0,1.0,0
58.0,16.6,194.2,4999.0,1.0,1.0,1
49.0,21.9,226.0,4171.0,2.0,0.0,1
52.4,19.9,223.4,5569.0,1.0,1.0,0
50.3,19.7,221.7,3881.0,0.0,1.0,0
41.8,14.0,234.5,4699.0,2.0,0.0,1
45.3,17.1,232.1,5938.0,0.0,1.0,1
37.4,18.4,219.5,3674.0,0.0,1.0,1
47.0,14.8,184.6,5862.0,0.0,,1
50.4,20.3,179.3,4853.0,2.0,1.0,1
53.2,17.4,232.0,4291.0,2.0,1.0,1
51.7,17.4,195.7,3563.0,1.0,1.0,0
42.4,15.2,213.6,5395.0,0.0,1.0,1
38.0,20.7,174.3,2765.0,2.0,0.0,0
43.0,17.7,195.1,3271.0,2.0,0.0,1
44.4,15.5,217.4,5619.0,0.0,1.0,1
40.9,21.2,215.1,3286.0,0.0,0.0,0
53.4,15.6,234.4,2953.0,0.0,0.0,1
47.2,17.6,190.4,4100.0,0.0,0.0,0
41.1,14.2,217.4,4303.0,2.0,0.0,1
43.5,15.5,195.9,5114.0,0.0,1.0,1
40.1,16.0,221.1,6249.0,1.0,0.0,1
38.6,13.0,175.7,3060.0,1.0,0.0,0
46.1,21.0,231.6,4297.0,0.0,0.0,0
58.6,14.4,210.0,4087.0,0.0,0.0,1
56.1,13.9,231.3,2784.0,1.0,1.0,1
38.1,21.8,204.4,3480.0,2.0,1.0,1
33.4,14.1,179.6,3922.0,0.0,1.0,0
46.9,18.3,225.9,3594.0,0.0,0.0,1
57.6,17.2,172.0,2998.0,0.0,,0
58.3,13.4,181.2,4778.0,1.0,0.0,1
47.7,21.8,231.1,4832.0,1.0,1.0,1
53.2,14.7,208.8,3557.0,1.0,1.0,1
55.0,15.3,221.1,3286.0,2.0,0.0,0
45.8,18.1,178.2,2878.0,2.0,1.0,0
37.1,16.6,224.6,5285.0,2.0,0.0,1
56.2,18.2,225.4,6265.0,2.0,0.0,1
45.2,13.3,206.2,6125.0,2.0,0.0,1
51.1,16.7,230.0,3940.0,2.0,1.0,1
33.1,13.1,185.8,3545.0,0.0,0.0,0
36.8,17.8,172.1,5073.0,2.0,1.0,0
39.3,16.7,230.9,3542.0,0.0,1.0,0
45.9,19.2,208.2,4760.0,1.0,0.0,0
38.3,13.7,224.9,5584.0,,0.0,1
49.4,20.0,,4020.0,1.0,1.0,0
38.6,20.9,225.6,3064.0,0.0,1.0,0
39.4,19.2,196.4,3720.0,1.0,1.0,0
49.5,18.7,182.5,5175.0,2.0,1.0,1
46.0,17.5,191.6,5837.0,1.0,1.0,1
49.4,16.7,172.5,4917.0,1.0,0.0,0
45.5,15.6,232.7,4124.0,1.0,0.0,1
49.8,19.9,191.2,6241.0,2.0,1.0,1
50.1,13.6,,4921.0,2.0,0.0,1
50.6,16.7,187.2,2974.0,2.0,1.0,1
34.5,20.0,210.8,5005.0,1.0,1.0,1
49.1,19.9,182.1,6145.0,2.0,1.0,0
33.8,14.4,227.2,3866.0,2.0,1.0,0
54.0,21.7,212.4,3459.0,1.0,0.0,0
48.5,14.4,227.6,3107.0,1.0,0.0,0
59.8,17.0,182.8,3751.0,1.0,1.0,0
43.5,18.0,212.8,3493.0,0.0,1.0,0
34.1,14.7,173.3,,1.0,0.0,0
45.8,19.3,184.1,5501.0,2.0,1.0,1
49.3,19.7,210.6,5234.0,0.0,1.0,0
45.3,17.7,221.3,5746.0,2.0,0.0,1
38.0,17.5,184.9,2814.0,1.0,0.0,0
32.6,15.4,200.9,4138.0,1.0,0.0,0
49.5,16.9,182.0,3478.0,1.0,1.0,0
51.9,18.0,188.9,5525.0,1.0,0.0,0
41.6,18.0,221.7,4548.0,2.0,0.0,0
34.6,21.2,223.7,4922.0,1.0,0.0,0
48.7,18.9,231.1,3422.0,2.0,1.0,1
33.1,21.5,184.9,3019.0,2.0,0.0,0
47.3,16.8,213.8,5974.0,0.0,0.0,1
55.9,20.9,172.9,2796.0,0.0,1.0,0
55.6,16.5,201.8,4970.0,0.0,0.0,1
37.5,15.2,196.3,5363.0,2.0,1.0,1
39.9,15.2,226.5,5386.0,0.0,1.0,1
40.5,16.4,234.3,2706.0,1.0,1.0,0
57.7,19.1,197.3,4470.0,1.0,0.0,1
51.3,,185.6,4665.0,0.0,1.0,1
59.8,20.8,196.8,3328.0,0.0,1.0,1
35.5,14.8,224.4,2816.0,1.0,1.0,0
58.2,15.3,172.9,6108.0,0.0,1.0,1
53.8,13.9,225.8,4623.0,,1.0,1
34.2,16.3,193.1,3717.0,0.0,0.0,0
41.7,16.1,186.2,5940.0,0.0,0.0,1
33.5,16.0,212.5,4168.0,1.0,0.0,1
41.5,19.2,171.5,5781.0,2.0,0.0,1
39.6,15.4,227.5,4510.0,1.0,0.0,1
34.3,17.5,170.8,5516.0,2.0,1.0,0
40.2,17.2,204.3,5946.0,2.0,1.0,1
44.1,16.5,194.4,4667.0,0.0,0.0,0
43.6,17.3,210.5,4873.0,0.0,1.0,1
58.1,14.7,189.1,5956.0,0.0,1.0,1
33.2,15.6,185.0,3572.0,2.0,0.0,0
50.9,,201.9,6125.0,2.0,,1
35.8,19.3,209.3,5435.0,1.0,1.0,0
49.8,13.5,180.0,5940.0,2.0,0.0,1
58.4,16.2,212.0,3523.0,2.0,0.0,1
55.4,13.7,230.9,5520.0,0.0,0.0,1
,15.5,213.9,2828.0,0.0,1.0,0
52.3,16.7,231.1,3593.0,0.0,1.0,0
43.9,13.1,216.5,5648.0,1.0,0.0,1
39.3,17.3,189.1,2985.0,2.0,1.0,1
51.0,15.9,194.8,4362.0,2.0,1.0,1
54.0,14.6,209.7,4146.0,0.0,1.0,1
46.1,21.9,189.0,3813.0,2.0,1.0,0
47.9,13.7,210.3,4177.0,1.0,0.0,1
46.8,18.6,202.0,3429.0,1.0,0.0,0
39.5,19.9,230.5,3139.0,0.0,0.0,0
43.1,19.4,201.5,3987.0,2.0,0.0,0
57.4,20.6,195.0,3245.0,0.0,0.0,0
48.7,19.1,177.3,5606.0,2.0,1.0,1
50.2,20.6,176.1,3636.0,1.0,0.0,0
45.5,20.0,181.3,5392.0,2.0,0.0,1
36.7,19.8,177.6,4573.0,2.0,0.0,0
52.7,15.5,190.6,4299.0,2.0,0.0,1
42.2,17.9,217.5,2956.0,2.0,0.0,1
35.7,15.3,192.6,6269.0,2.0,0.0,1
54.5,13.8,182.8,6181.0,1.0,0.0,1
40.5,19.3,196.1,5109.0,2.0,1.0,1
36.9,17.2,202.7,5574.0,2.0,0.0,1
59.5,18.4,203.7,5330.0,1.0,0.0,1
48.4,17.8,176.8,5086.0,2.0,0.0,1
52.9,14.4,211.3,4045.0,0.0,1.0,0
42.5,17.0,203.6,3352.0,2.0,0.0,0
38.1,21.8,190.3,4445.0,0.0,1.0,0
41.6,20.7,229.8,6119.0,0.0,1.0,1
32.3,14.7,228.2,2774.0,0.0,1.0,0
59.7,21.8,208.7,3984.0,0.0,1.0,0
40.8,13.9,220.4,5386.0,2.0,1.0,1
34.7,15.4,234.7,2951.0,2.0,1.0,1
59.3,17.2,179.9,4147.0,2.0,0.0,1
42.4,19.3,193.1,3632.0,0.0,1.0,0
56.9,16.3,175.4,6156.0,2.0,0.0,1
45.1,20.7,177.8,3261.0,1.0,0.0,0
36.0,17.3,217.9,4192.0,1.0,0.0,1
46.1,,180.4,4000.0,2.0,1.0,0
52.0,16.2,223.3,4240.0,2.0,,1
,19.2,233.0,4670.0,1.0,0.0,0
56.4,15.6,220.1,6049.0,0.0,0.0,1
58.4,16.1,190.8,3190.0,1.0,0.0,0
35.4,20.4,201.7,5100.0,1.0,1.0,0
51.5,16.3,199.4,4530.0,2.0,0.0,1
49.8,16.5,199.0,6010.0,0.0,0.0,0
40.8,21.6,230.9,4378.0,0.0,0.0,0
57.0,17.9,190.3,3497.0,1.0,0.0,1
51.0,13.1,181.0,5689.0,1.0,0.0,1
42.7,17.9,224.7,3064.0,2.0,1.0,1
34.8,21.1,179.0,4086.0,0.0,1.0,0
59.2,20.4,178.6,3231.0,0.0,0.0,0
45.9,15.6,182.7,4688.0,1.0,0.0,0
35.6,21.8,221.2,5605.0,0.0,1.0,0
44.0,14.8,228.8,4491.0,0.0,0.0,1
40.3,13.8,201.6,4698.0,2.0,0.0,1
34.3,19.4,171.1,3719.0,2.0,1.0,0
34.9,18.1,231.4,5204.0,2.0,1.0,1
47.7,20.0,186.4,3197.0,0.0,1.0,0
45.6,20.5,199.1,3460.0,0.0,0.0,0
52.3,16.7,181.5,6035.0,2.0,0.0,1
38.2,,180.2,5973.0,0.0,0.0,0
57.6,17.4,190.0,4307.0,2.0,1.0,1
45.0,17.8,172.9,5389.0,1.0,1.0,0
58.3,18.6,229.1,4467.0,2.0,1.0,1
54.7,18.5,207.4,3956.0,,1.0,1
60.0,16.7,173.7,5010.0,1.0,1.0,0
,13.7,199.8,3471.0,0.0,1.0,1
56.9,17.4,186.8,4526.0,1.0,0.0,1
57.9,21.9,231.9,4103.0,0.0,0.0,0
34.7,15.7,,5321.0,1.0,1.0,0
33.5,13.8,192.3,4194.0,1.0,1.0,0
35.8,,199.1,2919.0,0.0,0.0,0
59.0,19.9,178.1,3094.0,0.0,0.0,0
52.8,20.5,231.8,3555.0,2.0,1.0,1
46.8,19.2,210.4,4946.0,1.0,0.0,1
35.3,16.4,189.1,5391.0,1.0,0.0,0
37.9,16.1,224.4,4392.0,0.0,0.0,1
46.7,16.9,205.1,4215.0,0.0,1.0,0
50.8,18.1,186.0,5109.0,2.0,1.0,1
39.2,17.6,175.5,5406.0,2.0,0.0,0
40.3,20.1,227.7,4832.0,0.0,0.0,0
37.9,14.8,207.5,5056.0,0.0,0.0,1
51.7,17.8,221.9,3591.0,1.0,1.0,1
43.0,18.0,210.3,4855.0,1.0,1.0,0
36.6,17.3,230.4,5743.0,2.0,1.0,1
53.7,14.2,227.7,4366.0,0.0,1.0,1
54.3,19.6,230.6,3081.0,1.0,1.0,0
51.4,21.0,216.4,5837.0,0.0,0.0,1
40.7,17.2,211.5,3722.0,1.0,1.0,0
54.4,13.8,200.4,3757.0,1.0,1.0,1
38.6,21.6,209.9,5768.0,2.0,0.0,1
58.1,15.7,228.1,3379.0,2.0,1.0,1
41.6,19.9,214.7,2754.0,1.0,0.0,0
40.9,15.3,176.2,5501.0,1.0,1.0,1
52.0,13.6,213.7,3789.0,0.0,0.0,1
39.3,20.0,184.3,4474.0,1.0,0.0,0
35.0,16.6,200.4,6140.0,0.0,0.0,0
46.2,14.0,182.1,5992.0,,0.0,1
38.3,13.5,227.2,2835.0,2.0,0.0,1
54.2,14.2,207.6,4213.0,1.0,1.0,1
53.6,19.9,205.5,4472.0,0.0,0.0,1
58.7,13.4,228.2,3780.0,2.0,1.0,1
38.6,14.1,181.0,6290.0,0.0,0.0,0
51.3,13.3,202.5,4642.0,1.0,0.0,0
32.9,15.7,184.3,3042.0,1.0,1.0,0
52.5,16.3,201.1,5924.0,0.0,0.0,1
47.1,21.2,174.3,4705.0,0.0,1.0,0
51.8,16.2,209.6,2740.0,2.0,1.0,0
34.5,17.9,170.4,5723.0,2.0,0.0,0
37.3,15.5,225.8,5059.0,2.0,0.0,1
51.8,14.7,213.7,3445.0,2.0,1.0,1
52.5,20.2,214.9,5251.0,0.0,1.0,0
42.2,18.6,181.2,4982.0,0.0,0.0,0
36.1,19.5,175.1,4646.0,1.0,1.0,0
32.4_err,19.1,222.1,4874.0,2.0,0.0,1
59.0,15.1,217.7,3273.0,0.0,0.0,1
51.3,18.1,210.3,5137.0,1.0,1.0,1
45.6,20.3,230.4,5590.0,2.0,0.0,1
51.7,21.1,229.4,5212.0,1.0,0.0,1
54.0,15.1,224.7,2867.0,2.0,0.0,1
54.3,19.6,174.1,5430.0,0.0,0.0,0
32.7,18.2,234.8,5390.0,0.0,0.0,0
49.6,19.1,188.8,4247.0,1.0,1.0,0
59.9,20.4,187.0,5370.0,1.0,1.0,1
33.6_err,,220.5,3928.0,1.0,1.0,1
42.6,14.0,184.0,5484.0,2.0,1.0,0
58.4,18.8,198.4,4114.0,1.0,0.0,1
49.5,18.7,179.0,2780.0,0.0,0.0,0
33.8,19.6,178.6,5370.0,0.0,0.0,0
57.9,15.8,184.8,5795.0,0.0,1.0,1
33.4,14.9,224.9,4356.0,1.0,0.0,0
47.9,21.8,182.3,4991.0,0.0,0.0,0
56.5,17.4,233.1,3242.0,1.0,0.0,1
55.5,15.8,210.7,4296.0,2.0,1.0,1
57.2,14.8,220.7,4298.0,1.0,0.0,1
49.0,14.0,192.6,2875.0,2.0,1.0,1
53.5,14.7,209.9,5625.0,0.0,0.0,1
48.3,21.3,182.2,5082.0,0.0,1.0,0
52.8,15.1,212.3,3749.0,1.0,1.0,1
34.2_err,20.7,181.1,5114.0,0.0,1.0,0
47.1,18.0,183.5,5085.0,1.0,1.0,1
54.8,16.5,182.6,3144.0,1.0,0.0,1
43.9,14.4,195.1,3035.0,0.0,0.0,0
42.9,13.5,208.1,4435.0,1.0,1.0,1
32.2,15.5,176.6,3449.0,1.0,1.0,0
48.1,13.7,213.4,3091.0,1.0,1.0,1
39.4,17.1,223.6,5181.0,1.0,1.0,0
43.4,19.6,227.2,3133.0,1.0,1.0,0
54.1,16.6,202.2,6047.0,2.0,1.0,1
47.7,18.4,218.6,2799.0,1.0,1.0,1
39.0,21.3,196.1,5708.0,2.0,1.0,1
53.2,17.7,225.7,4208.0,2.0,0.0,1
39.1,15.3,231.0,3982.0,0.0,1.0,1
36.3,17.9,216.7,3007.0,1.0,0.0,0
41.1,20.3,201.1,4575.0,2.0,1.0,0
37.6,18.6,222.8,5674.0,2.0,0.0,1
38.0,19.3,223.9,4743.0,2.0,1.0,1
42.8,15.6,194.5,5190.0,0.0,1.0,0
33.3,14.9,208.3,3572.0,2.0,1.0,0
39.4,21.2,190.8,4372.0,2.0,0.0,0
44.8,21.2,202.8,6128.0,1.0,0.0,1
32.0,21.5,183.9,5161.0,1.0,0.0,0
46.6,19.6,227.3,3212.0,1.0,1.0,0
53.5,19.7,226.3,4553.0,0.0,1.0,1
40.9,13.6,208.0,3746.0,1.0,1.0,0
48.4,18.3,227.9,5241.0,2.0,0.0,1
49.6,13.3,198.5,5549.0,1.0,0.0,1
46.4,16.4,188.9,4950.0,1.0,1.0,1
54.9,19.6,218.9,5423.0,2.0,0.0,1
38.4,21.2,198.0,4497.0,2.0,1.0,1
39.2,21.2,187.3,5286.0,1.0,1.0,0
53.1,15.4,225.6,6081.0,2.0,0.0,1
48.7,17.5,213.6,4792.0,1.0,0.0,1
33.4,15.5,233.2,4613.0,2.0,0.0,1
45.3,20.3,213.0,3625.0,2.0,1.0,1
55.1,14.1,176.6,3984.0,2.0,1.0,1
37.4,20.8,188.4,4100.0,1.0,0.0,0
54.5,15.6,193.9,3747.0,2.0,1.0,0
58.5,21.7,215.7,3091.0,2.0,0.0,0
36.0,17.3,213.5,3220.0,0.0,0.0,0
41.9,21.5,196.2,4339.0,1.0,0.0,1
49.9,14.9,200.7,5073.0,0.0,1.0,1
55.0,13.7,227.0,5717.0,1.0,,1
56.7,13.1,223.3,5598.0,0.0,1.0,1
41.0,13.7,228.4,5521.0,0.0,0.0,1
40.6,16.6,218.8,5901.0,0.0,0.0,0
54.1,13.0,219.7,4584.0,2.0,1.0,1
35.9,15.0,187.7,3131.0,2.0,0.0,0
55.5,17.3,173.8,3486.0,1.0,1.0,1
34.3,19.3,229.2,4931.0,1.0,1.0,1
43.6,20.3,231.8,5704.0,2.0,1.0,1
36.1,14.6,192.2,6208.0,2.0,1.0,1
46.6,,215.9,5022.0,2.0,0.0,1
36.1,20.4,200.5,,1.0,1.0,0
44.1,18.2,182.7,3567.0,1.0,0.0,0
41.9,19.2,187.6,5204.0,0.0,0.0,0
58.5,19.3,191.9,5615.0,1.0,1.0,1
36.8,19.3,222.5,,1.0,1.0,1
56.4,19.2,192.8,5762.0,1.0,0.0,1
59.5,,233.2,4189.0,1.0,0.0,1
43.7,21.5,221.0,5225.0,,1.0,1
39.2,14.7,172.7,2976.0,0.0,1.0,0
40.8,21.9,222.0,6225.0,2.0,0.0,0
47.9,13.6,178.1,4375.0,0.0,0.0,0
48.1,21.2,188.4,3701.0,2.0,0.0,1
38.8,16.3,192.9,5334.0,0.0,1.0,0
55.8,21.5,181.8,4739.0,0.0,1.0,0
35.1,18.5,184.2,3387.0,1.0,1.0,0
49.9,16.4,219.0,6135.0,0.0,1.0,1
32.2,17.5,227.8,3042.0,2.0,0.0,1
49.2,17.0,181.5,2751.0,0.0,1.0,0
41.4,14.6,170.1,4840.0,1.0,1.0,1
57.1,18.4,222.6,5328.0,1.0,0.0,1
50.1,18.0,205.8,5426.0,2.0,0.0,1
42.5,18.8,218.5,4350.0,0.0,0.0,0
40.6,21.0,205.7,5413.0,1.0,0.0,0
57.7,13.4,234.5,2789.0,2.0,0.0,1
53.9,18.3,200.6,3862.0,1.0,1.0,1
59.1,13.1,185.1,5156.0,0.0,0.0,1
37.7,16.7,229.5,2795.0,2.0,1.0,0
32.2,21.2,201.9,2768.0,2.0,0.0,0
42.1,13.9,172.4,3769.0,1.0,1.0,0
44.1,17.6,221.2,3009.0,0.0,1.0,0
34.6,15.3,234.4,3554.0,2.0,0.0,1
32.3,20.1,183.8,2793.0,1.0,1.0,0
34.6,17.2,213.3,,1.0,0.0,0
48.9,18.3,223.6,2879.0,1.0,0.0,1
54.6,15.5,226.7,5405.0,0.0,1.0,1
41.7,14.3,187.0,5860.0,,0.0,1
48.6,20.3,196.8,4923.0,2.0,0.0,0
49.6,18.5,209.2,5820.0,1.0,1.0,1
57.9,15.1,178.3,4778.0,1.0,0.0,1
52.7,16.5,207.6,4938.0,1.0,0.0,1
42.1,15.7,197.8,5998.0,1.0,1.0,1
39.0,18.5,181.8,6144.0,0.0,0.0,0
51.2,19.2,223.2,5545.0,2.0,0.0,1
59.2,13.9,200.2,2884.0,2.0,0.0,1
44.4,19.9,192.7,2895.0,2.0,0.0,1
41.1,21.7,206.8,5649.0,2.0,1.0,0
45.1,16.3,191.4,4648.0,1.0,0.0,0
55.7,14.1,200.9,3227.0,1.0,0.0,1
45.8,19.6,170.6,3932.0,0.0,1.0,0
44.7,19.4,222.7,4750.0,2.0,0.0,0
59.6,20.6,226.8,2768.0,0.0,0.0,0
36.9,14.2,226.1,4319.0,0.0,0.0,0
41.3,17.7,200.3,4203.0,1.0,0.0,0
48.0,16.4,217.7,5503.0,1.0,0.0,1
51.9,15.6,205.4,4707.0,1.0,1.0,1
32.5,17.9,177.9,5624.0,1.0,0.0,0
59.4,13.9,179.9,4382.0,1.0,1.0,1
48.4,18.9,220.4,3001.0,2.0,0.0,0
38.8,15.2,207.1,4525.0,0.0,0.0,0
36.2,17.3,197.1,5931.0,2.0,0.0,0
41.2,18.5,201.4,4195.0,1.0,0.0,1
38.5,14.9,187.8,2810.0,2.0,1.0,0
50.3,,197.4,4371.0,0.0,0.0,0
51.0,13.5,193.4,3133.0,1.0,0.0,1
40.3,20.4,193.8,5254.0,2.0,0.0,1
48.6,17.7,199.2,5349.0,0.0,1.0,1
36.3,20.9,178.4,3447.0,0.0,1.0,0
56.9,19.7,233.1,3211.0,2.0,0.0,1
58.8,17.9,189.8,4196.0,2.0,0.0,1
51.7,20.8,188.7,5202.0,1.0,0.0,1
47.3,20.3,181.5,5197.0,2.0,0.0,0
37.5,16.5,223.5,5477.0,1.0,0.0,0
,19.3,185.2,4223.0,2.0,0.0,0
39.1,13.2,213.4,6023.0,2.0,1.0,1
36.1,16.3,217.6,,2.0,1.0,1
56.1,18.0,224.6,5494.0,2.0,1.0,1
48.8,13.4,232.7,5710.0,1.0,0.0,1
46.5,13.5,184.4,3989.0,0.0,1.0,0
56.0,18.6,,5208.0,1.0,0.0,1
33.1,20.2,178.1,5420.0,0.0,1.0,0
37.2,14.4,217.3,3364.0,1.0,0.0,0
59.5,17.5,185.8,6095.0,2.0,1.0,1
53.0,21.8,182.0,5962.0,1.0,0.0,0
52.6,18.4,179.0,5392.0,1.0,1.0,0
37.9,21.6,219.3,4382.0,2.0,0.0,0
33.4,20.4,222.2,5471.0,0.0,1.0,1
37.6,21.3,224.0,3307.0,0.0,,0
,21.8,209.9,4807.0,2.0,0.0,0
53.6,21.0,217.0,5296.0,1.0,0.0,1
53.8,16.8,201.1,5274.0,2.0,0.0,0
58.0,13.0,181.8,4305.0,1.0,1.0,1
58.0,19.7,202.1,4343.0,2.0,0.0,0
54.7,20.1,188.0,4680.0,0.0,1.0,0
53.6,15.0,174.5,5940.0,1.0,1.0,1
52.4,16.1,197.5,4048.0,1.0,1.0,1
52.5,13.5,226.0,4338.0,2.0,1.0,1
35.1,16.4,222.1,2844.0,0.0,0.0,0
32.9,16.6,218.6,4297.0,1.0,1.0,0
53.0,21.2,230.2,4509.0,1.0,1.0,1
54.8,17.5,192.7,2891.0,2.0,0.0,0
50.2,20.4,204.8,5398.0,1.0,0.0,0
46.1,14.5,171.6,4881.0,2.0,0.0,0
59.0,21.3,199.3,4705.0,1.0,1.0,0
54.1,19.0,203.5,4419.0,0.0,1.0,1
43.9,13.1,195.4,5064.0,1.0,0.0,0
40.6,18.0,227.5,,0.0,0.0,1
37.2,13.0,192.4,4030.0,1.0,0.0,0
45.2,21.2,206.6,5083.0,2.0,0.0,0
32.5,16.5,174.8,2705.0,0.0,1.0,0
59.0,15.1,182.8,3233.0,0.0,1.0,1
59.0,17.2,201.5,6277.0,0.0,1.0,1
,13.2,198.5,3812.0,2.0,1.0,1
52.9,17.3,178.4,5371.0,0.0,0.0,0
35.6,13.6,185.0,5872.0,0.0,1.0,0
46.1,20.5,181.4,4100.0,0.0,0.0,0
55.6,20.1,202.5,4467.0,0.0,1.0,1
43.2,13.8,177.0,4109.0,1.0,0.0,1
59.4,18.6,207.8,5323.0,1.0,0.0,1
48.0,21.1,219.8,4784.0,0.0,1.0,1
39.8,21.0,226.1,6081.0,1.0,,1
38.9,21.3,187.3,5449.0,,0.0,0
56.1,18.0,198.9,3559.0,2.0,0.0,1
48.0,14.4,220.2,4252.0,0.0,0.0,1
50.2,17.1,174.7,5868.0,1.0,1.0,0
36.2,15.0,176.9,3631.0,2.0,0.0,0
43.8,21.7,192.2,5882.0,0.0,0.0,0
38.0,16.5,201.0,3672.0,1.0,0.0,0
57.9,20.8,206.4,4684.0,1.0,0.0,1
59.7,20.3,209.2,5024.0,1.0,0.0,1
59.6,19.2,190.8,4468.0,2.0,0.0,1
35.7,13.2,228.7,,2.0,0.0,1
46.0,,210.5,4596.0,1.0,0.0,1
37.4,18.7,179.3,2947.0,2.0,0.0,0
41.0,17.8,192.4,3626.0,2.0,0.0,0
33.6,21.6,226.0,2765.0,0.0,0.0,0
39.7,15.4,189.1,2734.0,2.0,1.0,0
43.1,13.4,188.8,4849.0,2.0,1.0,1
53.2,15.0,190.1,4052.0,1.0,0.0,0
54.9,21.7,178.6,3219.0,0.0,0.0,0
55.7,21.2,200.7,3281.0,2.0,0.0,1
43.4,17.5,231.2,3962.0,1.0,1.0,0
39.6,18.4,170.5,5690.0,0.0,1.0,0
57.3,18.3,183.3,6056.0,2.0,1.0,1
57.2,15.3,186.6,3472.0,0.0,0.0,0
33.3,15.3,230.1,5070.0,2.0,1.0,1
59.0,13.7,183.6,5336.0,1.0,1.0,1
42.7,21.4,200.0,4715.0,2.0,0.0,0
34.7,13.0,224.9,3233.0,0.0,1.0,0
32.4,16.9,197.5,4001.0,0.0,0.0,0
55.3,18.8,195.1,3101.0,1.0,0.0,0
41.3,18.2,184.5,3287.0,2.0,1.0,0
53.8,18.8,229.6,5329.0,0.0,1.0,1
47.7,17.9,217.1,5477.0,1.0,0.0,1
59.4,15.7,178.5,4352.0,1.0,,1
41.0,20.9,171.3,4161.0,0.0,1.0,0
55.6,14.4,212.1,4518.0,0.0,1.0,1
55.5,21.3,176.3,3551.0,1.0,1.0,0
48.5,19.9,234.9,2805.0,0.0,0.0,0
45.2,16.0,174.5,4216.0,2.0,,1
36.7,17.2,,,1.0,0.0,0
49.8,13.1,221.2,3732.0,2.0,0.0,1
58.4,20.4,225.5,5855.0,1.0,1.0,1
34.3,18.4,217.5,5080.0,0.0,1.0,1
56.3,17.3,192.4,5797.0,0.0,1.0,0
45.8,16.4,187.3,3212.0,1.0,1.0,0
48.7,14.0,184.6,4614.0,0.0,,0
55.2,19.9,223.0,3226.0,2.0,1.0,1
49.6,20.1,211.9,6076.0,0.0,0.0,0
54.6,18.8,191.2,5601.0,0.0,0.0,0
46.9,15.6,210.0,4831.0,0.0,0.0,1
53.6,16.1,173.9,5742.0,0.0,1.0,1
35.7,14.6,219.6,4580.0,2.0,0.0,0
56.6,19.0,,3814.0,0.0,0.0,0
38.1,21.4,206.0,5593.0,1.0,0.0,0
35.6,20.4,203.2,4059.0,2.0,0.0,1
53.9,19.0,170.9,4284.0,1.0,0.0,0
52.0,19.6,217.0,6294.0,1.0,1.0,1
55.4,16.6,194.6,3613.0,2.0,1.0,1
44.7,16.0,184.4,4784.0,1.0,1.0,0
54.0,18.5,210.2,2828.0,2.0,0.0,0
38.9,21.8,179.0,4823.0,2.0,0.0,1
38.4,21.4,220.0,5352.0,2.0,0.0,1
52.9,21.3,196.3,2824.0,1.0,0.0,0
45.6,15.9,183.9,4464.0,1.0,1.0,0
43.7,14.8,181.3,5831.0,1.0,0.0,1
52.4,19.2,217.7,4315.0,2.0,0.0,1
46.9,19.5,206.6,3445.0,0.0,1.0,0
44.0,21.8,234.1,3285.0,0.0,0.0,0
51.9,19.4,207.7,4982.0,0.0,1.0,0
53.8,19.3,202.3,6293.0,0.0,0.0,1
35.3,14.5,189.7,6292.0,1.0,1.0,0
44.2,16.3,172.6,2978.0,2.0,1.0,0
33.3,19.6,190.0,5752.0,2.0,1.0,0
51.9,14.2,194.5,5434.0,,1.0,1
47.2,14.5,192.7,4857.0,1.0,1.0,1
49.7,15.6,229.9,5271.0,0.0,0.0,1
56.4,20.6,178.7,3083.0,,0.0,0
55.7,18.9,208.4,5452.0,2.0,0.0,1
45.1,16.1,183.2,4688.0,1.0,0.0,0
33.5,16.1,180.8,5770.0,0.0,0.0,0
42.8,13.5,184.5,4697.0,1.0,0.0,0
59.5,21.2,177.3,5257.0,0.0,0.0,0
51.5,17.3,189.0,5894.0,2.0,1.0,1
58.7,16.1,175.1,4869.0,2.0,1.0,1
58.8,17.3,173.2,5350.0,1.0,0.0,0
38.6,20.5,231.9,6282.0,1.0,1.0,0
37.1,14.4,171.7,4106.0,0.0,1.0,0
41.7,14.1,172.9,5923.0,2.0,0.0,1
42.1,20.7,200.5,5672.0,2.0,0.0,1
56.8,19.7,211.0,4681.0,2.0,1.0,1
54.3,19.2,209.0,5298.0,1.0,1.0,1
33.1,21.8,178.3,3170.0,2.0,1.0,0
39.9,21.5,184.9,5385.0,0.0,0.0,0
45.9,18.2,208.0,3068.0,2.0,1.0,1
36.9,19.2,209.8,5621.0,0.0,1.0,0
42.9,20.3,171.6,3579.0,2.0,1.0,0
54.9,13.6,176.6,4228.0,0.0,1.0,1
41.4,16.4,170.5,6233.0,1.0,0.0,0
39.6,17.7,191.1,4052.0,2.0,1.0,0
37.8,21.0,187.0,5183.0,1.0,0.0,0
35.7,18.7,226.7,3700.0,2.0,1.0,1
32.5,17.1,172.3,5182.0,2.0,0.0,0
34.8,18.6,175.4,5062.0,1.0,1.0,0
48.5,16.5,230.3,3120.0,1.0,1.0,1
55.3,18.6,184.7,5209.0,0.0,1.0,0
36.8,19.8,200.8,6130.0,0.0,0.0,1
36.5,19.0,205.3,3865.0,0.0,1.0,0
,19.8,192.4,4006.0,0.0,1.0,0
58.0,21.0,182.9,5018.0,0.0,0.0,1
47.3,18.1,222.2,5201.0,0.0,1.0,1
45.6,19.8,177.4,3726.0,0.0,1.0,0
46.7,19.9,194.0,5993.0,1.0,1.0,1
53.2,20.0,213.6,2950.0,2.0,0.0,1
53.4,15.6,180.9,4273.0,0.0,0.0,0
32.9,15.9,170.1,2854.0,2.0,0.0,0
54.1,19.4,205.6,5646.0,2.0,1.0,1
54.0,20.8,233.9,4513.0,0.0,0.0,0
36.4,15.8,234.6,3647.0,0.0,0.0,0
51.5,18.7,209.6,,1.0,1.0,1
39.1,14.0,209.6,3589.0,1.0,1.0,0
56.4,19.7,221.2,4250.0,2.0,,0
57.2,18.7,198.4,6018.0,0.0,1.0,1
47.9,19.1,219.1,4111.0,1.0,0.0,0
51.3,18.0,208.8,2924.0,2.0,1.0,1
34.0,18.7,229.9,5315.0,2.0,0.0,1
37.1,16.2,220.1,4029.0,0.0,0.0,1
56.4,,190.8,5478.0,0.0,1.0,1
51.2,,199.9,4044.0,1.0,1.0,0
35.2,17.1,228.6,2935.0,1.0,1.0,0
56.7,21.5,179.4,4051.0,1.0,0.0,0
35.7,21.1,222.4,3356.0,0.0,0.0,0
42.7,16.2,203.3,4268.0,1.0,1.0,0
32.3,15.4,172.6,5836.0,0.0,1.0,0
35.2,15.7,178.3,2737.0,0.0,0.0,0
54.3,20.9,174.0,,0.0,0.0,0
59.8,19.9,172.0,5781.0,0.0,1.0,0
57.8,19.5,188.9,4169.0,1.0,0.0,1
39.5,14.1,181.6,3100.0,0.0,1.0,0
37.9,13.1,176.6,6300.0,0.0,1.0,0
60.0,15.4,214.0,5847.0,1.0,0.0,1
56.9,13.5,178.7,5781.0,2.0,0.0,1
51.8,20.8,179.7,3420.0,0.0,0.0,0
48.2,20.3,205.5,,0.0,1.0,0
36.8,20.4,184.8,4327.0,2.0,0.0,0
59.3,14.6,200.5,3290.0,2.0,0.0,1
40.2,16.4,203.3,3523.0,0.0,1.0,0
38.2,15.5,208.6,5133.0,2.0,0.0,1
45.1,14.6,,4176.0,2.0,0.0,1
44.6,21.5,183.9,3454.0,0.0,1.0,0
51.9,13.6,226.1,2718.0,1.0,1.0,1
36.6,19.3,219.7,,2.0,1.0,1
39.9,21.9,201.7,6144.0,0.0,0.0,0
35.8,15.3,192.3,3973.0,0.0,0.0,0
58.5,14.3,179.1,4097.0,1.0,1.0,0
32.9,21.9,210.5,3049.0,2.0,1.0,0
47.4,14.1,186.4,4937.0,0.0,0.0,1
34.8,13.7,231.0,3515.0,0.0,1.0,0
51.9,17.8,191.5,5388.0,0.0,0.0,1
54.9,21.7,187.1,5976.0,0.0,1.0,1
43.8,14.4,233.4,4243.0,1.0,1.0,1
56.5,19.1,229.5,3031.0,2.0,1.0,0
57.8,15.9,223.4,4857.0,1.0,0.0,1
49.3,21.3,177.1,4577.0,0.0,0.0,0
58.5,17.8,212.1,4822.0,0.0,0.0,1
47.2,18.7,203.6,3393.0,1.0,1.0,1
43.8,21.0,234.2,3490.0,1.0,1.0,1
33.9,19.8,207.2,4826.0,0.0,0.0,0
37.2,19.7,232.2,5364.0,1.0,0.0,1
58.0,17.0,186.5,3394.0,2.0,0.0,0
39.9,15.0,213.9,5868.0,0.0,0.0,1
42.0,20.6,233.0,4232.0,0.0,0.0,1
51.4,14.4,172.1,4015.0,2.0,0.0,0
36.6,14.4,188.5,5254.0,2.0,1.0,0
39.2,15.3,212.0,4493.0,0.0,0.0,0
58.2,20.5,188.7,3856.0,1.0,1.0,1
39.4,18.5,226.6,5552.0,2.0,1.0,1
38.2,20.5,211.6,3527.0,1.0,0.0,0
35.0,14.7,230.8,5433.0,2.0,0.0,1
43.6,13.2,180.3,5182.0,1.0,0.0,1
56.1,14.0,182.3,3959.0,1.0,0.0,1
50.2,20.2,223.7,5392.0,2.0,1.0,1
47.0,16.8,188.3,5904.0,2.0,1.0,1
55.7,14.1,210.6,3768.0,0.0,0.0,1
55.1,16.8,208.5,5706.0,2.0,1.0,1
32.1,14.0,174.8,5858.0,2.0,0.0,1
55.1,19.9,198.2,5244.0,1.0,1.0,1
,19.2,193.6,4023.0,0.0,0.0,0
51.9,17.8,227.8,5382.0,2.0,1.0,1
43.4,21.1,204.7,3637.0,2.0,,1
56.9,20.0,193.8,5599.0,1.0,1.0,0
45.5,17.7,190.7,3305.0,0.0,0.0,0
33.8,19.6,185.6,5734.0,1.0,1.0,1
49.2,20.7,180.6,3538.0,1.0,1.0,0
53.8,21.5,212.0,5790.0,2.0,0.0,1
42.8,19.8,195.0,2877.0,1.0,0.0,0
32.6,15.6,216.6,3717.0,0.0,0.0,0
53.4,15.8,194.6,5151.0,0.0,0.0,1
57.5,21.1,203.1,3573.0,0.0,,0
53.4,20.9,214.9,3782.0,1.0,1.0,0
33.1,15.8,201.1,6291.0,1.0,1.0,1
50.0,13.2,174.4,6219.0,0.0,0.0,1
52.6,21.7,232.1,4884.0,1.0,1.0,1
57.1,17.0,182.3,5768.0,2.0,0.0,1
47.8,20.8,217.6,4102.0,1.0,1.0,1
37.6,13.7,180.9,3007.0,0.0,1.0,0
40.5,17.2,221.3,3141.0,1.0,0.0,0
44.9,14.7,200.7,4801.0,2.0,1.0,1
51.3,17.6,183.5,3163.0,,0.0,0
48.4,13.9,228.1,4003.0,1.0,1.0,1
32.6,21.2,223.0,5367.0,0.0,1.0,0
42.9,20.2,180.9,6221.0,2.0,1.0,1
37.8,19.8,182.0,4029.0,2.0,1.0,0
,17.8,176.4,6044.0,2.0,0.0,1
57.4,15.6,206.1,3580.0,0.0,1.0,1
58.6,15.2,202.9,4549.0,2.0,1.0,1
58.6,17.2,232.4,5076.0,,0.0,1
33.2,16.1,228.0,3371.0,2.0,0.0,0
54.6,21.6,188.2,2978.0,1.0,0.0,1
34.4,21.7,207.2,3332.0,1.0,0.0,0
39.2,18.4,178.2,4697.0,2.0,1.0,0
51.0,15.9,190.6,,1.0,0.0,1
41.2,17.6,192.1,5167.0,2.0,0.0,0
36.9,13.9,181.5,6204.0,1.0,1.0,0
49.6,20.8,202.2,2933.0,1.0,1.0,0
43.3,19.7,201.7,5545.0,1.0,0.0,0
49.5,14.8,190.8,3134.0,0.0,1.0,0
57.0,21.6,231.3,5563.0,2.0,0.0,1
37.2,18.3,191.8,3490.0,2.0,0.0,0
,13.1,184.1,4164.0,2.0,1.0,1
36.5,13.8,172.5,4519.0,1.0,0.0,0
33.1,20.7,222.5,5922.0,1.0,1.0,1
44.9,18.2,207.3,3014.0,2.0,0.0,1
47.9,13.8,194.8,3413.0,0.0,0.0,0
46.1,15.5,171.6,4579.0,1.0,1.0,1
32.5,21.9,173.7,3963.0,0.0,0.0,0
46.8,17.1,190.9,3404.0,2.0,0.0,0
39.1,20.0,223.4,3838.0,1.0,1.0,0
50.5,14.5,176.4,3356.0,0.0,0.0,0
44.6,21.9,178.1,2923.0,2.0,1.0,1
48.9,18.3,184.0,4758.0,2.0,1.0,1
54.7,18.6,183.6,4683.0,1.0,0.0,1
34.6,19.3,,3628.0,0.0,0.0,0
50.9,16.9,191.5,4880.0,2.0,0.0,0
47.1,15.4,,5976.0,0.0,1.0,1
,17.8,,5920.0,1.0,1.0,0
53.1,18.0,178.5,5314.0,2.0,1.0,0
57.4,16.7,208.3,5161.0,0.0,1.0,1
43.3,17.2,190.2,3500.0,1.0,0.0,0
36.5,16.4,213.7,4564.0,1.0,0.0,0
39.2,18.8,201.4,3444.0,0.0,0.0,0
59.9,20.4,219.7,4260.0,0.0,1.0,1
50.3,21.5,208.7,5112.0,2.0,0.0,0
52.7,16.6,183.8,4693.0,2.0,1.0,0
49.3,20.9,208.0,4143.0,1.0,1.0,0
59.1,20.1,218.4,4110.0,0.0,1.0,1
52.0,20.8,206.5,4389.0,1.0,0.0,0
39.2,21.9,198.9,6037.0,0.0,1.0,0
52.7,17.6,172.1,4518.0,1.0,1.0,1
56.2,18.1,198.9,5653.0,2.0,0.0,1
53.1,17.4,210.4,4290.0,1.0,1.0,1
48.1,17.9,174.4,5398.0,0.0,0.0,0
46.1,18.9,182.9,3182.0,2.0,1.0,0
48.6,14.1,179.5,3972.0,2.0,0.0,1
44.6,21.6,190.9,3379.0,0.0,1.0,0
51.8,14.3,211.1,4996.0,2.0,0.0,1
51.4,15.4,189.4,3923.0,1.0,1.0,1
58.3,18.2,178.7,4026.0,2.0,1.0,0
45.1,21.9,229.6,5290.0,1.0,1.0,1
51.3,14.7,214.7,4652.0,2.0,1.0,1
36.1,17.8,192.3,4351.0,0.0,0.0,0
37.8,16.9,199.0,,2.0,1.0,0
37.1,14.2,228.1,3766.0,2.0,0.0,1
45.2,15.2,198.8,4948.0,0.0,0.0,1
50.5,16.8,212.1,5918.0,1.0,1.0,1
42.7,14.2,231.7,3036.0,2.0,1.0,1
56.7,20.7,178.8,4822.0,0.0,,0
34.0,16.7,218.2,4334.0,1.0,1.0,0
58.7,14.7,212.9,3693.0,2.0,1.0,1
48.0,17.7,228.1,3958.0,,1.0,1
43.7,19.0,210.5,3856.0,0.0,0.0,1
43.4,20.0,198.5,3030.0,0.0,1.0,0
48.4,13.1,197.0,3934.0,1.0,1.0,1
42.9,17.7,200.5,5070.0,0.0,1.0,0
37.4,21.4,188.9,5850.0,1.0,1.0,0
36.5,15.8,222.3,2721.0,1.0,1.0,0
49.8,13.1,217.1,5218.0,0.0,1.0,1
36.6,21.6,212.1,4128.0,2.0,1.0,0
50.4,21.0,195.2,4910.0,2.0,0.0,1
33.2,15.2,230.8,4334.0,0.0,1.0,1
54.9,21.5,193.5,4187.0,0.0,0.0,0
34.8,20.8,182.4,4383.0,0.0,0.0,0
34.3,15.8,185.0,3894.0,2.0,1.0,0
57.0,20.2,191.2,5810.0,2.0,0.0,1
56.5,14.0,220.0,4579.0,2.0,1.0,1
42.5,14.2,210.2,6287.0,2.0,0.0,1
59.5,15.1,199.8,5630.0,2.0,0.0,1
55.8,17.3,188.0,5406.0,1.0,0.0,1
48.8,19.3,220.9,6097.0,2.0,0.0,1
55.8,14.6,214.8,4511.0,1.0,1.0,1
36.9,21.0,215.8,3249.0,0.0,0.0,0
32.7,18.5,195.5,5505.0,0.0,1.0,0
42.9,20.2,209.9,5384.0,0.0,1.0,0
48.3,16.8,212.7,6089.0,1.0,0.0,0
46.0,15.5,234.6,4015.0,0.0,1.0,1
36.2,13.1,192.3,4492.0,2.0,0.0,1
44.6,20.6,184.1,4526.0,1.0,1.0,1
37.2,20.3,202.2,6237.0,1.0,1.0,1
32.6,18.8,215.9,5705.0,1.0,,0
38.6,20.6,185.4,2886.0,2.0,1.0,0
35.7,14.9,179.8,2804.0,2.0,0.0,0
44.2,18.9,197.1,5588.0,2.0,1.0,1
37.7,15.2,183.2,2802.0,0.0,1.0,0
49.0,13.0,224.1,5695.0,2.0,1.0,1
41.5,17.9,180.4,3339.0,1.0,0.0,0
42.8,20.8,226.0,3954.0,2.0,0.0,0
59.3,14.4,175.5,5736.0,1.0,0.0,1
36.6,21.4,183.1,5229.0,1.0,0.0,0
47.3,13.4,224.1,6203.0,2.0,0.0,1
,17.8,182.2,3094.0,0.0,1.0,0
35.4,19.0,198.3,4920.0,0.0,0.0,0
42.0,20.0,190.8,4936.0,1.0,1.0,0
38.8,17.5,177.7,6045.0,2.0,0.0,1
39.9,14.6,234.0,3796.0,2.0,1.0,1
40.6,13.8,190.3,,1.0,1.0,1
49.6,17.4,210.1,3072.0,2.0,1.0,1
56.2,19.8,194.2,3542.0,2.0,0.0,1
33.9,16.8,178.2,2771.0,0.0,1.0,0
56.0,15.4,196.9,4674.0,2.0,0.0,1
43.5,17.9,229.4,3044.0,2.0,0.0,0
32.5,17.5,200.5,5420.0,0.0,,0
50.0,17.9,232.5,3426.0,0.0,0.0,0
54.9,17.6,196.5,4737.0,0.0,0.0,0
51.8,16.8,191.9,2724.0,1.0,0.0,0
35.0,17.4,185.6,3433.0,0.0,0.0,0
38.7,15.3,188.0,5671.0,1.0,1.0,1
37.0,21.6,170.2,5101.0,2.0,1.0,0
43.2_err,14.8,220.7,4579.0,1.0,0.0,1
32.4,14.0,201.9,5452.0,1.0,1.0,0
54.0,18.2,228.1,6025.0,2.0,0.0,1
51.3,13.7,213.8,5551.0,1.0,1.0,1
55.1,16.9,175.2,5551.0,2.0,1.0,1
32.9,14.0,206.4,3226.0,1.0,0.0,0
35.9,16.9,189.3,2946.0,2.0,1.0,0
41.2,19.4,199.9,6161.0,0.0,0.0,1
37.8,17.0,220.2,3224.0,1.0,1.0,1
52.7,18.8,195.1,5072.0,2.0,1.0,1
46.6,18.4,193.6,4794.0,2.0,0.0,1
47.0,15.8,193.5,6086.0,0.0,1.0,0
35.2,16.1,173.0,5503.0,0.0,0.0,0
41.0,18.2,175.8,3478.0,0.0,1.0,0
58.7,15.8,213.4,4271.0,2.0,0.0,1
37.9,19.2,232.3,5296.0,2.0,,1
43.3,16.4,191.0,3645.0,2.0,1.0,0
32.1,14.2,210.8,4187.0,0.0,0.0,0
41.0,14.4,185.5,5674.0,0.0,1.0,0
36.4,16.9,210.6,5995.0,2.0,1.0,0
44.3,16.4,204.1,5669.0,1.0,,1
43.3,14.1,175.6,3456.0,1.0,1.0,0
51.3,19.5,171.9,2990.0,2.0,1.0,0
37.0,17.0,198.5,4170.0,1.0,0.0,1
34.0,21.3,,5057.0,1.0,0.0,0
36.3,17.8,206.8,3750.0,1.0,1.0,0
35.1,19.5,209.1,2787.0,2.0,1.0,1
58.5,17.6,185.1,3509.0,2.0,1.0,1
34.3,13.4,194.5,4338.0,2.0,0.0,0
,20.3,222.1,2960.0,2.0,0.0,1
33.6,19.6,206.3,5061.0,2.0,1.0,0
,18.2,228.4,5459.0,0.0,0.0,1
34.7,21.4,192.9,3541.0,1.0,1.0,0
34.9,20.8,192.2,,2.0,1.0,0
44.5,13.4,217.4,3423.0,1.0,,1
58.1,13.3,213.5,3922.0,2.0,0.0,1
44.4,17.1,201.6,4696.0,2.0,1.0,0
47.9,19.7,230.0,3544.0,2.0,0.0,1
39.6,,219.3,5552.0,0.0,0.0,1
32.3,17.9,196.3,3568.0,1.0,0.0,0
43.8,20.3,209.7,6076.0,0.0,1.0,0
58.8,13.2,214.3,3724.0,2.0,0.0,1
48.0,13.4,211.3,4657.0,1.0,0.0,1
54.3,17.1,199.5,5175.0,0.0,0.0,0
42.7,15.9,227.6,3033.0,0.0,0.0,0
52.6,19.1,184.6,5161.0,0.0,1.0,0
44.5,13.6,211.4,3768.0,0.0,1.0,1
47.8,17.6,218.9,5764.0,,0.0,1
39.0,16.3,189.8,3012.0,2.0,1.0,0
33.1,14.6,233.6,4016.0,0.0,1.0,0
41.9,19.0,188.9,4559.0,2.0,0.0,1
51.0,14.7,194.9,4625.0,1.0,0.0,1
37.6,17.7,,,1.0,0.0,0
39.3,21.7,181.4,4534.0,2.0,1.0,0
36.4,21.3,186.7,3896.0,2.0,0.0,0
36.4,21.3,194.1,3194.0,2.0,0.0,0
48.0,20.1,227.0,2822.0,0.0,0.0,0
43.9,19.9,221.7,5286.0,2.0,1.0,1
34.6,,193.5,4751.0,1.0,1.0,0
55.8,14.1,223.9,4867.0,1.0,0.0,1
43.2,20.4,172.2,2935.0,2.0,0.0,0
35.5,18.7,212.3,5934.0,0.0,0.0,0
52.7,15.9,199.8,4607.0,1.0,1.0,1
47.8,16.4,224.0,5298.0,0.0,0.0,1
43.8,14.2,216.8,4267.0,0.0,1.0,0
35.2,21.8,187.3,3078.0,1.0,1.0,0
39.2,19.6,220.0,5001.0,1.0,1.0,0
46.8,17.6,208.2,4297.0,0.0,1.0,1
38.9,13.9,234.5,3725.0,2.0,0.0,1
40.9,17.9,203.9,3231.0,2.0,1.0,1
,20.4,221.4,2738.0,0.0,0.0,0
43.6,17.1,184.6,5642.0,1.0,,0
52.9_err,15.7,189.4,4363.0,2.0,1.0,1
46.9,17.2,183.5,6002.0,2.0,0.0,0
46.1,14.1,216.2,5589.0,0.0,1.0,1
54.6,14.1,191.3,4870.0,0.0,1.0,1
35.5,18.7,170.5,4943.0,1.0,1.0,0
58.8,18.0,207.3,6273.0,0.0,1.0,1
45.7,15.6,232.3,5923.0,2.0,1.0,1
52.5,19.3,185.9,4019.0,2.0,1.0,0
52.4,16.8,202.8,3464.0,0.0,0.0,0
36.0,15.8,223.9,4724.0,0.0,1.0,1
43.8,17.4,184.0,5482.0,0.0,0.0,1
39.5,16.7,203.9,5963.0,2.0,1.0,1
34.2,14.1,205.4,4884.0,1.0,1.0,1
32.4,15.0,170.5,3655.0,0.0,1.0,0
53.5,19.0,181.5,4668.0,2.0,,1
56.5,13.8,176.5,4184.0,0.0,0.0,1
33.2,15.2,223.2,4061.0,2.0,0.0,1
35.2,17.9,176.4,4421.0,2.0,0.0,0
36.5,17.8,219.2,5987.0,2.0,0.0,1
33.4,20.8,218.5,6234.0,1.0,1.0,1
54.0,19.2,208.2,5726.0,2.0,,1
58.8,13.1,204.6,6211.0,0.0,1.0,1
38.0,17.3,213.2,4614.0,1.0,1.0,0
32.1,19.7,202.9,4703.0,0.0,0.0,0
56.9,,199.4,3698.0,1.0,0.0,1
36.7,20.9,191.8,3673.0,1.0,0.0,0
47.1,21.3,202.2,3604.0,1.0,1.0,0
40.4,14.9,211.2,4184.0,,0.0,0
43.6,13.6,177.9,3866.0,0.0,0.0,0
35.8,18.0,173.8,3957.0,2.0,0.0,0
55.9,13.3,174.8,4944.0,0.0,1.0,0
45.4,20.0,233.8,4521.0,2.0,0.0,0
55.0,20.0,214.7,4390.0,0.0,1.0,0
33.9,15.8,213.6,3608.0,0.0,0.0,0
58.3,14.1,,5063.0,1.0,0.0,1
47.2,14.4,178.3,5866.0,0.0,1.0,0
38.5,22.0,175.6,5166.0,0.0,1.0,0
47.3,19.3,178.1,4337.0,0.0,1.0,0
49.3,18.2,225.5,3853.0,2.0,1.0,1
53.4,14.1,203.9,3941.0,2.0,1.0,1
32.2,15.1,209.0,4108.0,1.0,0.0,0
54.1,20.2,207.2,3765.0,2.0,0.0,1
55.3,13.6,214.6,3065.0,0.0,0.0,1
52.0,15.1,201.1,4978.0,0.0,0.0,1
41.0,15.8,219.0,4513.0,1.0,1.0,1
48.8,21.7,210.3,3579.0,0.0,1.0,1
37.2,19.7,206.8,3107.0,1.0,1.0,0
57.5,18.8,226.3,3561.0,0.0,0.0,1
36.4,16.6,201.9,3327.0,2.0,0.0,0
49.6,14.5,173.2,6253.0,2.0,1.0,1
36.2,21.5,192.3,4789.0,2.0,1.0,0
53.9,14.9,204.7,4578.0,1.0,0.0,1
39.4,21.7,189.8,5262.0,2.0,0.0,0
53.5,14.0,210.9,3461.0,2.0,0.0,1
33.9,18.4,198.1,4228.0,1.0,1.0,0
,13.2,189.8,3396.0,1.0,0.0,0
40.2,21.9,170.7,3075.0,0.0,1.0,0
57.0,18.2,181.5,6241.0,2.0,0.0,1
51.7,18.3,225.4,3890.0,0.0,1.0,1
45.0,16.2,172.4,5230.0,0.0,1.0,0
47.9,17.3,219.0,5082.0,0.0,1.0,1
40.6,15.8,204.5,3834.0,2.0,0.0,0
41.5,17.8,177.2,2878.0,0.0,0.0,0
42.7,18.1,185.5,4363.0,0.0,1.0,0
33.9,16.3,183.5,4807.0,2.0,1.0,0
50.8,18.7,225.6,6286.0,0.0,0.0,1
57.1,18.2,209.4,5978.0,1.0,1.0,1
56.5,20.9,183.8,2746.0,1.0,1.0,1
41.7,14.5,,6098.0,1.0,0.0,1
33.4,19.2,172.3,3963.0,0.0,0.0,0
57.6,16.5,215.6,4836.0,2.0,1.0,1
51.5,18.2,216.4,3889.0,2.0,0.0,1
43.5,16.0,181.5,4284.0,2.0,1.0,1
32.9,21.2,186.5,4638.0,0.0,1.0,0
54.6,18.2,193.6,2721.0,2.0,0.0,0
53.7,19.4,201.9,4832.0,2.0,0.0,1
38.1,19.0,183.1,5146.0,1.0,0.0,0
55.5,14.7,191.6,3286.0,0.0,0.0,1
43.4,19.5,232.2,5810.0,0.0,1.0,1
39.4,13.4,175.2,4627.0,1.0,1.0,0
43.3,19.1,205.6,3020.0,1.0,1.0,0
,13.3,174.8,6145.0,2.0,0.0,0
57.7,13.8,232.9,6164.0,0.0,0.0,1
39.4,15.6,175.7,3361.0,2.0,1.0,1
39.9,19.5,217.9,4399.0,2.0,1.0,1
45.4,,181.8,4779.0,1.0,1.0,0
41.0,21.0,230.7,6036.0,2.0,1.0,0
41.4,19.7,234.4,5441.0,1.0,0.0,0
57.9,17.8,177.5,4156.0,1.0,0.0,0
43.7,20.3,219.9,3829.0,1.0,0.0,1
49.9,13.1,191.8,4366.0,0.0,0.0,1
34.0,13.1,188.6,6075.0,1.0,0.0,0
46.3,16.2,233.4,2763.0,1.0,1.0,1
39.2,19.3,234.4,6277.0,2.0,0.0,1
53.5,20.0,223.4,5989.0,2.0,0.0,1
35.4,22.0,176.8,4703.0,2.0,1.0,0
40.9,16.5,201.0,3881.0,0.0,1.0,0
50.9,15.5,210.3,3238.0,0.0,0.0,0
,17.1,170.8,5224.0,2.0,1.0,0
56.9,16.9,184.0,4140.0,2.0,1.0,1
55.6,13.2,217.1,5412.0,1.0,0.0,1
46.3,14.2,182.9,3256.0,2.0,0.0,1
33.5,16.8,215.4,3677.0,0.0,1.0,0
42.8,21.8,213.4,4090.0,1.0,1.0,0
32.5,16.4,192.6,4332.0,2.0,0.0,0
34.6,,201.2,5514.0,1.0,1.0,1
46.6,21.8,204.8,4259.0,1.0,0.0,0
45.2,20.2,227.8,5811.0,1.0,0.0,0
36.6,19.7,214.0,4854.0,0.0,1.0,0
52.2,20.5,,4356.0,2.0,1.0,1
59.7,17.6,232.6,4351.0,0.0,0.0,1
55.3,19.9,197.5,5292.0,2.0,1.0,1
45.4,16.9,192.0,2729.0,2.0,1.0,1
33.6,14.5,220.6,4372.0,1.0,1.0,0
58.7,17.1,,6289.0,2.0,0.0,1
42.0,15.2,192.4,3622.0,1.0,1.0,0
41.4,20.1,204.6,4123.0,2.0,0.0,1
45.7,19.4,213.6,3631.0,2.0,0.0,0
44.2,20.5,185.4,5740.0,0.0,0.0,1
56.3,17.0,231.1,5678.0,1.0,0.0,1
46.6,16.0,175.0,6290.0,0.0,1.0,1
37.0,20.5,219.8,4862.0,0.0,1.0,1
38.6,20.7,188.2,5193.0,2.0,1.0,0
41.1,18.4,209.0,3468.0,0.0,0.0,0
43.3,14.4,201.4,4247.0,2.0,0.0,1
33.8,16.2,176.2,3207.0,2.0,1.0,0
46.5,14.4,230.7,6041.0,0.0,0.0,1
46.5,14.7,205.0,3085.0,2.0,0.0,1
45.9,16.8,195.1,3235.0,1.0,0.0,1
33.4,13.6,174.4,4199.0,1.0,1.0,0
34.4,19.4,201.4,5117.0,0.0,0.0,0
48.9,18.9,194.1,4791.0,0.0,0.0,0
54.6,20.0,206.0,2930.0,2.0,0.0,1
43.0,14.9,221.3,5513.0,1.0,1.0,1
57.1,20.0,181.5,4987.0,2.0,1.0,1
59.4,19.0,,5393.0,1.0,0.0,1
34.3,14.5,212.9,4659.0,2.0,1.0,0
40.1,21.7,194.9,2999.0,2.0,1.0,0
38.2,16.7,171.3,5399.0,2.0,0.0,0
54.0,17.2,193.9,5353.0,0.0,0.0,1
34.0,17.1,218.2,2756.0,2.0,0.0,1
50.5,16.2,176.8,3909.0,2.0,0.0,1
36.7,20.5,203.8,4928.0,2.0,1.0,0
53.6,13.7,230.4,4044.0,1.0,0.0,1
45.3,14.2,188.0,5087.0,2.0,0.0,1
55.5,14.4,185.3,2884.0,2.0,0.0,1
47.3,22.0,199.2,4451.0,0.0,0.0,0
37.7,15.2,209.9,6188.0,1.0,0.0,0
56.2,,,4166.0,2.0,1.0,1
35.9,18.7,186.4,3079.0,2.0,0.0,0
40.9,17.1,222.7,3626.0,1.0,0.0,0
39.6,16.4,190.2,4730.0,2.0,1.0,1
41.2,16.0,199.3,2899.0,0.0,1.0,0
34.3,20.9,182.6,5452.0,1.0,0.0,0
36.0,13.1,199.9,3803.0,2.0,0.0,0
34.1,,171.7,4015.0,1.0,1.0,0
38.4,18.6,219.1,4927.0,0.0,1.0,0
37.5,18.4,214.3,4005.0,2.0,0.0,0
58.1,20.8,177.8,3178.0,2.0,0.0,0
53.9,13.2,189.1,5211.0,1.0,1.0,1
54.1,18.2,190.9,4017.0,1.0,1.0,1
40.7,16.8,204.2,3909.0,1.0,0.0,0
38.2,16.2,222.8,3959.0,2.0,0.0,0
39.4,,211.2,5449.0,0.0,1.0,1
51.0,13.5,203.7,5350.0,2.0,1.0,1
32.9,14.3,188.4,3572.0,1.0,1.0,0
35.6,18.8,188.7,5994.0,0.0,1.0,0
51.9,18.2,231.7,5347.0,2.0,1.0,1
44.1,14.9,175.7,4060.0,0.0,0.0,0
54.3,22.0,213.4,4926.0,0.0,1.0,1
54.8,16.9,178.9,4065.0,1.0,1.0,1
54.0,21.2,230.6,4923.0,2.0,1.0,1
48.4,21.0,183.9,5659.0,0.0,1.0,0
48.5,16.3,175.3,4562.0,2.0,1.0,0
52.7,18.0,215.4,5976.0,1.0,0.0,1
49.4,15.3,215.3,5994.0,2.0,0.0,1
40.7,16.5,199.6,4258.0,0.0,1.0,0
48.4,21.5,223.5,5284.0,0.0,0.0,1
58.7,14.5,181.1,5645.0,2.0,0.0,1
32.8,21.0,202.0,5572.0,2.0,1.0,0
58.6,16.6,185.0,4690.0,1.0,1.0,1
41.8,21.0,234.2,5091.0,0.0,1.0,0
56.4,16.6,190.7,3797.0,0.0,1.0,1
59.8,14.8,185.7,4293.0,2.0,0.0,1
44.6,19.9,184.4,6239.0,0.0,0.0,1
36.9,19.9,188.4,2956.0,2.0,0.0,0
45.9,20.0,192.7,3422.0,2.0,0.0,0
52.6,15.1,216.2,3814.0,2.0,0.0,1
32.9,15.0,173.6,6248.0,2.0,0.0,1
48.0,17.1,189.6,4816.0,1.0,1.0,0
58.4,18.0,175.0,4591.0,0.0,1.0,0
40.0,20.8,231.6,3597.0,1.0,0.0,0
54.5,17.7,222.4,5281.0,2.0,1.0,1
38.8,17.4,225.3,,2.0,0.0,1
55.9,21.2,227.9,6293.0,1.0,0.0,1
35.1,13.2,197.4,5786.0,0.0,0.0,0
39.5,13.9,211.3,5828.0,2.0,1.0,1
46.9,16.1,233.4,5209.0,1.0,0.0,1
47.6,21.8,187.2,2920.0,1.0,0.0,0
48.9,21.3,170.4,6145.0,2.0,1.0,1
43.4,21.8,189.7,5679.0,1.0,0.0,0
59.2,17.4,221.4,3405.0,0.0,1.0,1
36.5,21.8,232.3,3428.0,0.0,1.0,0
42.6,20.9,188.8,3924.0,1.0,1.0,0
46.0,17.5,197.4,4067.0,1.0,0.0,0
54.9,19.3,191.0,5488.0,0.0,0.0,1
36.5,20.8,,3788.0,1.0,0.0,0
47.6,19.7,206.7,6103.0,1.0,0.0,0
46.1,19.9,201.6,3551.0,0.0,1.0,0
35.8,15.1,178.8,5161.0,2.0,1.0,1
47.8,21.8,219.0,3376.0,1.0,1.0,0
40.9,15.2,206.6,4741.0,2.0,0.0,0
52.8,15.3,174.8,3279.0,1.0,1.0,1
32.1,16.5,222.4,3948.0,1.0,0.0,0
38.3,21.9,204.5,5900.0,0.0,0.0,0
50.2,21.3,205.1,3789.0,2.0,1.0,0
38.7,16.7,174.6,3334.0,0.0,0.0,0
36.3,15.7,230.8,2960.0,1.0,1.0,0
46.8,20.8,196.3,3907.0,0.0,1.0,0
55.9,20.9,206.6,4685.0,2.0,,1
45.6,15.1,181.6,5844.0,1.0,1.0,1
48.8,16.3,209.9,3183.0,1.0,1.0,1
43.0,20.3,218.9,4791.0,2.0,0.0,1
47.0,15.2,176.9,5726.0,1.0,0.0,1
58.5,21.9,213.2,2864.0,2.0,0.0,1
55.4,19.3,226.7,4959.0,0.0,0.0,1
55.4,16.4,213.5,3525.0,1.0,0.0,0
47.8,17.5,195.6,4132.0,1.0,1.0,1
44.3,21.2,188.9,3977.0,2.0,1.0,0
32.6,21.6,198.3,4867.0,0.0,1.0,0
39.1,14.9,,6014.0,1.0,0.0,0
49.0,21.3,197.9,4129.0,2.0,1.0,1
36.7,17.3,211.2,3167.0,0.0,0.0,0
43.8,20.0,193.2,2907.0,1.0,0.0,0
35.0,19.9,203.4,3942.0,2.0,0.0,0
53.1,14.5,186.2,5899.0,0.0,1.0,0
36.9,13.9,215.8,5461.0,1.0,0.0,0
59.5,16.3,204.7,6131.0,2.0,1.0,1
52.4,21.6,214.2,3977.0,1.0,0.0,0
36.8,13.7,188.2,6284.0,0.0,1.0,1
49.7,19.7,217.8,3785.0,1.0,1.0,1
45.2,13.6,213.2,4426.0,2.0,0.0,1
44.7,21.3,212.8,5696.0,0.0,0.0,0
53.0,15.1,189.9,5462.0,2.0,1.0,1
56.5,18.7,210.1,5522.0,1.0,1.0,1
38.0,15.5,219.5,6228.0,0.0,1.0,1
54.4,21.3,190.6,2752.0,1.0,1.0,0
41.1,15.0,207.3,4541.0,0.0,0.0,1
51.1,19.7,201.4,4943.0,1.0,1.0,1
47.0,17.6,173.7,5493.0,2.0,0.0,1
51.4,14.6,199.4,5139.0,0.0,0.0,1
51.7,14.4,205.1,4234.0,1.0,1.0,1
46.4,14.1,210.6,6229.0,2.0,1.0,1
43.9,17.2,194.0,4341.0,,,0
38.0,13.6,176.0,4843.0,1.0,,0
45.0,21.9,192.2,2769.0,2.0,0.0,0
37.9,,187.5,4068.0,1.0,0.0,0
58.7,21.3,212.2,5723.0,2.0,1.0,1
36.9,,203.9,2715.0,0.0,0.0,0
32.5,20.2,206.7,2882.0,2.0,0.0,0
33.9,14.4,190.2,3788.0,1.0,0.0,1
52.3,21.4,185.0,4980.0,0.0,1.0,1
35.1,20.1,229.6,3912.0,,0.0,1
39.7,19.5,205.5,4958.0,2.0,0.0,0
55.1,19.7,234.9,5179.0,2.0,1.0,1
44.8,20.1,212.2,2827.0,2.0,1.0,0
42.8,19.0,233.5,4306.0,2.0,0.0,1
37.3,19.3,179.4,2866.0,1.0,0.0,0
,14.8,210.7,3165.0,2.0,0.0,1
38.0,14.1,212.2,4996.0,1.0,0.0,1
44.2,15.1,227.5,4323.0,1.0,1.0,1
33.1,21.5,195.3,5419.0,2.0,0.0,0
59.5,16.5,205.7,6071.0,1.0,,1
58.4,16.5,212.1,2714.0,,1.0,1
59.4,19.2,211.9,5501.0,1.0,0.0,1
39.9,19.8,190.9,3325.0,0.0,0.0,0
36.5,21.4,175.0,3843.0,1.0,1.0,0
42.8,15.8,234.7,3697.0,1.0,1.0,1
52.8,17.7,204.9,6063.0,0.0,0.0,1
40.6,16.9,189.1,5196.0,0.0,1.0,0
32.9,15.7,221.7,6151.0,0.0,0.0,1
40.5,15.8,234.5,6296.0,0.0,0.0,1
35.1,19.0,180.6,5782.0,0.0,0.0,0
45.8,17.5,193.4,,1.0,0.0,1
46.0,20.0,227.4,5946.0,2.0,0.0,1
57.3,14.7,189.5,3451.0,1.0,1.0,1
36.2,19.6,226.8,3472.0,0.0,0.0,0
44.3,18.3,191.0,5746.0,1.0,1.0,0
52.4,21.2,,,0.0,1.0,0
42.9,16.1,170.5,3585.0,2.0,1.0,0
54.5,13.4,196.5,5712.0,1.0,1.0,1
,15.3,194.1,5094.0,1.0,1.0,1
48.3,17.8,215.4,4392.0,1.0,0.0,0
48.0,14.8,202.2,5983.0,1.0,0.0,1
36.1,16.3,209.9,5498.0,2.0,0.0,0
41.4,15.7,182.2,4065.0,1.0,1.0,0
52.1,15.1,189.8,5556.0,0.0,1.0,1
53.2,17.9,195.9,3758.0,0.0,1.0,0
43.2,16.2,205.2,3088.0,2.0,1.0,1
55.8,16.9,223.6,5996.0,2.0,0.0,1
59.4,21.9,205.3,4794.0,1.0,1.0,1
50.3,16.9,201.4,3149.0,1.0,0.0,0
45.7,17.2,201.3,2760.0,0.0,1.0,0
37.7,19.7,181.1,3713.0,0.0,0.0,0
33.8,15.4,217.8,3874.0,1.0,1.0,1
40.2,14.2,213.7,3039.0,0.0,1.0,0
53.8,20.1,219.0,4838.0,1.0,1.0,0
51.5,21.3,209.0,4235.0,2.0,0.0,1
50.1,16.8,172.7,3974.0,2.0,1.0,0
47.2,14.8,215.6,3043.0,1.0,1.0,1
52.1,13.6,223.8,3146.0,1.0,1.0,1
36.7,17.0,230.5,3990.0,1.0,0.0,0
49.5,13.4,190.2,6189.0,0.0,1.0,1
42.0,15.0,231.5,3014.0,1.0,0.0,1
55.8,18.4,189.2,2903.0,0.0,0.0,1
49.1,17.1,203.0,3347.0,0.0,0.0,1
39.6,13.7,227.0,4643.0,0.0,1.0,1
53.3,13.5,185.9,3187.0,2.0,1.0,1
58.2,14.9,204.7,2915.0,0.0,0.0,0
57.4,16.1,232.0,3237.0,0.0,0.0,1
32.3,21.9,198.3,5245.0,2.0,1.0,0
56.2,19.0,227.1,5182.0,1.0,1.0,1
59.1,15.9,178.0,2950.0,1.0,1.0,0
41.5,14.9,204.6,5537.0,1.0,0.0,1
32.2,13.8,187.6,3328.0,2.0,1.0,1
46.3,14.3,211.2,6005.0,0.0,1.0,1
34.4,13.2,173.1,3668.0,2.0,0.0,0
33.3,18.1,223.5,5853.0,1.0,1.0,1
54.8,17.4,215.4,4022.0,1.0,0.0,1
56.2,19.0,192.0,3958.0,1.0,1.0,0
40.3,18.3,215.1,4437.0,1.0,0.0,1
34.7,13.3,233.2,3408.0,2.0,0.0,1
38.6,14.5,224.1,4508.0,2.0,0.0,1
41.5,19.5,170.2,5708.0,0.0,0.0,0
44.7,14.8,198.5,2953.0,0.0,0.0,0
46.9,13.7,204.7,4718.0,1.0,1.0,1
39.3,15.5,229.8,4066.0,1.0,0.0,1
41.1,21.5,216.8,2743.0,2.0,1.0,1
40.3,21.7,218.4,2819.0,0.0,1.0,0
39.4,21.7,224.9,3118.0,2.0,0.0,1
57.0,17.5,208.0,,1.0,1.0,1
37.1,13.1,179.6,4865.0,1.0,0.0,0
41.6,19.9,199.9,3721.0,1.0,0.0,0
56.3,16.5,226.4,5163.0,2.0,1.0,1
37.2,15.7,190.8,4822.0,0.0,0.0,0
56.4,21.9,181.8,4480.0,2.0,0.0,0
59.7,16.8,221.5,3192.0,2.0,,1
37.3,15.3,230.0,5095.0,0.0,0.0,1
44.8,20.4,193.2,4418.0,1.0,0.0,0
44.7,13.4,207.8,5107.0,1.0,1.0,1
58.7,21.4,201.9,6221.0,1.0,0.0,0
58.7,14.7,180.2,3421.0,1.0,1.0,1
35.2,14.8,209.1,5445.0,2.0,0.0,0
35.4,18.3,206.7,2718.0,0.0,0.0,0
44.0,20.0,179.9,4166.0,0.0,0.0,0
45.3,17.4,220.9,4907.0,0.0,0.0,0
38.2,19.5,193.3,4974.0,2.0,1.0,0
40.6,17.4,199.2,5364.0,0.0,0.0,0
56.6,17.9,189.0,3710.0,0.0,0.0,0
42.8,,219.9,3156.0,2.0,1.0,1
37.1,19.2,219.0,5165.0,1.0,1.0,0
59.0,14.4,184.7,4002.0,2.0,0.0,1
32.2,19.6,186.0,3286.0,2.0,0.0,0
34.1,18.0,220.5,2702.0,1.0,0.0,0
39.1,13.9,192.4,5846.0,2.0,1.0,1
41.6,18.8,191.0,3994.0,2.0,1.0,1
48.0,15.1,233.6,3042.0,1.0,0.0,1
38.1,18.0,182.9,5376.0,1.0,0.0,0
42.8,20.3,188.3,3382.0,2.0,1.0,0
40.5,13.2,193.0,4492.0,2.0,1.0,0
51.3,15.3,198.8,5723.0,1.0,1.0,1
,19.8,228.1,4331.0,2.0,1.0,1
50.5,14.1,177.0,3678.0,0.0,1.0,0
33.1,20.9,173.1,5089.0,2.0,1.0,0
51.7,18.9,223.6,2783.0,1.0,1.0,1
57.8,20.0,179.0,4376.0,1.0,0.0,0
46.1,17.6,228.0,4467.0,1.0,0.0,0
38.5,21.2,197.9,3912.0,2.0,1.0,0
41.4,15.9,176.4,6112.0,2.0,1.0,0
50.4,17.9,,5083.0,2.0,0.0,1
33.3,15.4,195.8,4472.0,,0.0,0
58.7,16.4,207.0,4184.0,2.0,0.0,1
50.3,18.4,222.6,5880.0,0.0,1.0,1
34.3,13.6,233.8,3969.0,2.0,1.0,1
50.1,18.5,217.4,5805.0,2.0,1.0,1
52.0,17.0,198.1,3626.0,2.0,0.0,1
39.0,13.4,223.6,4242.0,2.0,1.0,1
46.1,15.8,190.9,4349.0,1.0,1.0,1
45.1,13.4,177.5,5731.0,1.0,1.0,0
48.7,16.1,215.2,4603.0,1.0,1.0,1
53.0,21.6,219.0,5731.0,2.0,1.0,1
40.5,15.3,222.4,4852.0,2.0,,1
46.1,19.1,205.9,3949.0,1.0,1.0,0
47.7,13.7,231.2,3387.0,2.0,1.0,1
39.1,20.2,183.3,4051.0,0.0,0.0,0
39.7,21.5,204.3,4211.0,2.0,0.0,0
44.7,21.2,174.5,4064.0,2.0,1.0,0
59.4,14.3,173.7,5585.0,0.0,0.0,0
45.3,16.6,194.2,5608.0,2.0,,1
53.1,14.2,177.7,3762.0,2.0,0.0,1
48.4,17.4,178.6,3402.0,2.0,1.0,1
42.6,14.3,191.8,3737.0,1.0,1.0,0
58.2,13.1,172.7,,2.0,1.0,1
57.2,21.5,218.1,5079.0,1.0,0.0,1
48.6,15.3,188.5,5493.0,0.0,0.0,0
50.9,14.8,170.4,3358.0,0.0,0.0,1
45.6,21.2,186.8,3446.0,2.0,0.0,0
50.8,13.5,182.5,3812.0,,0.0,0
32.8,13.6,224.0,4099.0,0.0,1.0,0
47.2,19.1,170.1,5245.0,1.0,1.0,0
47.4,19.7,226.4,5919.0,0.0,0.0,1
53.2,21.2,193.2,5464.0,1.0,1.0,1
54.8,15.6,233.9,3417.0,0.0,0.0,1
49.8,18.1,214.7,3543.0,1.0,1.0,0
55.2,15.4,191.5,5508.0,1.0,0.0,0
57.8,15.0,186.6,4772.0,1.0,0.0,1
46.6,17.3,202.4,4533.0,0.0,1.0,0
55.1,18.1,193.5,5335.0,2.0,0.0,0
42.8,19.4,217.4,6061.0,0.0,0.0,1
,13.3,193.9,3170.0,0.0,1.0,1
54.4,14.5,230.8,4459.0,1.0,1.0,1
52.8,17.6,209.3,4231.0,2.0,1.0,1
47.2,15.9,178.2,,0.0,0.0,0
38.1,14.1,206.7,2982.0,1.0,0.0,0
35.1,15.5,171.1,5263.0,2.0,0.0,0
43.5,20.4,198.3,5164.0,2.0,0.0,0
36.7,17.2,205.7,5362.0,1.0,0.0,1
49.7,16.1,222.6,3857.0,1.0,0.0,1
45.2,14.4,229.0,3757.0,0.0,0.0,0
42.3,16.3,,6247.0,0.0,0.0,1
39.1,19.0,211.3,5223.0,2.0,1.0,1
44.1,20.0,184.3,5347.0,1.0,0.0,0
50.4,18.2,209.6,6175.0,1.0,1.0,1
43.1,16.1,214.4,3085.0,0.0,0.0,0
53.6,18.3,210.9,4947.0,1.0,0.0,0
39.0,21.5,188.8,3932.0,0.0,0.0,0
59.4,15.1,204.5,4290.0,0.0,0.0,0
33.1,21.0,198.9,5028.0,2.0,0.0,1
39.0,15.2,172.5,5001.0,1.0,1.0,0
35.9,20.6,225.6,3723.0,2.0,0.0,1
42.7,18.5,208.5,4617.0,2.0,1.0,1
43.3,15.0,177.9,5747.0,1.0,0.0,0
42.3,16.3,178.1,5740.0,0.0,0.0,1
55.7,15.5,222.9,5906.0,1.0,0.0,1
48.4,13.7,173.9,3260.0,1.0,,0
58.8,14.7,221.4,5837.0,2.0,1.0,1
38.8,14.3,175.8,2981.0,1.0,0.0,0
38.1,20.3,,4318.0,2.0,1.0,1
34.4,15.4,194.4,4008.0,2.0,1.0,0
55.0,14.9,224.5,3248.0,0.0,0.0,0
34.8,16.9,172.8,5407.0,2.0,1.0,0
38.7,14.0,192.2,3365.0,0.0,1.0,0
38.6,20.0,187.8,4380.0,0.0,0.0,1
47.3,20.2,216.6,4550.0,0.0,1.0,0
35.8,18.9,173.0,3463.0,2.0,0.0,0
42.6,19.0,170.5,4872.0,0.0,1.0,0
55.2,17.4,177.1,4206.0,0.0,1.0,1
35.8,14.4,191.6,3900.0,0.0,1.0,0
48.1,20.0,197.3,6125.0,1.0,1.0,1
43.4,15.8,191.4,5591.0,1.0,,0
53.4,14.9,218.3,5771.0,0.0,1.0,1
36.8,14.9,220.3,5262.0,1.0,0.0,1
33.1,20.1,206.5,3423.0,2.0,1.0,1
36.2,19.0,233.1,3675.0,2.0,1.0,1
36.7,17.3,209.2,5396.0,1.0,0.0,0
33.4,14.5,179.8,,1.0,1.0,0
36.5,17.6,207.6,5899.0,0.0,0.0,1
35.5,16.0,225.3,6298.0,2.0,0.0,1
54.7,19.7,195.2,3595.0,2.0,1.0,0
55.8,,226.4,3165.0,1.0,1.0,1
34.5,20.9,209.1,3134.0,1.0,0.0,0
54.9,19.0,170.1,3205.0,1.0,0.0,0
44.5,50.0,207.7,,2.0,1.0,1
59.3,13.1,176.3,4720.0,1.0,1.0,1
56.8,18.4,185.1,2705.0,2.0,1.0,0
35.6,14.8,228.5,3317.0,2.0,0.0,1
34.9,14.0,179.0,6106.0,1.0,1.0,0
32.9,18.9,204.7,5749.0,1.0,1.0,0
46.6,17.8,207.8,3482.0,0.0,1.0,0
48.4,16.1,181.9,3483.0,1.0,1.0,0
49.1,13.8,216.4,4758.0,0.0,1.0,1
57.1,15.1,182.6,3512.0,2.0,1.0,1
36.1,18.6,171.3,6000.0,0.0,1.0,0
57.4,15.6,178.8,5095.0,1.0,1.0,1
40.2,17.2,213.6,4720.0,2.0,0.0,1
38.0,21.8,221.0,6224.0,1.0,1.0,0
49.2,16.6,202.5,5673.0,2.0,0.0,1
55.4,16.9,199.3,4816.0,2.0,0.0,1
47.3,21.7,191.1,5539.0,2.0,0.0,1
43.2,14.1,191.8,3855.0,1.0,0.0,0
59.7,14.6,176.4,,1.0,1.0,1
36.0,20.5,209.6,3657.0,0.0,1.0,0
58.2,16.2,223.1,3642.0,1.0,1.0,1
56.7,21.3,231.4,5070.0,1.0,1.0,1
39.7,19.2,202.3,4068.0,1.0,1.0,0
40.6,18.8,202.0,4879.0,2.0,1.0,1
55.2,14.4,185.1,3443.0,0.0,1.0,1
50.9,13.5,225.6,6014.0,0.0,1.0,1
57.5,20.4,185.1,5952.0,0.0,0.0,1
40.2,21.0,216.0,3652.0,1.0,1.0,0
47.8,18.9,216.8,4774.0,1.0,1.0,1
57.7,21.0,175.0,3770.0,2.0,0.0,0
55.6,13.4,229.0,3782.0,1.0,1.0,1
42.7,17.0,204.2,2723.0,2.0,0.0,0
43.4,16.2,183.3,4896.0,2.0,,1
44.7,21.9,192.9,6180.0,2.0,1.0,0
53.0,19.1,193.2,4331.0,1.0,0.0,0
32.4,18.1,208.9,4350.0,1.0,0.0,0
39.4,13.3,201.7,2982.0,0.0,1.0,0
39.8,13.6,194.1,4862.0,0.0,0.0,0
39.4,19.6,228.4,4260.0,1.0,0.0,0
40.3,18.3,180.8,4446.0,0.0,0.0,0
35.8,,189.2,3691.0,,0.0,0
33.8,15.8,177.7,5147.0,1.0,1.0,0
53.6,20.5,182.5,6000.0,1.0,0.0,0
34.6,,197.5,5958.0,1.0,0.0,1
40.4,20.3,199.3,3327.0,2.0,0.0,0
58.9,17.0,219.7,3398.0,2.0,0.0,1
43.6,20.1,210.2,4136.0,2.0,1.0,1
45.7,13.9,,4562.0,0.0,0.0,1
56.3,13.7,195.6,4159.0,0.0,1.0,1
57.2,15.4,197.4,4805.0,0.0,1.0,1
32.1,14.2,232.4,3422.0,0.0,0.0,0
51.5,15.2,193.9,5220.0,1.0,0.0,0
,19.8,212.5,2957.0,1.0,0.0,0
32.8,13.2,226.3,5321.0,0.0,0.0,0
44.7,20.2,202.9,3957.0,2.0,0.0,0
48.8,16.0,210.8,4041.0,2.0,0.0,1
51.2,17.3,191.6,5018.0,0.0,0.0,0
49.9,15.2,178.0,4789.0,1.0,0.0,0
35.4,15.5,199.8,3939.0,1.0,1.0,0
59.0,21.5,211.9,5977.0,0.0,0.0,1
58.1,16.7,234.3,4320.0,2.0,0.0,1
43.4,16.5,181.6,5002.0,0.0,1.0,0
54.0,13.3,200.4,5367.0,0.0,1.0,1
54.7,14.6,175.6,2764.0,1.0,0.0,0
36.9,13.3,197.1,4156.0,2.0,0.0,1
35.0,17.5,199.5,4337.0,2.0,0.0,0
52.0,15.7,174.2,3428.0,1.0,0.0,1
46.0,14.9,221.6,5110.0,2.0,0.0,1
40.3,18.4,203.7,4480.0,2.0,0.0,0
60.0,19.1,177.1,5562.0,1.0,1.0,1
39.8,15.1,203.9,3469.0,2.0,1.0,1
55.8,21.8,230.5,5862.0,0.0,1.0,1
55.7,13.3,229.9,3099.0,0.0,1.0,1
41.5,20.9,180.5,4035.0,1.0,1.0,0
37.6,16.2,176.5,5753.0,0.0,1.0,0
58.1,20.3,206.0,5611.0,1.0,0.0,1
32.9,13.2,185.0,5270.0,0.0,0.0,0
45.6,16.8,205.1,3157.0,1.0,1.0,1
54.9,18.4,180.0,2745.0,0.0,1.0,0
48.9,20.9,216.6,3941.0,0.0,1.0,1
52.9,15.0,214.0,4671.0,1.0,1.0,1
36.8,20.6,222.1,3322.0,0.0,1.0,0
57.5,18.7,199.5,,0.0,1.0,0
45.1,15.9,204.6,3930.0,2.0,1.0,1
44.1,18.9,229.7,3212.0,1.0,1.0,1
40.9,15.3,234.8,3828.0,1.0,0.0,0
57.8,13.2,226.1,3484.0,0.0,1.0,1
52.3,18.9,192.3,5805.0,2.0,1.0,1
40.2,18.0,173.5,3138.0,0.0,0.0,0
54.8,16.8,198.7,4465.0,1.0,0.0,0
55.5,18.2,211.2,3995.0,1.0,1.0,1
32.4,21.3,211.8,5042.0,1.0,1.0,0
46.2,16.4,201.1,3788.0,1.0,0.0,1
38.6,22.0,177.2,5027.0,1.0,1.0,0
48.3,17.2,192.8,5700.0,1.0,1.0,0
53.2,15.8,223.3,4663.0,0.0,0.0,1
43.8,14.5,183.6,2723.0,0.0,0.0,0
47.2,19.3,199.2,3479.0,2.0,1.0,0
54.1,20.8,203.0,3258.0,1.0,0.0,0
46.1,15.0,170.1,4282.0,2.0,0.0,0
42.4,22.0,172.0,5145.0,0.0,1.0,0
52.7,19.4,226.2,4724.0,2.0,1.0,1
46.4,16.5,207.8,4077.0,0.0,1.0,0
59.5,21.7,175.4,3894.0,,1.0,1
44.2,16.1,212.6,4173.0,0.0,0.0,0
42.6,21.5,183.5,3006.0,2.0,0.0,0
33.5,16.0,182.9,4345.0,,1.0,0
34.8,,191.4,5051.0,2.0,0.0,0
39.5,15.5,186.2,5135.0,2.0,0.0,1
38.3,17.3,211.2,4601.0,2.0,1.0,0
34.9,17.8,200.0,4619.0,2.0,1.0,1
56.7,20.0,197.7,2802.0,2.0,0.0,0
41.9,19.4,210.7,3151.0,2.0,0.0,0
33.1,21.8,226.3,3552.0,1.0,0.0,0
39.0,14.0,208.9,3655.0,0.0,0.0,1
37.2,13.7,220.2,5478.0,1.0,1.0,1
56.2,16.5,191.5,5905.0,2.0,1.0,1
39.1,18.6,226.7,3535.0,2.0,1.0,1
35.3,13.5,178.4,3491.0,0.0,0.0,0
40.8,19.3,188.1,5385.0,1.0,1.0,0
34.6,13.6,174.0,2975.0,2.0,0.0,0
38.8,14.2,202.3,4207.0,2.0,1.0,0
48.6,19.4,205.8,5058.0,1.0,1.0,0
33.6,21.2,231.1,6252.0,0.0,0.0,1
49.8,17.4,176.6,4720.0,2.0,1.0,1
36.7,14.7,205.2,5072.0,1.0,1.0,0
38.0,20.7,183.7,3438.0,2.0,0.0,0
37.6,17.3,224.2,6067.0,1.0,1.0,1
34.1,15.8,213.3,2914.0,0.0,0.0,0
49.3,17.3,185.8,5988.0,2.0,1.0,1
59.5,13.1,184.1,3960.0,2.0,1.0,1
57.6,16.3,234.0,2745.0,1.0,0.0,1
51.0,13.2,209.2,3239.0,1.0,1.0,1
36.1,16.4,213.8,3894.0,0.0,0.0,0
54.6,19.5,200.8,4227.0,1.0,1.0,0
41.0,14.6,192.3,,1.0,0.0,0
55.3,20.1,171.0,4674.0,2.0,0.0,1
37.4,13.6,228.3,3144.0,0.0,0.0,0
39.0,18.8,216.2,6086.0,0.0,1.0,0
38.8,,201.9,5840.0,1.0,1.0,1
43.7,20.1,188.5,4520.0,2.0,0.0,0
41.0,18.4,199.5,4453.0,0.0,0.0,0
35.2,17.9,192.2,4715.0,2.0,1.0,1
43.1,18.6,174.6,5691.0,0.0,1.0,0
39.7,18.5,196.3,5653.0,0.0,1.0,0
32.1,13.2,212.7,4778.0,0.0,1.0,0
,20.9,207.8,3944.0,0.0,0.0,0
42.4,21.7,231.2,5495.0,1.0,1.0,1
49.9,14.0,192.3,3965.0,2.0,1.0,1
43.1,14.3,194.6,5339.0,0.0,0.0,1
55.8,19.6,210.2,3857.0,2.0,0.0,0
48.1,14.5,202.2,4123.0,1.0,1.0,1
36.0,21.4,220.1,,1.0,1.0,0
57.1_err,19.7,175.6,3344.0,1.0,0.0,0
52.2,16.7,217.6,5828.0,1.0,0.0,1
53.7,14.9,213.4,4097.0,1.0,1.0,1
35.5,15.5,192.6,3909.0,1.0,0.0,0
46.4,16.3,194.5,4587.0,0.0,1.0,0
41.0,14.1,197.5,2704.0,1.0,0.0,0
52.5,17.0,194.9,,0.0,1.0,1
55.9,16.1,194.3,4615.0,2.0,0.0,1
37.6,17.4,207.2,5774.0,0.0,1.0,0
52.4,21.5,180.0,3305.0,2.0,0.0,0
54.7,17.5,233.2,5010.0,2.0,0.0,1
46.8,14.7,170.1,5439.0,1.0,0.0,1
50.7,14.4,177.2,4950.0,1.0,1.0,0
54.8,19.0,,5055.0,2.0,1.0,1
46.6,19.1,185.9,5381.0,2.0,0.0,1
35.6,13.3,173.5,3708.0,,1.0,0
55.8,13.7,210.9,5547.0,0.0,1.0,1
32.9,16.6,215.3,5378.0,1.0,0.0,1
55.4,19.1,186.0,3703.0,,1.0,0
50.4,16.1,190.7,3317.0,2.0,1.0,0
38.2,16.7,199.9,3511.0,1.0,1.0,1
49.2,22.0,224.3,3376.0,0.0,1.0,0
52.4,16.2,187.7,2766.0,0.0,0.0,0
42.7,16.5,195.0,3745.0,0.0,0.0,0
45.4,21.2,192.3,3543.0,1.0,0.0,0
40.1,20.9,221.5,3654.0,2.0,1.0,1
43.0,18.3,225.4,5729.0,1.0,0.0,1
58.1,16.3,208.3,4201.0,0.0,1.0,1
,17.6,234.4,3220.0,2.0,1.0,1
46.1,21.6,213.4,3166.0,1.0,0.0,0
38.8,20.1,204.0,6263.0,2.0,1.0,1
42.7,18.5,187.3,4171.0,2.0,0.0,0
37.6,13.1,,5142.0,,0.0,0
52.5,19.1,208.4,3968.0,1.0,1.0,1
34.0,17.4,216.1,3103.0,1.0,0.0,0
38.6,14.7,176.3,5597.0,0.0,1.0,0
59.3,21.4,191.1,4786.0,1.0,1.0,1
46.4,17.1,222.0,2988.0,0.0,1.0,1
36.6,19.0,204.6,4547.0,1.0,0.0,0
32.7,18.4,180.1,4288.0,0.0,1.0,0
52.8,16.9,195.7,2992.0,1.0,1.0,1
,21.4,218.0,3010.0,0.0,0.0,1
52.9,14.4,228.0,4562.0,2.0,1.0,1
58.3,14.7,233.7,3889.0,1.0,0.0,1
55.2,14.0,174.1,5889.0,1.0,1.0,1
49.5,14.1,208.4,3895.0,1.0,1.0,1
57.8,19.9,203.2,4107.0,0.0,1.0,0
52.1,20.5,191.3,4451.0,1.0,1.0,1
55.5,15.9,183.9,5932.0,1.0,0.0,0
54.8,18.0,218.8,5199.0,2.0,1.0,1
34.3,14.9,180.8,,0.0,1.0,0
55.2,13.7,229.9,5380.0,2.0,1.0,1
44.2,18.5,223.5,2936.0,0.0,1.0,0
35.6,14.1,170.9,3864.0,0.0,1.0,0
49.3,14.8,232.9,3450.0,0.0,1.0,0
55.1,19.4,218.5,3683.0,0.0,1.0,0
52.7,13.5,174.4,5473.0,2.0,1.0,0
38.8,14.8,210.6,5526.0,2.0,0.0,0
58.9,14.1,230.5,3937.0,1.0,0.0,1
37.4,15.6,229.6,4055.0,0.0,0.0,0
42.8,14.6,191.8,5897.0,1.0,1.0,1
32.9,20.2,186.4,3621.0,2.0,0.0,0
44.0,15.3,207.9,3509.0,2.0,0.0,1
48.8,20.4,222.7,5246.0,2.0,1.0,1
47.5,13.4,221.4,4605.0,1.0,0.0,1
40.2,21.6,192.8,5307.0,2.0,1.0,0
55.0,15.8,183.8,6054.0,1.0,1.0,0
32.4,20.8,216.6,3844.0,0.0,1.0,0
32.6,18.9,205.1,4827.0,0.0,0.0,0
33.9,16.2,230.2,3964.0,2.0,0.0,1
57.9,16.4,190.3,6104.0,0.0,0.0,1
48.6,19.6,192.7,5925.0,1.0,1.0,1
33.4,16.3,213.4,5012.0,2.0,0.0,1
42.9,13.1,222.4,5291.0,1.0,1.0,1
56.7,20.5,232.2,4034.0,2.0,0.0,1
46.5_err,19.9,198.7,5839.0,2.0,1.0,1
51.9,17.1,178.8,3165.0,0.0,,0
41.2,21.4,215.0,3057.0,0.0,1.0,0
37.0,,196.6,6274.0,1.0,0.0,0
57.1,16.2,,4010.0,2.0,1.0,1
56.1,18.9,175.3,3402.0,1.0,1.0,0
55.6,13.0,183.7,3084.0,2.0,1.0,1
57.5,13.6,212.5,4105.0,2.0,0.0,1
,14.8,218.4,4237.0,2.0,1.0,1
44.6,17.4,178.0,5315.0,0.0,0.0,1
33.6,15.3,197.3,2917.0,0.0,0.0,0
57.4,17.9,234.3,4263.0,2.0,1.0,1
,21.6,208.3,3152.0,0.0,0.0,0
32.6,17.2,201.0,5459.0,2.0,1.0,0
39.8,18.8,219.0,4103.0,0.0,0.0,0
45.9,18.2,177.5,6014.0,0.0,1.0,1
50.3,13.2,224.0,6284.0,1.0,1.0,1
43.4,13.6,177.2,4610.0,2.0,0.0,1
48.4,15.8,201.8,4224.0,1.0,0.0,0
39.2,16.9,220.6,5370.0,1.0,1.0,1
35.3,19.8,227.6,3444.0,1.0,1.0,0
33.8,21.8,231.1,5224.0,2.0,1.0,0
42.0,21.9,218.7,5245.0,0.0,,1
46.0,17.3,203.7,3183.0,1.0,0.0,0
40.9,21.9,186.5,3340.0,1.0,0.0,0
38.3,21.3,176.8,6004.0,0.0,0.0,0
47.0,18.3,211.0,5342.0,0.0,0.0,1
46.1,16.1,198.9,3125.0,1.0,1.0,0
52.7,18.4,232.6,3707.0,2.0,0.0,1
55.4,18.4,234.0,4910.0,1.0,0.0,1
37.5,16.6,230.1,5383.0,2.0,0.0,0
41.0,14.1,178.4,4793.0,2.0,1.0,1
43.7,14.0,228.0,3599.0,0.0,0.0,1
37.8,14.4,222.8,5035.0,2.0,0.0,1
35.4,17.9,211.6,5517.0,1.0,0.0,0
51.4,21.5,206.7,3060.0,0.0,0.0,0
,14.7,,3050.0,1.0,1.0,1
42.0,15.9,209.3,3112.0,,0.0,1
53.2,16.0,194.3,4630.0,1.0,1.0,0
59.0,17.8,183.9,5882.0,1.0,0.0,1
41.1,20.2,183.8,4243.0,2.0,0.0,0
47.1,14.6,222.1,3680.0,2.0,0.0,1
,18.5,181.2,3680.0,2.0,1.0,0
40.4,14.9,208.8,4901.0,0.0,0.0,1
51.1,20.0,174.7,5481.0,2.0,1.0,1
41.5,18.8,211.4,4469.0,2.0,0.0,0
37.9,21.6,184.8,3820.0,2.0,0.0,0
56.0,15.9,204.7,5011.0,,0.0,1
34.0,13.7,185.9,5192.0,1.0,1.0,0
48.0,15.0,204.4,5293.0,1.0,0.0,0
55.8,14.8,193.8,3508.0,1.0,0.0,0
38.7,14.7,175.1,3236.0,1.0,0.0,0
44.6,19.8,201.7,3255.0,0.0,0.0,0
41.3,16.0,178.4,2776.0,0.0,1.0,0
52.0,20.9,208.2,5581.0,1.0,1.0,1
40.6,16.2,172.6,3056.0,1.0,1.0,1
34.0,,219.8,5502.0,1.0,1.0,0
36.9,15.9,172.8,6018.0,0.0,1.0,0
55.2,18.6,221.8,5516.0,0.0,0.0,1
35.0,18.5,226.4,3382.0,1.0,1.0,0
41.4,18.3,202.2,5960.0,0.0,1.0,0
34.7,14.5,213.8,4815.0,1.0,1.0,0
57.7,19.7,174.0,,0.0,1.0,1
49.6,16.3,193.5,3186.0,0.0,0.0,0
59.7,14.4,183.7,4406.0,2.0,0.0,0
51.6,,170.9,3182.0,1.0,1.0,0
39.2,21.0,234.9,4831.0,1.0,0.0,1
52.4,19.3,190.0,5230.0,1.0,0.0,1
50.1,18.4,180.9,3523.0,0.0,0.0,0
37.6,21.1,195.4,3733.0,1.0,0.0,0
36.2,21.7,209.8,5853.0,0.0,0.0,0
34.3,20.6,194.9,3619.0,1.0,1.0,0
35.9,17.0,232.6,5741.0,0.0,1.0,1
33.4,13.6,230.1,3123.0,2.0,0.0,0
54.3,19.5,208.6,5142.0,0.0,0.0,1
49.2,18.9,232.2,5718.0,2.0,1.0,1
53.7,18.8,222.5,5588.0,0.0,1.0,1
57.7,17.2,174.6,6138.0,0.0,0.0,1
41.3,21.3,219.9,4797.0,0.0,1.0,0
47.2,18.4,230.9,2931.0,0.0,1.0,0
50.2,19.7,181.7,3463.0,0.0,0.0,0
55.2,19.5,195.8,3247.0,1.0,1.0,0
40.8,16.2,173.9,3892.0,0.0,1.0,0
,21.8,200.6,4884.0,,0.0,1
35.8,,182.7,4667.0,0.0,0.0,0
56.7,13.2,200.8,4042.0,2.0,1.0,1
45.0,13.6,173.2,4806.0,0.0,0.0,0
46.7,14.2,190.8,5343.0,2.0,1.0,1
56.3,20.5,194.9,6045.0,2.0,1.0,1
49.5,21.2,184.6,4599.0,2.0,0.0,1
32.1,21.2,230.8,3380.0,2.0,1.0,0
52.8,20.2,216.1,5182.0,0.0,0.0,0
52.3,21.3,,4474.0,,1.0,0
41.8,21.2,228.6,4138.0,2.0,0.0,1
37.3,20.0,178.9,4189.0,2.0,1.0,0
52.6,19.8,224.2,4522.0,0.0,1.0,1
,17.3,171.7,6067.0,1.0,0.0,0
56.8,,179.1,4940.0,1.0,0.0,1
43.7,16.4,204.4,5392.0,0.0,1.0,1
48.8,14.8,223.9,5979.0,0.0,1.0,1
36.4,18.0,188.8,4214.0,1.0,0.0,0
55.0,15.6,229.4,3766.0,2.0,0.0,1
49.7,17.8,211.8,3250.0,0.0,1.0,1
53.4,18.7,201.5,6256.0,0.0,1.0,1
58.9,20.1,187.2,4875.0,1.0,0.0,0
33.1,16.9,188.2,4391.0,1.0,0.0,0
34.0,17.3,203.8,6018.0,2.0,1.0,0
48.0,14.7,204.8,2992.0,1.0,1.0,1
41.5,17.3,211.3,5356.0,1.0,0.0,1
41.2,13.7,202.5,,1.0,1.0,1
43.6,15.2,230.9,4323.0,1.0,0.0,1
42.7,21.1,221.7,3976.0,2.0,0.0,0
40.7,20.2,198.8,3031.0,0.0,1.0,0
49.7,21.1,204.9,3163.0,1.0,1.0,0
58.3,17.7,192.6,5827.0,1.0,1.0,1
37.0,22.0,222.7,3043.0,1.0,0.0,0
46.6,16.7,216.6,5290.0,0.0,0.0,1
54.1,20.3,202.8,5824.0,1.0,0.0,1
40.6,19.5,171.0,6286.0,1.0,0.0,0
42.3,17.8,227.8,2701.0,1.0,1.0,0
59.0,20.0,207.0,4031.0,0.0,1.0,1
38.0,13.3,207.3,3793.0,2.0,0.0,0
53.1,14.5,181.3,3877.0,0.0,0.0,0
53.6,13.5,226.6,3523.0,0.0,0.0,0
56.4,13.5,177.3,3583.0,2.0,0.0,1
37.0,21.0,180.1,2871.0,2.0,0.0,0
37.7,15.4,230.8,3102.0,2.0,1.0,1
41.4,21.4,170.5,5261.0,2.0,1.0,0
39.4,15.7,185.3,4323.0,2.0,0.0,0
42.1,17.7,185.5,2939.0,,1.0,0
38.0,14.2,188.1,,1.0,1.0,0
,17.2,170.8,2785.0,2.0,1.0,1
42.6,18.8,192.6,3583.0,,1.0,0
35.1,19.7,179.8,5490.0,1.0,0.0,0
56.5,14.1,185.7,4689.0,0.0,1.0,1
47.3,14.3,213.5,3601.0,0.0,1.0,1
58.3,14.2,188.7,4700.0,0.0,0.0,1
45.6,18.2,225.8,5606.0,0.0,0.0,1
45.1,15.1,203.9,4733.0,1.0,1.0,1
54.3,17.7,188.0,4324.0,1.0,1.0,1
54.3,19.3,209.2,5838.0,0.0,0.0,1
48.5,17.5,170.8,2829.0,1.0,1.0,0
33.6,,191.4,4003.0,1.0,1.0,0
39.6,13.7,171.0,4972.0,0.0,1.0,0
45.0,16.8,177.6,3318.0,0.0,1.0,0
43.9,20.0,220.6,2809.0,2.0,1.0,0
48.0,16.5,192.0,3529.0,0.0,1.0,0
50.1,20.9,232.3,6020.0,0.0,1.0,1
47.0,16.4,181.2,2806.0,2.0,0.0,1
38.5,19.0,215.8,4169.0,1.0,1.0,0
56.2,16.1,203.9,3428.0,0.0,1.0,1
36.8,18.6,177.2,4656.0,1.0,0.0,0
45.4,16.1,234.0,5498.0,1.0,0.0,1
54.5,14.3,230.0,5124.0,0.0,0.0,1
55.4,14.4,191.2,5969.0,0.0,1.0,1
37.4,19.7,227.5,4009.0,2.0,0.0,1
44.2,13.7,,4835.0,1.0,0.0,0
43.5,21.1,228.0,4858.0,2.0,0.0,1
41.2,18.5,172.2,4000.0,2.0,0.0,0
42.1,15.5,207.9,4024.0,0.0,1.0,1
36.9,15.0,198.2,6221.0,1.0,1.0,1
55.6,17.0,199.2,3454.0,0.0,1.0,1
47.7,14.2,186.7,4316.0,2.0,1.0,1
46.1,20.0,183.3,4554.0,1.0,1.0,0
38.4,21.6,194.7,3560.0,2.0,0.0,0
53.7,21.0,197.4,3035.0,1.0,0.0,0
56.8,13.0,228.6,4699.0,0.0,0.0,1
53.8,14.8,191.8,3540.0,2.0,0.0,0
42.3,18.5,172.7,3923.0,2.0,0.0,0
32.2,19.8,192.2,3472.0,1.0,0.0,0
50.2,17.8,228.0,5123.0,2.0,1.0,1
50.1,14.6,172.5,4644.0,0.0,0.0,0
53.3,21.3,203.2,3213.0,2.0,1.0,1
33.9,17.1,227.2,2975.0,0.0,0.0,0
34.1,19.1,202.7,2882.0,1.0,0.0,0
35.5,17.0,186.9,4366.0,1.0,0.0,0
45.2,18.8,203.3,2764.0,0.0,1.0,0
55.0,19.6,170.7,6168.0,0.0,1.0,0
47.2,17.5,227.9,5195.0,2.0,0.0,1
51.7,16.6,196.7,3312.0,1.0,0.0,0
43.0,15.9,201.8,4296.0,0.0,0.0,1
39.5,13.2,211.5,6091.0,2.0,1.0,1
52.7,20.0,218.5,4286.0,0.0,1.0,1
36.7,14.1,232.6,5994.0,0.0,1.0,1
50.3,15.9,202.1,4064.0,1.0,1.0,1
53.5,21.3,219.1,5031.0,2.0,0.0,1
39.1,,202.8,3593.0,1.0,0.0,0
32.9,20.0,223.5,5946.0,1.0,1.0,1
44.3,19.7,171.0,4014.0,1.0,0.0,0
37.1,18.1,234.1,3960.0,0.0,1.0,0
59.6,19.6,202.0,5344.0,2.0,0.0,1
57.2,21.3,186.4,4354.0,1.0,0.0,0
40.3,21.7,170.7,3741.0,0.0,1.0,0
49.3,13.8,192.5,5946.0,2.0,0.0,1
49.2,13.7,212.9,5702.0,2.0,0.0,1
32.0,20.4,225.7,3881.0,1.0,1.0,0
42.2,19.5,210.6,4097.0,0.0,0.0,0
58.6,21.4,206.7,5701.0,0.0,0.0,1
37.2,21.9,228.7,2771.0,2.0,1.0,1
37.0,17.6,230.0,2719.0,1.0,0.0,1
59.9,20.0,174.6,5732.0,1.0,0.0,0
38.8,14.0,204.3,5782.0,1.0,1.0,1
45.1,19.6,222.8,4514.0,0.0,0.0,1
57.9,16.3,211.1,4798.0,1.0,1.0,1
37.2,19.8,227.7,5003.0,2.0,0.0,1
47.0,21.4,231.6,3846.0,1.0,1.0,1
43.3,20.7,209.7,4482.0,2.0,1.0,0
35.6,17.7,222.1,2903.0,1.0,1.0,0
41.2,20.7,175.4,2716.0,1.0,1.0,0
49.2,15.4,227.6,5258.0,1.0,1.0,1
42.4,21.5,209.5,2995.0,0.0,0.0,0
37.5,16.3,232.2,4261.0,0.0,0.0,0
48.6,17.9,227.7,4214.0,2.0,1.0,1
46.6,18.8,196.7,4035.0,2.0,1.0,0
37.3,18.6,213.9,5445.0,0.0,0.0,1
48.1,17.0,202.0,6054.0,0.0,1.0,1
34.6,16.4,209.5,3246.0,2.0,1.0,1
45.6,19.0,192.8,3038.0,1.0,0.0,0
44.6,21.1,191.2,2853.0,2.0,1.0,0
46.5,18.3,230.2,4155.0,2.0,1.0,1
59.6,17.7,182.8,4556.0,1.0,0.0,1
43.4,19.2,222.7,2800.0,0.0,0.0,0
35.4,15.5,202.7,2703.0,1.0,1.0,0
35.9,19.7,229.4,3612.0,1.0,0.0,0
52.9,16.3,233.2,5201.0,0.0,1.0,1
53.9,21.3,214.2,5932.0,1.0,0.0,1
36.3,,173.5,3926.0,2.0,0.0,0
35.0,20.3,193.4,6081.0,1.0,0.0,1
35.9,21.8,199.8,4015.0,2.0,0.0,0
49.5,14.8,185.0,3042.0,0.0,0.0,0
57.6,13.7,198.4,5514.0,1.0,1.0,1
38.9,17.0,192.5,2850.0,2.0,1.0,0
53.4,21.5,219.9,3981.0,2.0,1.0,1
34.6,18.0,176.5,5131.0,1.0,,0
58.5,14.2,213.9,3503.0,0.0,1.0,1
37.0,18.1,206.6,3473.0,0.0,0.0,0
42.9,18.5,171.8,3188.0,2.0,1.0,0
34.9,13.8,177.8,3661.0,0.0,0.0,0
49.5,18.6,207.7,5693.0,2.0,1.0,1
46.8,20.9,202.0,,2.0,0.0,0
34.3,18.2,195.0,3536.0,2.0,0.0,0
40.9,14.2,211.9,4998.0,1.0,0.0,1
47.9,20.2,221.5,4562.0,1.0,0.0,1
44.7,13.5,183.6,5016.0,2.0,0.0,0
55.7,19.4,171.9,4814.0,2.0,1.0,0
47.4,18.1,229.4,5249.0,1.0,1.0,1
48.2,15.5,217.2,3695.0,1.0,0.0,1
43.5,16.1,190.3,5677.0,2.0,0.0,0
47.8,13.0,177.2,2894.0,1.0,0.0,0
38.7,17.9,195.1,4828.0,1.0,0.0,0
43.7,21.1,177.4,3099.0,0.0,1.0,0
58.7,20.0,177.2,2847.0,,1.0,0
41.5,16.1,,4538.0,0.0,0.0,0
35.8,17.1,174.0,3032.0,1.0,0.0,0
35.9,13.1,207.8,6154.0,0.0,0.0,1
47.6,17.5,229.3,3261.0,0.0,0.0,0
38.4,18.2,192.8,4605.0,0.0,1.0,0
45.5,20.4,187.7,4461.0,2.0,0.0,1
34.7,20.2,192.7,4453.0,0.0,0.0,0
39.6,15.3,229.8,5477.0,1.0,0.0,1
51.8,18.1,182.5,6192.0,2.0,1.0,1
54.9,20.3,178.9,3043.0,2.0,0.0,0
59.8,20.5,206.0,6262.0,2.0,0.0,1
35.3,17.2,227.0,5172.0,2.0,0.0,1
51.5,16.5,191.7,3162.0,0.0,1.0,1
34.7,14.9,218.4,3392.0,1.0,0.0,0
39.8,14.7,229.5,3830.0,,1.0,0
56.5,19.5,186.1,4314.0,0.0,0.0,0
35.5,14.2,188.7,2925.0,0.0,1.0,0
33.1,15.3,213.4,4693.0,2.0,0.0,0
56.9,13.6,203.2,5179.0,0.0,0.0,1
52.4,21.4,176.4,3130.0,1.0,0.0,0
53.4,17.7,182.7,3857.0,1.0,0.0,0
47.9,19.0,199.6,4389.0,2.0,0.0,1
47.9,14.8,176.9,2959.0,0.0,0.0,0
53.6,21.4,210.6,3654.0,2.0,1.0,1
,20.5,192.3,3876.0,2.0,1.0,0
46.8,19.2,204.3,5078.0,1.0,0.0,0
39.4,13.7,174.7,4896.0,2.0,0.0,0
46.8,14.7,204.3,5684.0,0.0,0.0,0
32.1,21.0,189.3,5677.0,1.0,1.0,1
56.1,15.4,195.0,4257.0,1.0,0.0,1
57.2,19.7,234.7,3463.0,0.0,1.0,0
58.6,13.9,177.8,4342.0,0.0,0.0,0
48.4,19.8,219.8,5691.0,2.0,1.0,1
33.3,16.2,176.7,3275.0,1.0,1.0,0
59.0,13.5,210.2,6005.0,2.0,0.0,1
32.7,21.8,194.1,5667.0,2.0,0.0,0
48.8,18.8,,5994.0,0.0,1.0,1
52.6,16.9,207.5,5150.0,1.0,1.0,0
59.2,17.3,171.1,4657.0,1.0,0.0,0
47.8,14.0,206.5,3458.0,1.0,0.0,1
47.1,13.4,,6047.0,1.0,1.0,1
53.1,17.3,227.7,4156.0,0.0,0.0,1
40.6,13.4,214.8,3699.0,2.0,1.0,1
41.2,16.6,202.0,5941.0,0.0,0.0,0
55.9,14.1,210.0,3534.0,0.0,1.0,1
35.7,18.5,199.8,3083.0,0.0,1.0,0
49.6,19.3,207.1,3812.0,2.0,0.0,0
42.7,19.9,213.6,5154.0,1.0,1.0,0
,14.9,181.5,2850.0,2.0,,0
59.5,21.7,171.0,3308.0,0.0,1.0,0
58.4,14.4,191.4,5215.0,0.0,1.0,1
56.5,21.1,210.0,5866.0,1.0,1.0,1
55.8,14.9,181.5,4253.0,1.0,0.0,1
53.9,20.8,194.5,5482.0,2.0,0.0,1
,19.0,217.4,3854.0,2.0,0.0,0
44.5,,183.9,3607.0,2.0,0.0,0
37.0,21.2,173.3,5743.0,0.0,0.0,0
45.8,21.4,222.0,3871.0,1.0,0.0,0
40.7,14.3,200.7,2878.0,2.0,0.0,0
40.2,21.7,206.7,3424.0,1.0,0.0,0
48.2,16.4,171.0,4429.0,1.0,0.0,0
,20.6,234.0,5529.0,2.0,1.0,1
40.0,20.3,190.0,4052.0,1.0,0.0,0
49.5,17.1,228.7,6214.0,1.0,,1
51.9,13.5,214.8,4705.0,1.0,1.0,1
34.6,15.0,213.3,6298.0,2.0,0.0,1
47.8,13.6,230.4,4020.0,2.0,1.0,1
44.2,17.1,234.9,4874.0,0.0,1.0,1
45.1,21.2,191.0,5333.0,2.0,0.0,1
40.4,21.0,171.2,3270.0,2.0,0.0,0
50.9,20.1,194.9,4805.0,0.0,1.0,1
45.9,21.4,173.1,4554.0,2.0,0.0,0
,15.1,208.4,6241.0,1.0,0.0,1
38.6,19.9,212.8,3080.0,1.0,0.0,0
45.2,16.5,198.5,6076.0,0.0,1.0,1
52.3,21.7,176.2,2726.0,0.0,0.0,0
37.2,19.0,176.8,2969.0,1.0,0.0,0
56.1,16.4,195.5,5592.0,1.0,0.0,0
44.6,18.5,231.9,3942.0,0.0,1.0,0
44.9,15.8,203.9,2720.0,0.0,1.0,0
58.0,13.5,212.9,3552.0,0.0,1.0,1
55.4,18.7,195.8,5272.0,2.0,0.0,1
34.1,21.0,211.1,6181.0,0.0,1.0,0
35.7,16.2,214.4,3314.0,2.0,1.0,1
32.6,15.6,174.0,3375.0,0.0,0.0,0
40.5,16.3,217.0,6258.0,2.0,0.0,1
47.3,13.4,208.2,5547.0,0.0,0.0,1
36.2,18.5,170.3,6160.0,1.0,1.0,0
55.6,19.3,197.2,3771.0,2.0,1.0,1
48.2,17.3,209.6,3456.0,0.0,1.0,1
42.9,16.9,172.4,2863.0,0.0,1.0,0
,17.8,214.0,4644.0,2.0,0.0,1
59.0,,190.2,5414.0,2.0,1.0,1
58.8,19.8,224.3,3246.0,2.0,0.0,1
51.7,18.8,195.9,4051.0,1.0,1.0,0
55.7,19.0,215.1,3510.0,1.0,0.0,0
49.4,19.0,186.8,4280.0,0.0,0.0,1
42.1,17.5,228.7,4793.0,2.0,1.0,1
35.9,15.5,178.3,5055.0,2.0,1.0,0
44.9,13.7,205.9,3978.0,0.0,0.0,1
57.5,13.0,195.1,5512.0,0.0,1.0,1
44.5,18.2,197.1,6249.0,0.0,1.0,0
46.0,19.6,201.3,5843.0,2.0,1.0,1
40.5,13.4,170.4,5360.0,2.0,1.0,0
34.5,21.0,222.2,2893.0,0.0,1.0,0
40.9,13.5,194.9,3094.0,0.0,1.0,0
34.8,18.6,193.9,6022.0,2.0,0.0,0
38.9,17.6,194.2,4786.0,0.0,0.0,0
48.0,20.5,173.4,5346.0,2.0,1.0,1
56.7,17.3,187.6,6030.0,1.0,1.0,0
54.9,19.7,198.4,3021.0,,1.0,0
41.0,19.6,226.4,5351.0,1.0,1.0,1
32.6,18.7,227.5,4871.0,,0.0,0
36.4,19.3,211.0,2955.0,0.0,0.0,0
38.4,18.6,213.8,3079.0,1.0,1.0,0
52.7,14.6,198.1,3163.0,2.0,1.0,1
57.0,15.4,214.3,2890.0,1.0,,1
36.6,14.2,183.7,3062.0,2.0,0.0,0
37.9,16.2,183.4,6266.0,2.0,0.0,1
41.1,19.0,202.9,3909.0,0.0,0.0,0
38.1,19.4,226.4,5353.0,1.0,0.0,0
57.8,20.5,189.4,3022.0,1.0,0.0,0
33.8,15.7,192.7,5459.0,2.0,0.0,1
48.5,17.3,208.2,5378.0,2.0,0.0,1
55.7,13.4,170.2,5183.0,0.0,0.0,0
56.4,14.9,184.8,3185.0,0.0,1.0,1
41.0,16.6,174.4,4506.0,2.0,1.0,0
46.7,13.2,195.7,4138.0,0.0,0.0,0
38.2,14.1,212.3,4187.0,1.0,0.0,0
55.0,,201.6,3865.0,1.0,0.0,1
45.2,20.0,219.4,3302.0,2.0,0.0,0
43.0,20.3,212.9,4929.0,1.0,0.0,0
49.9,16.0,222.3,3205.0,2.0,1.0,1
44.4,21.8,209.3,5759.0,1.0,1.0,0
32.6,18.7,187.0,3564.0,1.0,0.0,0
41.5,20.8,192.4,4116.0,2.0,1.0,0
55.9,13.9,174.1,4548.0,0.0,0.0,0
58.4,13.3,174.5,4140.0,0.0,1.0,1
42.4,15.8,213.8,5731.0,1.0,0.0,1
42.0,14.7,204.7,5617.0,0.0,1.0,1
51.1,15.6,225.1,4995.0,0.0,1.0,0
47.6,17.9,,4350.0,2.0,0.0,1
42.9,19.5,177.1,2799.0,2.0,1.0,0
36.5,20.5,188.5,2840.0,1.0,0.0,0
47.2,14.4,212.8,5769.0,2.0,1.0,1
44.5,13.7,205.1,5667.0,1.0,1.0,1
35.7,21.8,199.8,2724.0,2.0,1.0,0
34.2,14.3,197.1,2924.0,1.0,0.0,0
45.4,13.6,215.7,4841.0,2.0,0.0,1
36.3,17.7,192.4,4570.0,1.0,1.0,1
32.9,15.8,205.8,6288.0,1.0,0.0,0
35.5,16.3,232.9,5739.0,0.0,1.0,0
32.8,15.1,170.6,4499.0,1.0,1.0,0
40.6,20.2,170.0,3075.0,0.0,1.0,0
50.6,13.1,181.0,6185.0,1.0,0.0,1
36.8,17.5,190.3,5750.0,0.0,0.0,0
41.7,15.4,196.8,5405.0,0.0,1.0,1
45.6,20.3,185.4,3983.0,1.0,1.0,0
58.7,14.6,188.8,4282.0,2.0,0.0,1
44.8,14.9,220.3,5365.0,0.0,1.0,1
45.4,15.4,,5074.0,1.0,1.0,1
43.5,18.0,174.7,3123.0,1.0,1.0,0
33.7,20.7,203.7,4080.0,2.0,1.0,0
56.1,21.6,212.7,4637.0,1.0,1.0,1
40.2,16.2,198.3,3213.0,1.0,1.0,0
45.0,15.0,195.4,3040.0,1.0,1.0,1
36.0,19.6,232.8,5969.0,1.0,1.0,1
53.1,20.1,218.5,4424.0,0.0,0.0,1
56.8,14.8,175.0,5191.0,1.0,0.0,0
,14.1,201.6,4422.0,2.0,0.0,1
57.1,14.7,217.1,3583.0,1.0,1.0,1
32.4,17.2,197.6,5792.0,2.0,1.0,1
50.6,17.4,227.8,5408.0,1.0,0.0,1
52.9,17.9,201.1,5872.0,1.0,1.0,1
32.3,17.5,225.3,3291.0,0.0,0.0,1
46.7,16.5,231.4,4073.0,2.0,1.0,1
58.4,17.0,221.8,2781.0,2.0,1.0,1
56.7,14.2,225.2,4387.0,0.0,1.0,1
57.6,15.0,172.0,3803.0,1.0,0.0,0
53.4,18.9,230.9,3375.0,0.0,1.0,1
49.3,19.1,229.9,4484.0,0.0,0.0,1
58.1,21.4,234.1,5498.0,2.0,1.0,1
42.2,16.1,185.9,3416.0,1.0,,0
36.8,16.8,223.7,4213.0,0.0,1.0,0
42.9,19.3,193.4,5770.0,0.0,0.0,1
37.9,21.7,180.5,2985.0,2.0,0.0,0
45.6,18.5,201.7,3632.0,1.0,1.0,0
44.9,16.8,186.3,5569.0,0.0,0.0,0
34.0,18.2,187.9,4293.0,1.0,1.0,0
44.0,18.7,212.1,2991.0,0.0,0.0,0
34.9,16.3,186.0,5585.0,0.0,1.0,0
54.8,17.4,215.4,4022.0,1.0,0.0,1
33.3,15.3,230.1,5070.0,2.0,1.0,1
34.3,18.4,217.5,5080.0,0.0,1.0,1
45.9,13.2,198.4,4188.0,2.0,1.0,1
39.3,17.3,189.1,2985.0,2.0,1.0,1
37.1,16.7,210.5,4603.0,1.0,0.0,0
54.5,19.3,195.6,5494.0,1.0,1.0,1
35.0,17.5,199.5,4337.0,2.0,0.0,0
54.5,13.4,196.5,5712.0,1.0,1.0,1
33.3,14.6,224.2,4973.0,2.0,1.0,1
49.6,14.0,173.3,2844.0,1.0,1.0,0
52.8,15.3,174.8,3279.0,1.0,1.0,1
55.3,20.2,206.1,3831.0,0.0,0.0,0
32.2,21.3,,3412.0,1.0,1.0,0
34.3,13.6,233.8,3969.0,2.0,1.0,1
58.8,20.8,204.8,6254.0,0.0,0.0,1
55.0,15.8,183.8,6054.0,1.0,1.0,0
39.3,20.0,184.3,4474.0,1.0,0.0,0
56.4,20.2,190.7,4232.0,2.0,,1
34.1,21.9,186.2,3958.0,2.0,0.0,0
56.0,15.5,220.0,3216.0,1.0,1.0,1
41.0,18.2,175.8,3478.0,0.0,1.0,0
45.3,17.4,220.9,4907.0,0.0,0.0,0
55.4,18.4,234.0,4910.0,1.0,0.0,1
44.7,17.1,198.4,4461.0,2.0,1.0,1
47.7,16.6,224.0,6254.0,1.0,1.0,1
54.2,16.9,232.9,3993.0,1.0,1.0,1
33.4,13.6,174.4,4199.0,1.0,1.0,0
58.4,16.1,183.3,5518.0,1.0,0.0,1
46.4,17.1,222.0,2988.0,0.0,1.0,1
39.2,18.4,178.2,4697.0,2.0,1.0,0
54.4,19.5,191.7,3032.0,2.0,0.0,0
57.5,13.0,195.1,5512.0,0.0,1.0,1
48.6,17.9,227.7,4214.0,2.0,1.0,1
39.9,19.8,190.9,3325.0,0.0,0.0,0
49.1,22.0,192.3,3278.0,0.0,0.0,0
53.9,18.1,172.8,5007.0,2.0,1.0,1
37.6,21.1,195.4,3733.0,1.0,0.0,0
43.2,16.2,205.2,3088.0,2.0,1.0,1
