radius_mean,texture_mean,perimeter_mean,area_mean,smoothness_mean,compactness_mean,concavity_mean,symmetry_mean,malignant
-5.0,29.1,144.69,1663.83,0.1323,0.2306,0.3941,0.2893,1
28.82,14.34,52.81,99999.0,0.1061,0.1716,0.4086,0.2793,1
23.57,36.04,78.77,1253.71,2.0,0.3383,0.0019,0.1471,1
20.37,28.01,163.79,1831.47,0.1602,0.0923,0.1363,-1.0,0
9.74,13.87,124.59,2208.08,0.1676,0.214,0.3601,0.2963,0
9.74,38.83,188.48,782.44,0.1017,0.2511,0.2307,0.1473,1
7.39,25.07,108.6,947.3,0.1236,0.2924,0.3472,0.2907,1
26.79,11.26,,2336.54,0.104,0.1543,0.3669,0.23,1
20.43,28.43,,1505.29,0.0886,0.2467,0.1903,0.11,1
22.99,16.85,,562.35,0.0593,0.1201,0.1544,0.1671,0
6.49,33.91,193.57,1706.32,0.1047,0.1637,0.1958,0.1952,0
29.28,34.35,92.66,2478.2,0.1482,0.3156,0.2807,0.2666,1
25.98,39.35,181.75,2083.35,0.052,0.3335,0.1579,0.1657,1
11.1,24.56,175.62,1899.95,0.1199,0.2572,0.3332,0.1621,1
10.36,23.1,73.71,630.99,0.1557,0.1435,0.3887,,0
10.4,32.36,139.89,2207.69,0.0761,0.2906,,0.1158,0
13.3,13.11,51.63,1380.86,0.072,,0.4149,0.2103,0
18.59,25.95,173.87,2238.72,0.1427,0.0539,0.2678,0.2008,1
16.37,25.93,67.93,918.39,0.0806,0.2383,0.3776,0.1115,0
12.99,11.77,51.33,286.44,0.073,0.1161,,,0
20.68,21.96,104.04,1263.3,0.0954,0.334,0.1081,0.1764,1
9.35,35.45,132.31,776.82,0.0971,0.1639,0.138,0.1268,1
13.01,35.54,176.79,1827.94,0.1549,0.1617,0.1302,0.1956,1
14.79,,195.88,2398.77,0.1242,0.2438,0.0739,0.2218,1
16.95,11.81,110.32,1770.7,0.0987,0.2733,0.3733,0.2383,0
24.84,17.14,49.67,2233.16,0.1141,0.1769,0.18,0.2093,0
10.79,36.12,159.86,,0.1645,0.0906,0.4141,0.1759,1
18.34,13.0,130.43,1961.07,0.0636,0.2752,0.2509,0.126,0
20.22,31.32,111.66,2129.58,0.0749,0.1257,0.0595,0.1495,1
7.11,12.14,89.48,1817.67,0.1655,0.0778,0.2347,0.1839,0
20.58,28.32,120.38,1338.35,0.1649,0.2284,0.4272,0.2848,1
10.09,20.04,94.19,1617.04,0.0713,0.0498,0.243,0.1405,0
7.56,33.46,161.12,1793.2,0.0674,0.3405,0.0008,0.1827,0
28.77,16.24,127.02,737.28,0.1005,0.2287,0.4012,0.2465,1
29.18,28.82,180.3,2050.61,0.056,0.3453,0.101,0.241,1
25.4,16.31,126.97,2382.77,0.1286,0.1318,0.2961,0.2931,1
13.31,31.12,78.12,1237.96,0.0593,0.3405,0.2215,0.1382,0
8.34,,176.17,1794.52,0.057,0.068,0.1399,0.1033,0
22.42,12.93,129.16,1879.38,0.1082,0.0334,0.1215,0.1645,0
16.56,35.86,73.09,1702.9,0.1649,0.0309,0.3994,0.1299,1
8.93,27.4,139.76,1431.19,0.1012,,0.3921,0.2097,1
17.88,12.94,,2220.69,0.0928,0.0474,0.2206,0.2798,1
6.83,22.25,175.1,1199.47,0.1698,0.189,0.1112,0.2376,0
27.82,13.99,112.53,284.2,0.1138,0.1281,0.044,0.1272,1
12.21,30.71,156.23,2133.15,0.095,0.1308,0.0673,0.1232,0
21.9,32.52,55.29,1730.6,0.0963,0.2298,0.2246,0.2823,1
13.48,12.28,103.36,2144.25,0.0734,0.0738,0.1324,0.1975,0
18.48,24.69,197.32,466.97,0.1115,0.273,0.0181,0.2847,0
19.12,34.25,169.35,212.58,0.1027,0.2121,0.1957,0.2472,1
,38.02,65.59,2345.12,0.0825,0.3219,0.3209,0.2987,1
29.27,24.92,84.44,488.64,0.0693,0.1404,0.3834,0.2742,1
24.6,38.46,92.77,2050.78,0.0873,0.3443,0.2517,0.1828,1
28.55,25.61,144.06,2082.78,0.111,0.21,0.311,0.2516,1
27.48,21.22,161.12,1812.54,0.057,0.3412,0.1566,0.1942,0
20.35,35.29,159.92,449.78,0.0684,0.0289,0.2134,0.1466,0
28.12,24.28,121.58,1715.06,0.1637,0.2602,0.3137,0.1482,1
8.12,23.63,169.73,2238.24,0.1151,0.2895,0.3129,0.1795,0
10.7,24.2,109.93,1144.25,0.0576,0.0375,0.1825,0.1223,0
7.09,35.25,59.82,1115.9,0.1332,0.2111,0.2338,0.1356,0
13.81,34.79,130.31,1185.15,0.0574,0.2846,0.3973,0.2001,0
15.33,21.51,192.37,334.16,0.1387,0.2051,0.2718,0.2908,0
12.51,19.33,166.88,2245.18,0.14,0.0411,0.2763,0.2155,0
25.89,24.25,132.59,,0.1281,0.2488,0.3374,0.1817,1
14.56,26.76,143.49,2495.07,0.1379,0.04,0.0495,0.1485,0
12.74,16.39,188.89,1521.03,0.0606,0.2898,0.2248,0.1392,0
19.02,33.61,108.53,1912.81,0.1372,0.0342,0.4126,0.2317,1
9.38,24.08,93.02,618.31,0.0664,0.0653,0.1555,0.2697,0
25.25,19.36,196.36,1715.37,0.0907,0.1108,0.1268,0.1798,1
7.79,12.31,178.15,1673.37,0.1631,0.229,0.2585,0.2101,0
29.69,16.4,91.69,2266.85,0.1103,0.3422,0.0951,0.2413,1
24.53,38.43,,2100.67,0.1661,0.0589,0.2391,0.1117,1
10.77,18.46,106.41,2354.78,0.0607,0.0671,,0.1702,0
6.13,14.23,63.86,2190.45,0.1073,0.1417,0.2493,0.246,0
25.57,23.28,193.25,2190.12,0.0575,0.296,0.259,0.2369,1
22.96,18.52,104.69,290.39,0.1256,0.1742,0.1799,0.1107,0
23.5,10.09,180.05,2136.47,0.0594,0.1261,0.1646,0.1476,0
24.51,19.02,70.3,1573.65,0.071,0.2052,0.1055,0.236,0
7.78,25.87,127.66,1037.85,0.0811,0.106,0.1423,0.1543,0
14.6,26.1,43.83,273.37,0.1398,0.1524,0.2143,0.2629,0
8.78,20.05,162.28,1739.31,0.0697,0.1298,0.1065,0.1059,0
26.71,22.87,,914.56,0.1516,0.2854,0.3366,0.1381,1
20.96,38.93,140.09,1243.95,0.0658,0.325,0.3049,0.1563,1
13.94,20.7,48.28,1748.88,0.0542,0.2707,0.1158,0.2851,0
7.53,17.01,73.77,2291.79,0.0974,0.1649,0.0419,0.2593,0
13.46,16.55,51.89,2088.03,0.1675,0.1864,0.0001,0.2768,0
13.8,23.19,86.23,1203.41,0.0632,0.0613,0.2566,0.1881,0
23.51,32.55,140.39,1055.17,0.0622,0.2665,0.0909,0.2645,1
21.3,15.39,130.59,705.88,0.1401,0.2168,0.0054,,1
27.29,30.99,,1018.93,0.0875,0.3178,0.1544,0.18,1
17.33,9.66,127.88,402.07,0.1361,0.0862,0.4137,0.2989,0
8.87,21.99,83.68,2431.81,0.074,0.2707,0.2967,0.2702,0
23.12,33.05,79.12,1494.45,0.1052,0.2459,0.3688,0.2948,1
24.26,19.5,61.93,441.62,0.0818,0.1077,0.0622,0.2733,0
19.47,26.48,175.85,972.62,0.1042,0.2402,0.0315,0.2552,0
24.5,15.35,138.64,1431.01,0.1423,0.325,0.005,0.2888,1
17.85,32.0,69.84,1397.61,0.1414,0.3231,0.4109,0.184,1
18.55,10.62,68.35,223.79,0.1119,0.2575,0.1291,0.2567,0
16.26,35.43,179.69,2383.98,0.1614,0.0359,0.1976,0.1426,1
6.61,15.14,158.84,789.89,0.0817,0.3078,0.1696,0.2466,0
8.59,,145.5,178.2,0.0788,0.2371,0.3141,0.2571,0
6.75,19.93,105.1,320.41,0.1237,0.1224,0.1333,0.2433,0
21.27,31.4,81.92,1509.26,0.1246,0.0818,0.2302,0.27,1
13.54,18.9,196.71,465.17,,0.0583,0.4281,0.1827,0
18.21,37.08,167.56,238.47,0.1229,0.0366,0.1909,0.209,0
27.78,12.93,88.28,1035.92,0.0949,0.2689,0.237,0.1021,1
11.98,14.53,175.61,1609.72,0.1397,0.0978,0.2161,0.1292,0
15.85,24.28,161.43,403.94,0.147,0.028,0.3454,0.2288,0
24.13,11.54,87.53,879.45,0.1163,0.1511,0.1147,0.2125,0
11.49,15.08,108.25,1125.92,0.0502,0.1793,0.0733,0.1395,0
7.85,38.26,69.75,516.33,0.1264,0.0758,0.3243,0.1487,0
12.95,39.27,57.77,1334.33,0.1399,0.0345,0.1787,0.1688,0
9.87,20.66,155.64,341.11,0.0799,,0.3929,0.2433,0
28.31,37.62,82.8,249.78,0.1058,0.2441,0.277,0.2219,1
25.39,25.89,171.21,1366.81,0.1659,0.0471,0.2427,0.1139,1
21.2,17.36,199.3,725.04,0.0858,0.2032,0.0303,0.252,0
26.92,30.77,52.26,365.08,0.0768,0.0683,0.3141,0.1525,1
,29.43,115.69,1140.43,0.0753,0.0846,0.295,0.2344,1
10.48,39.66,168.33,2299.73,,0.1497,0.2752,0.1247,1
27.42,17.22,166.23,1849.09,0.164,0.0533,0.1152,0.2996,0
18.94,29.83,161.6,2064.85,0.123,0.0772,0.4071,0.1161,0
25.38,10.61,95.84,2197.72,0.0864,0.1352,0.1383,0.2483,0
27.51,12.52,112.62,2435.4,0.1266,0.1288,0.0655,0.2083,1
13.63,9.12,135.19,1941.26,0.125,0.2673,0.4245,0.1172,0
8.64,39.98,195.83,1575.84,0.1216,0.0447,0.3209,0.1054,0
11.47,33.87,92.41,1002.41,0.0691,0.3039,0.1784,0.1725,0
16.25,33.39,187.7,568.68,0.1261,0.2894,0.4024,0.2604,1
25.63,24.8,83.1,1760.52,0.1016,0.2728,0.0392,0.1082,1
26.66,18.3,198.25,2488.08,0.0522,,0.0377,0.2409,1
6.17,13.69,147.24,1242.97,0.1148,0.2916,0.2935,0.2311,0
18.26,17.82,114.16,1847.88,0.1687,0.0803,0.0765,0.1531,0
16.02,20.66,138.14,1308.42,0.092,0.0611,0.3944,0.1155,0
11.33,32.45,83.6,1159.36,0.1659,,0.3614,0.2831,1
8.88,25.73,83.87,1108.32,0.0615,0.33,0.1317,0.1601,0
14.1,11.4,58.17,1330.91,0.1379,0.1216,0.3822,0.1223,0
28.63,9.56,58.25,1005.87,0.0637,0.3228,0.0184,0.2363,1
13.76,12.17,95.63,1907.11,0.0828,0.11,0.2359,,0
18.45,21.73,162.06,,0.1185,0.3195,0.4023,0.1951,1
22.87,37.93,137.28,2223.61,0.1211,0.3183,0.3678,0.1101,1
14.73,28.76,56.41,677.37,0.143,0.3248,0.1531,0.2986,1
29.32,33.86,176.36,2254.35,0.1238,0.1837,0.0786,0.1895,1
29.1,23.46,136.22,946.06,0.1212,0.3058,0.0905,0.2998,1
12.04,20.21,193.74,869.97,0.1595,0.3338,0.2212,0.1771,0
17.93,12.36,147.23,1855.14,0.1043,0.1271,0.2566,0.1696,0
13.22,36.15,68.03,859.08,0.077,0.1582,0.0141,0.2829,0
12.84,33.28,115.81,265.0,0.0694,0.2573,0.1778,0.1659,0
6.89,14.21,143.76,1021.74,0.098,0.1191,,0.1864,0
20.63,24.88,44.52,1842.66,0.1355,0.2688,0.1911,0.1156,1
18.06,24.11,42.39,911.62,0.0551,0.0444,0.0727,0.2911,0
7.24,28.38,60.7,1625.76,0.0655,0.1928,0.4106,0.117,0
12.69,38.33,80.27,1697.88,0.0627,0.0604,0.1145,0.2542,1
27.8,26.97,108.73,1871.62,0.1202,0.1168,0.3433,0.2077,1
11.75,25.75,117.99,,0.0791,0.1053,0.0833,0.1123,0
9.48,10.56,62.08,1160.85,0.07,0.2968,0.182,0.1003,0
17.75,10.95,147.74,532.78,0.1211,0.0839,0.2109,0.2871,1
29.66,14.81,135.38,892.66,0.1414,0.2868,0.2153,0.2484,1
11.81,10.01,87.11,1159.91,0.0899,0.282,0.2221,0.2373,0
22.13,32.04,,1824.78,0.1194,0.1846,0.0967,0.1877,1
24.28,31.42,52.42,170.97,0.0618,0.0972,0.2218,0.1477,1
11.7,13.22,102.67,885.25,0.1622,0.0949,0.2071,0.236,0
23.48,34.92,64.64,1980.43,0.0904,0.1734,0.0897,0.2217,1
14.83,13.8,100.29,1723.22,0.1697,0.0229,,0.2453,0
21.18,18.34,140.51,1866.91,0.1674,0.1953,0.3722,0.1732,1
21.2,16.72,127.56,2055.87,0.1435,,0.3817,0.2974,1
18.86,20.54,76.99,1988.44,0.0524,0.0711,0.2948,0.1134,1
8.17,16.89,95.01,1749.95,0.1152,0.2092,0.0688,0.1159,0
26.05,24.16,138.24,1177.6,0.0604,0.3374,0.2443,0.2834,1
13.7,21.63,177.74,2461.29,0.1574,0.304,0.3532,0.2295,1
10.48,39.58,160.51,1483.01,0.1448,0.3006,0.0167,0.1653,1
6.98,10.73,128.54,618.54,0.1667,0.2912,0.2132,0.2524,0
20.18,13.41,97.97,831.04,0.123,0.122,0.1703,0.1906,0
22.26,10.64,98.41,1776.81,0.1127,0.3139,0.0912,0.1042,1
6.4,28.4,180.71,,0.1123,0.3306,0.1626,0.2302,0
18.29,10.69,46.28,561.78,0.0964,0.1836,0.4229,0.1486,0
11.44,34.93,198.08,334.34,0.1062,0.137,0.311,0.1231,1
21.48,24.87,146.3,2220.41,0.1262,0.1567,0.1288,0.1451,0
10.18,25.34,148.98,2300.06,0.162,0.1303,0.2603,0.1952,0
22.58,26.41,46.08,792.26,0.1215,0.0901,0.1061,0.11,0
15.28,14.3,,1030.39,0.1529,0.2241,0.2627,0.2766,0
28.48,15.13,117.56,1698.04,0.1535,0.2057,0.3854,0.212,1
9.3,18.88,56.92,918.63,0.1123,0.1727,0.2395,0.1586,0
14.19,,84.47,2210.09,0.0917,0.0516,0.3153,0.2374,1
8.72,15.51,182.45,393.89,0.1267,0.283,0.1949,0.2608,0
28.19,12.61,128.0,229.64,0.1035,0.0777,0.2254,0.2228,0
27.06,39.07,106.15,632.03,0.0598,0.0578,0.2989,0.1405,1
12.19,9.68,51.63,815.17,0.0953,0.2256,0.3493,0.1221,0
21.84,33.88,154.26,406.51,0.1693,0.1516,0.2836,0.272,1
25.61,33.43,152.46,295.03,0.0558,0.0397,0.4203,0.1469,1
19.32,18.21,138.25,1923.23,0.1336,0.1373,0.3525,0.104,1
18.71,13.2,121.64,527.69,0.1509,0.2747,0.3342,0.2286,1
11.8,13.51,109.41,2296.86,0.1278,0.223,0.3634,0.1306,0
8.23,30.62,134.92,1008.48,0.1184,0.1397,0.1209,0.2982,0
27.53,28.93,77.34,1722.63,0.1349,0.0833,0.1858,0.2739,1
27.61,33.27,190.6,671.95,0.1015,0.2285,0.2427,0.2217,1
21.19,38.06,134.21,707.16,0.061,0.3129,0.1988,0.2668,1
14.14,30.45,89.79,1496.31,0.1655,0.2333,0.3644,0.1941,1
14.38,,111.95,1463.12,0.1019,0.2883,0.0116,0.2577,0
23.42,16.55,168.91,1954.2,0.1298,0.1921,0.0899,0.2293,1
27.53,35.11,65.86,1928.44,0.1138,0.2569,0.3791,0.1057,1
27.29,15.49,86.85,1722.82,0.0566,0.3158,0.0254,0.2898,1
24.72,11.25,148.72,1199.95,0.1643,0.2751,0.0976,0.2722,1
21.41,30.8,90.48,2241.91,0.1451,0.3203,0.151,0.2907,1
8.02,21.48,166.8,1609.29,0.0679,0.1623,0.3228,0.2463,0
9.88,37.52,60.87,2476.87,0.1678,0.3184,0.2409,0.1824,1
27.57,29.16,162.03,2073.71,0.1384,0.2251,0.4105,0.1414,1
20.55,11.8,50.94,244.57,0.1067,0.3071,,0.136,0
6.22,38.38,42.01,896.6,0.1234,0.033,0.375,0.129,0
8.44,17.02,,1489.63,,0.2371,0.1217,0.1441,0
21.92,19.45,133.01,1842.67,0.1172,0.2998,0.1056,0.2101,1
6.12,21.47,96.29,1438.79,0.0588,0.0775,0.2143,0.2367,0
9.86,10.59,77.22,1995.27,0.1154,0.2384,0.0306,0.1628,0
19.17,24.39,138.7,,0.1163,0.2922,0.1653,0.2097,0
22.61,12.82,121.44,574.03,0.1549,0.115,0.1529,0.1683,0
21.65,21.43,198.66,267.24,0.137,,0.0688,0.2393,0
11.38,19.87,197.31,1493.02,0.0799,0.2079,0.3701,0.2977,0
23.09,32.96,141.6,1765.09,0.1566,0.1913,0.1659,0.2378,1
11.69,33.9,110.86,909.71,0.1188,0.0329,0.4222,0.1118,1
13.81,13.76,118.58,1588.06,0.1228,0.0526,0.3869,0.1954,0
23.92,20.36,149.2,263.09,0.0703,0.0532,0.0838,,0
21.59,20.57,56.25,374.33,0.1529,0.1065,0.2172,0.2084,1
26.38,13.69,92.54,1796.14,0.1617,0.1011,0.2588,0.2902,1
21.78,33.75,52.04,1008.64,0.143,0.2649,0.3522,0.111,1
19.64,30.92,51.74,1724.35,0.1629,0.209,0.3808,0.1582,1
8.25,14.9,71.33,2102.86,0.0863,0.2721,0.2683,0.1441,0
14.83,20.37,117.64,2152.19,0.1533,0.0431,0.0151,0.2535,0
12.36,12.28,165.56,546.32,0.1087,0.1801,0.2069,0.2048,0
11.86,28.47,117.68,1287.63,0.0697,0.1268,0.3805,0.1277,0
29.35,12.76,93.68,1872.07,0.1303,0.3005,,0.1571,1
15.43,39.56,53.18,1966.59,0.1321,0.2536,0.3742,0.2045,1
27.41,33.2,128.05,1991.84,0.0844,0.3069,0.2899,0.2992,1
,21.1,83.4,678.47,0.0533,0.0353,0.0189,0.1729,0
25.08,26.94,138.39,594.38,0.074,0.2579,0.4162,0.1314,1
18.06,37.25,196.35,1532.43,0.098,0.1982,0.3947,0.1994,1
19.85,26.18,57.81,1888.96,0.0701,0.2923,0.0544,0.162,1
17.82,14.41,73.94,893.17,0.0733,0.1874,0.0485,0.2132,0
,20.74,115.7,387.1,0.097,0.1983,0.2318,0.1933,0
23.34,35.14,194.98,1831.52,0.1654,0.0371,0.3255,0.2379,1
12.74,28.97,163.49,847.29,0.1417,0.2406,0.1643,0.2829,0
6.58,29.17,183.72,532.62,0.0884,0.1101,0.0586,0.1401,0
21.49,35.87,93.39,488.63,0.1642,0.0265,0.2195,0.2642,1
10.25,36.71,198.73,883.19,0.1275,0.0419,0.1452,0.2899,0
28.57,37.51,56.45,1538.72,0.1047,0.3359,0.1513,0.1747,1
28.89,11.94,48.48,985.83,0.1062,0.1342,0.2773,0.1227,1
27.96,25.87,176.9,188.76,0.0993,0.3065,0.3808,0.2644,1
14.88,31.96,188.36,368.7,0.078,0.3367,0.2402,0.2402,0
6.37,32.46,54.49,825.59,0.0964,0.3313,0.2957,0.1425,0
28.28,27.81,58.15,1696.9,0.1133,0.311,0.2838,0.189,1
16.28,14.17,45.31,372.5,0.1134,0.3153,0.237,0.2156,0
29.2,33.72,56.72,1463.15,0.1414,0.1154,0.1336,0.134,1
29.13,31.32,,422.93,,0.07,0.1625,0.243,1
26.47,11.67,195.21,639.41,0.136,0.231,0.1358,0.238,1
13.07,23.38,146.86,546.36,0.1194,0.1811,0.3945,0.2774,0
15.24,14.39,164.57,298.66,0.1654,0.0526,0.3554,0.2135,0
26.43,19.46,164.18,1724.34,0.0962,0.2436,0.2491,0.2149,1
13.61_err,9.56,125.61,1233.63,0.1581,0.2057,0.3923,0.2239,1
10.07,,167.6,2101.29,0.1485,0.3048,0.3812,0.1548,1
19.36,26.05,135.33,373.38,0.1265,0.221,0.3989,0.2517,1
28.47,28.21,90.33,481.57,0.1285,0.2094,0.0954,0.2325,1
22.7,29.57,129.78,863.24,0.0602,0.1654,0.3085,0.2678,0
19.68,34.93,125.36,1947.44,0.164,0.1727,0.262,,1
8.33,15.68,171.75,861.59,0.0628,0.3349,0.3155,0.2277,0
20.76,12.73,197.08,1103.87,0.1176,0.0657,0.1133,0.1322,0
29.76,35.4,105.77,851.78,0.0896,0.1673,0.2988,0.2838,1
9.36,13.85,162.14,329.33,0.1016,0.2364,0.1762,0.1734,0
18.44,39.22,55.96,2357.06,0.1232,0.1629,0.3587,0.2929,1
27.06,35.12,164.29,1434.55,0.1591,0.1135,0.342,0.1804,1
23.78,24.53,99.43,1999.29,0.1049,0.1148,0.0909,0.1292,0
22.73,39.42,46.3,1693.72,0.1685,0.0971,0.0791,0.277,1
22.86,12.02,98.12,1353.64,0.1211,5.0,0.3086,0.259,1
14.63,18.4,137.7,351.64,0.0693,0.3077,0.2367,0.2573,0
13.05,28.78,59.08,1656.85,0.0728,0.1867,0.2396,0.1179,0
25.42,19.85,187.85,506.67,0.1359,0.0993,0.3236,0.2759,1
25.44,37.78,52.43,1117.94,0.056,0.1469,0.3676,0.2193,1
26.81,11.03,188.8,1624.71,0.1076,0.0549,0.1028,0.1941,0
27.92,26.03,153.14,1986.06,0.0678,0.3183,0.2389,0.2826,1
18.27,27.32,92.75,1756.71,0.102,0.1547,0.3565,0.2332,1
18.04,29.23,102.52,1724.82,0.14,0.3435,0.3753,0.1266,1
25.16,16.93,158.53,491.74,0.1051,0.1347,0.1236,0.2039,0
21.6,20.3,136.24,956.86,0.0696,0.296,0.0448,0.2273,0
22.85,,147.46,241.27,0.0802,0.1046,0.1001,0.2797,0
25.1,15.04,102.27,1837.97,0.0941,0.0451,0.4066,0.156,0
27.36,34.63,118.05,2388.1,0.0583,0.0305,0.1989,0.2588,1
14.11,26.44,198.38,763.3,0.1201,0.22,,0.26,1
15.01,32.63,74.23,346.96,0.1229,0.1228,0.0056,0.1256,0
8.26,31.12,106.86,1262.35,0.0575,0.1664,0.0219,0.1034,0
19.88,15.43,86.69,2161.81,0.0983,0.2902,0.2875,0.2163,1
6.86,26.63,162.42,1442.66,0.0997,0.1019,0.2536,0.2579,0
17.17,35.9,162.24,250.39,0.0901,0.1219,0.2475,0.2109,0
19.02,22.4,86.79,2439.28,0.1169,0.299,0.0474,0.2627,0
12.88,38.96,53.02,2095.61,0.0915,0.1826,0.1514,0.2245,0
20.18,23.02,41.83,450.56,0.1,0.2931,0.3493,0.2307,1
6.73,13.43,108.39,2315.44,0.1457,0.1436,0.0752,0.1056,0
6.9,21.07,105.65,1203.62,0.0695,0.1515,0.3796,0.1177,0
25.74,38.5,198.14,1017.68,0.1243,0.0752,0.0522,0.245,1
14.64,18.91,115.17,1228.09,0.1107,0.3224,0.0727,0.2526,0
9.05,35.91,81.03,2109.59,0.0866,0.3159,0.2054,0.2084,1
18.53,36.32,182.6,1696.37,0.1373,0.3448,0.4065,0.218,1
,19.86,118.57,279.83,0.1161,0.1528,0.1417,0.2229,0
11.18,11.58,135.87,2399.95,0.1073,0.2901,0.283,0.121,0
20.95,31.46,55.31,488.77,0.1301,0.1569,0.2531,0.2336,1
8.05,18.66,101.27,1899.54,0.1463,0.1699,0.0643,0.1957,0
7.24,33.27,191.08,1641.28,0.1667,0.2939,,0.2205,1
,22.72,134.32,582.57,0.1255,0.0785,0.4,0.2126,1
18.98,24.04,95.12,542.93,0.1549,0.0927,0.0795,0.2526,0
,33.12,140.11,2193.97,0.0501,0.1239,0.2989,0.1637,1
23.43,20.85,185.67,1130.48,0.1136,0.2801,0.4148,0.1747,1
29.42,22.74,83.84,1684.8,0.0758,0.143,0.0514,0.1783,0
18.39,20.66,120.82,1329.61,0.0613,0.1382,0.1716,0.2525,0
13.75,20.39,193.39,1856.55,0.1138,0.3496,0.0963,0.1862,0
25.08,,67.58,1271.01,0.1396,0.1467,0.0953,0.1354,0
12.5,34.07,155.15,818.22,0.0995,0.1018,0.0512,0.2966,1
16.54,20.21,138.32,997.58,0.1304,0.2257,0.2793,0.1987,1
7.88,25.25,148.75,2167.42,0.1088,0.2846,0.3209,0.1218,0
,29.79,96.2,1244.56,0.1025,0.043,0.291,0.2341,0
29.1,17.35,90.22,643.74,0.0848,0.2242,0.3976,0.2478,1
26.06,17.6,149.47,2345.67,0.0959,0.0318,0.0626,0.2,0
22.7,37.94,74.49,2019.98,0.092,0.1937,0.1375,0.2293,1
15.81,31.43,107.14,271.37,0.1275,0.1048,0.1482,0.1345,0
10.16,26.89,70.11,2497.51,0.0639,0.1212,0.0998,0.1736,0
9.75,29.08,41.33,1780.03,0.0611,0.1741,0.0611,0.1324,0
12.01,9.91,195.21,518.23,0.1292,0.3259,0.2093,0.1774,0
19.18,28.16,109.07,699.72,0.1156,0.2545,0.3588,0.2126,1
23.15,24.79,195.1,1774.17,0.1016,0.3292,0.4105,0.1885,1
21.84,25.92,62.45,1980.24,0.0683,0.2378,0.0556,0.2186,1
12.72,20.14,133.98,704.12,0.0993,0.0223,0.354,0.2004,0
28.92,11.53,72.16,746.45,0.1448,0.1076,0.3546,0.1636,1
23.71,14.99,166.41,864.8,0.1568,0.3189,0.1673,0.1287,1
19.3,38.47,165.39,1551.32,0.1343,0.2323,0.0473,0.1505,0
20.68,21.67,58.02,545.49,0.0572,0.3439,0.4257,0.1401,1
16.07,23.47,185.93,386.01,0.1304,0.0715,0.2819,0.2415,0
11.95,10.63,71.14,1742.12,0.0789,0.1179,0.4223,0.264,0
14.54,10.16,138.08,1978.67,0.0878,0.1396,0.208,0.2441,0
,31.23,,1322.19,0.0735,0.1278,0.1699,0.2287,1
6.35,25.68,181.18,998.65,0.1431,,,0.1616,0
8.79,,193.05,1159.62,0.1278,0.1663,0.4229,0.2422,0
7.1,16.54,94.82,1056.64,0.1234,0.232,0.1089,0.221,0
6.98,32.09,56.89,2405.56,0.1302,0.1227,0.0102,,0
26.53,14.22,70.14,1952.69,0.0784,0.0463,0.2204,0.2815,0
22.89,14.89,120.08,631.09,0.1034,0.2538,0.1621,0.116,0
17.38,23.28,166.92,1046.69,0.126,0.1715,0.1124,0.2005,0
8.35,17.87,64.02,1423.87,0.1264,0.2036,0.2729,0.2026,0
17.8,16.67,145.56,1586.65,0.145,0.1703,0.1566,0.2674,1
17.36_err,29.0,91.77,1244.91,0.0845,,0.173,0.2826,1
10.16,29.18,94.59,2051.9,0.1424,0.2044,0.0099,0.2879,0
16.41,34.56,145.91,,0.1028,0.3247,0.2533,0.2139,1
15.56,21.95,114.72,1332.17,0.1304,0.1885,0.0525,0.2358,0
20.78,11.27,169.93,2156.45,0.1047,0.1166,0.0919,0.1177,0
21.24,17.48,64.95,1912.57,0.1638,0.1373,0.3084,0.1976,1
7.09,39.38,166.39,1977.45,0.0715,0.1923,0.1347,0.2796,0
,27.48,50.28,2397.11,0.131,0.1949,0.0702,0.1911,0
21.02,31.0,71.05,768.86,0.1192,0.2468,0.2483,0.1139,1
18.08,9.23,144.98,771.65,0.0707,0.0941,0.0924,0.1401,0
26.56,25.06,176.79,2237.93,0.0579,0.2374,0.1165,0.1859,1
21.81,10.16,80.43,1962.45,,0.2769,0.2672,0.1475,1
9.91,26.65,92.35,2326.65,0.0689,0.2433,0.3181,0.1785,1
7.69,37.54,125.94,288.99,0.0724,0.179,0.3181,0.1666,0
21.42,39.02,73.85,1621.51,0.1674,0.3473,0.2074,0.1638,1
6.64,25.76,169.79,481.32,0.1361,0.1536,0.1953,0.1182,0
20.06,23.2,163.78,1329.2,0.0801,0.0552,0.3387,0.2765,0
28.57,38.3,63.25,507.56,0.1209,0.2911,0.083,0.2385,1
19.81,29.88,114.21,442.27,0.1141,0.09,0.0654,0.2247,0
15.32,11.01,163.97,168.72,0.1513,0.2554,0.2858,0.2213,0
21.44,23.44,93.97,1627.36,0.1375,0.0791,0.1761,0.1793,0
17.0,16.45,141.3,987.29,0.1498,,0.3053,0.2647,0
19.09,23.56,48.03,388.24,0.0754,0.0727,0.1103,0.286,0
28.6,23.12,137.39,901.9,0.1268,0.1444,0.1397,0.1011,1
15.27,27.05,64.42,538.71,0.0548,0.0552,0.3856,0.1158,0
29.07,20.06,172.89,2362.4,0.0583,0.0852,0.1813,0.235,1
27.73,14.09,96.87,895.21,0.1356,0.2723,0.2541,0.1472,0
10.7,24.62,85.05,,0.0529,0.2741,0.0459,0.2823,0
7.66,34.74,174.54,2122.06,0.1196,0.2898,0.0769,0.2335,0
8.42,29.58,48.02,1668.7,0.1508,0.2976,0.0154,0.1737,0
6.44,19.49,103.46,1816.0,0.0956,0.1587,0.1825,0.1831,0
8.27,38.0,99.2,1640.96,0.0554,0.3063,0.4252,0.2382,0
22.39,37.28,85.57,2373.02,0.1357,0.1936,0.3758,0.1282,1
7.71,15.49,185.88,628.52,0.1616,0.1753,0.2722,0.2767,0
13.66,10.22,160.15,2474.13,0.1361,0.2571,0.3703,0.101,1
26.28,31.98,50.23,2101.06,0.1194,0.0906,0.2555,0.2958,1
6.56,34.66,154.35,1529.98,0.0776,0.2805,0.1586,0.1335,0
,39.0,124.37,1703.2,0.0518,0.1617,0.0746,0.2484,1
12.76,36.58,184.14,1671.23,0.1334,0.062,0.2808,0.108,0
8.84,27.62,90.07,277.82,0.0777,0.0594,0.083,0.1863,0
22.72,25.43,131.87,654.52,0.153,0.0744,0.1795,0.2261,0
21.09,9.86,120.12,2409.07,0.106,0.3139,0.3551,0.114,0
27.06,16.65,118.33,1401.1,0.1137,0.347,0.0556,0.1887,1
23.64,23.25,112.98,1032.91,0.1405,0.1378,0.0555,0.1606,0
25.28,28.48,72.9,1938.41,0.1435,0.1164,0.0965,0.1996,1
12.77,26.27,160.91,1377.86,0.1271,0.0922,0.2373,0.2009,0
10.26,32.02,112.21,171.06,0.1626,0.2919,0.1082,0.257,0
24.01,17.67,193.36,1877.52,0.1679,0.089,0.2164,,1
25.36,26.51,81.73,1868.03,0.1636,0.3249,0.1299,0.1165,1
29.77,11.73,149.24,529.75,0.1489,0.2402,0.2177,0.1804,1
15.9,21.82,190.51,2397.72,0.1347,0.3161,0.1194,0.2775,1
14.93,32.25,146.15,668.42,0.1296,0.2028,0.4214,0.2711,1
24.63,30.5,,1220.29,0.0625,0.2479,0.2119,0.212,1
14.18,39.71,172.4,410.78,0.0826,0.2244,0.3198,0.2778,0
28.34,17.61,97.62,1563.75,0.0507,0.2943,0.3012,0.2611,1
26.6,24.44,136.02,1026.06,0.0665,0.2958,0.2109,0.1556,1
16.3,19.22,65.0,973.49,0.1027,0.2146,0.1027,0.134,0
24.02,22.66,125.68,2091.67,0.0676,0.2287,0.2196,0.1602,0
24.11,35.57,76.87,162.57,0.1582,0.3242,0.2928,0.1454,1
8.47,30.21,159.0,2023.15,0.1467,0.3269,0.1978,,1
27.66,36.36,124.49,1488.62,0.0586,0.2392,0.0352,0.217,0
18.13,15.31,105.8,2467.19,0.0799,0.0226,0.0077,0.2197,0
25.83,36.07,83.01,1531.09,0.1483,0.0545,,0.1379,1
13.68,10.85,199.79,270.69,0.1464,0.3031,0.0646,0.2584,0
27.49,36.55,51.47,259.52,0.1635,0.048,0.3897,0.1867,1
15.34,19.2,46.97,2224.24,0.1697,0.0905,0.0756,0.1945,0
6.26,18.75,74.76,2125.27,0.1672,0.0961,0.1695,0.2994,0
27.73,24.87,195.37,956.3,0.0992,0.2181,0.3062,0.1565,1
8.19,38.16,196.68,1598.56,0.08,0.2103,0.3506,0.1788,1
13.66,10.48,144.79,1295.44,0.141,0.1155,0.2054,0.2353,0
28.8,19.92,180.82,2422.51,0.0859,0.0885,0.0779,0.2761,1
28.81,35.55,74.23,2381.91,0.1468,0.2723,0.1165,0.1254,1
19.76,21.28,195.53,2461.86,0.1141,0.3287,0.1802,0.247,1
21.16,15.17,62.85,2184.82,0.1453,0.0374,0.1568,0.2837,1
16.76,22.17,56.18,2286.54,0.0831,0.0639,0.1499,0.1846,0
13.04,20.95,57.95,652.78,0.111,0.2319,0.0567,,0
13.89,37.38,131.7,2101.18,0.1177,0.2855,0.3927,0.2355,1
22.14,32.62,164.96,1812.9,,0.2811,0.0128,0.1492,1
24.06,24.66,98.67,2412.18,0.082,0.2575,0.1892,0.1769,1
25.0,39.64,196.46,1488.18,0.1624,0.3129,0.4215,0.2794,1
24.95,23.42,109.51,340.99,0.1466,0.0917,0.2837,0.2181,1
8.19,10.81,64.07,1549.86,0.1377,0.0554,0.1528,0.119,0
17.87,17.13,114.55,1760.33,0.1444,0.2231,0.0628,0.1659,0
7.38,22.52,148.65,659.96,0.1227,0.2914,0.4145,0.2255,0
19.19,13.86,173.16,1070.11,0.0793,0.2121,0.006,0.1963,0
16.6,38.37,113.4,1552.47,0.0727,0.3378,0.293,0.2321,1
27.3,32.77,134.98,1022.89,0.154,0.2825,0.3785,0.2523,1
14.42,17.32,82.78,1024.88,0.137,0.2513,0.0108,0.1961,0
8.81,27.31,143.35,454.08,0.0756,0.0399,0.3118,0.2974,0
9.43,31.36,197.76,2360.16,0.1238,0.0556,0.4295,0.2829,0
24.28,38.18,47.85,1911.17,0.1037,0.279,0.275,0.112,1
20.84,36.33,181.84,142.93,0.069,0.0854,0.1783,0.1533,1
8.43,24.97,129.97,1946.85,0.1138,0.0295,0.376,0.1601,0
8.02,33.01,80.34,1885.92,0.0838,0.3206,0.2383,0.1369,0
22.82,26.43,192.78,162.97,0.0615,0.314,0.3223,0.1624,1
7.75,26.13,117.34,,0.106,0.0921,,0.185,0
25.72,12.56,93.07,1571.92,0.1208,0.2775,0.0165,0.1103,0
22.95,12.91,69.04,1208.49,0.0556,0.0358,0.0917,0.1255,0
7.95,25.42,79.11,1976.05,0.0983,0.1141,0.0339,0.1192,0
8.04,17.33,173.26,1144.08,0.0809,0.2258,0.0459,0.1093,0
29.68,9.65,138.31,503.12,0.0537,0.2718,0.0066,0.1963,0
14.98,31.41,186.12,2444.34,0.0651,0.0234,0.1811,0.1668,1
14.9,10.01,77.11,711.21,0.0667,0.1276,0.0768,0.2871,0
25.51,27.45,59.38,1833.75,0.0719,0.0907,0.3679,0.1206,1
28.73,25.72,40.97,477.85,0.1464,0.3496,0.3225,0.2852,1
29.66,39.03,121.26,916.47,0.1027,0.2414,0.2465,0.1173,1
24.08,24.01,199.73,1183.19,0.0677,0.1539,0.2103,0.2238,1
15.03,10.97,151.19,593.67,0.062,0.045,0.11,0.1495,0
8.0,26.1,89.34,1201.9,0.0858,0.2176,0.2042,0.2654,0
24.65,35.07,180.3,510.9,0.1458,0.2318,0.2757,0.1123,1
19.4,39.9,165.08,1459.26,0.0937,0.2894,0.3364,0.2905,1
16.18,22.34,42.47,1706.36,0.0692,0.1152,0.0351,0.1095,0
27.75,18.93,170.7,287.34,0.0985,0.3439,0.3046,0.1482,1
8.67_err,37.11,88.08,2195.87,0.1166,0.165,0.3194,0.1928,1
17.82,14.93,63.95,576.93,0.0536,0.1177,0.2404,0.2512,0
6.27,28.08,76.21,671.86,0.1253,0.135,0.0922,0.2902,0
17.25,21.58,114.97,1700.79,0.0974,0.1915,0.2318,0.1856,0
7.35,10.27,107.98,1246.25,0.0512,0.3291,0.2162,0.2515,0
8.85,19.77,86.22,1318.57,0.1309,0.2626,0.2046,0.2454,0
8.82,,67.55,442.45,0.1355,0.2104,0.1981,0.2142,0
21.58,30.27,161.96,2041.54,0.1255,0.0737,0.0477,0.2382,1
23.91,38.41,198.42,1596.25,0.091,0.0693,0.0786,0.1076,1
20.0,17.31,164.45,459.5,0.1136,0.1857,0.0419,0.1883,0
29.09,34.16,87.35,1022.64,0.0965,,0.1043,0.2572,1
15.0,10.72,79.17,2052.57,0.1341,0.2678,0.1133,0.1948,0
12.86,25.68,74.83,1481.32,0.12,0.0946,0.1054,0.2747,0
26.85,11.19,61.87,396.41,0.0598,0.053,0.0907,0.2667,0
11.37,37.96,128.21,1019.75,0.1272,0.1469,0.3162,0.2727,1
29.12,32.76,136.86,712.76,0.1325,0.323,0.352,0.126,1
6.29,,152.88,1361.22,0.0945,0.2,0.1407,0.1488,0
29.28,34.54,148.83,2130.33,0.1551,0.1256,0.1312,0.1059,1
7.04,29.07,86.77,1169.59,0.1512,0.1268,0.3629,0.2966,1
27.39,39.04,92.85,1162.69,0.071,0.0636,0.2683,0.1472,1
18.66,31.13,149.04,2276.63,0.1585,0.1762,0.1262,0.1734,1
29.83,37.66,95.91,1499.8,0.1029,0.2811,0.3069,0.155,1
7.77,25.03,74.02,1476.21,0.1368,0.3396,0.1482,0.108,1
19.29,12.63,99.89,758.11,0.1477,0.1855,0.2522,0.1523,1
29.26,25.37,83.53,1574.23,0.1106,0.0752,0.4268,0.1196,1
18.55,12.93,54.13,1499.15,0.0979,0.2454,0.1297,,0
21.11,27.37,172.82,1076.57,0.1599,0.2697,0.4001,0.2934,1
22.7,23.96,176.5,,0.0777,0.0437,,0.2397,1
16.91,,75.16,2221.26,0.0808,0.3005,0.2323,0.2414,1
21.06,9.31,50.36,1909.02,0.0934,0.2937,0.1978,0.1906,1
20.02,15.04,158.21,1408.14,0.1531,0.1759,0.3368,0.2623,1
27.63,24.23,73.84,1230.46,,0.2049,0.0263,0.2817,0
7.09,38.47,102.95,576.36,0.0764,0.2554,0.2697,0.2923,0
12.74,20.89,50.26,861.54,0.1537,0.2433,0.3271,0.1198,0
28.81,22.16,76.2,1966.55,0.081,0.0255,0.203,0.2759,1
27.37,31.16,166.86,1210.85,0.1665,0.0604,0.0453,0.145,1
16.94,27.72,168.7,2222.16,0.1217,0.0737,0.1053,0.1795,1
20.88,18.27,73.13,489.07,0.0509,0.2694,0.2923,0.1691,0
12.66,21.74,93.75,1339.7,0.0541,,0.385,0.235,0
10.51,15.75,61.48,1666.84,0.0677,0.2,0.1813,0.2196,0
17.13,38.95,51.87,1359.76,,0.275,0.241,0.1218,1
14.48,13.05,198.75,2238.58,0.1421,0.1325,0.0982,0.2566,0
20.01,20.53,144.9,2475.37,0.0767,0.2671,0.1773,0.1879,1
7.87,9.8,126.74,,0.1663,0.166,0.1448,0.1004,0
29.39,15.88,162.48,446.69,0.1263,0.1445,0.2819,0.1829,1
29.67,33.19,174.41,447.56,0.1331,0.1299,0.4234,0.2033,1
22.76,15.24,169.07,1747.58,0.0761,0.3384,0.3497,0.1138,1
18.87,11.48,42.65,1019.52,0.1571,0.2748,0.0826,0.1302,0
13.43,23.71,69.89,1870.62,0.1301,0.0267,0.2484,0.2987,0
25.53,9.31,144.78,1096.91,0.1537,0.3359,0.0286,0.2742,0
22.43,11.63,100.12,1621.15,0.1648,0.2759,0.1062,0.1267,0
9.9,34.04,197.2,1956.86,0.0651,0.0692,0.0741,0.2161,0
27.86,32.92,146.46,1433.79,0.0616,0.0452,0.1443,0.1758,1
25.74,37.37,193.05,1413.23,0.1464,0.1217,0.2919,0.2087,1
28.8,35.49,72.23,348.23,0.1539,0.226,0.2147,0.1941,1
23.42,30.18,178.23,1109.44,0.1201,0.2235,0.4012,0.1096,1
20.72,10.62,91.42,1428.03,0.0939,0.111,0.0915,,0
16.04,33.27,198.33,1230.27,0.1283,0.1671,0.1566,0.1251,1
28.39,35.21,65.23,2265.85,0.0867,0.0899,0.1418,0.1978,1
26.79,33.77,122.61,2279.41,0.0786,0.0367,0.1015,0.2815,1
7.09,24.76,166.86,2079.73,0.1086,0.1906,0.4271,0.2991,1
6.63,16.22,109.22,1025.7,,0.1345,0.1665,0.2889,0
15.04,35.21,114.89,1832.83,0.108,0.1992,0.4044,0.2971,1
,31.54,197.82,1072.88,0.1648,0.3323,0.1679,0.103,1
29.69,39.4,108.05,688.92,0.1508,0.0673,0.0878,0.2459,1
9.61,13.83,136.65,949.25,0.163,0.0206,0.0513,0.1546,0
20.26,16.0,48.73,307.48,0.1468,0.0454,0.3679,0.2731,0
15.14,15.57,174.75,922.99,0.0926,0.1727,0.0138,0.2627,0
29.28,33.57,143.71,1227.35,0.1474,0.2533,0.4147,0.1847,1
26.21,14.79,104.64,2394.93,0.1607,0.2117,0.1798,0.1947,1
26.12,11.07,42.59,879.65,0.1636,0.1833,0.1064,0.153,0
17.25,39.96,134.67,2269.79,0.132,0.1368,0.2655,0.1578,1
15.96,9.77,42.03,680.11,0.0754,0.1223,,0.2962,0
12.56,34.89,40.19,590.69,0.0548,0.1442,0.031,0.2778,0
7.35,20.33,138.58,1364.83,0.0677,0.2218,0.3559,0.1384,0
26.75,35.09,70.24,1727.13,0.1659,0.0754,0.1826,0.1551,1
25.51,26.19,70.7,244.62,0.1055,0.2745,0.2228,0.1217,0
29.99,36.95,144.52,661.72,0.1526,0.2098,0.076,0.2978,1
29.92,37.71,48.59,1215.41,0.1058,0.1088,0.0264,0.2814,1
19.33,9.28,90.14,921.17,0.1293,0.1854,0.1581,0.2104,0
24.46,11.34,63.91,1821.79,0.0529,0.3377,0.2176,0.2386,1
28.67,16.76,132.83,1346.34,0.08,0.0268,0.3291,0.2496,1
26.39,29.75,145.88,518.45,0.1024,0.0858,0.2155,0.1408,1
11.94,36.54,155.38,2250.94,0.1257,0.168,0.3365,0.2869,1
16.81,23.26,80.84,831.26,0.0706,0.2307,0.0496,0.2053,0
9.1,27.82,54.28,1865.47,0.1417,0.09,0.0275,0.1185,0
28.9,14.84,52.59,1980.6,0.0937,0.3274,0.0683,0.1794,1
20.55,33.95,108.18,2413.05,0.1481,0.232,0.332,0.2203,1
11.49,38.99,191.34,1316.48,0.0618,0.3096,0.3265,0.1706,0
22.12,17.33,74.84,1593.37,0.1316,0.1287,0.0608,0.2398,0
20.84,24.34,81.08,930.31,0.0852,0.2936,0.0133,0.2764,0
14.6,11.67,56.14,1740.5,0.1454,0.1448,0.2947,0.2544,0
8.73,26.33,136.89,1233.59,0.0983,0.1034,0.3678,0.2285,1
22.12,24.59,148.78,1172.86,0.1298,0.3208,0.3243,0.2024,1
18.49,13.48,142.87,2158.9,0.1621,0.0504,0.0872,0.1509,0
24.54,22.7,177.78,258.4,0.0525,0.3312,0.251,0.191,1
18.48,19.36,117.83,2221.43,0.0513,0.1713,0.3257,0.1586,0
26.45,25.18,61.51,2150.88,0.1424,0.3476,0.11,0.2868,1
19.25,27.16,86.3,1335.02,0.1276,0.1981,0.2269,0.2815,1
19.46,9.26,145.99,1296.88,0.0852,0.27,0.1352,0.1312,0
27.04,32.59,138.1,993.87,0.1093,0.0223,0.097,0.2645,1
15.68,31.1,124.96,2486.25,0.055,0.1839,0.4169,0.2406,1
9.22,20.35,149.27,402.36,,0.2634,0.3924,0.295,0
6.69,10.64,141.98,1532.91,0.1009,0.2783,0.1916,0.1927,0
24.12,32.4,181.01,1748.77,0.1501,0.0722,0.0588,0.2444,0
20.89,38.61,,2345.02,0.1076,0.1583,0.313,0.2036,1
22.9,16.44,164.58,1981.28,0.1204,0.1583,0.11,0.1139,0
11.11,19.03,79.79,1659.48,0.1549,0.0542,0.0725,0.1094,0
9.27,14.7,148.51,415.68,,0.1662,0.1641,0.1244,0
6.35,26.89,184.35,1022.01,0.1341,0.2863,0.2278,0.1592,0
14.41,13.8,101.72,467.67,0.1534,0.1191,0.0419,0.1518,0
20.16,20.04,164.66,2219.66,0.0743,0.1627,0.2459,0.2457,1
15.41,30.61,155.97,1909.11,0.0928,0.3371,0.0066,0.2432,0
16.5,26.36,49.52,1927.79,0.1676,0.0305,0.3835,0.2943,1
27.7,20.98,133.04,1679.33,0.168,0.2152,0.3959,0.1621,1
14.36,22.03,60.83,1336.62,,0.2653,0.3152,0.2877,1
18.34,26.43,194.77,493.93,0.058,0.2711,0.2006,0.2226,1
24.81,9.18,169.83,918.08,0.0825,0.2563,0.1096,0.1991,0
15.52,11.43,57.56,463.12,0.0977,0.2597,,0.2336,0
20.93,36.32,59.48,1850.8,0.1029,0.0395,0.4007,0.2406,1
26.7,11.41,135.12,518.14,0.1243,0.1963,0.0682,0.1344,1
28.79_err,30.91,95.18,1796.99,0.1579,0.2784,0.2003,,1
9.53,37.52,45.58,1773.72,,0.051,0.1356,0.245,0
,17.39,126.66,1223.96,0.152,0.024,0.1534,0.2995,1
17.81,20.49,102.06,459.14,0.0612,0.2888,0.1745,0.2824,0
12.2,26.64,56.17,882.93,0.055,0.2551,0.4093,0.2369,1
17.02,36.33,168.31,895.42,0.1105,0.156,0.1112,0.2425,1
29.52,38.2,186.41,1792.91,0.0572,0.3303,0.2119,0.2892,1
17.82,31.93,161.06,408.43,0.0971,0.273,0.4091,0.2934,1
13.89,11.69,171.59,2096.6,0.1576,0.3394,0.2047,0.2654,0
21.2,29.74,74.64,1935.98,0.079,0.3267,0.3713,0.2535,1
11.76,21.72,82.17,579.68,0.1347,0.1788,0.0253,0.1223,0
7.82,23.59,73.36,,0.0863,0.2691,0.4098,0.2661,1
9.09,10.52,162.41,1717.69,0.0554,0.2408,0.0806,0.1506,0
9.07,14.92,191.67,1905.57,0.1168,0.2878,0.4214,0.2128,0
9.65,33.51,154.69,585.87,0.1502,0.2799,0.0755,0.1811,0
9.33,23.07,181.03,511.91,0.0991,0.0706,0.1911,0.1691,0
21.38,18.35,142.19,698.1,0.1241,0.0971,0.1327,0.1621,0
10.37,20.9,102.03,1003.46,0.158,0.1077,0.1863,0.2711,0
14.3,35.49,108.12,2013.05,0.1448,0.2901,0.1077,0.2538,1
27.52,32.22,52.05,1881.5,0.0733,0.2875,0.4151,0.2047,1
17.38,17.44,45.03,2324.07,0.138,0.1835,0.1315,0.2329,1
22.02,12.64,151.28,278.37,0.1102,0.2117,0.2809,0.2969,1
10.14,16.81,110.15,167.27,0.1395,0.2929,0.0591,0.1795,0
10.61,37.54,128.35,1789.97,0.1093,0.1232,0.3545,0.2102,1
6.98,27.03,129.23,799.12,0.0654,0.0366,0.2333,0.2067,0
10.05,25.54,84.38,928.43,0.1184,0.1793,0.4212,0.2872,1
12.69,27.49,116.14,1430.45,0.1091,0.3215,0.1821,0.1703,0
10.25,20.35,115.32,381.69,0.1122,0.2809,0.084,0.2973,0
8.13,34.02,102.15,1656.76,0.1555,0.141,0.1488,0.1609,0
8.9,25.22,171.31,907.35,0.1574,0.0414,0.3169,0.1218,0
17.06,12.62,112.19,1633.21,0.1044,0.2302,,0.1383,0
10.95,13.0,136.58,2108.26,0.1047,0.2954,0.3347,0.1852,0
14.74,25.64,183.28,543.82,0.1118,0.2394,0.0316,0.23,0
18.08,38.03,178.6,2336.86,0.1124,0.1603,0.2496,0.2034,1
22.57,18.56,182.47,1392.42,0.164,0.0607,0.4008,0.1753,1
6.94,35.96,83.2,2318.11,0.1279,0.3206,0.0464,0.2124,0
25.19,32.69,45.6,630.24,0.0833,0.1111,0.0406,0.2678,0
21.07,16.68,81.77,1566.77,0.1138,0.094,0.3081,0.2678,1
7.96,10.13,84.59,1093.17,0.1253,0.2893,0.1355,0.2452,0
26.97,12.16,185.5,1967.16,0.1268,0.3438,0.2832,0.2905,1
28.1,31.58,143.88,1569.95,0.1202,0.2379,0.2345,0.218,1
7.47,15.19,53.07,1307.06,0.0713,0.2262,0.424,0.1015,0
12.65,20.51,61.66,2294.65,,0.1254,0.3823,0.1582,0
25.35,24.55,64.91,1030.0,0.0905,0.0267,0.2916,0.1656,1
23.96,31.49,140.87,659.15,0.1013,0.0833,0.1125,0.2095,1
10.43,12.51,157.67,1575.12,0.0574,0.2129,,0.281,0
11.02,21.6,177.54,1612.71,0.1478,0.0699,0.3794,0.2676,0
14.89,24.04,190.5,1176.26,0.0913,0.3117,0.2517,0.1464,0
17.63,25.77,72.27,1288.4,0.1596,0.0821,0.3394,0.2039,0
20.84,34.37,89.56,2404.55,0.0685,0.1923,0.1934,0.2318,1
14.85,14.32,78.45,1869.14,0.0568,0.189,0.0443,0.2975,0
17.1,34.04,97.4,,0.1079,0.2193,0.1431,0.1063,0
23.94,30.48,186.35,640.63,0.0727,0.1281,0.0693,0.1928,1
6.88,26.23,,2442.36,0.1625,0.3083,0.3362,0.2976,0
12.06,,158.11,1854.46,0.0512,0.1666,0.3012,0.2954,1
23.12,21.77,118.42,2299.51,0.0995,0.2511,0.038,0.1661,1
27.48,13.29,44.62,857.11,0.1612,0.2299,0.2672,0.1,0
18.28,29.64,50.27,1890.81,0.0961,0.0587,0.3759,0.2173,1
18.77,25.26,126.07,1825.05,0.0612,0.2255,0.2999,0.2734,0
8.57,28.82,155.01,835.47,0.0863,0.2017,0.2198,0.1649,0
16.74,19.48,74.45,1439.93,0.1098,0.3165,0.1341,0.2869,0
18.78,37.11,155.51,1620.7,0.0722,0.3107,0.3815,0.1665,1
,27.21,169.71,1275.47,0.106,0.0698,0.1818,0.222,0
12.46,11.65,105.9,2092.14,0.1504,0.047,0.3678,0.2444,1
15.05,22.94,159.43,2105.57,0.1547,0.1172,0.3367,0.1691,0
6.48,32.45,104.64,2147.42,0.0559,0.3456,0.351,0.1704,0
13.73,33.62,148.54,2036.08,0.0693,0.0271,0.4256,0.194,1
11.07,,162.24,1291.88,0.083,0.2421,0.322,0.267,0
13.86,36.74,198.71,1040.19,0.1214,0.2208,0.0146,0.1202,0
8.87_err,17.3,95.26,2102.05,0.0933,0.2334,0.0883,0.2263,0
27.37,21.73,105.77,1296.88,0.1513,0.092,0.0151,0.2355,1
20.25,36.86,66.5,721.44,0.136,0.0948,0.0817,0.2116,1
22.3,36.78,72.65,1337.33,0.0621,0.1621,0.0264,0.2872,1
24.94,30.26,150.94,474.77,,0.0516,0.2157,0.2204,1
17.96,35.63,186.73,1772.25,0.0636,0.0446,0.0121,0.2269,1
8.09,11.75,103.14,932.77,0.0806,,0.2032,0.22,0
18.89,35.81,68.78,755.15,0.0713,0.2091,0.3865,0.2444,1
20.08,18.94,85.62,2397.36,0.0708,0.1513,0.3219,0.1271,0
23.89,14.53,112.81,1973.44,0.124,0.1169,0.4059,0.2789,1
16.36,16.42,86.5,1997.48,0.1176,0.1242,0.0975,0.1085,0
9.06,21.96,77.37,1611.98,,0.0884,0.2284,0.2281,0
12.81,16.79,157.76,2120.45,0.1688,0.1558,0.137,0.2231,0
14.71,18.94,41.26,1931.62,0.1006,0.087,0.2123,0.1416,1
21.5,13.18,126.28,1553.11,0.0616,0.2504,0.2395,0.1081,0
19.7,18.18,167.0,2408.25,0.0645,0.0609,0.0156,0.1278,0
14.55,26.74,82.6,592.16,0.1201,0.3329,0.1003,0.1543,1
,22.7,136.53,2366.38,0.1675,0.0496,0.3031,0.2764,1
20.54,19.75,147.02,1087.39,0.1186,0.3313,0.3324,0.2711,1
11.69,32.14,144.8,1387.02,0.1639,0.295,0.2449,0.1128,0
8.44,36.7,111.34,429.66,0.1033,0.2446,0.1165,0.1579,0
9.67,32.46,95.45,1414.65,0.1023,0.3211,0.1742,0.2779,0
11.9,19.29,173.75,1582.45,0.11,0.0659,0.0413,0.1473,0
9.86,32.08,161.35,2494.58,0.1337,0.0782,0.4099,0.2992,1
10.48,13.71,91.4,2441.45,0.0941,0.1032,0.3735,0.1514,0
12.84,13.04,56.48,2420.7,0.1537,0.1008,0.0282,0.2478,0
10.16,19.71,51.49,962.2,0.0535,0.1226,0.0716,0.1834,0
27.52,34.04,55.08,2479.39,0.1028,0.21,0.2499,0.1272,1
7.93,16.64,133.26,1214.93,0.1113,0.0293,0.0999,0.151,0
18.59,10.96,48.27,2150.33,0.1228,0.1461,0.4018,0.235,0
15.85,13.08,93.91,650.52,0.0831,0.1013,0.3249,0.1674,0
29.58,35.62,160.51,1333.77,0.1013,0.2202,0.1175,0.2208,1
8.69,28.65,87.1,2419.79,0.1081,0.3451,0.0026,0.1411,0
15.55,16.85,162.13,2374.99,0.1324,0.1908,0.3438,0.1897,0
29.27,26.21,159.27,1753.61,0.1428,0.1605,0.1824,0.2024,1
26.77,25.35,79.33,,0.1385,0.1415,0.2762,0.1826,1
25.61,29.32,156.61,556.37,0.091,0.279,0.1234,0.1396,1
12.19,16.23,159.64,1843.11,0.1699,0.0438,0.0614,0.1923,0
10.1,35.8,103.59,1598.6,0.1518,0.3367,0.2904,0.2386,1
22.05,18.59,73.67,356.06,0.0812,0.1579,0.1936,0.293,0
28.31,30.52,123.4,407.06,0.0734,0.1235,0.1011,0.2579,1
19.36,9.5,187.42,395.93,0.0877,0.3414,,0.1323,0
19.72,20.55,142.34,1849.48,0.1043,0.3288,0.2496,0.1545,1
12.72,19.9,67.67,474.45,0.1521,,0.312,0.1158,0
24.47,25.85,149.24,1243.85,0.1434,0.0261,0.1221,0.1271,1
,11.25,108.35,982.48,0.1521,0.267,0.3161,0.1501,0
13.77,33.49,134.64,1439.19,0.0826,0.1307,0.0787,0.1399,0
16.21,15.75,157.45,1807.28,0.1212,0.1481,0.1455,0.1427,0
18.18,29.99,122.39,1755.95,0.084,0.0724,0.3203,0.1462,0
11.82,33.9,170.24,1356.63,0.0631,0.1927,0.2839,0.1601,1
8.76,26.42,155.54,1235.83,0.1321,0.2657,0.1163,0.1251,0
,31.97,138.41,1078.84,0.0672,0.1101,0.0525,0.1556,1
12.93,29.52,64.13,2174.11,0.1301,0.3298,0.0183,0.2377,1
19.95,20.02,173.75,920.81,0.1278,0.0843,0.3603,0.1473,1
9.7,34.07,189.74,752.1,0.1472,0.0419,0.0323,0.1344,0
17.55,18.14,61.91,1894.22,0.0667,0.2326,0.0494,0.1135,0
18.78,26.71,118.12,989.04,0.144,0.3003,0.1022,0.2,1
7.24,32.11,81.42,2138.92,0.1699,0.3345,0.1916,0.2684,0
14.08,20.75,160.72,913.82,0.1521,0.2732,0.3396,0.1118,0
9.23,18.39,155.46,1796.59,0.1402,0.0859,0.1064,0.2085,0
7.52,23.24,62.54,246.46,0.1295,,0.2337,0.2301,0
29.76,34.36,,1049.93,0.1006,0.3234,0.0389,0.2185,1
13.74,37.83,68.96,950.02,0.1377,0.0738,0.1997,0.2755,0
25.44,25.9,167.56,2067.36,0.1369,0.2044,0.0764,0.2733,1
12.11,29.51,113.12,2422.25,0.1258,0.2033,0.0908,0.1115,0
22.36,37.0,92.52,1227.68,0.1456,0.166,0.1577,0.1722,1
24.25,12.05,65.32,2086.61,0.1039,0.3448,0.3274,0.2342,1
20.3,16.19,66.82,1791.28,0.0646,0.0397,,0.2905,1
17.32,30.98,145.9,2423.03,0.1171,0.227,0.1784,0.2609,0
15.88,34.54,128.07,2054.22,0.0818,0.0878,0.051,0.1353,0
14.37,35.57,59.53,322.85,0.0961,0.194,0.1207,0.1558,0
28.31,21.87,58.03,1823.34,0.0521,0.2773,0.2173,0.2527,1
25.93,11.77,51.57,1403.78,0.0959,0.1014,0.3738,0.1943,0
29.16,22.57,159.0,178.79,0.1471,0.1498,0.4163,0.2095,1
8.98,16.15,153.9,733.1,0.1151,0.3338,0.2741,0.2218,0
23.54,18.03,49.35,2315.34,0.0512,0.2713,0.1508,0.1207,1
28.52,32.94,129.64,2325.5,0.1064,0.209,0.2982,0.2712,1
10.35,11.34,53.55,2025.29,0.085,0.0933,0.1446,0.2726,0
7.6,34.66,184.6,2457.0,0.1073,0.1604,0.269,0.1936,0
23.79,22.26,185.14,2043.45,0.0986,0.2754,0.1048,0.2254,1
19.79,27.48,,164.08,0.1618,0.2908,0.1148,0.232,1
26.2,11.78,188.19,819.29,0.0549,0.1007,0.0323,,0
9.35,19.46,169.83,212.27,0.132,0.2385,0.1807,0.1225,0
25.09,11.78,,362.09,0.1521,0.0514,0.2658,0.1041,1
10.84,38.81,131.15,656.46,0.1651,0.0277,0.3392,0.2826,1
9.93,34.03,88.97,1328.4,0.0713,0.2011,0.3484,0.1691,0
9.94,23.25,74.85,2140.18,0.1138,0.094,0.4268,0.1172,0
25.55,15.93,92.35,2174.24,0.0552,0.046,0.0377,0.1932,0
21.96,37.94,140.56,1594.24,0.1099,0.2608,0.212,0.1151,1
18.55,19.68,67.63,2330.5,0.0651,0.1843,0.2242,0.1171,0
14.61,13.99,81.38,1320.15,0.1505,0.2828,0.3459,0.1978,1
27.05,26.46,114.89,2238.13,0.0637,0.2391,0.1145,0.2018,1
15.42,38.26,77.29,1211.59,0.1116,0.2608,0.0298,0.216,0
25.6,9.12,134.18,794.25,0.1125,0.1214,0.1349,0.2313,0
16.54,16.38,187.71,2302.73,0.1666,0.1069,0.4231,0.2337,1
15.05,38.09,159.69,1055.53,0.1286,0.2183,0.3868,0.1866,1
17.1,14.3,146.63,1328.03,0.0845,,0.17,0.2287,0
13.23,12.51,133.24,916.11,0.0789,0.2891,0.3768,0.1609,0
23.94,26.68,118.07,1704.3,0.0654,0.1926,0.0141,0.1883,0
18.07,35.72,69.85,2488.27,0.1408,0.0949,0.1351,0.1787,1
11.57,,183.15,200.21,0.1329,0.2263,0.3125,0.1658,1
27.59,39.83,79.77,,0.1232,0.3319,0.0952,0.1477,1
15.21,30.05,54.61,149.27,0.0549,0.0471,0.0853,0.1157,0
19.05,11.3,160.0,999.58,0.1415,0.0561,0.3706,0.2012,1
27.76,39.78,,537.91,0.127,0.2985,0.2649,0.2075,1
20.98,21.64,99.5,1927.33,0.1657,0.0562,0.4253,0.1672,1
8.81,17.91,44.53,259.44,0.1205,0.033,0.0579,0.2952,0
28.56,26.29,61.93,1446.22,0.0865,0.1348,0.1531,0.2114,1
21.06,18.43,67.71,836.03,0.0958,0.174,0.1338,0.2778,0
14.04,11.68,48.71,455.46,0.0711,0.2079,0.3785,0.214,0
9.34,,145.07,1961.49,0.1367,0.1874,0.1098,0.138,0
25.06,22.94,173.92,653.1,0.1349,0.3214,0.152,0.2949,1
20.88,34.94,99.73,667.87,,0.2737,0.0614,0.2771,0
18.8,,179.93,789.18,0.069,0.3447,0.3334,0.1943,0
27.45,39.98,74.14,1524.77,0.0592,0.1772,0.1022,0.1486,1
24.93,17.89,92.06,1696.81,0.1594,0.0478,0.0294,0.1445,0
9.64,17.69,64.12,181.54,0.078,0.3353,0.1871,0.2612,0
13.48,13.95,139.29,710.81,0.0913,0.0214,0.1683,0.1138,0
11.96,14.09,107.18,1157.09,0.0837,0.2761,,0.2276,0
23.85,17.84,138.13,923.47,0.0996,0.0303,0.0574,0.228,1
6.8,33.58,161.87,2226.64,0.1357,0.2712,0.3855,0.1365,1
19.68,37.08,127.31,1998.99,0.1545,0.3295,0.0292,0.241,1
24.3,39.23,140.42,1617.1,0.0719,0.1485,0.0427,0.2411,1
,16.2,189.64,937.78,0.1324,0.0995,0.1054,0.17,0
14.21,36.32,87.85,1793.59,0.0923,0.0947,0.4097,0.1967,1
25.71,19.18,97.47,2130.99,0.1677,0.1823,0.0367,0.2666,1
8.66,12.5,154.83,1543.8,0.0859,0.0764,0.3509,0.2046,0
26.31,35.97,137.81,1991.33,0.0509,0.2421,0.3836,0.2236,1
9.06,28.72,68.57,1907.89,0.1119,0.1416,,0.1826,0
15.53,14.11,100.18,1489.3,0.0681,0.1266,0.1264,0.1299,0
25.14,22.32,114.85,876.75,0.0553,0.1722,0.2913,0.2996,1
9.6,17.9,107.1,,0.1338,0.1991,0.3021,0.2063,0
11.5,31.84,68.52,628.04,0.1379,0.0668,0.3354,0.1673,0
23.33,23.06,187.91,1979.59,0.1053,0.2536,0.3571,0.2428,1
23.28,39.67,161.97,2038.73,0.1312,0.3114,0.1154,0.2242,1
21.39,10.7,117.02,2080.26,0.1146,0.1117,0.2954,,0
22.65,20.01,148.81,1256.08,0.1256,0.0795,0.058,0.2754,0
19.03,23.94,183.57,594.25,,0.271,0.2196,0.1142,0
12.04,24.6,61.79,375.35,0.1299,,0.2635,0.2211,0
14.3,18.79,80.06,1894.33,0.074,0.0336,0.0695,0.1956,0
10.36,31.61,126.83,2231.58,0.0822,0.2244,0.0329,0.1636,0
27.8,36.12,167.84,1675.98,0.1028,0.0991,,0.2653,1
20.0,38.1,45.8,480.22,0.1035,0.0767,0.1809,0.2313,1
15.62,33.96,197.44,2346.36,0.1429,0.3439,,0.2519,1
17.09,35.37,112.79,2474.28,0.0941,0.1163,0.2287,0.1829,1
28.73,26.07,97.48,1162.77,0.0695,0.3181,0.3219,0.2885,1
9.68,34.6,86.84,1543.79,0.0802,0.0788,0.0749,0.1689,0
20.07,18.41,67.9,1974.26,0.0758,0.2903,0.0456,0.2062,1
18.14,21.35,166.65,1877.88,0.1378,0.1857,0.103,0.2867,0
20.67,18.82,192.87,2423.98,0.1064,0.0459,0.135,0.1166,1
6.43,23.49,106.18,411.12,0.135,0.2621,0.2357,0.1218,0
26.93,17.85,,1510.51,0.0999,0.3144,0.3789,0.2988,1
28.37,38.81,171.81,1772.96,0.1568,0.0738,0.1832,0.2943,1
19.56,18.7,116.97,2240.63,0.168,0.2594,0.2231,0.2543,1
22.72,12.04,147.84,,0.1304,0.1669,0.002,0.1968,0
28.14,25.33,109.6,2448.08,0.1537,0.2688,0.0143,0.2012,1
22.97,10.77,129.4,1348.51,0.111,0.2556,0.036,0.1514,0
9.66,12.43,49.29,2100.6,0.1622,0.0288,0.3006,0.1865,0
19.83,15.8,151.4,1148.38,0.1498,0.079,0.2091,0.1863,0
20.56,23.39,48.45,1136.66,0.169,0.1754,0.083,0.1072,1
16.18,22.43,170.73,737.9,0.1248,0.3281,0.2548,0.1906,0
23.67,33.79,171.99,2071.04,0.1435,0.1329,0.2342,0.196,1
28.42,31.92,77.93,2466.52,0.1151,0.2275,0.0382,0.2332,1
28.21,22.22,91.79,744.97,0.0811,0.024,0.2754,0.2033,1
16.82,19.34,117.01,272.47,0.0926,0.2547,0.3299,0.2723,0
8.72,18.81,135.47,2064.68,0.1573,0.219,0.1232,0.1735,0
29.64,32.99,85.98,1603.74,0.0567,0.2561,0.2956,0.1819,1
26.13,10.61,134.8,2404.89,0.121,0.3185,0.0859,0.2143,1
8.99,9.4,87.65,735.28,0.0947,0.0683,0.3254,0.1405,0
28.1,33.66,48.88,307.63,0.0964,0.1063,0.3921,0.1787,1
26.88,23.79,40.4,,0.1561,0.3486,0.19,,1
18.45,13.06,56.18,341.7,0.1525,0.0716,0.1052,0.1824,0
20.19,16.3,166.76,757.82,0.1219,0.2578,0.1716,,1
15.58,37.91,193.83,437.31,0.0828,0.2593,0.1075,0.2231,0
7.31,35.64,108.31,668.95,0.1071,0.2454,0.0005,0.1308,0
14.04,31.0,122.03,390.5,0.099,0.0951,0.2797,0.1975,0
25.27,23.95,63.5,2391.22,0.0924,0.091,0.0183,0.253,1
6.11,25.13,128.17,797.41,0.0623,0.2399,0.0905,0.2287,0
14.0,39.23,63.14,1187.6,0.1152,0.0815,0.3107,0.2771,1
15.56,38.94,137.79,2260.72,0.0862,,0.2863,0.25,1
18.9,15.67,189.32,1738.48,,0.1825,,0.1123,0
28.08,34.14,71.31,1598.57,0.0883,0.1476,0.2838,0.1225,1
14.31,15.11,162.33,1805.13,0.1017,0.1191,0.4001,0.2299,0
14.33,15.62,43.76,2096.02,0.0563,0.3327,0.032,0.1477,0
23.7,29.96,100.08,2211.3,0.1691,0.1877,0.1787,0.2176,1
16.85,21.56,57.72,1656.63,0.1109,0.2052,0.3137,0.2584,1
,37.88,96.4,2240.42,0.0529,0.3333,0.2871,0.2154,1
16.86,11.76,67.77,1403.54,0.1149,0.2358,0.0974,0.1831,0
9.38,24.86,99.73,794.41,0.1544,0.3361,0.0701,0.2293,0
10.23,37.47,106.8,2216.98,0.1427,0.0551,0.3372,0.1287,1
17.96,37.03,88.09,1417.88,0.1341,0.2994,0.4112,0.2446,1
16.05,13.85,145.06,2278.48,0.0667,0.1307,0.3301,0.2394,1
27.96,20.37,187.02,234.8,0.1289,,0.4142,0.2029,1
14.7,28.19,104.1,1078.14,0.142,0.3024,0.2601,0.1558,0
19.93,13.94,70.77,2376.82,0.1187,,0.3995,0.2595,0
21.17,39.01,83.32,729.17,0.1571,0.1549,0.2969,0.2021,1
6.31,37.36,176.64,2362.03,,0.2596,0.3908,0.1118,1
21.92,14.18,131.46,2391.21,0.0791,0.0527,0.0695,,0
10.27,12.76,112.8,2221.86,0.1543,0.2693,0.3507,0.2535,0
29.07,11.65,63.94,1470.26,0.125,0.0565,0.0846,0.217,0
9.57,37.19,111.96,1666.78,0.0502,0.3218,0.0118,0.1874,0
15.95,15.0,84.56,2192.3,0.0924,0.1112,0.2226,0.292,1
8.05,21.9,190.91,1971.12,0.1529,0.2099,0.1368,0.255,0
29.92,22.91,181.45,1627.02,0.0533,0.0587,0.0187,0.207,1
18.05,27.57,53.42,2458.13,0.0504,0.1089,0.4215,0.2306,1
20.29,11.22,122.66,1758.2,0.0838,0.1533,0.2866,0.1562,0
7.61,16.03,76.01,2442.14,0.1597,0.1807,0.3878,0.1391,0
24.0,37.88,105.72,275.44,0.1582,0.02,0.4296,0.1547,1
11.04,37.16,180.3,467.95,0.1123,0.3133,0.1685,0.1586,0
27.55,33.22,124.4,1205.44,0.1164,0.0225,0.1095,0.2479,1
10.92,9.6,93.47,1048.32,0.0898,0.2753,0.0791,0.128,0
10.58,19.14,73.26,1987.25,0.0792,0.1753,0.2215,0.2555,0
6.88,28.47,168.05,,0.1478,0.1929,0.2606,0.2047,0
17.33,17.53,139.92,2443.58,0.0628,0.0887,0.2031,0.1769,0
19.56,37.2,114.89,883.56,0.1085,0.2204,0.1665,0.1601,1
7.58,28.65,74.8,1152.26,0.1261,0.1973,0.0724,0.2026,0
24.61,11.23,93.48,788.4,0.0624,0.0742,0.19,0.1635,0
16.88,37.18,193.57,1507.3,0.1124,0.0986,0.0367,0.1859,1
18.59,38.69,123.21,278.36,0.1193,0.0421,0.372,0.2478,0
16.58,11.41,104.11,493.24,0.1391,0.0419,0.0202,0.2252,0
15.62,25.5,123.43,1900.08,0.0782,0.0245,0.1637,0.2496,0
19.43,18.4,164.64,580.14,0.0852,0.0928,,0.2426,0
9.73,21.18,94.42,695.81,0.1183,0.2443,0.3332,0.263,0
10.37,14.57,68.59,2011.44,0.168,0.1244,0.1345,,0
26.68,26.92,133.59,360.19,0.0761,0.1331,0.0486,0.299,0
28.71,38.7,146.43,1172.44,0.1683,0.0635,0.2285,0.1952,1
14.96,24.6,154.03,194.43,0.1357,0.2099,0.394,0.2436,1
12.5,11.57,181.12,958.47,0.1491,0.1329,0.3907,0.2356,1
21.46,28.22,99.39,1789.6,0.0608,0.2432,0.1073,0.2132,1
15.81,19.55,52.06,352.64,0.0861,0.2647,0.3095,0.2992,0
6.61,35.53,193.34,2236.47,0.0569,0.2129,0.013,0.1435,1
9.75,22.48,109.6,2286.42,0.0946,0.1111,0.0567,0.1843,0
23.18,14.98,139.72,387.78,,0.1878,0.2148,0.1255,1
21.81,14.92,146.61,2478.13,0.0626,0.1031,0.0984,0.1364,0
6.65,32.83,127.44,842.17,0.1175,0.318,0.3433,0.2426,1
11.33,17.23,72.84,338.48,0.0507,0.2729,0.4004,0.101,0
11.55,32.78,160.82,151.96,0.1355,0.1827,0.0019,0.278,0
22.13,,168.6,1104.11,0.0737,0.3386,0.1002,,1
,18.97,128.48,1626.35,0.0656,0.2004,0.189,0.1882,0
8.5,23.43,118.17,923.94,0.0904,0.1284,0.2421,0.1663,0
25.2,,58.23,2114.65,0.1425,0.0515,0.3938,0.1253,1
10.29,37.88,53.43,1831.19,0.0628,0.1994,0.3835,0.2843,0
21.67,15.41,94.33,966.38,0.0776,0.3039,0.274,0.2425,0
11.72,20.1,89.74,1872.97,0.051,0.306,0.1107,0.1673,0
8.39,13.63,192.59,2359.55,0.1662,0.2195,0.3368,0.1142,0
11.84,24.81,165.38,359.71,0.1211,0.1498,0.0871,0.1651,0
23.33,,145.59,862.41,0.1364,0.2346,0.415,0.1369,1
26.54,36.92,122.82,1233.45,0.1282,0.2715,0.0025,0.2573,1
25.93,37.83,66.78,1315.26,0.0673,0.1558,0.245,0.2439,1
15.53,20.89,196.55,1419.58,0.1214,0.1772,0.038,0.1996,0
22.03,24.24,100.01,849.48,0.0658,0.2446,0.1753,0.2772,1
10.92,36.78,57.11,1714.73,0.0981,0.3093,0.273,0.1361,1
13.04,34.01,119.01,1662.4,0.1183,0.281,0.2965,0.1904,1
27.51,9.11,179.84,1503.66,0.1171,0.0274,0.3378,0.2421,1
6.31,18.92,181.97,408.48,0.0643,0.061,0.2551,0.1136,0
8.05,22.08,41.75,1265.64,0.0541,0.3014,0.1081,0.1745,0
10.99,16.12,181.81,980.7,0.1458,0.2952,0.3824,0.2143,1
6.64,15.19,83.44,1298.85,0.1371,0.1483,0.3488,0.1734,0
10.35,10.17,46.24,2315.6,0.0598,0.2128,,0.196,0
19.99,28.94,175.65,1274.05,0.0653,0.3189,0.3554,0.2216,1
16.11,17.14,178.22,172.99,0.1571,0.3208,0.4182,0.1737,0
27.42,10.62,135.4,1175.65,,0.2784,0.274,,0
25.62,16.16,131.91,2076.73,0.1695,0.0892,0.1212,0.1279,0
14.2,33.86,170.1,1980.94,0.0805,0.261,0.2608,0.2054,1
12.23,35.4,165.81,1351.6,0.1085,0.0534,0.1473,0.1349,1
15.11,23.98,,729.45,0.0784,0.315,0.2907,0.278,0
20.17,21.9,128.44,1237.61,0.1247,0.0692,0.2343,0.2668,1
12.43,39.31,194.82,1470.34,0.0638,0.2386,0.3997,0.1698,1
20.98,15.22,199.38,2499.7,0.0653,0.2214,0.2657,0.2662,1
15.83,15.68,58.65,1660.26,0.0586,0.2764,0.092,0.2066,0
19.25,18.05,175.93,1778.47,0.1332,0.202,0.3118,0.1318,0
16.47,14.36,119.97,1299.83,0.1093,0.0397,0.1294,0.2228,0
13.07,20.76,102.01,976.6,0.1241,0.2529,0.1171,0.2359,0
28.76,37.24,138.09,2058.57,0.1555,0.1464,0.1685,0.1168,1
24.33,,48.95,1308.04,0.1388,0.1257,0.0052,0.1629,1
9.36,21.77,121.03,2487.47,0.1054,0.3473,0.4167,0.1011,1
26.84,37.97,179.34,1218.8,0.1681,0.2148,0.2289,0.1633,1
17.7,10.5,74.15,300.48,0.1048,0.2545,0.3326,0.1671,0
27.47,15.52,108.22,1750.88,0.0635,0.1937,0.1109,0.226,0
25.2,26.54,190.32,250.07,0.1691,0.2741,0.321,0.1398,1
16.21,28.08,108.57,731.18,0.0527,0.2682,0.2439,0.106,0
6.54,10.23,97.34,974.82,0.116,0.2369,0.1824,0.1631,0
12.45,21.49,110.49,1885.18,0.0871,0.3493,0.4174,0.2651,0
19.0,29.12,123.11,1306.4,0.1104,0.1717,0.2124,0.1798,1
21.2,30.64,,207.6,0.117,0.253,0.2827,0.183,1
12.19,28.78,168.11,1595.77,0.0788,0.2833,0.0066,0.1938,0
9.34,18.94,112.34,1110.99,0.1168,0.1441,0.1296,0.2504,0
26.04,11.9,170.8,,0.1407,0.1709,0.3821,0.196,1
29.63,22.24,125.4,1318.97,0.082,0.3398,0.3264,0.1183,1
18.62,12.99,94.16,1813.18,0.096,0.0307,0.2308,0.1413,0
10.12,38.38,145.27,656.53,0.0822,,0.3871,0.1376,1
12.54,23.73,154.84,1935.9,0.1485,0.1805,0.2091,0.2016,0
6.44,18.84,129.29,1841.45,0.137,0.0205,0.2436,0.106,0
27.94,32.76,49.06,2273.63,0.1545,0.3167,0.1643,0.1567,1
8.83,24.44,67.18,219.82,0.0704,0.1145,0.2666,0.2214,0
19.84,18.61,85.65,1196.1,0.0588,0.105,0.1372,0.1709,0
12.58,34.17,85.22,1742.81,0.0643,0.2907,0.1658,0.2415,1
19.3,35.88,147.75,364.59,0.0693,0.1117,0.4155,0.1782,0
21.63,29.86,42.94,1109.03,0.114,0.237,0.0479,0.2959,0
25.91,10.46,160.91,2363.47,0.1665,0.2911,0.0453,0.2931,1
10.95,26.56,82.45,,0.0929,0.2815,0.0186,0.26,0
6.26,32.66,89.6,2465.56,0.165,0.278,0.1376,0.2909,0
9.29,13.23,124.47,274.14,0.0546,0.0493,0.1712,0.141,0
27.6,16.09,74.55,1834.08,0.1612,0.0463,0.0406,0.2502,0
26.97,36.36,181.52,1511.2,0.0717,0.1212,0.2361,0.1643,1
20.34,9.62,53.66,1321.27,0.1595,0.0319,0.2508,0.2451,0
20.41,32.33,111.1,2431.2,0.0567,0.1851,0.3229,0.1748,1
21.96,23.69,175.91,445.97,0.1638,0.1503,0.4197,0.1579,1
10.21,22.85,,2254.56,0.0741,0.2038,0.2663,0.2918,0
27.95,9.22,86.77,1771.33,0.0863,0.1186,0.048,0.142,0
16.05,34.4,107.32,751.23,0.1089,0.1803,0.0381,0.2517,0
15.2,20.15,153.07,,0.0957,0.1305,0.3343,0.2349,1
18.45,25.76,195.72,1153.14,0.1301,0.0844,0.2796,0.1607,0
7.13,30.0,182.9,2061.58,0.167,0.2343,0.0696,0.1917,0
9.99,30.78,94.79,1057.65,0.1228,0.2422,0.1089,0.1286,1
23.71,38.64,199.71,,0.1366,0.2936,0.3226,0.2842,1
7.99,25.47,40.56,1642.44,0.0606,0.3087,0.2434,0.2936,0
20.48,21.39,44.42,472.87,0.1253,0.2525,0.2516,0.2465,1
11.89,38.56,171.81,1673.21,0.1045,0.2469,0.0903,0.2699,1
15.34,28.91,71.91,591.57,0.1563,0.0387,0.2705,0.1165,0
12.93,18.24,49.72,1112.14,0.0966,0.0562,0.3314,0.1768,0
14.54,12.92,77.94,541.9,0.1315,0.2881,0.3807,0.1662,0
23.26,35.12,108.18,191.96,0.0774,0.0969,0.3168,0.213,1
13.13,20.23,156.89,640.05,0.0811,0.1373,0.2478,0.1367,0
19.59,29.47,139.89,1405.84,0.0951,0.0679,0.2895,,1
17.43,23.6,78.02,1276.48,0.0865,0.0844,0.2086,0.2309,0
21.93,15.17,120.52,1323.53,0.0805,0.2759,0.0976,0.1265,0
28.48,27.65,188.19,724.54,0.056,0.1064,0.3793,0.1263,1
23.58,10.88,170.4,1756.98,0.1504,0.1682,0.229,0.1071,0
11.16,21.81,91.71,1802.06,0.0577,0.0701,0.2556,0.2522,0
6.75,25.95,197.16,984.8,0.1565,0.2437,0.4257,0.1662,1
12.29,22.52,153.38,2219.56,0.0651,0.2603,0.4236,0.1451,1
20.28,32.21,49.99,1659.89,0.0578,0.1394,0.2521,0.2556,1
7.23,34.67,45.63,1822.77,0.1176,0.279,0.0146,0.1287,0
17.91,32.91,66.95,794.52,0.1103,0.0992,0.1703,0.1854,0
20.32,10.2,156.46,141.44,0.1089,0.2483,0.403,0.249,1
14.02,15.02,69.4,2182.29,0.1189,0.2609,0.124,0.2148,0
24.5,25.63,121.84,2080.92,0.0844,0.3397,0.4297,0.2108,1
8.56,37.98,54.92,430.73,0.1296,0.0967,0.0363,0.1315,0
7.8,34.88,187.34,1022.89,0.1103,0.0509,0.2443,0.1362,0
23.48,35.12,95.03,1700.76,0.0902,0.1068,0.2216,0.2165,1
17.89,18.4,185.3,1678.98,0.1492,0.0605,0.1098,0.1047,0
22.52,22.31,191.18,2170.43,0.1373,0.076,0.4079,0.2738,1
16.44,23.59,40.98,471.03,0.0972,0.1303,0.2662,0.1701,0
11.91,13.88,114.26,1154.66,0.1517,0.1566,0.099,0.1833,0
25.66,9.96,43.94,369.45,0.1604,0.3182,0.1651,0.1517,0
25.19,38.35,185.39,1059.44,0.1144,0.0846,0.3101,0.2753,1
22.67,16.46,122.95,175.65,0.0758,0.3407,0.128,0.2285,0
12.53,16.44,51.99,2259.92,0.1599,0.2874,0.3782,0.19,1
20.17,11.58,57.64,1383.82,0.0727,0.3109,0.0712,0.2171,0
14.66,37.78,101.36,2145.53,0.0558,0.3267,0.1137,0.1761,1
8.2,26.97,190.44,281.38,0.0893,0.2686,0.0623,0.1931,0
28.02,29.68,150.87,676.8,0.1372,0.2803,0.0448,0.1715,1
9.28,37.26,178.82,752.14,0.1608,0.1645,0.1291,0.1821,0
28.81,19.71,98.63,1052.59,0.1265,0.1884,,0.163,1
16.7,28.27,46.91,2034.76,0.1642,0.3277,0.0406,0.1155,0
10.44,10.2,195.89,1052.28,0.0611,0.1448,0.0916,0.1075,0
19.01,14.79,42.75,622.98,0.0573,0.0338,0.1168,0.1348,0
26.95,34.77,191.62,293.38,0.1225,0.2717,0.2662,0.1503,1
23.57,32.77,98.99,327.6,0.1659,0.2091,0.3205,0.2781,1
25.36,19.87,41.61,1933.71,0.1103,0.2889,0.3233,0.2222,1
21.81,20.68,150.27,1189.74,0.0562,0.0449,0.0037,0.2917,0
22.61,25.54,196.89,1853.79,0.0765,0.225,0.2803,0.1679,1
26.38,9.01,194.5,1750.2,0.0794,0.1017,0.2712,,0
11.99,16.48,65.75,459.46,0.0905,0.3181,0.2226,0.244,0
17.75,15.46,69.0,477.22,0.0552,0.0563,0.1631,0.2156,0
11.31,16.76,130.49,1922.61,0.1586,0.2982,0.3429,0.2056,1
29.7,33.98,141.97,1842.19,0.1119,0.0492,0.1479,0.2151,1
28.66,17.67,158.31,1032.15,0.1305,0.0283,0.0989,0.2168,0
6.95,14.94,68.97,322.72,0.0581,0.0976,0.1333,0.2531,0
22.93,24.63,193.44,168.55,0.0565,0.1299,0.189,0.2336,1
28.21,35.83,142.2,820.05,0.1204,0.2268,0.092,0.2915,1
10.33,16.48,175.53,161.76,0.1565,0.0635,0.2613,0.2896,0
19.63,11.43,126.41,682.97,0.1134,0.1643,0.3802,0.1844,0
27.97,20.05,106.28,1130.02,0.1553,0.0874,0.256,0.1071,1
6.81,32.18,196.35,426.54,0.1473,0.3023,0.1921,0.1022,0
22.74,26.07,133.14,386.1,0.0591,0.0348,0.3427,0.1246,1
13.14,34.32,178.7,2255.59,0.0742,0.1375,0.3217,0.115,1
28.19,38.75,192.53,1521.71,0.1289,0.2284,0.1578,0.1747,1
29.31,33.57,148.06,2345.32,0.1032,0.3213,0.2598,0.1106,1
28.66,27.72,127.83,956.15,0.0849,0.3064,,0.225,1
17.38,24.29,40.56,1738.06,0.1002,0.3154,0.1055,0.138,0
26.69,10.24,46.4,623.07,0.1034,0.0407,0.1575,0.2028,0
26.27,39.51,72.14,1599.28,0.1593,0.2975,0.0455,0.1206,1
13.66,20.89,69.76,445.82,0.0624,,0.4247,0.2655,1
25.89,13.72,80.76,144.91,0.0836,,0.0369,0.256,0
6.89,29.67,88.79,2338.42,0.1145,0.1228,0.0725,0.1773,0
20.31,17.81,97.61,1449.55,0.1338,0.3209,0.2063,0.2821,0
11.52,27.16,107.29,2327.58,0.1257,0.1529,0.3721,0.1371,1
8.89,27.19,55.82,927.84,0.163,0.2293,0.153,0.2628,0
7.85,22.82,46.78,913.58,0.1455,0.16,0.3305,0.2092,0
22.71,34.92,147.83,1085.55,0.1168,0.1611,0.2907,0.1659,1
14.16,17.21,125.97,1806.26,0.0758,0.2004,0.2746,0.1169,0
23.39,22.91,111.06,1475.31,0.1041,,0.3634,0.1343,1
7.57,25.67,141.51,2323.84,0.1332,0.2816,0.0061,0.2726,0
13.57,29.57,172.43,200.04,0.1506,0.2291,0.3995,0.2214,1
18.95,33.3,108.43,1811.34,0.1652,0.2476,0.3566,0.1474,1
24.98,21.24,142.58,919.57,0.1227,0.0962,0.4033,0.1992,1
13.65,29.03,192.57,565.35,0.1132,0.34,0.3412,0.1216,1
21.02,13.67,174.34,1344.53,0.0521,0.2379,0.3778,,0
27.26,37.91,108.16,1331.95,0.0587,0.0851,0.0873,0.2816,1
20.78,20.87,143.15,463.35,0.0687,0.2677,0.1373,0.1916,0
11.59,31.62,68.33,616.47,0.0566,0.0773,0.1355,0.1723,0
6.59,9.63,129.68,1103.27,0.0981,0.0409,0.0469,0.2898,0
26.88,15.36,197.01,1104.79,0.0904,0.1941,0.3137,0.1798,1
6.51,24.1,122.93,889.44,0.1265,0.2027,0.0586,0.1672,0
26.99,36.23,188.42,490.57,0.1143,0.0824,0.0226,0.1546,1
18.69,25.34,105.17,,0.1215,0.135,,0.213,0
28.54,37.83,199.82,2429.75,0.1066,0.3321,0.389,0.2117,1
25.17,24.0,132.68,2366.66,0.0833,0.1141,0.3286,0.1032,1
29.95,24.2,46.76,1281.41,0.1643,0.0713,0.3549,0.2308,1
14.42,12.71,133.88,2488.32,0.0604,0.3475,0.2561,0.2577,0
24.41,33.88,83.93,1729.82,0.1627,0.1198,0.3817,0.2232,1
15.65,16.66,45.2,302.5,0.0873,0.2445,0.2136,0.274,0
17.52,36.89,171.34,,0.1115,0.0964,0.425,0.1553,1
21.06,37.24,84.12,2302.02,0.0631,0.2015,0.0445,0.1384,1
26.97,38.24,167.45,1626.92,0.0585,0.1475,0.3479,0.2395,1
29.62,25.13,86.11,2129.91,0.1015,0.3373,0.2758,0.1377,1
24.44,29.99,71.09,2259.92,0.139,0.1628,0.2497,0.1182,1
16.03,33.13,195.83,1197.14,0.0823,0.2128,0.3121,0.1193,1
16.11,13.06,97.86,254.52,0.1175,0.3318,0.3613,0.2537,1
23.7,27.63,136.22,584.34,0.0834,0.3464,0.371,0.1057,1
11.73,10.06,137.6,297.11,0.0966,0.0535,0.0754,0.1579,0
8.65,24.42,129.68,585.43,0.1588,0.2953,0.0847,0.1258,0
14.51,13.8,,1108.86,0.1527,0.1461,0.007,0.251,0
12.89,14.67,147.91,418.94,0.1119,0.2163,0.0567,0.2007,0
13.11,20.32,104.6,533.49,0.0786,0.1438,0.1135,0.1411,0
11.61,22.41,177.98,1192.14,0.0732,0.1524,0.31,0.2501,0
7.01,28.32,68.97,942.8,0.1645,0.0724,0.2046,0.2501,0
6.43,11.31,127.08,1243.67,0.0743,0.209,0.3259,0.2046,0
29.71,24.61,192.09,1152.85,0.147,,0.2092,0.1552,1
16.27,14.66,140.06,1660.97,0.0943,0.0825,0.2389,0.2173,0
15.22,26.79,170.71,2351.77,0.1683,0.1988,0.0478,0.2867,1
22.31,28.76,144.57,394.56,0.0942,0.3411,0.3339,0.1103,1
11.24,26.26,174.3,374.25,0.0922,0.2558,0.326,0.1534,0
28.8,31.89,191.12,2152.62,0.1265,0.1787,0.1323,0.157,1
,19.4,83.67,1335.1,0.1654,0.3223,0.1413,0.2264,0
8.15,32.72,67.15,1948.72,0.1671,0.2099,0.0945,0.2302,1
16.02,22.42,,648.4,0.1349,0.0646,0.35,0.1413,0
27.1,24.01,152.3,2096.12,0.1406,0.2007,0.3212,0.1432,1
28.67,29.09,76.35,2320.28,0.1176,0.0797,0.2619,0.2856,1
17.22,9.57,40.66,1639.74,0.1407,0.2733,0.1027,,0
20.72,29.27,94.87,389.87,0.1532,0.3392,0.0739,0.2869,1
10.01,28.18,195.02,2252.9,0.1083,0.1391,0.0216,0.2659,0
29.79,18.61,151.19,2010.27,0.1244,0.1635,0.0196,0.1804,1
11.56,11.66,104.21,1912.07,0.1145,0.1591,0.0805,0.1244,0
28.63,11.82,70.81,226.68,0.1175,0.1141,0.0432,0.2259,0
21.59,37.62,96.97,2025.55,0.1568,0.2821,0.2391,0.1704,1
20.59,30.37,,465.56,0.0927,0.2239,0.154,0.1851,0
18.3,12.94,57.01,664.83,0.075,,0.1913,0.1852,0
11.54,20.06,185.08,1502.04,0.1048,0.2968,0.2554,0.2873,1
10.24,27.37,199.62,765.35,0.075,0.0817,0.2834,0.1138,0
11.29,34.9,66.26,1700.78,0.1098,0.3431,0.2787,0.1386,0
10.47,10.35,48.72,,0.1584,0.1443,0.1122,0.2216,0
24.71,16.34,92.76,395.23,0.1241,0.2234,0.3481,0.2768,1
14.4,36.58,113.87,1688.19,0.1527,0.0457,0.3946,0.2836,1
7.39,9.28,72.77,2320.53,0.0699,0.1337,0.1359,0.2117,0
29.26,15.24,88.23,520.22,0.1581,0.2848,0.0073,0.1069,1
27.21,38.73,72.14,1549.07,0.1222,0.1775,0.3866,0.1726,1
28.27,,163.88,946.8,0.0538,,0.3971,0.2838,1
,17.11,154.01,1224.68,0.126,0.2098,0.0219,0.2,1
10.17,11.08,141.59,817.32,0.1642,0.3264,0.0021,0.2453,0
15.51,9.87,101.95,975.75,0.0595,0.3443,0.3511,0.1538,0
24.2,16.59,185.45,208.23,0.1199,0.1698,0.1296,0.105,0
22.7,36.33,195.13,2456.46,0.1599,0.2065,0.3933,0.2157,1
9.69,21.89,67.78,1614.53,0.0512,0.2955,0.0932,0.267,0
25.58,31.33,75.68,1321.67,0.1257,0.0931,0.3703,0.2981,1
11.39,37.47,124.1,1045.57,0.107,0.3043,0.0295,0.2693,0
11.37,21.65,54.6,1412.92,0.0916,0.2153,0.1121,0.2108,0
18.89,14.93,109.83,1037.05,0.1253,0.2594,0.4184,0.2217,1
20.23,25.03,133.09,989.38,0.0563,0.0464,0.0994,0.2648,0
19.92,37.15,123.53,1234.91,0.1404,0.2728,0.0572,0.104,1
8.2,33.94,92.95,791.32,0.0505,0.1226,0.3685,0.2903,0
27.06,11.04,126.79,564.92,0.0868,0.2857,0.0507,0.2062,0
12.37,30.47,193.41,1453.59,0.1105,0.188,0.0419,0.2904,1
9.11,26.73,72.96,2128.93,0.0952,,0.1391,0.2529,0
27.33,37.13,144.77,500.67,0.0869,0.3344,0.2732,,1
28.94,12.8,46.94,217.25,0.1497,0.2725,0.3056,0.1331,1
26.69,25.56,50.63,722.48,0.1622,0.3453,0.3789,0.1707,1
25.43,36.26,128.29,2452.14,0.1548,0.1403,0.2326,0.1528,1
21.73,21.71,,2095.87,0.1127,0.2342,0.1692,0.1879,0
19.22,23.94,43.58,1546.24,0.1561,0.2218,0.1543,0.2208,1
8.09,,,2333.03,0.1605,0.2469,0.3642,0.1873,0
15.8,17.62,130.38,1190.86,0.0991,0.0326,0.3112,0.1113,0
14.94,19.06,152.53,2460.54,0.084,0.1163,0.3893,0.2951,0
12.23,38.3,72.4,839.27,0.0618,0.3201,0.4145,0.185,1
23.36,17.76,146.92,707.12,0.1075,0.1599,0.129,0.2702,0
17.9,23.29,69.2,1645.79,0.1636,0.337,0.2278,0.1148,1
7.95,29.81,138.15,1032.44,0.1173,0.0905,0.2717,0.262,0
11.28,14.03,105.91,1618.22,0.1301,0.3491,0.0705,0.1347,0
22.4,24.08,144.61,859.79,0.0635,0.2502,0.0229,0.2359,0
7.83,31.89,199.21,1598.29,0.0672,0.2762,,0.2324,0
26.43,,190.05,790.76,0.1057,0.151,0.2303,0.282,1
17.88,28.41,40.69,260.29,0.1642,0.3193,0.2454,0.1641,1
17.53,29.74,181.67,2292.64,0.0933,0.2,0.2386,0.1218,1
20.22,12.91,50.64,2224.36,0.1553,0.2447,0.3246,0.2729,1
25.79,38.32,192.49,2431.08,0.0644,0.0513,0.0626,0.1663,1
14.35,,85.09,1831.0,0.124,,0.264,0.1465,0
22.27,33.01,101.13,1751.22,0.1221,0.3101,0.2019,0.1972,1
19.58,17.21,54.66,1459.25,0.1532,0.0788,0.3857,0.1292,1
12.41,37.94,57.96,437.22,0.0504,0.2634,0.2234,0.1594,0
27.09,31.32,156.28,586.6,0.0728,0.0284,,0.1771,1
25.14,32.37,191.09,823.15,0.0764,0.3256,0.1519,0.1555,1
21.8,15.79,137.72,2240.77,0.164,0.3444,0.4158,0.1901,1
26.41,22.73,154.54,548.21,0.0684,0.1369,0.3763,0.1769,1
26.82,28.15,161.92,,0.0544,0.0553,0.2512,0.2549,1
23.0,32.87,82.05,1373.77,0.1141,0.2373,0.1521,0.2837,1
26.09,12.22,47.24,1828.74,0.1134,0.0298,0.1616,0.1202,1
22.74,38.83,40.3,400.18,0.1513,0.1792,0.3323,0.2647,1
22.32,36.6,96.1,774.92,0.1639,0.1097,0.2497,0.2864,1
20.85,17.38,78.63,2402.1,0.1146,0.1762,0.1727,0.2373,1
24.07,34.51,49.97,,0.1616,0.026,0.2735,0.2993,1
9.81,25.07,68.72,839.79,0.137,0.037,0.3153,0.167,0
27.14,23.32,59.92,606.33,0.0817,0.0253,0.0098,,0
26.92,18.75,186.38,444.61,0.1614,0.2243,0.0386,0.2347,1
6.7,27.01,62.44,690.49,0.1301,0.2048,0.0406,0.1647,0
25.82,31.63,126.02,1655.89,0.0997,0.0969,0.0997,0.2409,1
9.09,21.74,134.9,,0.1316,0.2334,0.1836,0.2019,0
14.04,28.51,126.96,1446.86,0.0982,,0.3456,0.1378,0
23.84,30.68,55.85,428.78,0.0637,0.1115,0.151,0.1348,0
9.86,31.04,91.01,2032.99,0.1363,0.2946,0.0075,0.2427,0
25.63,10.61,,1990.46,0.1489,0.2386,0.2078,0.2424,1
25.97,35.65,103.31,190.95,0.1375,0.0312,0.4286,0.2062,1
18.18,23.21,70.18,1045.1,0.0775,0.1438,0.1501,,0
,17.13,129.86,302.3,0.1648,0.1876,0.4133,0.136,0
12.89,16.49,150.85,2009.37,0.053,0.2615,0.0436,0.1859,0
20.81,23.97,125.14,1879.96,0.0899,0.1148,0.0744,0.2743,0
29.55,36.49,109.48,2268.69,0.0812,0.3443,0.3114,0.2709,1
21.16,20.73,101.97,697.91,0.0558,0.2459,0.2155,0.2322,1
12.24,32.24,174.67,1216.86,0.0987,0.143,0.329,0.2995,1
,12.0,75.1,575.39,0.1248,0.052,,0.2786,0
18.96,23.76,157.47,1016.11,0.1559,0.0799,0.108,0.129,0
24.72,39.74,161.2,1372.49,0.1688,0.1809,0.2936,0.1798,1
8.57,32.88,107.07,265.86,0.147,0.1832,0.2613,0.1264,0
24.26,15.53,87.57,1827.09,0.1062,0.2733,0.3705,0.1932,1
18.99,24.54,115.29,1422.17,0.1368,0.2596,0.1849,0.2553,1
29.11,16.24,54.91,2096.34,0.1512,0.0864,0.0223,0.1312,0
14.2,21.7,47.35,781.4,0.1058,0.2163,0.2469,0.2761,0
21.18,33.18,57.86,2271.84,0.1442,0.0268,0.4123,0.2138,1
28.37,32.91,69.94,2496.92,0.1079,0.1515,0.0063,0.2498,1
8.46,16.07,120.67,2309.54,0.0964,0.2722,0.1033,0.109,0
28.49,37.59,175.86,1975.83,0.1131,0.1518,0.1359,0.1188,1
22.51,27.37,77.7,2057.19,0.1311,0.2957,0.3293,0.2242,1
7.63,20.78,189.63,1494.04,0.1372,0.3421,0.139,0.2676,0
13.22,24.56,192.79,588.76,0.0928,0.2204,0.1028,0.2748,0
23.0_err,27.76,193.42,1737.82,0.1186,0.0679,0.2789,0.2377,1
7.62,26.36,174.01,1822.1,0.1592,0.1453,0.02,0.1402,0
19.97,24.08,98.21,2465.51,0.1672,0.0231,0.0734,0.139,0
14.3,24.65,51.63,1417.47,0.0773,0.2189,0.1755,0.2763,0
20.9,14.47,131.01,780.43,0.0731,0.2911,0.1529,0.1226,1
7.1,34.19,129.39,1753.47,0.1312,0.2279,0.1493,0.2372,0
26.92,25.79,176.0,2451.33,0.0998,0.2794,0.0467,0.2067,1
29.36,13.06,199.36,558.22,0.0529,0.284,0.1552,0.1843,0
29.25,32.75,121.31,909.36,0.0916,0.3008,0.3431,0.1881,1
23.99,37.91,95.23,1418.84,0.1468,0.108,0.178,0.289,1
9.12,38.37,69.74,541.71,0.1457,0.3075,0.2521,0.2723,0
24.2,20.44,40.77,192.44,0.1094,0.2359,0.0703,,0
6.59,,121.46,935.28,0.1067,0.1156,0.03,0.1813,0
6.53,25.07,128.88,2182.28,0.1195,0.3458,0.3784,0.1214,0
13.77,12.49,171.99,242.59,0.0763,0.3336,0.1425,0.2996,0
17.73,37.95,120.73,1152.27,0.1131,0.2096,0.1506,0.1291,1
24.49,14.69,186.63,1938.79,0.0513,0.2983,0.3774,0.2031,1
22.4,16.84,140.49,2389.51,0.1071,0.1063,0.3043,0.1529,1
16.7,21.61,174.45,2465.72,0.0903,0.1573,0.3252,0.2021,1
12.57,20.88,63.73,1135.85,0.131,0.0807,0.2933,0.161,0
29.93,33.63,176.85,2382.91,0.1266,0.1916,0.0455,0.2794,1
16.23,23.15,148.02,223.59,0.0957,0.1837,0.4119,0.2937,1
16.83,14.29,67.24,1900.36,0.0509,0.0902,0.3909,0.182,0
9.93,,70.36,1656.88,0.0803,0.242,0.1016,0.114,0
25.08,24.78,188.24,728.87,0.126,0.0589,0.3457,0.2327,1
22.65,13.57,45.15,1337.27,0.0587,,0.176,0.1753,0
11.3,27.96,114.01,445.75,0.0629,0.147,0.294,0.2972,0
7.98,26.54,90.16,2196.97,0.1276,0.1552,0.0712,0.1179,1
22.33,31.16,146.41,984.64,0.1407,0.1255,0.2316,0.1238,1
21.71,38.07,174.34,1617.46,0.0886,,0.0544,0.2399,1
12.56,37.28,97.66,514.71,,0.1318,0.2306,0.2517,0
28.82,38.33,108.3,626.55,0.1635,0.0739,0.1047,0.1942,1
9.63,16.59,197.11,2481.02,0.1635,0.1531,0.1946,0.1555,0
16.38,13.08,165.43,1917.28,0.0869,0.3185,0.2872,0.162,0
28.65,18.37,183.55,2410.25,0.1472,0.0941,0.3771,0.1676,1
16.07,36.75,110.2,838.21,0.1213,0.2459,0.0711,0.1451,1
21.32,39.13,77.45,528.37,0.1671,0.0668,0.3841,0.2701,1
15.54,35.64,,1327.24,0.1073,0.1368,0.1677,0.113,0
12.58,12.41,154.57,1307.42,0.143,0.126,0.3628,0.1815,0
29.62,38.37,57.51,552.87,0.1422,0.3292,0.2204,0.2495,1
15.82,22.12,83.28,1870.4,,0.1612,0.3707,0.1008,1
27.46,9.29,47.46,993.79,0.1455,0.2479,0.285,0.2756,1
11.52,22.71,109.18,579.82,0.0813,0.2188,0.2187,0.2413,0
11.11,10.43,172.39,923.48,0.0647,0.0665,0.1344,0.1147,0
6.75,25.86,43.95,1470.23,0.101,0.33,0.4166,0.279,0
21.64,19.5,148.05,1854.47,0.1632,0.1341,0.3444,0.1975,1
14.84,23.68,189.2,1277.26,,0.0348,0.1639,0.2304,0
26.74,28.01,77.91,1380.4,0.1262,0.1191,0.0717,0.2764,1
17.36,35.93,150.98,467.91,0.1249,0.1308,0.3352,0.2762,1
,29.52,196.02,2298.67,0.0659,0.0506,0.4257,0.1817,1
10.45,22.46,193.96,2331.79,0.0968,0.2246,0.12,,0
26.85,34.4,77.59,1752.89,0.1348,0.1344,0.3938,0.1515,1
24.64,37.07,56.05,181.61,0.1666,0.2276,0.0539,0.2532,1
24.5,12.71,63.73,1407.5,0.0702,0.0222,0.4094,0.2859,1
26.27,25.49,152.33,1624.96,0.0993,0.3441,0.3205,0.1144,1
24.26,17.82,156.12,2487.38,0.0614,0.0763,0.149,0.103,1
21.03,10.46,147.88,2490.72,0.0791,0.2376,0.131,0.2646,0
9.15,29.72,93.77,2163.96,0.0952,0.2562,0.2767,0.1773,0
6.78,35.75,67.16,290.64,0.1149,0.0766,0.2552,0.1553,0
28.1,14.05,132.92,2389.73,0.0777,0.0569,0.3951,0.1377,1
20.8,34.18,117.39,1585.88,0.0773,0.0704,0.3295,0.1693,1
,35.46,156.61,2030.09,0.1433,0.1015,0.2324,0.2943,1
17.56,37.34,110.62,1100.98,0.1655,0.0755,0.3989,0.2954,1
8.82,,94.18,894.42,0.0888,0.2424,0.2549,0.1663,0
9.0,37.02,86.96,1233.26,0.1326,0.1589,0.3654,0.2927,0
22.45,18.94,73.84,486.62,0.081,0.1975,0.3616,0.16,0
16.33,26.12,82.52,982.68,0.1614,0.0356,0.3953,0.2709,1
10.81,10.57,55.17,2163.98,0.1307,0.3042,0.0291,0.1424,0
17.8,10.36,95.5,229.56,0.1463,0.0763,0.251,0.2653,0
7.54,31.33,45.85,496.07,0.0559,0.1389,0.2014,0.1707,0
19.97,22.78,69.83,435.27,0.1218,0.0437,0.2109,0.1391,0
12.46,16.95,159.48,1091.26,0.1133,0.0651,0.1978,0.287,0
25.14,14.9,92.08,2492.89,0.0852,0.2397,0.3601,0.1428,1
13.45,29.77,146.92,549.12,0.0815,0.2486,0.1369,0.2984,0
16.93,9.01,154.7,483.34,0.1196,0.2434,0.199,0.1217,0
6.28,33.98,132.99,2299.53,0.1348,0.2022,0.0863,0.102,0
7.74,11.46,193.39,2221.64,0.054,0.3343,0.1082,0.2742,0
15.42,14.94,43.43,216.09,0.1181,0.1874,0.284,0.2173,0
17.52,20.97,158.18,1914.03,0.0705,0.1683,0.0503,0.1843,1
20.4,24.03,193.41,1686.9,0.0668,0.1017,0.0808,0.1164,0
13.0,20.0,177.96,1951.87,0.1248,0.0526,0.2271,0.215,1
22.68,18.94,66.86,1307.03,0.0873,0.2009,0.0188,0.1787,0
26.64,38.88,92.29,2479.65,0.1029,0.1239,0.0546,0.1967,1
24.72,28.89,67.59,243.48,0.0932,0.1929,0.3712,0.2261,1
6.95,9.73,136.21,693.12,0.1278,0.088,0.3638,0.228,0
17.53,22.34,153.95,1075.85,0.1064,0.2966,0.1495,0.2921,1
8.52,36.13,90.73,1201.48,0.1656,0.3499,0.1496,0.231,1
11.81,18.35,126.32,2314.43,0.0923,,0.4027,0.1679,1
29.68,11.93,150.55,1461.61,0.1388,0.298,0.0111,0.1659,0
9.42,32.51,107.41,246.46,0.0809,0.3081,0.2495,0.1954,1
17.97,27.79,176.64,1102.56,0.1111,0.3487,0.2569,0.1519,1
20.84,26.68,163.45,1122.92,0.1163,0.1331,0.3388,0.1753,1
22.86,10.66,50.35,2418.56,0.0895,0.2695,0.4093,0.2684,1
19.43,13.36,139.38,1554.11,0.1066,0.0955,0.153,0.272,0
6.23,28.3,77.65,1640.14,0.0835,0.2262,0.1883,0.2256,0
13.84,15.44,129.2,1823.28,0.0507,0.2526,0.2887,0.2166,0
18.43,24.63,193.1,1957.29,0.0759,0.2646,0.4159,,0
8.11,25.89,180.65,1638.72,0.134,0.0884,0.383,0.2272,0
14.42,17.79,104.72,699.78,0.1425,0.3001,0.2868,0.2612,1
6.8,38.4,86.64,2202.75,0.0836,0.1589,0.3684,0.2476,0
7.89,35.12,77.5,1867.8,0.099,0.0914,0.0366,0.1071,0
15.53,31.39,125.2,1890.81,0.0545,0.199,0.1622,0.2462,0
9.19,11.42,58.28,2491.87,0.0784,0.3049,0.0056,0.244,0
19.62,12.29,127.88,2033.96,,,0.0763,,0
22.55,24.28,40.21,2096.8,0.1227,0.2669,0.2711,0.13,1
25.21,13.98,,2385.32,0.0747,0.0219,0.3808,0.2576,1
10.8,,75.19,496.68,0.0809,0.0645,0.2721,0.2118,1
10.02,13.91,195.4,1314.64,0.148,0.0452,0.2856,0.2643,0
,24.11,156.36,1510.14,0.0751,0.0534,0.0446,0.1369,0
21.27,20.29,95.94,917.09,0.0901,0.1464,0.2859,0.1061,0
22.96,28.82,54.86,2120.99,0.1297,0.1317,,0.1324,1
6.76,13.0,122.69,1939.31,0.1173,0.0575,0.2801,0.1905,0
28.47,22.34,74.15,1841.28,0.1053,0.3111,0.1403,0.2047,1
7.25,17.52,125.83,2493.27,0.158,0.2231,0.25,0.2715,0
18.99,36.52,173.66,752.14,0.0764,0.2828,0.1823,0.2432,1
23.02,10.26,138.53,1875.68,0.139,0.1426,0.2402,0.2981,1
26.9,37.33,141.41,1441.31,0.0691,0.1554,0.0632,0.1157,0
23.14,34.82,126.56,878.65,0.1239,0.1248,0.1702,0.126,1
25.24,18.22,188.36,518.99,0.1545,0.1647,0.1609,0.1169,1
14.15,33.47,189.1,2254.29,0.1049,0.2214,0.3166,0.2077,1
25.56,9.97,122.04,1545.27,0.1369,0.1827,0.3038,0.1534,1
7.92,38.97,88.92,2086.84,0.1484,,0.3908,0.2367,1
27.48,25.32,113.53,1427.01,0.0663,0.317,0.2718,0.1265,1
19.14,18.4,69.85,659.15,0.1347,0.175,0.1353,0.1206,0
,20.24,141.82,936.62,0.1604,0.0991,0.3368,0.192,0
16.86,11.06,120.01,1040.43,0.1192,0.3319,0.2137,0.1752,0
21.45,39.67,56.53,2436.13,0.0723,0.2626,0.0832,0.2658,1
18.63,10.22,71.62,153.29,0.0652,0.2312,0.3214,0.2675,0
23.56,29.3,116.74,2466.17,0.0812,0.266,0.057,0.1235,1
7.96,22.72,182.01,2453.89,0.0624,0.0451,0.0766,0.2625,0
7.45,38.42,130.62,2490.92,0.1116,0.0423,0.3263,0.2128,1
11.93,16.63,149.05,1264.75,0.0584,0.0705,0.3312,0.2007,0
9.83,25.49,94.24,2414.59,0.0768,0.0687,0.34,0.119,0
26.92,23.95,131.43,1073.61,0.1028,0.1588,0.1261,0.2479,1
11.26,30.79,111.58,202.05,0.1069,0.0719,0.3726,0.1119,0
29.42,11.11,145.46,669.46,0.1178,0.302,0.3107,0.1555,1
14.09,15.01,48.09,2370.9,0.1347,0.2108,0.3586,0.1191,0
10.37,15.65,118.93,172.48,0.0557,0.1415,0.3047,0.2062,0
24.95,31.88,87.36,1428.55,0.0597,0.043,0.2492,0.229,1
21.81,14.86,92.19,318.42,0.0573,0.215,0.047,0.2782,0
17.96,26.78,193.75,815.9,0.1008,0.0585,0.3057,0.2468,1
19.33,15.67,69.23,347.9,0.055,0.2653,0.2969,0.2922,0
23.26,35.71,89.8,2168.49,0.1395,0.2849,0.1344,0.2522,1
11.48,38.21,121.58,1534.93,0.0768,0.1995,0.3164,0.1596,1
29.91,25.07,178.08,2268.97,0.1627,0.0694,0.2367,0.2095,1
29.4,19.92,106.67,1764.51,0.1084,0.2797,0.2405,0.1916,1
21.61,16.26,159.02,2431.63,0.1036,0.1216,0.1581,0.2132,0
10.79,10.54,177.02,1343.31,0.1437,0.0935,0.0502,0.2144,0
22.33,17.32,89.6,1647.36,0.1356,0.1753,0.0933,0.2404,1
7.73,29.28,102.84,1500.09,0.1229,0.3245,0.3306,0.1166,0
6.74,25.54,97.05,1282.85,0.1622,0.1181,0.1167,0.2493,0
12.18,38.27,173.26,2136.46,0.1007,0.3188,0.001,0.1287,0
17.1,21.28,47.1,1661.08,0.147,0.0377,0.4287,0.1052,1
26.84,30.51,89.35,2031.1,0.0956,0.0476,0.0906,0.2038,1
23.45,24.17,148.71,1995.82,0.1506,0.2505,0.2818,0.2163,1
23.82,24.89,130.47,590.87,0.0811,,0.3986,0.107,1
16.21,17.3,109.81,1674.39,0.0847,0.1245,0.2579,0.2031,0
14.3,23.1,126.39,611.17,0.1313,0.065,0.3436,0.2069,1
14.9,23.59,71.61,1516.64,0.0755,0.1296,0.4198,0.1105,0
,30.91,108.91,1738.75,0.0775,0.1126,0.37,0.2423,1
6.96,38.16,120.27,2493.47,0.0866,0.263,0.2399,0.1421,1
26.81,19.21,184.19,212.08,0.1315,0.2517,0.1564,0.2589,0
19.89,10.31,81.73,355.33,0.1567,0.3351,0.2075,0.1622,0
16.53,24.39,178.85,321.78,0.1309,0.2591,0.362,0.1956,0
23.41,25.88,143.08,1080.13,0.1493,0.2493,0.3669,0.2784,1
17.68,14.22,43.25,2078.95,0.1152,0.2491,0.3637,0.2612,0
26.96,32.57,155.94,2131.97,0.0583,0.3114,0.2568,0.2564,1
27.62,39.53,45.69,1879.27,0.0621,0.1178,0.2051,0.1321,1
16.12,38.32,199.58,2256.63,0.1165,0.119,0.1339,0.1096,0
12.64,15.11,179.62,901.95,0.0893,0.2646,0.0014,0.2212,0
20.22,36.14,87.57,348.04,0.0765,0.0955,0.3287,0.1821,1
27.9,30.84,81.19,277.24,0.106,0.321,0.1191,0.2818,1
11.06,23.07,101.03,2151.03,0.13,0.1965,0.1418,0.1699,0
20.95,25.76,96.99,1863.83,0.0962,0.119,0.3627,0.1821,1
21.16,35.34,99.57,1788.73,0.1463,0.2761,0.0225,0.2052,1
23.59,23.88,90.92,941.64,0.1386,0.1231,0.3989,0.2593,1
9.16,20.57,139.38,1036.58,0.1382,0.3379,0.0006,0.1537,0
23.18,24.29,66.28,,0.1682,0.3444,0.4038,0.2884,1
,26.95,175.36,290.58,0.0854,0.24,0.1955,0.208,1
10.31,14.86,169.98,1966.01,0.1274,0.0575,0.0439,0.2682,0
11.7,36.93,116.24,870.73,0.1527,0.1069,0.2899,0.2051,1
29.31,29.9,176.44,232.17,0.1195,0.1901,0.3852,0.2544,1
10.34,28.63,79.54,1892.47,0.1447,0.301,0.1884,0.1103,0
26.51,12.08,42.81,920.95,0.0997,0.081,0.2973,0.2598,1
17.81,27.73,139.07,1844.27,0.1209,0.0545,0.4211,0.2048,1
11.93,12.75,113.27,1810.06,0.0567,0.0446,0.1035,0.1899,0
26.9,11.44,130.75,1402.1,0.1683,0.1873,0.3528,0.1223,1
16.69,25.35,183.89,1974.6,0.146,0.312,0.127,0.2483,1
18.36,21.49,195.19,1511.25,0.1543,0.034,0.1833,0.1262,0
14.62,27.25,141.51,816.46,0.1333,0.0901,0.1212,0.1385,0
20.23,11.77,162.25,1872.51,0.0723,0.2488,0.1918,0.1253,0
9.92,22.36,53.41,1530.37,0.0537,0.2925,0.0022,0.1013,0
15.39,14.42,65.71,170.04,0.1538,0.2864,0.1305,0.2324,0
29.27,39.6,157.31,2267.88,0.0976,0.2791,0.1915,0.1542,1
12.2,26.4,109.02,1427.72,0.0817,0.0628,0.2719,0.1299,0
21.76,30.31,111.35,2189.96,0.1174,0.1511,0.2741,,1
13.8,19.09,89.38,2223.26,0.1005,0.345,0.251,0.1998,0
24.56,11.94,137.18,1190.12,0.1282,0.3463,0.126,0.2007,0
9.14,39.25,69.63,1338.08,0.1081,0.2188,0.4074,0.1734,1
29.28,17.87,140.31,1121.18,0.1337,0.2541,0.1685,0.199,1
16.89,22.14,67.81,1200.67,0.1524,0.3339,0.0933,0.1855,1
11.67,29.15,50.21,2252.55,0.0735,0.1685,0.2384,0.2645,1
7.76,9.77,92.86,2000.02,0.0895,0.0652,0.322,0.1059,0
10.07,34.12,76.98,438.6,0.1024,0.2408,0.0053,,0
18.47,25.63,182.24,1580.33,0.1654,0.3368,0.1188,0.1488,0
14.09,17.62,48.79,2490.34,0.0938,0.2501,0.3547,0.2444,1
25.89,10.91,68.26,1545.5,0.0957,0.2851,0.218,0.181,1
16.34,14.04,127.8,1994.66,0.1284,0.1595,0.1756,0.1589,0
11.97,36.75,116.97,1954.99,0.1003,0.0518,0.4003,0.2231,1
20.81,30.27,47.34,966.75,0.1641,0.0757,0.0385,0.2538,0
22.96,16.75,41.16,1017.56,0.1573,0.3443,0.2647,0.19,1
10.01,11.03,198.09,1848.82,0.1116,0.1828,0.1471,0.1933,0
10.02,30.41,145.41,1319.96,0.1274,0.024,0.0305,0.1118,0
6.88,26.74,98.46,,0.057,0.3353,0.0919,0.2848,0
23.67,21.54,115.27,1822.46,0.1335,0.1843,0.27,0.2694,1
21.93,20.27,82.65,1975.08,0.1349,0.296,0.0122,0.1796,0
17.39,15.72,95.18,780.78,0.0931,0.201,0.2547,0.253,0
26.26,29.76,143.85,486.43,0.0764,0.0536,0.4114,0.1627,1
25.34,39.09,181.25,828.64,0.1598,0.2231,0.3419,0.2461,1
20.05,14.45,69.46,1337.79,0.1012,0.3491,0.1486,0.2033,0
26.84,27.51,174.46,947.45,0.1284,0.0315,0.0594,0.1922,0
10.94,22.15,59.45,1481.34,0.054,0.2978,0.2,0.1113,0
8.69,22.85,74.4,266.18,0.0997,0.0977,0.169,0.2931,0
12.47,16.88,45.95,1343.01,0.1481,0.15,0.4178,0.2675,1
7.37,34.58,62.53,1008.44,0.0965,0.143,0.4256,0.2587,0
18.75,24.04,186.77,,0.1224,0.3166,0.1766,0.161,1
28.48,25.85,113.51,1137.18,0.0752,0.1865,0.064,0.1579,1
6.94,18.45,52.43,810.77,0.1,0.1676,0.3916,0.2146,0
8.93,14.64,193.56,2273.69,0.1613,0.2899,0.3412,0.2692,1
16.85,11.66,180.64,576.05,0.118,0.0361,0.2198,0.2869,1
28.41,31.14,160.75,1748.02,0.1582,0.0485,0.1571,0.1538,1
13.59,15.08,189.36,2322.16,0.1582,0.0272,0.1927,0.2215,0
18.17,30.39,75.22,1411.26,0.1633,0.247,0.3878,0.2448,1
7.0,21.1,173.82,2208.32,0.1574,0.1935,0.0794,0.1453,0
9.56,21.89,150.4,434.65,0.0504,0.3091,0.3469,0.1815,1
29.68,23.54,179.16,,0.1621,0.1845,0.0078,0.1375,1
29.16,20.4,167.51,1218.58,0.0665,0.0932,0.3958,0.2398,1
6.12,12.12,95.44,159.16,0.0548,0.2857,0.2151,0.2728,0
28.84,18.6,163.9,1186.09,0.0566,0.1171,0.0975,0.2755,1
21.34,29.58,81.99,1010.91,0.0919,0.3288,0.0012,0.234,0
26.83,29.64,92.57,1720.72,0.1245,0.1026,0.2406,0.1694,1
16.91,,57.26,2354.46,0.0983,0.0753,0.1051,0.2322,0
18.37,23.26,189.61,342.47,0.0531,0.1828,0.2714,0.2729,1
17.73,15.0,86.56,912.84,,0.0367,0.1209,0.2252,0
22.0,15.52,123.3,1187.99,0.1031,0.032,0.0379,0.1826,0
9.35,9.71,102.61,1214.24,0.1408,0.1837,0.2172,0.284,0
6.72,36.8,193.59,1968.55,0.0836,,0.2427,0.267,0
13.39,15.53,,1186.41,,0.0231,0.1946,0.2765,0
22.91,16.05,164.57,204.1,0.0807,0.1177,0.197,0.2806,0
10.84,17.67,176.87,1815.85,0.0864,0.1775,0.2535,0.1788,0
22.16,12.95,109.7,,0.1219,0.1501,0.2263,0.2719,1
29.28,28.82,100.51,1352.82,0.1066,0.0647,0.057,0.2141,1
8.25,11.33,159.64,1511.42,0.0904,0.2113,0.0847,0.1076,0
,13.16,186.06,524.53,0.0949,0.2544,0.061,0.2272,0
16.65,28.99,160.79,660.72,0.0945,0.2429,0.2981,0.1941,1
26.84,,76.34,695.0,0.1667,0.1499,0.2273,0.155,1
10.25,30.95,182.13,1156.55,0.078,0.0654,0.1848,0.2941,0
22.62,26.28,102.01,2330.42,0.1482,0.1848,0.3433,0.111,1
26.11,16.94,132.2,1371.41,0.135,0.3138,0.1401,0.2892,1
28.67,29.18,173.03,593.35,0.0507,0.1747,0.2443,0.1319,1
22.4,12.6,70.14,767.97,0.1692,0.0846,0.032,0.1754,0
17.93,,165.52,1046.28,0.1408,0.0507,0.3201,0.1834,1
20.83,22.55,135.39,1610.89,0.1319,0.3315,0.2989,0.2462,1
26.85,17.3,182.93,1178.48,0.0986,0.2652,0.345,0.1431,1
19.69,27.72,67.52,1066.17,0.1166,0.1233,0.3803,0.2972,1
6.73,36.01,107.31,1472.76,0.0804,0.1175,0.326,0.2498,0
28.34,39.97,173.25,710.73,0.0543,0.3154,0.3631,0.258,1
22.55,27.84,43.08,326.21,0.1503,0.0786,0.1486,0.1213,0
22.24,21.55,57.95,197.62,0.1576,0.1966,0.1476,0.1953,0
11.18,15.98,198.49,732.97,0.0695,0.2555,0.406,0.2891,0
21.81,16.97,84.86,356.16,0.1444,0.1508,0.3933,0.154,0
15.45,23.86,196.09,933.76,0.1389,0.0332,0.2359,0.1291,0
21.63,20.39,69.21,1964.12,0.0714,0.0952,0.1576,0.1971,0
8.56,37.33,97.78,1830.45,0.1006,0.3176,0.3724,,1
21.79,20.42,160.46,1581.79,0.1007,0.1926,0.1391,0.1974,0
29.99,20.58,145.24,2151.9,0.1412,0.2891,0.0661,0.181,1
7.16,20.89,132.98,805.68,0.1505,0.2034,0.275,,0
29.45,34.94,124.78,2228.73,0.0614,0.3314,0.0183,0.2874,1
15.77,29.17,174.95,1082.2,0.1176,0.32,0.163,0.1098,1
26.9,28.04,77.59,1086.11,0.1414,0.1794,0.3473,0.1307,1
24.78,19.36,110.8,1096.63,0.1443,0.125,0.1269,0.1266,0
19.61,34.36,64.87,371.5,0.0678,0.2186,0.4005,0.1171,1
23.72,10.19,135.35,2442.16,0.1131,0.2427,0.411,0.1604,1
27.08,35.99,80.09,466.88,0.1529,0.1845,0.3508,0.1459,1
15.7,24.9,93.41,944.49,0.0882,0.2914,0.4247,0.2097,0
13.85,21.35,115.4,893.55,0.101,0.0805,0.2282,0.1655,0
22.02,24.41,44.28,316.24,0.1465,0.1304,0.2448,0.181,1
25.39,29.69,54.71,499.33,0.0607,0.2465,0.3596,0.2884,1
24.29,9.4,149.75,245.87,0.1531,0.1014,0.2119,0.1311,0
25.15,36.02,108.64,830.07,0.0873,0.1651,0.1749,0.1777,1
16.45,22.85,178.37,2185.31,0.0502,0.338,0.2643,0.1514,0
25.63,19.63,151.15,941.08,0.0781,0.2265,0.2828,0.2098,1
8.89,13.29,41.3,431.91,0.0607,0.3332,0.3229,0.2473,0
19.07,22.62,138.67,1663.84,,0.2584,0.2873,0.2634,1
6.14,24.39,55.0,2491.98,0.1331,0.2591,0.3207,0.2031,1
13.79,21.51,164.95,688.28,0.0757,0.2153,0.2901,0.271,0
14.8,30.04,198.64,799.79,0.1622,0.0669,0.2066,0.257,1
15.51,22.05,124.99,2433.56,0.112,0.1915,0.058,0.1314,0
22.69,38.8,,561.91,0.1052,0.1034,0.3377,0.1491,1
15.33,27.58,77.97,1346.47,0.1021,0.3496,0.0132,0.2343,0
16.77,34.03,110.02,705.58,0.1331,,0.4268,0.295,1
11.7,12.39,176.98,2340.35,0.1043,0.0961,0.3562,0.1752,0
14.96,21.32,66.79,2456.39,0.0654,0.2259,0.2885,0.146,1
11.45,19.44,82.49,2062.69,0.1556,0.1886,0.4156,0.2738,1
7.76,26.65,111.27,882.89,0.1014,0.027,0.2634,0.1399,0
20.48,35.69,153.96,1092.23,0.0589,0.0627,0.0243,0.2395,1
22.04,11.43,100.14,711.84,0.1135,0.2876,0.2405,0.1068,0
20.87,11.25,188.44,2242.19,0.1277,0.1796,0.1192,0.1038,0
17.12,35.36,55.11,2298.36,0.0831,0.0682,0.1589,0.1903,0
15.11,15.6,99.33,1128.53,0.146,0.1735,0.1976,0.2313,0
26.72,29.73,153.43,1689.42,0.1304,0.1035,0.3331,0.1285,1
18.46,25.83,76.16,530.71,0.128,,0.2163,0.2528,0
17.5,34.82,145.03,1166.45,0.1005,0.336,0.2041,0.1257,1
6.62,12.88,66.27,1630.34,0.1654,0.1395,0.1298,0.2067,0
14.19,13.02,48.96,1049.55,0.0829,0.0353,0.2321,0.1617,0
15.12,26.26,59.36,983.93,0.1193,0.3402,0.1068,0.2505,1
15.57,38.34,188.8,142.36,0.0871,0.2823,0.1122,0.2608,0
19.92,21.86,128.28,2038.13,0.1394,0.104,0.3256,0.1132,1
18.81,19.14,,2238.84,0.0557,0.1549,0.1473,0.1385,1
20.59,27.81,93.22,2427.93,0.0555,0.3046,0.0221,0.2785,1
24.36,37.84,134.83,1837.48,0.1473,0.1379,0.1478,0.1831,1
25.51,34.94,119.19,1435.15,0.1021,0.2072,0.2746,0.1953,1
23.23,39.86,191.32,775.51,0.0909,0.1965,0.35,0.1336,1
28.93,,159.61,2498.35,0.1229,0.1524,0.4136,0.299,1
6.44,12.5,156.89,1531.82,0.1342,0.231,0.3209,0.2846,0
10.7,27.89,47.42,1747.52,0.0741,0.1762,,0.1004,0
6.18,34.44,127.95,1750.48,0.0723,0.027,0.1286,0.2101,0
21.54,17.84,114.72,2134.79,0.165,0.2887,0.0557,0.2745,0
27.55,16.42,188.45,162.83,0.1208,0.0573,0.2699,0.1861,1
11.84,33.4,81.17,659.78,0.0968,0.1731,0.2192,0.1874,0
28.25,10.75,83.17,1710.66,0.1462,0.2114,0.2914,0.1759,1
7.45,20.45,105.82,2252.54,0.113,0.2528,0.102,0.1058,0
28.43,24.68,78.94,1757.4,0.079,0.1556,0.1392,0.2581,1
14.44,26.37,60.67,1115.84,0.0748,0.2627,0.1256,0.1914,0
8.43,31.59,177.19,993.27,0.0976,0.0633,0.343,0.2062,0
17.66,20.0,129.32,1881.56,0.1532,0.2356,,0.1511,0
12.16,27.99,177.82,1889.32,0.0574,0.2927,0.2616,0.2568,0
12.84,27.15,172.98,1572.66,0.0762,0.3135,0.0221,0.2587,1
13.37,25.98,85.13,827.86,0.1572,0.2113,0.2363,0.2106,0
25.27,28.85,127.64,2323.37,0.0646,0.1233,0.0275,0.2809,1
18.94,17.04,53.31,1442.44,0.1256,0.0739,0.0756,0.1232,0
13.47,11.62,186.44,2005.56,0.0756,0.134,0.0486,0.2573,0
20.65,12.7,104.68,645.77,0.1227,0.1982,0.1491,0.2117,0
23.19_err,15.96,102.99,951.94,0.096,0.0848,0.1478,0.1462,0
,24.51,88.44,2204.01,0.0622,0.3343,0.3554,0.1265,0
15.93,35.05,113.71,258.25,0.1199,0.3161,0.097,0.1602,1
8.93,30.74,80.28,1349.06,0.132,0.0309,0.0371,0.2713,0
10.35,33.46,99.98,1276.82,0.1316,0.2054,0.2595,0.2575,1
22.35,19.88,167.99,1912.9,0.1264,0.2805,0.2956,0.229,1
10.35,21.54,173.48,805.27,0.11,0.101,0.1268,0.1181,0
18.6,21.2,88.67,657.0,0.1123,0.1929,0.2592,0.291,0
23.02,14.95,115.04,2325.67,0.1263,0.154,0.3337,0.1611,0
8.57,10.9,179.81,1489.23,0.1328,0.0849,0.1494,0.2214,0
19.62,27.32,48.43,387.07,0.1286,0.2229,0.2259,0.2606,1
12.16,39.67,182.26,,0.1204,0.3479,0.0631,0.1266,1
29.11,14.17,75.07,2497.23,0.0687,0.1405,0.0102,0.2304,1
17.61,10.45,148.57,601.64,0.0753,0.2023,0.422,0.1065,0
25.34,33.17,133.21,1580.72,0.0812,0.1282,0.1289,0.1204,1
19.21,16.83,128.47,1131.5,0.1604,0.3094,0.1199,0.2446,1
7.04,34.72,177.5,2230.01,0.1411,0.3053,0.4185,0.131,1
21.2,30.82,56.25,1922.2,0.1163,0.079,0.3131,0.1887,1
28.83,38.32,95.52,,0.0802,0.317,0.2517,0.1497,1
20.44,21.68,126.12,165.34,0.0633,0.07,0.3007,0.1842,0
25.66,29.52,169.81,2216.32,0.1579,0.0515,0.3053,0.1154,1
27.22,23.41,74.63,1189.42,0.1571,0.2355,0.3282,0.251,1
11.47,28.55,168.47,2338.52,0.0633,0.1473,0.0289,0.1158,0
11.09,22.94,103.94,1309.47,0.1457,0.1951,0.1775,0.2676,0
20.66,14.85,70.23,1778.37,0.1036,0.2353,0.1269,0.2325,0
15.86,24.74,161.44,303.53,0.0889,0.0374,0.0303,0.1833,0
26.16,25.39,54.54,1898.56,0.1387,0.1167,0.1774,0.2733,1
27.6,34.13,122.36,937.67,0.1237,0.1721,0.265,0.1372,1
14.48,31.8,50.22,969.21,0.1436,0.108,0.0768,0.1529,0
11.68,29.58,97.03,420.03,0.0589,0.0362,0.1312,0.1274,0
24.73,,136.17,486.58,0.0882,0.0486,0.2748,0.1763,0
12.6,31.34,128.98,578.39,0.0883,0.2846,0.2491,0.2973,0
25.74,24.51,104.74,914.57,0.0896,0.3208,0.3736,0.1322,1
16.17,36.72,,2245.05,0.1103,0.0702,0.3402,0.2662,1
22.02,37.52,76.28,1009.09,0.084,0.1023,0.4152,0.2304,1
8.29,10.71,112.94,1849.5,0.1033,0.2352,0.2568,0.1032,0
20.97,34.44,192.52,335.28,0.0941,0.3349,0.3003,0.289,1
16.84,10.17,176.07,1534.99,0.1382,0.1189,,0.2942,0
20.08,20.38,63.24,1277.26,0.1224,0.3022,0.3612,0.285,0
10.03,25.81,44.76,2447.98,0.1284,0.187,0.3091,0.2003,0
,13.59,189.36,2137.05,0.0753,0.3357,0.2151,0.1441,1
26.71,32.14,124.28,1213.4,0.0891,0.065,0.1175,0.1783,1
11.2,9.26,126.05,1969.34,0.0525,0.3413,0.3772,0.2228,0
8.3,14.23,164.91,595.57,0.063,0.1655,0.334,0.1758,0
6.57,27.0,90.35,1467.11,0.0818,0.3345,0.3603,0.2416,0
21.41,31.15,117.11,316.1,0.0579,,0.0605,0.2591,0
20.57,37.42,194.99,961.49,0.1223,0.1949,0.1354,0.1419,1
19.12,30.87,147.54,673.03,0.1698,0.2856,0.1827,0.181,0
11.57,29.83,64.6,1836.63,0.0621,0.2585,0.3605,0.2915,1
15.38,21.22,61.32,1296.61,0.1485,0.2245,0.3839,0.15,0
20.27,9.04,72.68,1912.53,0.0643,0.1576,0.1225,0.1693,0
17.92,12.72,162.67,1356.1,0.1304,0.2815,0.2952,0.1071,1
29.71,25.57,87.26,344.1,0.1272,0.3329,0.0335,0.1665,1
9.27,29.93,43.42,1875.47,0.1583,0.0232,0.1761,0.1742,0
22.68,21.94,191.07,2106.42,0.0637,0.214,0.2093,0.12,0
15.7,31.65,67.15,2272.33,0.0879,0.3058,0.3292,0.1003,1
16.28,25.18,41.53,1489.9,0.0609,0.2355,0.3835,0.2151,1
23.22,11.3,77.94,1918.46,0.0989,0.2843,0.145,0.1603,0
22.62,14.95,77.6,1914.82,0.1594,0.3154,0.2269,0.1036,1
29.79,35.04,107.52,507.57,0.1438,0.2678,0.2784,0.272,1
9.08,31.47,187.26,527.56,0.1367,0.2566,0.1413,0.2169,0
8.5,36.74,180.67,307.29,0.114,0.3384,0.4238,0.1342,1
23.38,12.64,113.1,895.0,,0.305,0.3766,0.273,1
19.88,39.7,105.74,1257.48,0.1039,0.2891,0.1275,0.1507,1
12.58,15.49,128.8,2495.04,0.068,0.0485,0.2184,0.1455,0
7.91,9.37,78.95,1157.14,0.1505,0.0989,0.0993,0.2789,0
8.06,39.92,48.35,1853.93,0.0836,0.2037,0.2212,0.1359,1
27.46,17.71,190.28,1776.42,0.0564,0.2542,0.2938,0.2758,1
10.6,29.71,69.87,622.58,0.0651,0.1201,0.0368,0.2606,0
,14.48,71.74,278.08,0.1231,0.0508,0.3742,0.162,0
11.44,26.99,115.59,1428.58,0.1228,0.1227,0.2553,0.1069,0
14.52,37.03,118.66,1792.72,0.0812,0.2744,0.4255,0.1165,1
7.67,18.93,42.95,2495.87,0.1373,0.3095,0.011,0.1219,0
,29.78,63.67,986.32,0.1428,0.3213,0.3575,0.2782,1
7.62,14.83,100.5,2255.42,0.1605,0.145,0.3405,0.1808,0
25.21,28.37,149.4,1041.36,0.1202,0.1429,0.0571,0.1065,1
11.61,19.43,76.55,1767.01,0.1435,0.1542,0.1442,0.2113,0
18.96,15.55,107.68,1551.88,0.1404,0.144,0.3805,0.1416,0
27.12,18.71,129.18,,0.0809,0.2398,0.2229,0.147,0
21.62,14.54,182.17,325.0,0.0872,0.1382,0.1726,0.1322,0
18.79,36.96,92.17,189.0,0.1074,0.0267,0.3894,0.2524,0
13.78,21.31,61.37,1015.17,0.0523,0.1649,0.0401,0.1001,0
13.99,16.6,118.28,1900.09,0.0857,0.094,0.2034,0.1878,1
,22.9,159.48,,0.1069,0.0295,0.2805,0.1174,0
29.86,18.94,57.58,1569.81,0.063,0.1754,0.2617,0.2105,1
21.88,32.08,107.95,821.63,0.0652,0.088,0.1136,0.1692,0
19.39,39.11,42.85,2020.9,0.1056,0.1694,0.2422,0.1057,1
23.54,22.58,45.37,2024.21,0.1377,0.1117,0.3047,0.1922,1
17.16,35.69,117.27,1969.98,0.15,0.2192,0.2515,0.2141,1
7.44,26.54,87.71,1378.61,0.1156,0.347,0.2943,0.1495,1
19.5,13.87,175.22,811.58,0.107,0.2006,0.1101,0.2531,0
28.98,30.41,136.34,2050.29,0.0961,0.2335,0.3581,0.1742,1
10.21,24.92,112.63,579.2,0.0732,0.3234,0.1934,0.2499,1
,29.17,105.27,823.83,0.0676,0.1434,0.4245,0.2158,0
10.82,36.58,119.56,574.12,0.145,0.075,0.01,0.2739,0
18.86,22.65,46.47,,0.1058,0.1133,0.1635,0.2094,0
8.32,36.94,182.85,1759.52,0.1448,0.1529,0.0776,0.1371,0
16.81_err,32.27,199.73,1679.92,0.1345,0.2329,0.2389,0.2645,1
24.15,24.15,69.04,1120.82,0.0733,0.0215,0.1046,0.2566,0
14.34,27.7,59.26,376.4,0.1112,0.3016,0.3171,0.2945,1
21.96,19.09,62.97,2290.36,0.1033,0.0451,0.3792,0.1187,1
25.09,39.49,145.76,1338.25,0.1009,0.3172,0.0907,0.2182,1
28.25,29.69,145.83,1100.45,0.1151,0.3333,0.0691,0.1983,1
11.63,10.36,175.67,1529.63,0.1678,0.3467,0.3764,0.2342,0
15.58,19.13,160.29,594.99,0.1475,0.2871,0.1553,0.296,1
9.66,28.32,111.95,452.82,0.1584,0.0668,0.1869,0.2065,0
29.82,10.75,138.06,1097.04,0.0536,0.253,0.095,0.2371,0
28.25,9.74,150.13,676.24,,,0.1829,0.1694,1
18.96,22.95,122.04,716.53,0.0602,,0.0995,0.1598,1
26.21,19.31,116.1,2246.33,0.0816,0.1245,0.2863,0.1671,1
18.5,22.59,143.22,1392.59,0.103,0.1278,0.2145,0.1077,1
20.97,17.14,129.2,1280.99,0.127,0.3228,0.3389,0.1569,1
8.14,14.11,143.03,1767.17,0.1101,0.0244,0.1345,,0
,30.36,138.06,2385.65,0.1584,0.084,0.2174,0.1915,1
9.07,24.95,155.07,404.79,0.1628,0.1592,0.1116,0.1922,0
25.83,15.2,142.85,2107.14,0.0696,0.2512,0.4018,0.253,1
24.77,18.91,123.16,1518.29,0.1523,0.2337,0.2244,0.2005,1
23.01,27.35,149.09,484.95,0.1078,0.2409,0.0746,0.1926,0
6.87,11.24,111.92,841.27,0.1044,0.3104,,0.1463,0
13.28,13.57,78.67,1278.37,0.1442,0.0599,0.0356,0.2705,0
12.31,11.27,40.23,1771.18,0.0612,0.1923,0.012,0.1182,0
14.64,34.18,129.59,712.55,0.1559,0.2594,0.2261,0.2965,1
8.1,32.32,134.5,1402.31,0.1305,0.2299,0.145,0.1952,0
28.49,32.35,195.53,1755.83,0.155,0.1679,0.4144,0.1372,1
19.29,31.21,97.84,1199.03,0.1693,0.0256,0.0737,0.1709,1
13.33,29.75,103.06,2176.74,,0.0399,0.3414,0.1031,0
15.53,23.79,72.29,2191.92,0.0612,0.0593,0.1359,0.1333,0
16.73,28.91,51.29,1250.83,0.07,0.1333,0.0961,0.1671,0
20.41,10.19,163.65,2436.1,0.0888,0.0588,0.4169,0.2109,1
18.38,28.27,79.95,318.38,0.0624,0.1606,0.3451,0.1259,1
28.07,33.11,137.42,147.94,0.1478,0.079,0.2712,0.2352,1
17.93,24.51,150.04,1038.38,0.0856,0.2771,0.2998,0.2689,1
29.81,20.08,115.4,1558.59,0.1671,0.3076,0.4263,0.2145,1
26.43,17.6,180.22,1624.91,0.1343,0.1486,0.2551,0.1594,0
11.0,28.93,111.01,1264.41,0.0708,0.1887,0.0438,0.1243,0
28.33,30.48,85.59,434.72,0.1071,0.3347,0.0279,0.1031,1
8.79,36.0,183.36,542.37,0.106,0.1967,0.2866,0.2464,1
25.62,19.61,177.85,2151.07,0.1091,0.3484,0.2828,0.2257,1
15.13,32.86,66.25,2188.27,0.1143,0.0669,0.3217,0.1953,1
27.07,26.4,44.15,1730.4,0.0537,0.3045,0.0468,0.1204,1
26.83,36.37,54.4,1707.55,0.1324,0.1841,0.4063,0.1414,1
25.34,25.36,85.85,1550.53,,0.0275,0.237,0.263,1
24.96,25.05,,618.91,0.1449,0.3408,,0.196,1
13.31,26.91,129.36,1150.67,0.1478,0.3385,0.015,0.2926,0
7.94,32.23,99.72,1782.31,0.0777,0.1465,0.4132,0.3,0
15.67,38.91,182.19,1407.92,0.0558,0.3349,0.2419,0.2601,1
10.16,11.28,112.5,183.85,0.1344,0.0665,0.2422,0.1516,0
22.68,10.66,90.44,2390.39,0.1673,0.2444,0.4057,0.1462,1
14.31,38.06,190.6,2133.77,0.1036,0.0833,0.3996,0.1507,1
29.41,25.43,175.92,754.89,0.0812,0.1014,0.0947,0.2974,1
21.38,28.06,174.99,1594.84,0.0688,,0.4004,0.1671,1
25.74,23.96,121.97,2318.84,0.0845,0.1445,0.3167,0.2413,1
9.18,11.9,166.31,366.59,0.0894,0.0224,0.0081,0.2918,0
26.69,32.81,68.7,1327.15,0.1009,0.1567,0.1031,0.2639,1
28.15,32.16,131.72,1216.73,0.1286,0.0953,0.1776,0.2195,1
17.69,18.66,197.42,1108.08,0.0828,0.2455,0.2506,0.1338,1
20.55,18.49,86.55,2111.99,0.0561,0.0842,0.3016,0.135,0
24.36,34.97,167.1,1038.32,0.0948,0.2979,0.0904,0.1985,1
10.2,11.24,118.48,290.25,0.1527,0.1081,0.3598,0.2904,0
18.06,36.31,46.37,295.38,0.1098,0.1497,0.3637,0.2809,1
15.57,16.96,162.08,240.88,0.1658,0.1184,0.273,0.1332,0
9.51_err,27.38,66.97,1105.58,0.1104,0.2325,0.3961,0.1575,1
14.82,38.02,141.04,1835.44,0.0831,0.0534,0.3496,0.2178,1
7.64,30.02,53.71,620.79,0.0732,0.1778,0.0953,0.1955,0
6.62,21.85,191.5,1665.67,0.1333,0.1304,0.3434,0.1239,0
9.24,30.38,86.68,1761.53,0.1144,0.3118,0.4099,0.1739,0
29.11,19.66,76.23,742.28,0.1225,0.0442,0.0592,0.2909,0
19.19,17.6,60.66,1557.32,0.1406,0.2938,0.4208,0.2903,1
29.18,39.9,191.36,1756.29,0.1371,0.0753,0.0107,0.2119,1
16.38,32.27,153.9,1241.21,0.0552,0.0492,0.2245,0.2271,0
13.48,28.99,158.67,934.65,0.1463,0.0868,0.3328,0.1444,1
18.15,,119.9,1601.2,0.1139,0.0539,0.3399,0.2484,0
16.55,10.52,115.96,2447.72,0.097,0.1919,0.3159,0.1105,0
8.54,9.96,57.6,1147.35,0.1145,0.3461,0.2276,0.1441,0
21.38,26.18,129.57,1064.49,0.1235,0.0313,0.2799,0.1012,0
11.18,32.62,79.51,1235.67,0.0679,0.1722,0.301,0.1771,0
20.87,,196.34,319.88,0.1001,0.1474,0.2127,0.2701,0
21.6,35.06,167.45,1445.47,0.0903,0.1321,0.2561,0.2965,1
9.65,10.04,106.08,915.73,0.092,0.1295,0.3639,0.2336,0
7.47,20.37,64.21,426.56,0.061,0.3154,0.1345,0.249,0
24.74,16.35,165.65,1240.37,0.0692,0.0263,0.225,0.1525,0
17.04,22.87,59.53,147.99,0.0694,0.2757,0.0036,0.2041,0
7.4,11.24,70.29,1088.21,,0.1035,0.2956,0.2473,0
29.88,38.58,73.84,389.54,0.1573,0.1465,0.084,0.1995,1
7.39,15.92,129.1,197.33,,0.1586,0.2068,0.1177,0
22.68,37.59,165.93,2085.76,0.0999,0.1206,0.0904,0.2482,1
29.61,22.2,90.29,2302.35,0.0874,0.0509,0.0101,0.1439,0
11.74,39.55,,630.11,0.1445,0.0577,0.2078,0.1195,0
9.41,26.18,114.33,1412.74,0.056,0.1184,0.1827,0.1956,0
8.91,37.86,159.7,795.98,0.0736,0.2912,0.1828,0.1149,0
13.28,9.17,75.47,1304.84,,0.0644,0.0898,0.2259,0
8.43,32.2,75.19,1170.45,0.1692,0.2651,0.4073,0.2281,1
22.61,36.99,191.56,774.96,0.1185,0.1153,0.0015,0.1513,0
7.5,13.33,192.66,1792.93,0.0667,0.3115,0.3834,0.2929,0
18.23,11.98,198.47,438.52,0.0827,0.1613,0.3169,0.2649,0
29.92,22.16,169.23,265.25,0.0701,0.0767,0.074,0.1219,1
25.54,37.94,70.11,1951.71,0.065,0.3453,0.203,0.2497,1
20.77,25.81,73.92,1711.59,0.1457,0.0783,0.4252,0.1706,1
13.35,25.35,94.44,1316.52,0.1095,0.2073,0.2768,0.2501,1
20.97,13.37,90.9,1243.98,0.1257,0.2079,0.0548,0.2602,0
18.65,9.02,193.04,1313.89,,0.143,0.1968,0.1303,0
16.23,34.11,166.25,1171.38,0.1164,0.334,0.2013,0.2324,1
9.14,11.71,155.84,1067.23,0.0809,0.2985,0.345,0.2725,0
27.28,28.65,69.75,1319.27,0.087,0.2938,0.394,0.1647,1
16.79,,185.52,1387.3,0.1283,0.3415,0.0354,0.1161,0
10.67,15.47,172.46,1772.89,0.068,0.1708,0.135,0.1055,0
14.83,29.62,66.18,1818.45,0.1241,0.0521,0.1283,0.122,0
15.94,11.44,179.39,1031.2,0.1523,0.2726,0.4283,0.1008,0
25.86,27.72,83.56,1115.96,0.0645,,0.2405,0.1654,1
23.61,14.08,52.94,1021.93,0.1577,0.0828,0.3783,0.1599,1
24.46,31.81,145.09,1406.22,0.0595,0.1795,0.1832,0.1221,0
6.26,18.34,144.61,1209.91,0.0919,0.3255,0.3108,0.2302,0
15.99,23.37,55.19,2239.45,0.1233,0.0765,0.1232,0.2984,0
17.55,27.58,91.02,1783.41,0.1171,0.3001,0.3921,0.2802,1
6.46,14.31,198.85,2260.83,0.0616,0.158,0.1957,0.1506,0
12.24,31.99,148.55,1813.56,0.1459,0.0651,0.3456,0.254,1
24.25,18.38,156.81,2431.54,0.1668,0.3,0.11,0.2874,1
,29.53,74.07,1640.34,0.0717,0.34,0.2982,0.2813,1
18.85,,52.61,2413.98,0.1574,0.1161,0.1742,0.2769,1
11.16,30.33,84.3,513.28,0.1168,0.1202,0.0135,0.2573,0
6.29,12.97,79.82,263.85,0.1623,0.1489,0.1776,0.1586,0
11.79,22.19,77.53,1506.74,0.0711,0.2887,0.2365,0.1167,0
29.42,,,2461.04,0.145,0.0234,0.0653,0.1976,1
25.24,32.2,131.96,1125.55,0.0572,0.0939,0.0791,0.111,0
29.03,17.12,92.5,640.42,0.156,0.2529,0.1999,0.2997,1
17.71,36.33,171.26,1370.84,0.1309,0.1539,0.1474,0.1717,1
8.63,36.65,69.43,1671.16,0.0944,0.129,0.1895,0.2917,0
19.15,15.09,114.34,883.82,0.0729,0.3079,0.1982,0.2546,1
16.91,,42.19,1826.86,0.148,0.3227,0.0602,0.1823,1
26.26,11.72,117.07,2441.27,0.1224,0.3328,0.0779,0.1237,1
8.35,21.14,48.93,2256.83,0.0932,0.1099,0.3647,0.1474,0
17.72,31.11,196.44,828.14,0.1033,0.3211,0.07,0.2346,1
9.6,,166.49,911.07,0.1492,0.2632,0.2863,0.266,1
13.79,28.37,118.42,1016.84,0.0907,0.0709,0.18,0.2959,0
23.7,17.76,53.85,1071.14,0.0608,0.2214,0.4163,0.1264,1
17.42,20.72,134.79,376.75,0.1594,0.0287,0.0284,0.1312,0
15.02,12.19,161.4,1938.23,0.0965,0.2538,0.3571,0.1085,0
15.47,31.29,70.51,1002.2,0.0918,0.2621,0.2113,0.1521,0
17.03,24.62,130.91,2216.38,0.0745,0.2805,0.0023,0.2642,0
24.84,30.97,170.27,2327.58,0.1577,0.0769,0.1134,0.1397,1
27.41,16.72,162.92,197.66,0.0761,0.2273,0.1753,0.2096,1
28.93,19.06,168.48,2472.87,0.1264,0.079,0.1351,0.1893,1
24.89,19.36,180.69,1815.65,0.1557,0.3324,0.1559,0.1652,1
,9.8,190.03,1368.13,0.0542,0.2428,0.3942,0.2237,0
22.52,19.57,104.88,1059.29,0.1495,0.0515,0.1552,0.2005,0
16.5,33.9,131.0,1363.7,0.0993,0.0817,0.1801,0.167,1
12.11,36.82,166.51,906.11,0.129,0.2389,0.3273,0.2378,1
26.18,25.06,151.54,1609.54,0.0947,0.1773,0.3413,0.156,1
6.92,23.12,199.28,359.43,0.1335,0.263,0.0362,0.2286,0
27.64,9.96,42.19,1605.85,0.0805,0.1127,0.3028,0.2914,1
17.08,36.26,96.82,789.81,0.0526,0.2371,0.2075,0.2458,0
21.29,9.4,84.96,181.62,0.1637,0.0784,0.0576,0.1837,0
21.82,38.29,81.97,1444.39,0.052,0.1994,0.1138,0.2495,1
27.48,24.17,75.6,1505.14,0.1489,0.3361,0.0194,0.2618,1
21.28,19.6,153.46,1146.7,0.0703,0.2273,0.1549,0.1652,0
20.73,37.65,53.56,,0.0971,0.0365,0.1098,0.241,0
7.6,9.76,158.66,2248.29,0.1487,0.3463,0.1643,0.1869,0
18.44,27.02,150.95,1582.98,0.0747,0.0718,0.2495,0.2637,1
9.6,26.02,80.13,413.08,0.1539,0.257,0.3149,0.1591,0
23.7,15.8,80.45,1345.8,0.1097,0.1957,0.2603,0.2876,1
18.29,22.3,140.62,1313.52,0.0939,0.1171,0.2917,,0
22.33,29.22,161.95,282.55,0.1295,0.0785,0.3722,0.1707,1
7.0,31.54,180.24,1572.19,0.091,0.0786,0.3757,0.1839,0
8.04,9.02,176.34,2047.65,0.0917,0.3033,0.3701,0.1696,0
23.19,38.04,194.38,1907.66,0.138,0.3081,0.0659,0.1292,1
7.73,14.1,133.02,619.01,0.0872,0.1735,0.108,0.1137,0
7.71,16.24,185.38,2175.01,0.0741,0.0542,0.216,0.1644,0
6.29,17.17,169.36,948.4,0.1469,0.3118,0.1543,0.1917,0
28.96,10.17,183.15,2373.76,0.1466,0.1807,0.0566,0.1724,1
23.7,12.81,41.86,309.33,0.1097,0.1648,0.1237,0.1028,0
14.48,39.58,194.54,1287.45,0.1132,0.1544,0.4194,0.2158,1
13.12,18.77,115.76,1549.21,0.1335,0.1405,0.1492,0.129,0
14.39,12.57,167.71,724.45,0.1111,0.1936,0.1801,0.1422,0
24.59,12.32,60.35,1960.46,0.1,0.2195,0.0028,0.1241,0
21.87,31.3,103.35,1619.47,0.1694,0.1739,0.3093,0.2041,1
10.44,35.49,83.43,182.74,0.0677,0.3159,0.1778,0.119,0
10.18,16.97,86.67,1575.75,0.1211,0.1248,,0.1513,0
8.36,9.65,59.72,,0.1563,0.2108,0.4165,0.1903,0
21.85,15.92,168.92,602.63,0.1325,0.119,0.3343,0.1335,1
24.34,10.75,41.48,2489.97,0.1557,0.2686,0.3122,0.1892,1
12.36,12.21,90.0,2257.3,0.0904,0.0537,0.4119,,0
6.5,22.38,67.91,830.32,0.0826,0.0823,0.1752,0.2721,0
7.97,16.13,134.25,1416.93,0.1522,0.2844,0.309,0.259,0
29.23,24.99,80.68,886.95,0.0973,0.0805,0.0887,0.2986,1
13.09,16.86,81.44,1970.17,0.1352,0.2265,0.2998,0.2058,0
24.46,38.16,118.13,2335.58,0.0677,0.3402,0.0061,0.2151,1
20.99,37.08,144.43,986.84,0.1407,0.1926,0.0543,0.2893,1
15.17,26.57,59.41,2041.18,0.1159,0.0818,0.1829,0.1799,0
10.94,19.99,68.08,1316.24,0.0822,0.1258,0.0052,0.2111,0
8.91,20.82,79.55,1075.93,0.1093,0.2917,0.1986,0.1758,0
20.76,21.77,195.8,2354.68,0.1336,0.136,0.2248,0.2092,1
24.59,31.55,103.54,1344.56,0.0514,0.2588,0.2673,0.1162,1
21.45,23.0,135.84,1243.09,0.1265,0.2765,0.0432,0.2568,0
18.73,35.56,78.65,1726.95,0.115,0.1854,0.0778,0.2971,1
7.01,38.27,118.47,756.51,0.0764,0.2785,0.2637,0.1131,0
29.24,19.41,51.86,906.51,0.1404,0.1246,0.283,0.2602,1
25.17,26.38,45.56,2339.63,0.0864,0.1903,,0.1483,0
13.03,11.95,115.0,1741.33,0.0832,0.2466,0.2324,0.1395,0
29.52,15.21,103.79,2090.86,0.1065,0.0755,0.3375,0.2387,1
20.45,21.82,61.9,779.82,0.1311,0.1103,0.0297,0.1088,0
19.98,15.39,150.02,1423.34,0.1615,0.2352,0.1777,0.1926,1
23.95,36.17,198.86,,0.067,0.2363,0.1404,0.1003,1
25.48,13.91,103.3,892.14,0.0976,0.1828,0.3929,0.2109,0
21.76,23.13,139.93,518.72,0.058,0.2825,0.0799,0.1924,0
9.07,27.78,194.08,1345.69,0.141,0.1791,0.1369,0.2831,0
14.12,30.45,173.05,1055.26,0.1037,0.3108,0.3863,0.2441,1
28.27,20.88,114.17,516.6,0.1348,0.2628,0.1422,0.1252,1
11.39,35.94,158.0,2236.98,0.0887,0.1238,0.2285,0.1709,0
14.93,26.62,60.5,2478.11,0.1513,0.1504,0.0142,0.2863,0
16.37,22.62,121.94,1481.85,0.1142,0.2403,0.4235,0.2451,1
16.55,11.08,84.65,1968.24,0.1632,0.3152,0.3547,0.2189,1
20.71,23.41,65.79,2167.33,0.0595,0.079,0.2728,0.2118,1
28.63,34.44,108.2,1794.32,0.1117,0.1898,0.0261,0.1796,1
11.78,28.05,60.96,244.21,0.142,0.0592,0.0322,0.217,0
8.92,34.8,151.84,512.02,0.122,0.1122,0.2343,0.2543,0
10.74,24.31,113.0,307.53,0.0528,0.2464,0.1226,0.1255,0
27.29,12.67,124.98,163.32,0.1667,0.0457,0.2678,0.294,1
21.5,9.42,63.42,862.15,0.0858,0.2386,,0.1479,0
12.86,18.4,62.36,1065.96,0.0799,0.3173,0.3606,0.1895,0
25.58,30.64,133.35,708.83,0.1083,0.3399,0.121,0.1045,1
26.67,33.5,197.6,292.47,0.1151,0.0915,0.2485,0.2101,1
26.32,18.17,55.4,1390.48,0.142,0.2671,0.3343,0.1764,1
28.05,,85.72,785.03,0.0972,0.3257,0.211,0.15,1
,22.05,179.11,2018.65,0.1028,0.0502,0.3572,0.2971,0
24.12,21.73,51.56,159.0,0.1142,0.1566,0.0564,0.1856,1
17.05,16.17,180.14,2128.36,0.0973,0.3234,0.3156,0.1829,0
26.21,13.23,123.89,2393.22,0.1597,0.0869,0.4055,0.1926,1
23.48,15.1,105.32,1830.08,0.1522,0.3281,0.1427,0.1232,1
,10.72,89.55,1871.4,0.1046,0.194,0.1575,0.1786,0
21.75,15.14,87.54,2343.21,0.05,0.053,0.0359,0.1673,0
10.26,9.29,88.93,,0.1581,0.1685,0.2758,0.193,0
19.08,28.45,181.57,2487.17,0.0649,,0.2376,0.2713,1
29.63,18.81,155.81,1965.42,0.0793,0.1131,0.0173,0.1386,0
28.5,39.17,147.16,1854.71,0.0683,0.1987,0.3235,0.2215,1
7.04,15.01,167.8,992.17,0.0716,0.1796,0.3566,0.1075,0
9.96,19.72,81.14,1428.03,0.1463,0.179,0.3901,0.1634,0
9.16,20.09,138.89,1683.25,0.1195,0.0491,0.2347,0.1945,0
23.42,9.26,113.61,1604.01,0.1647,0.2848,0.1946,0.1149,1
25.63,35.02,165.19,1803.76,0.0778,0.1789,0.3767,0.2088,1
11.12,9.99,89.48,334.42,0.1083,0.2909,0.1714,0.1621,0
18.14,38.15,142.91,979.33,0.1673,0.2921,0.2818,0.2986,1
26.18,36.65,181.15,1164.24,0.1492,0.1247,0.2646,0.2262,1
23.59,25.6,104.34,755.09,0.1374,0.0214,0.16,0.1488,1
19.01,25.85,50.66,,0.0727,0.3207,0.0374,0.1205,0
20.17,29.27,122.57,467.87,0.1423,0.271,0.0092,0.1081,1
18.2,21.0,95.36,1004.66,0.0917,0.0554,0.1841,0.1182,0
13.14,29.06,147.56,1304.52,0.1137,,0.2069,0.236,0
19.56,10.39,192.17,288.62,0.1231,0.0266,0.3538,0.271,0
22.53,10.68,117.7,2373.64,0.1231,0.0292,0.1782,,0
26.96,23.17,114.59,1945.97,0.1372,0.1935,0.1209,0.1804,1
21.27,26.04,144.73,1864.81,0.1294,0.0517,0.1987,0.1708,1
24.27,36.52,56.56,547.95,0.0582,0.3382,0.1023,0.2289,1
9.84,12.24,80.56,1564.97,0.1049,0.315,0.0393,0.1365,0
17.08,34.5,187.04,1390.15,0.1297,0.2344,0.0486,0.2907,1
6.22,15.51,147.19,2458.63,0.0855,0.041,0.1372,0.2457,0
11.92,21.22,42.15,1904.51,0.0876,0.1272,0.0055,0.291,0
23.44,18.81,72.74,1498.8,0.0649,0.1427,0.0947,0.1555,0
29.8,21.4,149.25,2147.92,0.1002,0.1787,0.3386,0.2175,1
8.38,13.67,162.3,506.02,0.1684,0.0757,0.1009,0.2465,0
15.64,24.61,174.38,175.91,0.0842,0.2106,0.0476,0.2422,0
25.2,33.85,86.75,1768.95,0.1138,0.1638,0.4081,0.1043,1
10.9,,188.96,372.02,0.1392,0.3326,0.2677,0.2997,0
19.32,24.21,128.47,412.42,0.0516,0.3289,0.0258,0.2856,0
23.59,35.31,151.45,1897.45,0.1581,0.2066,0.0268,0.124,0
20.78,30.89,135.48,778.46,0.0964,0.2326,0.2632,0.2087,1
10.51,24.2,59.64,1623.57,0.1543,0.0655,0.2323,0.1629,1
14.53,16.99,194.1,2305.08,0.0547,0.0937,0.0294,0.2758,0
24.81,36.43,59.66,886.88,0.0675,0.3172,0.0965,0.2395,1
19.3,26.89,80.78,652.46,0.0887,0.2507,0.3995,0.1447,1
6.13,15.86,170.18,391.49,0.0915,0.0825,0.246,0.1068,0
24.26,17.34,138.98,447.89,0.1517,,0.1893,0.1583,1
6.85,33.9,174.1,286.85,0.0513,0.3285,0.1076,0.1076,0
23.9,10.37,122.52,346.84,0.1269,0.1339,0.0575,0.1283,0
10.86,39.75,100.32,1159.53,0.0658,0.0813,0.1731,0.2272,0
28.99,13.04,187.5,897.24,0.1488,,0.3966,0.249,1
14.83,33.68,45.8,1807.48,0.1434,0.1722,0.0209,0.1936,0
13.85,21.24,176.98,2193.77,0.11,,0.4261,0.2201,1
9.57,24.26,76.93,1992.06,0.0755,0.1083,0.0894,0.1312,0
13.33,36.3,175.8,1392.3,0.1261,0.3142,0.1758,0.1634,1
27.04,21.8,62.27,381.76,0.0688,0.2991,0.0194,0.2426,1
29.91,25.66,132.84,1815.05,0.0728,0.153,0.2515,0.173,1
14.84,,182.1,996.28,0.1252,0.0301,0.2079,0.1698,0
16.77,9.07,115.77,342.13,0.1689,0.1674,0.2867,0.1388,0
23.33,16.59,159.45,2128.22,0.1569,0.0797,0.2334,0.219,1
27.27,30.1,168.75,938.19,0.1212,0.0671,0.1712,0.2619,1
20.23,12.76,157.84,655.07,0.1146,0.1497,,0.1939,0
15.4,12.53,188.05,,0.1698,0.0527,0.0108,0.1231,0
15.9,21.74,111.49,2269.04,0.1157,0.336,0.2326,0.2677,1
22.69,29.08,,939.97,0.1004,0.0357,0.049,0.1143,0
6.08,31.07,47.65,977.33,0.1591,0.1525,0.1875,0.1943,0
20.87,14.53,79.43,1507.92,0.0781,0.0737,0.3402,0.1522,0
14.53,11.47,62.91,1870.92,0.0617,0.2473,0.0613,0.2873,0
25.06,38.15,129.27,289.03,0.1261,0.046,0.4024,0.2475,1
8.23,17.08,69.59,1540.29,0.0615,0.2004,0.3821,0.2133,0
20.12,35.45,46.23,2388.66,0.0948,0.2751,0.1784,0.2336,1
17.54,35.77,45.76,758.54,0.1008,0.3335,0.0026,0.2065,0
21.42,32.95,173.05,2284.83,0.1157,0.2505,0.3396,0.1295,1
7.56,14.23,134.63,2382.4,0.169,0.0528,0.3788,0.2418,1
19.92,34.48,97.29,775.2,0.0765,0.0492,0.0751,0.1985,1
19.48,32.85,183.08,1919.92,0.0951,0.2614,0.394,0.2269,1
19.46,27.5,51.23,703.51,0.0659,0.0911,0.3931,0.109,1
20.48,19.45,196.85,1880.76,0.1229,0.1676,0.2027,0.1284,0
22.24,17.14,138.61,2021.91,0.1373,0.3423,0.3432,0.2179,1
25.32,12.78,69.35,723.41,0.1078,0.2906,0.1913,0.1919,1
12.48_err,24.8,148.65,1829.45,0.0795,0.2994,0.2425,0.1454,0
25.8,27.14,162.14,2056.57,0.1245,0.3041,0.1375,0.1482,1
17.96,20.14,108.69,986.25,0.1147,0.2244,0.0686,0.2263,0
7.85,23.74,177.86,535.78,0.0705,0.2655,0.321,0.1118,0
7.41,20.27,64.12,357.04,0.0987,0.1385,0.0006,0.1869,0
14.02,28.87,84.61,1497.9,0.1022,0.3495,0.2492,0.2046,0
24.84,36.94,54.96,2448.31,0.1679,0.1123,0.3718,0.1616,1
22.98,14.08,73.74,2082.16,0.1519,0.2147,0.0951,0.2641,0
24.93,20.82,78.2,1168.58,0.1381,0.1131,0.1431,0.1114,0
18.41,13.37,186.82,1406.43,0.1567,0.057,0.2526,0.2732,0
16.56,28.37,52.5,799.69,0.1383,0.2073,0.1062,0.2447,1
9.54,31.59,108.39,524.84,0.1584,0.1366,0.3644,0.1893,0
13.88,37.89,125.18,1277.71,0.0565,0.2125,0.1576,0.2849,1
16.42,17.65,183.79,1233.86,0.1047,0.2044,0.2501,0.2404,0
8.13,38.46,199.63,1371.75,0.1396,0.1989,0.0972,0.2862,0
11.29,10.96,160.54,2388.62,0.12,0.0607,0.0178,0.1945,0
20.36,27.69,195.33,1565.19,0.071,0.1653,0.0747,0.1906,1
23.66,10.77,165.94,1569.62,0.0909,0.288,0.0199,0.2061,0
29.96,36.71,194.11,442.14,0.0881,0.124,0.2015,0.1131,1
28.39,25.42,153.16,2491.71,0.0814,0.1665,0.2523,0.2817,1
21.42,29.75,52.76,1963.91,0.0912,0.183,0.0192,0.2335,1
16.11,34.78,104.31,2210.2,0.1118,0.3047,0.0389,0.2235,1
21.27,13.66,143.46,1117.75,0.1526,0.2363,0.2088,0.2853,1
24.86,10.2,96.11,1325.02,0.139,,0.3436,0.2987,1
8.84,36.25,83.74,1372.12,0.1502,0.3055,0.27,0.1327,1
15.84,18.76,132.38,598.06,0.156,0.2946,0.045,0.2498,0
26.16,13.0,189.36,1767.19,0.0999,0.2687,0.3816,0.216,1
15.21,23.52,45.6,2271.03,0.0915,0.1738,0.3945,0.1922,0
19.72,27.55,163.08,526.35,0.0569,0.27,0.1397,0.2955,1
,9.96,155.64,343.71,0.1617,0.178,0.2649,0.2701,0
10.43,17.52,194.23,1882.2,,0.2631,0.2117,0.2393,0
14.69,10.02,188.91,784.76,0.1389,0.3104,0.4051,,1
14.03,22.03,161.96,1612.32,0.0954,0.3139,0.2188,0.2332,0
6.63,36.75,123.27,1781.99,0.1639,0.17,0.4128,0.2063,1
6.58,39.46,72.68,899.71,0.1004,0.3036,0.0857,0.1499,0
25.96,28.75,127.24,2063.74,0.148,0.0535,0.1486,0.1901,1
12.55,14.01,162.46,1437.97,0.0839,0.0536,0.336,0.1424,0
18.43,37.08,183.31,2190.84,0.0859,0.2009,0.337,0.2001,1
13.17,,166.35,1941.37,0.1215,0.2351,0.3148,0.244,1
28.58,13.77,71.24,2189.84,0.1698,0.0705,0.3696,0.1073,1
12.22,37.57,135.95,187.58,0.1121,0.1758,0.3021,0.2531,1
16.31,32.48,93.15,714.67,0.1624,0.0511,0.2735,0.104,0
26.95,31.68,41.47,352.42,0.1443,0.2187,0.1973,0.2035,1
26.21,30.98,72.04,1183.32,0.1455,0.3022,0.2008,0.2147,1
10.47,15.21,58.12,2240.31,0.1023,0.2634,0.1746,0.2522,0
25.26,15.54,174.84,1243.4,0.0964,0.1448,0.2667,0.2522,1
17.0,30.34,81.36,2145.32,0.073,0.348,0.1749,0.1835,1
17.59,15.81,85.55,912.14,0.1657,0.2388,0.0634,0.1133,0
9.2,,193.59,941.39,0.1651,0.289,0.0458,0.2387,0
7.93,33.24,100.65,2253.53,0.1396,0.241,0.3975,0.2022,1
23.47,33.3,41.53,1144.93,0.0856,0.3465,0.0106,0.1666,1
17.92,23.05,85.42,2003.85,0.0794,0.291,0.0454,0.147,0
16.48,33.56,59.09,698.48,0.1686,0.1914,0.1915,0.124,1
23.51,35.0,56.45,2379.17,0.058,0.1411,0.1131,0.159,1
24.37,29.3,52.4,1496.0,0.1512,0.2451,0.1745,0.1917,1
9.81,16.08,134.92,1932.0,0.0927,0.2148,0.0505,0.1955,0
20.65,17.49,70.3,351.26,0.1003,0.2277,0.0563,0.2165,0
9.25,18.76,97.8,,0.1498,0.1332,0.3443,0.1725,0
24.03,12.62,177.92,2266.45,0.0609,0.1615,0.3264,0.284,1
21.77,17.47,107.89,2209.81,0.0925,0.2042,,0.1992,0
28.96,15.5,186.51,250.48,0.1642,0.297,0.2871,0.1847,1
7.65,23.12,119.67,856.73,0.1339,0.2718,0.262,0.1096,0
7.37,37.16,103.81,1186.24,0.1406,0.0592,0.3067,0.2198,0
12.77,12.24,160.06,546.54,0.1409,0.101,0.204,0.2206,0
12.28,31.33,51.71,1862.8,0.0573,0.0288,0.1161,0.2167,0
11.93,30.31,54.32,575.45,0.0744,0.0226,0.2854,0.2775,0
27.75,11.97,144.32,958.07,0.109,0.094,0.1597,0.2526,1
,37.6,117.91,1705.34,0.0942,0.2838,0.0941,0.2735,0
12.53,26.62,166.47,1277.73,0.0993,0.3186,0.1757,0.1119,1
24.23,20.28,186.6,1883.03,0.1438,0.1493,0.3282,,1
16.79,32.45,102.14,2408.45,0.0518,0.2059,0.2046,0.1637,1
24.64,16.98,135.43,415.05,0.1293,0.253,0.1289,0.2314,1
7.57,30.5,120.11,1814.58,0.05,0.3345,0.3577,0.1897,0
17.7,10.23,197.06,683.61,0.0576,0.3213,0.3791,0.2555,0
6.81,35.02,172.97,1118.17,0.099,0.0389,0.1863,0.1769,0
7.5,22.89,185.88,217.56,0.1509,0.1019,0.1611,0.1443,0
27.75,28.74,80.69,460.74,0.0674,0.0362,0.2635,0.1582,1
9.34,15.86,163.6,894.67,0.1166,0.2235,0.0249,0.1365,0
18.78,29.99,82.48,947.09,0.1314,0.2545,,0.1396,1
15.87,32.94,73.4,,0.0775,0.1217,0.3364,0.1434,0
14.34,23.67,191.08,1890.68,0.1115,0.3018,0.1709,0.1032,1
27.6,28.15,43.09,2434.35,0.1594,0.1694,0.0751,0.2432,1
6.52,,194.46,1553.81,0.1115,0.3495,0.0124,0.1799,0
21.93,36.72,63.88,710.44,0.0689,0.0201,0.274,0.1045,1
29.12,24.43,171.11,913.27,0.1253,0.0561,0.1157,0.174,1
19.44,35.1,84.15,894.81,0.1211,0.1196,0.1995,0.2811,1
28.48,33.84,96.11,910.53,0.0532,0.0284,0.1661,0.2022,1
7.25,21.73,74.68,1728.2,0.0609,0.2782,0.0752,0.2974,0
16.05,16.13,133.68,1392.71,0.0688,0.0374,0.2186,0.208,0
12.24,21.59,95.7,1049.6,0.0664,0.2672,0.1976,0.2926,0
23.54,34.61,,491.85,0.0811,0.0373,0.2684,0.1404,1
29.55,16.06,42.5,192.25,0.1045,0.1034,0.1083,0.158,0
12.16,25.26,50.3,656.45,0.0946,0.2976,0.0923,0.24,0
21.7,33.99,55.95,393.63,0.1569,0.3339,0.3502,0.2974,1
10.75,19.96,107.04,1993.65,0.1235,0.1568,0.3019,,1
19.57,28.91,170.37,405.5,0.1551,0.3401,0.332,0.2107,1
17.13,16.61,182.11,1849.18,0.1132,0.2269,0.053,0.117,0
29.33,12.39,79.17,1050.15,0.0608,0.1572,0.0963,0.1729,0
20.6,33.63,131.9,313.17,0.1056,0.2849,0.2475,0.1173,1
14.39,12.07,162.94,2058.04,0.1486,0.1175,0.3686,0.1623,0
8.74,17.41,86.21,1507.93,0.0733,0.1077,0.3836,0.1518,0
9.63,35.51,105.44,696.4,0.0609,0.2367,0.3577,0.1777,0
11.41,19.74,123.84,2251.45,0.0895,0.1489,0.0187,0.2675,0
12.02,39.16,61.58,246.81,0.0967,0.0649,0.353,0.1301,0
26.41,39.37,44.16,616.29,0.0868,0.0421,0.3866,0.1612,1
19.47,17.32,64.45,1914.83,0.0662,0.28,0.0244,0.1522,0
18.56,10.27,140.3,1814.13,0.0801,0.2431,0.179,0.1592,0
8.75,30.86,51.78,822.68,0.1319,0.1559,0.2307,0.1721,0
26.64,22.98,70.35,286.38,0.0963,0.3158,0.1001,0.1489,0
23.35,12.12,94.06,2165.06,0.1259,0.1556,0.2222,0.2885,1
7.62,30.93,52.46,880.33,0.1144,0.2544,0.381,0.184,0
22.99,9.97,70.67,601.88,0.1159,0.32,0.3728,0.1228,1
19.04,35.98,185.8,1357.91,0.0798,0.2974,0.4041,0.1935,1
7.96,13.3,43.09,2288.14,0.1126,0.1887,0.2082,0.1369,0
17.0,12.95,144.55,242.77,0.0528,0.2446,0.1765,0.1432,0
17.63,14.45,101.51,1947.3,0.1018,0.1565,0.2863,0.157,0
9.98,38.77,147.62,1491.04,0.1187,0.2336,0.1792,0.125,1
28.7,30.49,134.19,1144.06,0.0718,0.105,0.018,0.2442,1
26.4,33.84,75.76,1896.03,0.0808,0.1635,0.3096,0.2584,1
22.06,21.33,175.55,2419.35,0.0763,0.0892,0.1208,0.1789,1
17.1_err,19.43,118.71,680.93,0.0585,0.0326,0.0211,0.2378,0
15.88,16.27,171.61,479.01,0.0917,0.2142,0.0089,0.1778,0
21.62,23.9,104.96,2294.4,0.1675,0.3053,0.4005,0.1328,1
19.09,26.11,197.55,1718.73,0.0925,0.0284,0.1084,0.1794,0
7.49,28.59,163.28,1173.65,0.1053,0.0847,0.1926,0.2114,0
18.3,16.97,194.55,1492.89,0.1284,0.1719,0.4087,0.1082,0
25.35,38.41,122.29,1899.65,0.1278,0.2397,0.201,0.2309,1
17.02,14.26,115.79,1964.36,0.164,0.0765,0.0338,0.2485,0
7.25,,160.87,2310.95,0.1529,0.0387,0.2373,,0
24.87,9.46,180.85,1147.35,0.1453,0.1913,0.0379,0.1206,0
10.83,23.91,194.26,832.45,0.1642,0.2902,0.0409,0.1,0
12.21,19.33,91.93,1649.61,0.0777,0.0316,0.3661,0.1147,0
9.95,22.92,167.79,,0.124,0.1353,0.1245,0.2848,0
13.93,26.69,,1543.25,0.1565,0.239,0.2918,0.2531,1
24.16,22.5,127.29,1131.17,0.1249,0.0631,0.2188,0.2671,1
18.47,21.86,68.78,501.07,0.1673,0.0979,0.0956,0.2034,0
10.92,31.71,95.58,1247.85,0.062,0.1967,0.2227,0.2053,0
27.07,30.26,189.02,1770.57,,0.3346,0.0297,0.1597,1
27.11,34.83,63.37,2026.31,0.1673,0.1148,0.1493,0.2686,1
26.89,16.75,141.18,1304.25,0.0955,0.1809,0.2248,0.266,1
11.73,27.9,134.87,529.96,0.1387,0.152,0.0982,0.1784,0
16.83,27.14,59.32,1118.66,0.0536,0.3161,0.2839,0.1659,1
29.64,20.46,92.16,1995.65,0.1334,0.0437,0.0223,0.2477,1
24.53,24.07,130.08,1114.35,,0.2068,0.2085,0.1052,1
6.65,18.73,69.95,1783.81,0.0959,0.2992,0.3074,0.272,0
7.56,13.4,168.1,1337.02,0.0526,0.3461,0.1849,0.1892,0
17.13,15.63,195.55,709.29,0.0533,0.2506,0.3761,0.1883,0
27.82,12.27,74.36,2018.92,0.157,0.1454,0.2718,0.2338,1
18.93,30.18,69.91,338.74,0.1367,0.1559,0.4122,0.2291,1
17.95,29.48,112.79,1378.74,0.0628,,0.1222,0.1532,0
8.53,38.47,159.64,632.98,0.0566,0.2192,0.4037,0.2887,1
21.76,31.62,85.06,298.27,0.1466,0.264,0.2609,0.2973,1
25.73,10.61,43.18,1326.92,0.1472,0.2904,0.3204,0.2052,0
15.13,36.41,126.6,1318.97,0.0645,0.1575,0.3879,0.2123,1
24.61,35.74,193.06,1808.29,0.0862,0.2565,0.237,0.2109,1
29.15,22.74,102.6,1897.61,0.1436,0.3224,0.3707,0.1972,1
10.89,27.16,107.22,1857.59,0.113,0.3239,0.2329,0.289,1
18.56,39.26,195.02,1106.56,0.1648,0.2523,0.2577,0.149,1
12.89,25.5,151.14,1630.79,0.1077,0.2302,0.1914,0.1216,0
25.03,37.06,155.07,1501.59,0.1312,0.1954,0.0626,0.2859,1
19.86,11.57,130.03,1134.89,0.1112,0.0805,0.238,0.1426,0
21.23,14.92,195.94,1549.42,0.1632,0.0608,0.4203,0.2498,1
25.15,22.66,150.22,2375.5,0.0978,0.1803,0.3385,0.1408,1
15.5,27.13,183.21,595.23,0.0776,0.0726,0.3214,0.292,1
27.96_err,34.3,151.9,2277.62,0.0892,0.2104,0.2766,0.2582,1
18.79,39.64,157.62,266.16,0.1523,0.2331,0.1496,0.2837,1
9.79,21.05,86.47,867.8,0.1098,0.1935,0.0729,0.2902,0
22.7,10.47,88.56,820.02,0.0925,0.032,0.0966,0.1169,0
25.04,33.84,165.28,1618.22,0.1153,0.0391,0.0027,0.1867,1
13.6,27.74,87.47,449.69,0.066,0.0574,0.2896,0.2296,0
26.57,15.15,130.04,2222.34,0.0506,0.0707,0.3491,0.2605,1
27.75,24.34,79.9,2095.38,0.0837,,0.1156,0.1483,1
12.65,32.01,170.72,1678.88,0.1226,0.1337,0.0395,0.2829,0
29.6,32.88,57.68,1221.86,0.1354,0.1164,0.1444,0.1442,1
9.38,24.49,172.71,2341.78,0.1492,0.0372,0.1256,0.2732,0
10.85,18.46,136.44,2100.56,0.1612,0.2297,0.1939,0.2025,0
10.42,39.19,69.91,1318.38,0.0995,,0.1136,0.2031,0
27.46,29.56,126.73,1796.42,0.1389,0.0779,0.1461,0.1748,1
21.7,21.66,85.2,1477.95,0.059,0.3233,0.3902,0.1207,1
9.65,17.69,91.75,1527.54,0.0569,0.2842,0.144,0.1694,0
16.57,31.66,96.24,921.1,0.065,0.096,0.3378,0.1853,1
20.77,16.51,50.13,,0.1038,0.1803,0.2691,0.1958,1
8.0,14.32,197.75,324.37,0.0754,0.1713,0.1451,0.2478,0
27.18,25.42,45.05,983.34,0.0844,0.135,0.3516,0.1704,1
,,146.0,1782.16,0.1277,0.2898,0.2559,0.1813,1
18.12,28.5,99.4,2389.59,0.093,0.0561,0.0037,0.2812,0
29.21,12.66,143.36,2412.83,0.1169,0.1571,0.0296,0.2505,0
16.03,29.3,97.0,1451.51,0.0995,,0.3236,0.1046,1
29.62,17.78,147.8,1571.63,0.0703,0.1747,0.192,0.2624,0
22.03,9.01,156.68,578.3,0.0589,0.3042,0.1744,0.298,0
21.23,12.94,150.49,1780.93,,0.092,0.0627,0.288,0
9.98,37.94,58.23,306.75,0.0569,0.054,0.0676,0.2672,0
27.17,35.89,145.1,811.86,0.1242,0.2239,0.343,0.2258,1
16.26,16.24,84.8,1717.34,0.1455,0.0774,0.3565,0.1556,1
9.89,33.13,44.61,872.33,0.0908,0.0447,0.2408,0.2309,0
6.3,27.87,106.37,257.64,0.0965,0.1608,0.1269,0.2391,0
19.43,39.1,109.37,2103.21,0.1479,0.0925,0.4011,0.1563,1
18.66,20.58,114.75,872.38,0.0767,0.1392,0.2683,0.1511,0
23.26,30.13,152.77,288.93,0.0643,0.1057,0.3426,0.1794,0
27.37,10.97,89.42,316.5,0.1101,0.0506,0.0014,0.2282,0
7.91,21.28,90.44,734.15,0.1275,0.2049,0.1936,0.1586,0
23.56,38.88,49.69,560.12,0.122,0.0289,0.3745,0.2111,1
10.5,25.71,149.89,1967.35,0.1357,0.3389,0.1454,0.2798,1
26.6,17.92,130.85,899.17,0.0568,0.1326,0.3124,0.159,1
25.66,12.73,95.91,2039.08,0.1014,0.2494,0.2828,0.2932,1
18.98,30.81,152.83,550.28,0.0786,0.2874,0.0655,0.1947,0
23.05,28.99,125.98,1303.19,0.1411,0.1121,0.3332,0.1202,1
13.54,20.59,115.08,1763.77,0.1547,0.2671,0.0484,0.111,0
17.31,38.48,121.81,1678.7,0.0838,0.2947,0.313,0.1677,1
25.72,9.69,141.82,1558.67,0.0614,0.0996,0.4261,0.1518,0
17.02,18.42,145.6,2322.58,0.0804,0.3475,0.4119,0.2687,1
14.59,37.55,86.23,679.32,0.0625,0.0268,0.3441,0.2475,1
17.86,18.95,62.52,1305.18,0.0887,0.0916,0.2298,0.2769,1
25.88,16.82,65.06,2226.22,0.1146,0.2774,0.2902,0.2179,1
14.04,25.56,142.3,,0.1668,0.0841,0.3131,0.1871,0
10.17,34.54,179.66,271.9,0.0979,0.2504,0.0036,0.1541,0
23.09,12.2,105.52,690.59,0.0764,0.3023,0.044,0.2166,0
25.82,38.23,67.12,1633.93,0.07,0.3365,0.2567,0.2236,1
8.42,33.65,161.06,,0.0708,0.1765,0.0028,0.1786,0
11.76,,173.2,588.97,0.0731,0.3405,0.3908,0.2873,0
9.41,31.07,180.89,1222.77,0.1415,0.1558,0.2106,0.228,1
14.35,20.93,,1588.09,0.0573,0.092,0.1108,0.2675,0
16.81,21.47,177.72,726.6,0.1697,0.1896,0.1693,0.2241,1
23.97,33.28,42.47,849.63,0.1127,0.2344,0.3658,0.1633,1
21.63,,57.16,1588.0,0.1153,0.1711,0.3987,0.2473,1
20.9,12.93,54.81,2371.94,0.0929,0.2071,0.05,0.1461,0
14.46,22.04,154.02,1732.39,0.1328,0.1574,0.3345,0.2193,1
26.19,23.91,51.13,1987.65,0.1066,0.1932,0.2486,0.1805,1
17.31,20.67,119.42,1005.67,0.0895,0.3344,0.2518,0.13,0
29.5,20.26,115.63,782.52,0.0818,0.1849,0.3352,0.1826,1
21.22,10.62,89.71,1212.07,0.1611,0.1035,0.0958,0.1621,0
9.03,30.25,179.26,2044.83,0.0849,0.2704,0.2283,0.1224,1
22.23,22.52,67.27,1216.87,0.1024,0.1314,0.1373,0.2648,1
13.8,15.04,96.39,2138.27,0.092,0.2893,0.0406,0.1997,0
22.47,34.3,163.87,2473.5,0.0603,0.0388,0.0452,0.1693,1
7.67,33.88,44.87,309.98,0.0723,0.1296,0.0587,0.201,0
10.2,,147.67,247.17,0.0727,0.0511,0.2644,0.2509,0
26.54,18.25,170.62,493.03,0.1332,0.0482,0.0455,0.1037,0
11.45,28.78,189.16,,0.0988,0.2373,0.2451,0.2094,0
26.09,17.93,180.21,449.26,0.1438,0.1472,0.253,0.1958,1
12.7,16.32,91.1,2194.77,0.1351,0.3076,0.3887,0.2786,1
21.43,31.65,133.82,194.63,0.073,0.1904,0.2693,0.2112,0
22.66,10.25,52.37,885.27,0.1176,0.1175,0.4238,0.1275,1
18.3,11.94,81.26,575.88,0.1391,,0.0133,0.1777,0
13.33,9.21,55.08,2338.43,0.126,0.2259,0.3028,0.2242,0
11.1,13.74,90.43,1719.98,0.122,0.2839,0.0114,0.1092,0
6.8,11.14,180.03,2292.39,0.1388,0.2324,0.3136,0.2769,0
13.29,,95.55,2434.7,0.0568,0.0751,0.1659,0.1136,0
21.68,17.95,129.9,1313.15,0.1378,0.2412,0.2629,0.1061,1
28.52,13.63,109.34,692.99,0.0827,0.1492,0.1331,0.1004,0
26.91,16.47,113.43,597.2,0.1186,0.1728,0.0684,0.2367,1
24.39,38.02,195.13,666.09,0.0791,0.3241,0.3111,0.1912,1
24.92,25.12,87.38,1812.28,0.1507,0.1388,0.389,0.1206,1
21.96,20.31,140.37,235.45,0.1077,0.2219,0.0789,0.2712,0
12.25,36.08,107.21,261.21,0.1272,0.1399,0.3959,0.1405,1
27.77,21.24,49.78,1575.22,0.1453,0.0513,0.0603,0.1653,1
22.1,19.39,118.29,1655.25,0.1574,0.1697,0.3163,0.1355,1
19.45,15.43,170.13,1710.02,0.1378,0.217,0.4126,0.2854,1
8.66,20.71,55.8,1017.64,0.0679,0.1545,0.0634,0.2516,0
16.73,18.82,51.13,2042.03,0.1525,0.1489,0.1871,0.2448,0
17.05,30.0,64.58,1399.35,0.1242,0.2907,0.1451,0.1088,1
26.75,17.98,162.3,388.9,0.1231,0.0298,0.167,0.2045,1
19.12,26.89,155.84,2021.15,0.1606,0.1175,0.3239,0.2151,1
15.13,11.04,130.4,2389.24,0.0799,0.2879,0.2843,0.1765,0
29.44,14.93,114.92,281.69,0.0788,0.3238,0.4165,0.1644,1
8.66,21.63,182.13,1063.59,0.1116,0.1561,0.0798,0.2704,0
16.14,38.05,162.67,1290.54,0.1401,0.3133,0.2336,0.1046,1
7.01,20.69,169.91,485.67,0.1037,0.0856,0.1931,0.2251,0
23.76,29.59,170.12,2187.79,0.1261,0.0931,0.3951,0.1788,1
28.03,16.91,142.83,810.59,0.1043,0.2992,0.0046,0.2332,1
12.72,12.94,113.28,1987.9,0.1232,0.3181,0.4253,0.1396,0
26.6,10.81,178.35,1723.55,0.1487,0.0935,0.2063,0.1477,1
13.01,18.47,188.16,1551.39,0.0717,0.0396,0.269,0.2174,0
27.86,13.89,43.81,,0.1334,0.0498,0.1548,0.296,0
24.1,14.39,48.25,660.86,0.1445,0.1063,0.3666,0.2949,1
25.32,32.58,193.4,251.74,0.1037,0.2713,0.2417,0.1498,1
6.43,9.49,84.35,708.08,0.0888,0.1883,0.285,0.1205,0
29.11,26.29,179.74,955.25,0.0516,0.1703,0.279,0.2181,1
23.44,20.76,102.21,2106.22,0.1457,0.2128,0.1565,0.184,1
13.31,24.7,59.06,1004.69,0.0894,0.3138,0.0327,0.2523,0
25.91,26.45,52.87,1920.91,0.0929,0.0498,0.3473,0.2056,1
12.76,18.71,65.04,1177.08,0.0903,0.2493,0.1246,0.2021,0
26.95,18.15,79.98,1992.29,0.1098,0.3258,0.365,0.2293,1
8.7,31.74,118.16,2444.0,0.1343,0.0904,0.2617,0.1253,1
22.89,36.01,152.24,706.03,0.1426,0.2965,0.1521,0.2354,1
18.98,14.97,197.82,2175.13,0.0971,0.2503,0.2555,,1
8.32,12.03,110.64,1607.5,0.1296,0.0248,0.2776,0.264,0
11.81,36.83,122.91,2068.81,0.1365,0.0964,0.3039,0.1277,0
6.3,19.85,123.49,1677.74,0.0856,0.2199,0.3536,0.1601,0
17.25,26.09,126.31,1140.52,0.0616,0.1858,0.0687,0.29,0
13.23,20.15,122.84,678.26,0.1574,0.1942,0.406,0.2106,0
20.36,12.9,41.4,305.28,0.1313,0.0965,0.1767,0.2859,0
13.13,27.27,40.28,1403.82,0.1278,0.2428,0.37,0.2378,1
13.2,25.28,55.63,2477.17,0.0571,0.1079,0.0948,0.2853,0
23.84,15.29,56.25,1881.78,0.1481,0.1485,0.0125,0.1636,0
7.16,23.01,152.78,912.54,0.1179,0.1417,0.2465,0.1181,0
27.67,33.71,72.79,2092.2,0.1517,0.2418,0.1396,0.2604,1
26.45,27.3,183.15,1954.8,0.1669,0.0498,0.4233,0.2609,1
22.03,12.0,188.58,804.66,0.1649,0.0878,0.0449,0.2238,0
20.24,25.99,196.14,173.77,0.1527,0.0862,0.0203,0.2159,0
27.42,30.78,190.25,418.86,0.0513,0.0558,0.0194,0.283,0
10.45,33.57,83.5,2210.44,0.1563,0.0885,0.0933,0.1353,0
7.9,28.5,121.56,2114.29,0.059,0.2203,0.2491,0.2233,0
11.75,13.73,68.07,836.69,0.1521,0.2616,0.2174,0.11,0
25.07,31.02,168.99,813.06,0.0836,0.2379,0.1505,0.1282,1
6.83_err,30.0,182.15,2011.16,0.1232,0.1768,0.0382,0.1875,0
19.99,9.76,176.21,2353.06,0.0546,0.0373,0.1005,0.2642,0
29.89,21.76,109.34,1978.76,0.1425,0.3365,0.0792,0.2466,1
26.54,19.32,161.39,1569.17,0.0634,0.0755,0.3206,0.2948,1
,29.75,55.61,712.7,0.0993,0.2406,0.3354,0.109,1
7.53,15.7,46.44,1380.77,,0.3213,0.3341,0.1763,0
25.95,27.32,160.52,691.09,0.1334,0.2503,0.4167,0.1318,1
20.38,37.31,108.06,2046.91,0.0507,0.092,0.3802,0.1074,1
8.76,33.73,199.29,1053.23,0.0984,0.1242,0.2141,0.1529,0
8.25,37.57,55.56,2107.53,0.055,0.03,0.1784,0.1489,0
27.83,39.33,176.9,1040.6,0.1308,0.2222,0.3938,0.184,1
22.06,9.33,116.8,,0.1663,0.2223,0.2628,0.128,0
25.9,28.3,172.34,926.63,0.1286,0.2594,0.1266,0.1977,0
27.1,21.8,170.74,,0.0769,0.0236,0.2427,0.284,1
19.72,35.66,186.56,1592.55,0.0926,0.2899,0.4266,0.2496,1
18.42,16.81,87.66,305.88,0.1672,0.2638,0.3653,0.2684,0
16.33,39.41,191.97,2377.77,0.0769,0.0665,0.121,0.2609,1
13.61,28.02,64.27,1493.71,0.1174,,0.4098,0.1779,0
,33.6,53.12,1338.46,0.0981,0.2307,0.422,0.2418,1
24.57,11.65,109.06,2120.97,0.1422,0.1836,0.0994,0.2509,1
20.45,14.69,172.53,2183.2,0.1541,0.058,0.3851,0.1411,1
27.42,32.51,115.75,1372.53,0.0909,0.0488,0.3798,0.2721,1
16.64,9.68,172.69,2328.34,0.1292,0.2779,0.0171,0.1915,0
20.57,34.32,156.75,292.78,0.1159,0.0715,0.288,0.1033,1
21.15,9.43,,407.21,0.0834,0.0768,0.1313,0.2287,0
20.2,29.37,191.82,1548.42,0.0826,0.2942,0.2901,0.2354,1
22.86,20.32,49.72,975.6,0.1146,0.222,0.3928,0.2104,0
11.7,27.96,183.72,1235.57,0.0685,0.2196,0.2145,0.1425,0
18.3,30.58,88.71,914.27,0.1473,0.1782,0.1782,0.1965,1
8.5,19.62,120.02,1095.15,0.0583,0.2078,0.3963,0.18,0
15.23,12.35,107.58,2081.45,0.0613,0.2186,0.4189,0.2949,1
17.7,11.16,67.49,1540.6,0.0911,0.3394,0.0268,0.2649,0
21.65,27.26,97.3,2493.73,0.0642,0.0936,0.3968,0.2524,1
28.81,25.14,70.87,1997.03,0.1071,0.0908,0.0356,0.1362,1
20.42,32.01,72.62,785.85,0.098,0.0389,0.145,0.1662,1
23.85,24.8,69.93,763.85,0.1366,0.2372,0.3279,0.1759,0
18.15,22.1,118.24,932.72,0.1644,0.2012,0.3341,0.1985,1
21.22,21.34,167.67,2130.09,0.1404,0.0567,0.3121,0.106,1
7.7,9.82,,204.4,0.0715,0.1403,0.0168,0.2186,0
12.11,19.4,182.91,683.23,0.1623,0.079,0.0572,0.1716,0
14.68,39.26,141.85,2275.61,0.0971,0.1294,0.4026,0.2123,1
17.34,36.08,150.29,1650.16,0.1069,0.3339,0.035,0.1018,1
7.1,19.21,146.82,675.36,0.1006,0.2455,0.0338,0.1643,0
9.36,27.22,111.91,657.18,0.0837,0.0225,0.3593,0.2537,0
12.64,35.27,150.29,2175.78,0.1574,0.1033,,0.2002,1
29.32,22.68,51.15,2249.27,0.0899,0.0234,0.1512,0.2578,1
13.95,9.56,177.58,744.47,0.1194,0.2559,0.0713,0.2398,0
17.57,11.31,164.45,1132.4,0.0788,0.1749,0.3802,0.271,1
10.71,24.82,79.24,2109.65,0.1457,0.348,0.4251,0.1015,0
20.66,39.05,162.89,1959.58,0.1429,0.2621,0.0215,0.1523,1
12.74,30.49,42.02,2060.84,0.0856,0.1909,0.2383,0.2098,1
10.97,11.2,74.76,1363.42,0.1318,0.2856,0.1124,0.2882,0
18.4,14.87,50.42,2291.26,0.1345,0.2526,0.3579,0.236,1
6.13,32.91,164.84,909.25,0.1175,0.1004,0.1488,0.1913,0
6.18,35.08,160.94,509.75,0.1221,0.195,0.3073,0.126,0
,28.15,170.18,1812.61,0.1189,0.2035,0.232,0.1986,0
6.88,28.98,40.72,1412.88,0.0598,0.1689,0.2329,0.1882,0
8.59,9.88,120.2,2156.82,0.1304,0.0791,0.3689,0.2557,0
,34.68,152.77,331.54,0.1064,0.0937,0.2023,0.1827,0
25.26,33.44,64.86,2131.11,0.1026,0.1127,0.3636,0.1638,1
19.73,17.03,143.97,832.18,0.1532,0.0234,0.1563,0.1179,0
18.3,30.97,53.46,1685.46,0.0528,0.3226,0.0752,0.1093,0
13.04,15.66,69.01,234.7,0.0802,0.2464,0.1959,0.1878,0
28.36,10.25,116.13,1578.61,0.0646,0.2476,0.2143,0.1694,1
15.53,15.24,144.57,1832.76,,0.2089,0.2057,0.2111,0
8.09,14.54,63.34,1010.25,0.0831,0.2475,0.3476,0.2424,0
20.81,19.47,,648.37,0.1686,0.344,0.2428,0.108,0
8.73,21.97,72.71,1408.81,0.0824,0.1471,0.382,0.1992,0
14.29,24.76,78.19,2106.33,0.1296,0.2551,0.2211,0.2724,1
18.18,23.78,76.25,903.57,0.0642,0.1386,0.0966,0.191,1
26.98,17.39,103.22,735.83,0.1222,0.3019,0.0557,0.2042,1
17.85,9.9,144.61,,0.1681,0.3031,0.3734,0.1974,1
22.85,27.76,110.09,2379.95,0.085,0.3177,0.0242,0.178,1
29.83,21.27,164.16,987.89,0.1518,0.0218,0.0506,0.122,1
9.16,18.26,155.08,148.51,0.1697,0.1184,0.0274,0.1253,0
12.59,35.88,60.24,1984.77,0.1206,0.0642,0.1822,0.1358,0
15.47,32.15,47.81,1790.29,0.0871,0.1698,0.229,0.2585,1
16.12,35.59,180.47,443.42,0.1308,0.1835,0.0085,0.1551,0
15.86,24.34,52.77,2464.37,0.1514,0.1044,0.2217,0.2896,1
27.78,13.06,63.73,1575.03,0.0706,0.2587,0.1693,0.262,1
23.14,30.58,43.54,1321.84,0.1043,0.109,0.3327,0.2369,1
20.59,15.39,140.53,1042.04,0.0883,0.3018,0.3569,0.2441,1
13.42,22.68,133.18,2260.87,0.084,0.0786,0.2945,0.1095,1
25.77,11.02,197.9,715.75,0.1533,0.1412,,0.2137,0
28.92,34.58,181.91,814.41,0.1006,0.2253,0.0929,0.2882,1
25.71,12.9,105.73,428.89,0.0907,0.2198,0.3643,0.1078,1
6.04,37.0,99.45,1931.52,0.1224,0.0457,0.1469,0.1582,0
21.27,35.79,87.5,1545.5,0.0763,0.2993,0.1532,0.1103,0
7.23,23.4,64.39,1577.4,0.0776,0.2174,0.3939,0.2139,0
12.18,32.08,62.09,655.59,0.1124,0.3071,0.4195,0.1232,1
7.43,28.2,61.17,1676.76,0.0991,0.3063,0.3862,0.1959,0
20.49,33.9,58.26,1946.48,0.0854,0.2002,0.4292,0.244,1
22.48,22.39,78.48,984.62,0.0565,0.3206,0.3736,0.1329,1
8.75,33.36,89.07,2031.18,0.1125,0.3,0.3029,0.2511,1
15.21,23.34,193.85,963.15,0.148,0.3362,0.1263,0.112,0
16.95,38.17,132.56,1929.21,0.1522,0.3007,0.4098,0.1299,1
14.86,24.08,198.02,219.6,0.0783,0.291,0.3769,0.156,0
8.9,23.34,99.59,1440.75,0.122,0.1749,0.1035,0.2592,0
16.05,33.34,113.22,2428.08,0.1527,0.09,0.2103,0.27,1
24.03,34.47,91.93,2455.74,0.099,0.3205,0.0301,0.1441,1
7.7,26.19,69.26,804.94,0.1619,0.2584,0.4099,0.1192,0
7.92,14.57,62.91,1181.7,0.1584,0.113,0.2463,0.2696,0
14.51,23.5,191.21,288.63,0.075,0.1325,0.1054,0.2299,0
28.6,39.01,197.89,2201.09,0.0811,0.2464,0.1257,0.1316,1
22.05,32.34,47.19,1481.83,0.0717,0.1777,0.4217,0.2115,1
22.29,34.15,64.06,1048.84,0.0735,0.0469,0.2647,0.2745,1
14.69,10.02,107.76,406.14,0.1589,0.0667,0.1809,0.1139,0
20.25,23.5,69.81,2374.37,0.1617,0.2661,0.2149,0.1167,1
6.24,29.05,98.22,1391.32,0.0562,0.1284,0.0424,0.1547,0
21.27,34.73,60.66,807.71,,0.1875,0.0323,0.2305,1
27.92_err,10.53,113.04,966.51,0.1177,0.273,0.2549,0.1356,1
20.7,35.43,,778.85,0.0969,0.2679,0.2202,0.2633,1
26.97,26.0,96.3,1560.27,0.1258,,0.1544,0.2501,0
23.38,15.12,55.09,2334.71,0.1637,0.0525,0.2434,0.2122,1
8.89,18.83,108.5,2161.8,0.0704,0.2151,0.0313,0.1232,0
27.66,17.74,197.32,1226.5,0.0644,0.2647,0.4059,0.2976,1
7.59,25.46,92.61,2090.54,0.054,0.0692,0.1263,0.198,0
18.82,10.6,180.23,1138.53,0.0937,0.1427,,0.1904,0
9.41,13.91,174.91,735.44,0.0905,0.3072,0.0729,0.2991,0
6.28,34.19,192.33,2460.86,0.1017,0.3316,0.0411,0.2728,0
16.13,13.11,166.42,857.17,0.1104,0.1698,0.0768,0.1913,0
13.08,16.24,145.54,903.99,0.1409,0.0462,0.1792,0.1838,0
17.66,23.05,177.05,2475.68,0.0971,0.105,,0.1192,0
19.85,25.03,52.1,456.07,0.0897,0.0969,0.1171,0.2853,1
7.05,32.67,114.05,1934.86,0.1492,0.0989,0.1874,0.2688,0
8.95,22.87,198.28,2348.52,,0.183,0.3994,,0
19.41,33.49,163.14,1347.84,0.0779,0.2125,0.1272,0.2507,0
14.24,28.17,193.93,145.95,0.0878,0.0604,0.3417,0.2525,0
23.5,12.51,164.74,1025.14,0.149,0.3135,0.0679,0.1456,0
21.65,13.85,179.98,403.3,0.0595,0.2246,0.0767,0.2227,0
26.29,22.55,153.04,1122.2,0.0891,0.2171,0.1961,0.151,1
22.62,21.3,161.68,2004.46,0.1038,0.3458,0.1007,0.258,1
16.32,32.05,123.71,1175.36,0.0724,0.2273,0.3883,0.1308,1
22.15,27.0,187.88,1159.34,0.0716,0.3266,0.0218,0.2338,1
12.61,21.03,172.01,1454.02,0.101,0.1145,0.2568,0.1652,0
13.35,14.29,175.02,1512.79,0.1405,0.0992,0.2598,0.1072,0
24.94,16.03,147.68,2160.86,0.1508,0.1905,0.0284,0.1247,0
16.71,26.84,88.73,867.72,0.1675,0.1878,0.315,0.231,1
25.16,22.13,45.7,2079.14,0.0589,0.0947,0.2016,0.148,1
25.74,24.96,189.7,1475.6,0.076,0.2509,0.3109,0.2262,1
26.58,14.29,133.78,849.25,0.1408,0.0298,0.3556,0.183,1
28.0,29.55,87.7,836.5,0.1149,0.2479,0.1388,0.2385,1
16.34,35.43,63.86,992.28,0.0893,0.1709,0.2083,0.1986,1
13.65,17.0,172.72,1609.56,0.0747,0.2474,0.1121,,0
19.97,24.24,173.84,684.72,0.0837,0.1774,0.0867,0.1292,0
14.91,39.24,170.32,2311.99,0.1015,0.3425,0.0003,0.1682,1
20.43,19.33,143.21,1496.79,0.0713,0.1304,0.4144,0.227,0
22.93,27.45,98.56,2311.24,0.1657,0.3442,0.1896,0.2481,1
22.52,11.8,88.65,249.51,0.0629,0.0414,0.0056,0.1321,0
14.99,27.79,41.37,948.56,0.1683,0.2456,0.0038,0.2329,0
10.0,11.78,173.38,193.83,0.151,0.1699,0.124,0.1359,0
16.33,38.74,53.99,782.51,0.1008,0.2913,0.006,0.1444,0
9.42,31.19,140.92,2174.34,0.1388,0.2806,0.161,0.2063,0
27.36,33.43,120.65,226.4,0.1306,0.2841,0.0271,0.1578,1
14.3,30.83,124.27,1169.31,0.0756,0.0513,0.0169,0.2323,0
9.71,27.28,188.27,417.46,0.0907,0.2914,0.2878,0.2912,0
6.61,22.95,45.06,1123.74,0.1116,0.0906,0.3899,0.1298,0
21.5,35.61,163.74,2119.69,0.1265,0.0285,0.176,0.2141,1
21.29,38.66,48.33,1610.45,0.1151,0.0919,0.3598,0.2847,1
14.17,24.47,46.1,1878.74,0.1068,0.1782,0.0126,0.1353,0
7.72,37.88,108.77,963.89,0.1032,0.2649,0.3344,0.1734,1
15.83,27.08,50.09,2368.78,0.1098,0.0921,0.027,0.1247,0
13.47,25.69,166.26,1813.86,,0.0573,0.3605,0.2284,0
22.25,23.09,124.73,1135.45,0.115,0.2332,0.3794,0.2338,1
20.54,15.49,44.65,1146.46,0.1566,0.3447,0.338,0.2328,1
14.75,9.12,46.48,2308.09,0.1259,0.2183,0.3529,0.2084,0
11.23,16.49,138.03,1500.32,0.1367,0.248,0.2414,0.2493,0
29.71,24.8,168.98,1807.05,0.1217,0.2052,0.1139,0.1072,1
16.9,20.78,110.05,1124.2,,0.2782,0.2766,0.2915,1
22.52,22.9,128.73,667.91,0.1194,0.342,0.189,0.1444,1
9.37,39.4,167.97,1847.6,0.0532,0.1996,0.0023,0.1243,0
17.65,19.86,137.68,1574.46,0.17,0.1575,0.205,0.2882,1
6.66,23.02,75.96,1323.17,0.054,0.3039,0.28,0.2661,0
18.13,,,1612.69,0.0974,0.34,0.006,0.253,0
29.14,10.49,140.52,631.55,0.0626,0.0626,0.2672,0.1209,1
15.22,33.04,157.46,2013.7,0.0616,0.2108,0.2806,0.2615,1
6.94,26.69,139.34,2377.66,0.1452,0.2815,0.068,0.2218,0
6.74,32.58,195.08,2243.0,0.1011,0.196,0.1854,0.2464,0
15.31,13.65,71.57,898.59,0.1461,0.155,0.4147,0.2956,0
9.84,26.73,192.17,1098.17,0.0827,0.2362,0.3802,0.1389,0
6.56,16.86,126.13,2047.83,0.0808,0.1091,0.1767,0.2009,0
24.15,16.07,147.51,1544.48,,0.1352,0.1504,0.2507,1
17.0,9.36,55.91,1433.08,0.1239,0.3475,0.0534,0.1867,0
12.94,13.04,100.89,2326.88,0.1478,0.23,0.0151,0.1109,0
27.6,18.59,163.1,1405.02,0.1043,0.3081,0.1279,0.1223,1
8.79,12.62,153.11,1355.26,0.0955,,0.4043,0.2204,0
28.94,39.56,46.42,239.16,0.1668,0.2352,0.4122,0.157,1
13.54,18.57,127.46,303.82,0.064,0.2974,0.3494,0.1276,0
27.32,13.04,54.12,157.51,0.1084,0.1148,0.1509,0.168,1
20.47,15.17,199.34,2295.26,0.099,0.2302,0.0618,0.1402,0
25.84,27.22,183.57,1103.79,0.0618,0.2149,0.2561,0.1048,0
29.62,10.99,43.37,1245.8,0.0822,0.2254,0.278,0.1304,1
12.92,35.74,177.38,2135.11,0.0534,0.0756,0.1826,0.2766,1
29.07,38.81,187.11,,0.1552,0.1115,0.2974,0.1024,1
15.35,16.65,96.57,1578.42,0.1229,0.1146,0.3211,0.2548,0
15.25,22.95,155.12,839.82,0.1478,0.2186,0.3367,0.2507,1
14.17,9.69,110.74,2108.02,0.1126,0.3409,0.216,0.2128,0
18.99,28.86,144.84,531.36,0.1219,0.3348,0.3404,0.1417,1
9.7,21.83,94.45,265.43,0.1341,0.095,0.011,0.2756,0
19.29,17.37,91.61,592.18,0.159,0.1206,0.2926,0.195,0
19.0,15.41,107.91,771.86,0.061,0.0319,0.1013,0.1346,0
,29.27,63.29,806.25,0.0897,0.1516,0.1163,0.1858,1
26.01,21.9,172.98,1722.41,0.1351,0.2954,0.0393,,1
16.57,14.57,95.79,654.07,0.165,0.3222,0.0827,0.1752,0
13.26,30.36,104.02,1736.91,0.1677,0.098,0.4266,,1
12.22,26.52,183.05,355.07,0.1266,0.1077,0.1786,0.172,0
10.67,35.62,119.46,487.4,0.0732,0.0929,0.3989,0.2314,1
7.38,12.64,127.08,1340.82,0.0643,0.1355,0.07,0.2872,0
14.22,33.36,193.04,2315.67,0.1635,0.2856,0.0877,0.1696,1
12.49,29.88,181.88,2168.58,0.1021,0.2335,0.2399,0.1711,0
29.19,12.57,67.11,2426.26,0.0734,0.2794,0.1503,0.2477,1
19.39,30.54,115.71,1675.13,0.1621,0.2124,0.2769,0.2061,1
14.33,22.69,195.41,,0.0625,0.1051,0.1815,0.1858,0
19.93,38.29,99.58,1615.05,0.1375,0.0952,0.349,0.2628,1
9.34,13.39,99.45,1609.85,0.125,0.023,0.1856,0.2782,0
16.66,28.93,71.2,487.2,0.0605,0.2777,0.2461,0.2181,0
21.03,20.84,58.29,1423.22,0.0906,0.2996,0.1381,0.137,1
17.73,38.66,158.45,1051.12,0.068,0.2735,0.3027,0.1933,1
15.64,19.23,163.2,1184.39,0.1225,0.0446,0.2815,0.2009,0
29.85,38.83,195.04,1375.7,0.1073,0.2715,0.1707,0.1864,1
27.13,36.95,163.75,443.01,0.0505,0.0351,0.1187,0.1525,1
20.96,17.38,78.94,988.39,0.1671,0.0548,0.2641,0.1945,1
19.67,33.91,46.42,289.74,0.092,0.1654,0.4056,0.1893,1
20.9,39.86,197.67,2452.02,0.081,0.1771,0.057,0.1419,1
10.83,16.83,94.47,419.73,0.0767,0.2893,0.3436,0.2807,0
15.48,22.54,89.92,750.12,0.0691,,0.2335,0.2771,0
6.95,25.13,184.95,2243.45,0.1699,0.0706,0.226,0.2519,0
17.41,18.14,133.62,1279.2,0.0854,0.0946,0.4135,0.1802,1
19.03,9.47,74.38,460.1,0.0987,0.1143,0.2605,0.1741,0
11.47,15.82,182.26,1046.78,0.1546,0.0608,0.3571,0.2433,0
29.14,17.74,198.94,413.45,0.127,0.1149,0.2212,,0
27.83,22.75,53.87,612.51,0.0942,0.2604,0.1074,0.2201,1
23.33,14.3,177.96,262.79,0.1578,0.0997,0.2986,0.1248,1
18.8,36.07,102.48,1174.22,0.14,0.2957,0.397,0.2237,1
26.88,30.85,123.85,2043.66,0.0773,0.1749,0.3617,0.2804,1
9.14,11.64,186.37,1522.89,0.1272,0.1266,0.0853,0.1172,0
24.97,29.15,195.74,1570.97,0.1607,0.1561,0.1363,0.1678,1
9.0,29.26,81.95,613.38,0.1096,0.2541,0.2223,0.2018,0
25.06,38.64,74.06,951.59,0.138,0.1905,0.2458,0.2372,1
12.62,9.09,52.88,2134.77,0.1665,0.0224,0.0833,0.1179,0
27.05,16.69,129.89,347.34,0.1328,0.3244,0.0989,0.2746,1
28.66,37.76,42.18,2164.72,0.0623,0.0418,0.3263,0.1081,1
9.57,37.9,105.9,1281.51,0.0793,0.3297,0.314,0.2715,1
17.1,31.34,51.74,2115.67,0.1214,0.0293,0.3609,0.1055,0
29.54,32.74,104.84,890.5,0.0831,0.2744,0.4012,0.1307,1
17.6,11.84,46.39,939.67,0.1649,0.1964,0.1326,0.2601,0
26.73,24.93,173.63,1913.79,0.0986,0.1869,0.3696,0.272,1
20.13,16.18,,1992.59,0.1049,0.044,0.2864,0.2965,0
15.01,14.62,92.53,681.96,0.1342,0.0988,0.4118,0.1231,0
12.86,34.12,179.21,2435.98,0.1129,0.2766,0.117,0.2053,1
10.88,13.19,159.4,339.4,0.0959,0.3141,0.116,0.1154,0
24.28,23.53,75.05,301.67,0.0592,0.1946,0.3028,0.1313,1
15.28,38.1,51.5,1545.39,0.1216,0.1366,0.3992,0.1349,1
18.27,14.76,154.51,1845.67,0.1541,0.0398,0.3546,0.1127,1
,39.32,102.51,2407.69,0.1323,0.2451,0.3126,0.2786,1
19.85,39.82,162.57,1095.67,0.0958,0.1119,0.1665,0.1253,1
26.77,26.22,111.25,199.69,0.0653,0.0382,0.3086,0.2259,1
29.54,14.27,95.36,1562.84,0.148,0.2397,0.3445,0.2251,1
15.78,18.8,112.19,823.68,0.163,0.1803,0.3239,0.1397,0
25.86,22.16,159.77,1161.76,0.0966,0.0239,0.291,0.2997,1
24.35,18.59,184.36,1292.79,0.1374,0.0566,0.0203,0.1695,0
19.76,17.7,47.96,292.25,0.0993,0.2507,0.2837,0.281,0
28.95,39.14,123.86,1286.92,0.1103,0.041,0.2057,0.2897,1
10.81,13.75,45.25,1146.11,0.1504,0.3058,0.4135,0.2898,0
8.62,31.73,114.95,1821.6,0.06,0.1227,0.2611,0.2506,0
26.5,9.01,181.65,1663.77,0.1136,0.0493,0.2615,0.1508,0
16.54,27.48,97.85,577.11,0.0758,0.2707,0.4274,0.1241,0
26.33,37.39,,626.49,0.0908,0.1931,0.0402,0.214,1
27.43,17.93,140.9,732.37,0.1273,0.1212,0.1188,0.172,1
7.5,14.75,189.46,562.32,0.0533,0.154,0.2821,0.2662,0
27.2,29.2,161.15,1691.02,0.1213,0.0271,0.1356,0.249,1
16.76,31.09,56.55,2486.86,0.084,0.2387,0.1488,0.1553,1
18.25,30.33,76.98,1678.98,0.1303,0.1407,0.3838,0.1034,1
21.04,18.9,103.07,1571.77,0.067,0.2556,0.2491,0.1475,1
28.23,16.82,67.22,1107.43,0.1383,0.2273,0.0442,0.2134,1
6.46,38.63,119.19,877.69,0.1275,0.2349,0.1337,0.1158,0
17.44,37.62,115.42,2290.13,0.1665,0.2817,0.0327,0.2317,1
22.51,23.18,193.0,2426.84,0.1593,0.2283,0.2391,0.2343,1
23.34,35.23,109.4,1312.39,0.084,0.1582,0.0745,0.1339,1
22.62,23.02,165.7,824.87,0.0533,0.1487,0.3686,0.2193,0
9.23,22.16,190.71,1957.49,0.1286,0.0595,0.2482,,0
13.19,13.86,180.32,452.6,0.1223,0.2772,0.0255,0.1956,0
14.61,22.22,73.39,1946.79,0.0533,0.2712,,0.2906,0
25.31,25.66,119.36,2072.72,0.0647,0.1013,0.265,0.1216,1
12.69,9.7,95.64,434.77,0.1202,0.3047,0.1443,0.1813,0
11.06,22.77,103.98,2445.39,0.1594,0.2144,0.2207,0.2766,1
28.98,33.22,97.73,2465.81,0.1588,0.178,0.391,0.1773,1
6.21,30.08,172.22,2350.66,0.0682,0.0258,0.1505,0.1849,0
29.95,28.69,112.34,1310.64,0.0961,0.1463,0.1444,0.2337,1
22.24,37.2,123.79,720.73,0.0552,0.2314,0.3525,0.2331,1
25.88,9.56,197.19,1513.54,0.1063,0.0496,0.1371,0.1046,0
13.07,26.27,49.6,1131.04,0.1404,0.1717,0.0335,0.1911,1
6.34,33.41,118.07,626.04,0.1448,0.3478,,0.1667,0
23.71,25.78,163.85,1139.88,0.1099,0.2565,0.408,0.2255,1
26.02,19.04,64.19,1706.78,0.0615,0.2005,0.4013,0.2111,1
23.77,13.22,137.85,307.36,0.0958,0.1959,0.0967,0.2302,0
9.43,36.51,78.31,,0.1619,0.0344,0.238,,0
24.08,23.59,178.78,182.0,0.0776,0.3359,0.0591,0.151,1
24.45,36.22,92.34,1908.81,0.0884,0.3263,0.2901,0.1493,1
21.8,27.16,92.65,1652.03,0.1396,0.2452,0.0797,0.1741,1
24.39,29.9,135.71,287.91,0.138,0.0527,0.0214,0.1484,0
26.3,33.93,69.37,2416.78,0.1595,0.0886,0.3547,0.2366,1
20.73,29.43,85.58,193.39,0.0966,0.0807,0.1399,0.2206,0
8.13,21.34,106.66,1532.31,0.1118,0.1915,0.0467,0.1433,0
17.7,24.92,96.58,1972.23,0.1061,0.0886,0.3586,0.2768,1
7.86,33.89,123.98,1999.44,0.1613,0.2496,0.3278,0.1921,1
15.78,20.58,135.94,220.91,0.1423,0.1999,0.294,0.1254,0
15.77,21.03,130.67,2279.14,0.1498,0.0258,0.3918,0.1426,1
7.58,11.97,144.67,2307.55,0.066,0.2655,0.2104,0.208,0
,37.35,89.24,1464.88,0.145,0.0823,0.0551,0.1677,0
8.66,11.82,60.23,1277.72,0.102,0.2922,0.0264,0.2702,0
25.4,29.09,161.73,245.89,0.0528,0.1372,0.1369,0.1989,0
28.74,21.81,176.12,1466.21,0.0572,0.1317,0.0373,0.2831,1
7.74,21.57,81.12,1106.13,0.1313,0.0239,0.2303,0.1204,0
28.92,,105.13,1963.82,0.0946,0.346,0.0062,0.2337,1
18.54,11.08,119.77,1093.17,0.1542,0.222,0.1908,0.2772,0
13.19,27.4,125.33,1753.25,0.1381,0.1595,0.0767,0.1586,0
7.84,32.93,145.52,379.32,0.0526,0.0519,0.1584,0.1271,0
18.01,34.67,46.66,,0.1324,0.2507,0.2903,0.1913,1
25.07,14.29,155.44,469.72,0.0731,0.1133,0.1509,0.2923,0
22.97,36.82,49.92,247.44,0.1007,0.3461,0.1468,0.2267,1
7.21,29.34,114.93,1417.54,0.125,0.3337,0.426,0.2288,0
7.75,36.34,172.43,2013.76,0.1547,0.2626,0.3091,0.2343,1
15.67,24.04,112.19,1580.57,0.1047,0.3405,0.221,0.108,0
13.09,25.8,63.85,1496.89,0.147,0.0549,0.2491,0.1891,0
11.58,37.49,197.61,1746.27,0.144,0.1124,0.2667,0.1155,1
12.74,36.9,182.29,941.56,0.0997,0.1036,0.0106,0.1632,0
25.28,22.89,163.41,994.21,0.1101,0.0438,0.0345,0.2643,1
28.3,17.51,105.84,881.68,0.1341,0.3408,0.2792,0.2313,1
15.72,21.19,69.42,1820.58,0.0537,0.0398,0.1567,0.2991,0
27.75,21.02,190.63,521.47,0.1569,0.3027,0.0238,0.1344,0
13.72,17.89,125.18,170.74,0.1424,0.2735,0.1279,0.1794,0
17.43,17.33,176.38,1547.02,0.0799,0.144,0.056,0.2619,0
11.42,35.69,94.74,2364.02,0.1677,0.0262,0.394,0.1431,1
21.37,11.17,93.65,1578.2,0.0715,0.022,0.0873,0.1307,0
29.5,30.01,197.69,1987.7,0.1597,,0.0618,0.1855,1
20.48,14.36,123.49,1727.79,0.0889,0.183,0.2693,0.1767,0
14.59,19.68,62.51,1313.95,0.1416,0.1711,,0.296,0
21.55,10.91,75.15,1835.41,0.1048,0.2131,0.2477,0.1913,1
8.95,17.37,117.11,2084.89,0.1384,0.2747,0.1875,0.2722,0
27.33,32.82,46.8,670.37,0.0687,0.1445,0.2009,0.2776,1
18.07,36.44,114.01,933.27,0.0823,0.0729,0.3349,0.1316,0
16.78,15.87,107.03,667.99,0.062,0.284,0.0946,0.2431,0
20.06,23.37,164.69,1207.13,0.1538,0.1298,0.1705,0.1555,1
20.99,23.58,96.79,2228.75,0.0856,0.1147,0.4119,0.1189,1
7.72,36.08,197.21,954.69,0.1333,0.2722,0.0817,0.2749,0
22.38,32.65,68.92,1023.74,0.1484,0.3283,0.1263,0.1585,1
11.81,24.91,134.56,2170.47,,0.3219,0.0824,0.1691,1
23.13,29.79,54.35,1356.28,0.0628,0.0654,0.0088,0.1648,0
25.74,35.27,157.42,1403.66,0.1572,0.186,0.116,0.1401,1
25.3,9.3,199.16,2171.49,0.0737,0.0506,0.02,0.1869,0
19.26,21.49,171.06,1297.64,0.1384,0.3371,0.0665,0.1857,0
18.48,37.12,128.91,1748.48,0.1375,0.091,0.156,0.1818,1
9.43,31.95,117.56,342.12,0.051,0.0852,0.0089,0.2833,0
24.61,25.83,173.6,561.57,0.0765,0.3133,0.3238,0.168,1
12.51,25.42,,1094.33,0.109,0.3394,0.3421,0.1061,0
17.92,19.78,198.27,1307.82,0.1004,0.2502,0.1769,0.1357,1
12.82,25.14,103.45,2419.13,0.1602,0.0599,0.4234,0.2443,1
9.21,29.32,198.55,2430.74,0.0932,0.1803,,0.2182,0
21.11,21.97,64.95,2148.83,0.1624,,0.3198,0.2903,1
7.3,31.14,80.57,884.81,0.1051,0.2089,0.0827,0.2389,0
23.97,35.7,54.24,2415.11,0.1657,0.0638,0.3601,0.1388,1
13.62,13.8,83.48,1766.84,0.1385,0.0767,0.4064,0.1241,0
6.0,23.0,162.87,1067.34,0.1495,0.3052,0.1016,0.2042,0
18.27,21.65,,1795.95,0.0626,0.1939,0.2952,0.2331,1
7.12,30.31,164.62,178.99,0.1203,0.2529,0.3212,0.1331,0
12.63,16.75,140.97,484.93,0.0671,0.1431,0.1312,0.2203,0
,28.85,122.23,2098.06,0.0857,0.1957,0.2043,0.273,1
7.5,36.2,153.39,1663.55,0.1248,0.3424,0.0419,0.2455,0
26.14,21.96,102.53,999.5,0.1371,0.1288,0.0744,0.2328,0
6.09,37.24,174.61,1321.57,0.0547,0.2427,0.0265,0.2579,0
11.92,39.79,148.35,2276.14,0.1137,0.0769,0.2409,0.1208,1
23.78,12.29,151.65,1630.52,0.1178,0.0602,0.2689,0.1408,1
13.59,16.22,125.75,1079.63,0.0595,0.2786,0.3939,0.1076,0
8.45,38.46,181.64,423.97,0.1101,0.2986,0.2331,0.129,0
14.65,38.71,80.32,833.24,0.1357,0.2405,0.1121,0.2826,0
12.49,12.03,100.98,2448.88,0.0564,0.0722,0.0256,0.1444,0
26.23,9.46,164.42,1172.18,0.1412,0.0994,0.3805,0.2324,1
13.52,13.99,118.84,1253.54,0.1192,0.3207,0.2059,0.2383,0
24.93,39.88,,1316.69,0.15,0.1153,0.317,0.2291,1
27.4,14.58,95.42,2226.49,0.0762,0.2902,0.0063,0.2108,1
16.41,24.58,99.09,1565.27,0.15,0.1144,0.2099,0.1972,0
27.84,35.3,182.2,1777.08,0.0613,0.33,0.1401,0.184,1
15.06,9.63,114.3,1059.02,0.0985,0.3218,0.013,0.2834,0
29.14,,122.58,208.65,0.0739,0.0343,0.3335,0.1019,1
8.14,17.59,93.24,2337.1,0.1551,0.2742,0.2205,0.1107,0
22.49,35.73,84.27,2379.94,0.1346,0.0759,0.1433,0.1985,1
17.85,17.79,144.95,2380.0,0.053,0.091,0.3465,0.1661,0
15.3,30.29,59.17,2367.1,0.0511,0.1717,0.1922,0.1816,1
21.19,29.9,180.68,2063.97,0.0849,0.2102,0.0015,0.2996,1
22.89,15.87,164.67,1755.65,0.0672,,0.4061,0.255,1
6.1,10.08,70.52,2133.04,0.1256,0.2099,0.1099,0.2755,0
10.01,21.69,151.04,1557.29,0.1297,0.0763,0.3571,0.1737,0
23.11,17.96,136.42,457.11,0.163,0.0274,0.3511,0.1479,1
21.99,34.08,69.53,1063.27,0.1642,,0.0698,0.2536,1
29.19,33.81,83.71,2432.26,0.1291,0.1907,0.2038,0.2615,1
24.26,23.17,105.44,968.69,0.0507,0.2476,0.0173,0.21,0
28.82,27.8,151.88,2188.07,0.0931,0.2344,0.1525,0.2792,1
22.86,27.73,142.2,359.98,0.1116,0.3162,0.3143,0.2935,1
13.15,34.64,125.16,928.67,0.1099,0.1716,0.1019,0.1942,1
8.53,22.18,162.95,968.25,0.1224,0.0228,0.0504,,0
24.76,17.54,161.27,261.78,0.1653,0.2281,0.2181,0.2034,1
21.46,17.22,138.86,421.06,0.1562,0.2428,0.2309,0.2979,1
,25.62,165.92,595.87,0.0631,0.1921,0.2906,0.1586,0
14.64,22.92,93.48,2117.24,0.0819,0.2475,0.3264,0.2235,1
28.96,22.64,181.0,289.63,0.15,0.1268,0.2992,0.2388,1
18.01,11.83,138.39,844.93,0.1489,0.0691,0.3635,0.1428,0
16.39,31.28,171.58,164.01,0.083,0.2393,0.0958,0.2177,0
16.98,15.63,127.4,1781.68,0.1377,0.1009,0.245,0.1629,0
11.01,15.11,74.95,1603.92,0.1306,0.1706,0.1548,0.2708,0
14.85,21.8,126.79,1662.16,0.1068,0.1822,0.4137,0.243,0
14.88,16.06,99.38,1023.54,0.0742,0.1775,0.1893,0.2653,0
7.26,27.1,151.6,631.51,0.1566,0.2175,0.4127,0.1399,1
24.42,20.52,,1839.96,0.1313,0.0297,0.3307,0.1069,0
16.0,22.92,173.78,2054.24,0.0703,0.3466,0.3089,0.2701,1
25.73,25.65,148.49,467.1,0.1346,0.2564,0.2114,0.1774,0
26.41,15.31,149.53,1288.92,0.139,0.1604,0.1907,0.1359,0
11.09,13.83,74.74,,0.1564,0.0831,0.2264,0.1184,0
21.78,36.29,197.48,536.73,0.0767,0.0465,0.1263,0.2033,1
17.33,22.45,174.67,1873.01,0.1687,0.2418,0.3889,0.13,1
27.12,21.77,166.24,1409.91,0.0684,0.1246,0.3416,0.2133,1
11.18,10.1,92.83,650.2,0.1221,,0.3446,0.2455,0
22.27,24.44,125.7,871.6,0.1289,0.1454,0.1863,0.207,1
20.59,26.18,61.94,2421.3,0.1003,0.2157,0.0306,0.2807,0
13.09,26.32,126.16,2142.88,0.107,0.2417,0.2937,0.1311,0
9.28,30.92,63.34,2216.67,0.1569,0.2329,0.161,0.1988,0
21.64,14.5,128.49,1225.63,0.1274,0.3049,0.3743,0.1326,1
23.73,16.82,143.8,1612.19,0.1096,0.0922,0.3355,0.2752,1
13.58,34.13,102.43,1029.17,0.0654,0.2301,0.0625,0.2864,0
21.48,38.36,119.77,323.4,0.0509,0.0534,0.2587,0.18,0
15.48,13.21,180.1,1086.52,,0.2008,0.2977,0.1611,0
23.12,24.43,57.37,1541.79,0.1647,0.2127,0.2443,0.1559,1
10.78,15.64,166.68,817.66,0.1417,0.0914,0.221,0.2719,0
27.37,10.86,67.32,2141.16,0.1661,0.1493,0.098,0.2365,1
12.9,19.09,45.87,496.6,0.0543,0.293,0.1014,0.2761,0
14.83,13.45,69.69,1006.42,0.1316,0.069,0.3302,0.1235,0
7.39,31.01,162.41,434.77,0.0553,0.1634,0.008,0.1952,0
8.68,25.55,104.82,1095.4,0.1438,0.3278,0.3349,0.2352,0
18.38,13.46,179.6,233.6,0.0957,0.1864,0.2265,0.2794,0
12.42,9.29,123.95,783.22,0.0615,0.2593,0.4026,0.1764,0
26.05,,43.56,1085.74,0.1182,0.2929,,0.1626,1
6.35,14.46,154.67,1268.47,0.0836,0.0872,0.2853,0.2826,0
,27.79,57.64,1423.12,0.1291,0.092,0.1773,0.1095,0
14.1,19.44,166.3,788.98,0.129,0.2703,0.2043,0.1959,0
,27.15,66.9,1374.38,0.1346,0.2686,0.0878,0.1917,0
8.98,18.79,95.27,1341.25,0.1691,0.0399,0.0427,0.1292,0
15.93,,161.8,886.18,0.0964,0.1264,0.2489,,0
17.83,15.91,192.68,2099.27,0.1058,0.1515,0.3464,0.2445,1
15.7,14.83,99.43,1427.71,0.1466,0.2936,0.1126,0.1734,0
18.74,22.27,172.7,924.16,0.1194,0.1592,0.1805,0.1619,1
20.28,29.41,70.53,2375.72,0.0545,0.3256,0.2386,0.2564,1
6.24,17.18,169.15,2134.47,0.1512,0.3489,0.3904,0.2977,1
17.14,9.37,145.2,2458.91,0.0562,0.2776,0.0596,0.2559,0
29.12,25.09,70.84,1773.67,0.0705,0.2399,0.1019,0.2693,1
18.46,27.78,88.4,1032.61,0.0622,0.1493,0.395,0.2879,0
22.26,38.85,61.08,802.83,0.0594,0.0421,0.017,0.2604,0
13.48,27.27,101.27,1705.43,0.0531,0.2091,0.2821,0.2961,0
24.58,23.61,72.58,2454.73,0.0566,0.1394,0.275,0.2495,1
24.55,26.78,143.04,1619.05,0.1031,0.1358,0.1648,0.2323,1
18.51,37.76,199.12,2220.61,0.0803,0.2469,0.2013,0.2387,1
29.42,34.68,41.92,916.68,0.0652,0.173,0.3676,0.28,1
9.01,19.01,126.55,1100.41,0.129,0.2682,0.0709,0.2366,0
6.41,16.35,,2278.81,0.0771,0.1514,0.0996,0.2522,0
24.48,17.14,186.27,1926.21,0.0523,0.0698,0.2203,0.1432,0
25.37,24.64,120.96,2456.13,0.1002,0.1722,0.1762,0.2825,1
8.88,32.07,126.99,1968.44,0.0873,0.3338,0.247,0.1894,1
12.37,24.6,115.46,1198.5,0.0882,0.2845,0.396,0.1322,0
6.42,11.1,83.02,1393.32,0.1034,0.0879,0.3944,0.26,0
13.04,31.43,48.96,2265.22,0.1303,0.1491,0.0989,0.1713,0
24.56,33.99,105.39,1441.89,0.124,0.3262,0.1299,0.1368,1
18.43,17.97,48.41,742.74,0.1625,0.0608,0.0697,0.1513,0
14.35,29.59,128.08,1168.06,0.1121,0.1038,0.3989,0.107,1
14.92,22.22,89.17,1358.51,0.1067,0.1065,0.1711,0.1181,0
6.03,36.56,125.38,368.26,0.0756,0.2084,0.1934,0.2185,0
13.2,35.2,61.49,1895.28,0.1406,0.1555,0.3451,0.2732,1
21.52,25.29,189.22,398.08,0.0669,0.0464,0.2206,0.1897,0
29.38,30.44,183.12,1095.61,0.1089,0.2276,0.0515,0.2252,1
26.33,36.38,70.4,2038.91,0.1006,0.0527,0.1883,0.2619,1
6.57,24.37,94.95,1243.47,0.129,0.2201,0.2711,0.1714,0
27.57,18.71,138.16,2127.16,0.1601,,0.3093,0.2309,1
24.8,32.36,55.31,946.84,0.1636,0.1829,0.2775,0.1701,1
24.73,15.82,96.73,2400.02,0.0701,0.0423,0.0512,0.2285,0
16.99,21.04,80.18,634.35,0.0814,0.2309,0.1309,0.1435,0
15.55,35.84,186.48,230.3,0.1474,0.1623,0.3154,0.2956,1
13.27,31.46,176.4,2198.93,,0.1557,0.3785,0.1152,1
7.58,21.52,132.77,1915.2,0.1044,0.2168,0.0203,0.201,0
11.48,,123.26,687.48,0.1353,0.2201,0.0182,0.1573,0
11.92,20.04,188.92,2463.99,0.1222,0.025,0.2767,0.2202,0
17.62,17.81,189.19,1325.38,0.1665,0.0613,0.2357,0.1857,0
23.94,14.46,195.09,2384.51,0.1201,0.0981,0.0668,0.1613,0
17.37,32.04,60.06,1331.87,0.1059,0.2437,0.2358,0.15,1
7.39,16.81,65.69,1253.62,0.1151,0.2103,0.419,,0
28.99,23.08,148.28,1199.97,0.147,0.27,0.2713,0.2566,1
28.63,20.96,126.63,930.31,0.1235,0.2644,0.1931,0.1444,1
24.84,39.44,42.95,1399.54,,0.3016,0.3558,,1
29.79,21.12,49.92,1208.03,0.1666,0.1443,0.0915,0.197,1
19.07,11.48,182.09,226.72,0.1242,0.1339,0.1782,0.1144,0
29.11,11.78,179.02,754.63,0.0956,0.2942,0.2269,0.1331,1
7.81,27.31,97.16,642.97,0.133,0.0984,0.217,0.2786,0
14.78,27.58,182.57,2187.15,0.1291,0.1722,0.396,0.2206,1
11.41,21.98,134.99,1553.33,0.0517,0.0841,0.1258,0.1369,0
10.7,22.39,168.94,1942.29,0.1061,0.3216,0.0243,0.2408,1
9.38,10.67,108.39,2398.11,0.1391,0.1546,0.394,0.2647,0
,25.01,58.14,1659.93,0.1099,0.0901,0.0933,0.1661,1
24.75,24.65,109.4,2458.96,0.1436,0.2484,0.163,0.2113,1
19.88,13.64,113.17,875.76,0.1041,0.1007,0.2283,0.1587,1
9.53,12.22,128.15,579.59,0.168,0.3314,0.4196,0.116,1
25.47,12.83,56.89,1091.81,0.0851,0.1413,0.2302,0.1799,1
21.26,12.13,198.62,1251.09,0.0611,0.2393,0.1925,0.2503,1
15.32,27.9,79.06,2253.05,0.1016,0.1339,0.251,0.1917,1
22.18,,71.77,1461.46,0.115,0.2864,0.4174,0.1811,1
12.24,16.79,124.29,829.55,0.0919,0.316,0.3517,0.1732,0
14.28,14.38,125.95,1892.62,0.0791,0.28,0.0727,0.1918,0
28.02,38.69,110.37,1333.76,0.1306,0.3,0.3454,0.1636,1
12.97,35.49,163.5,522.63,0.0953,0.0536,0.3617,0.2224,1
17.28,16.15,122.66,1501.29,0.1258,0.3249,0.297,0.1127,1
27.36,19.15,137.55,2290.89,0.1435,0.226,0.2826,0.2615,1
22.99,15.51,155.8,2128.59,0.1413,0.3068,0.1896,,0
7.49,24.25,44.0,1524.87,0.095,0.2459,0.2759,0.2267,0
9.54,9.61,131.3,1029.92,0.1181,0.0866,0.3172,0.19,0
6.19,29.81,181.47,345.27,0.104,0.2212,0.0528,0.2547,0
21.14,25.22,42.78,1248.37,0.1545,0.05,0.1107,0.2652,1
16.74,36.86,104.83,1914.91,0.1555,0.2496,0.0835,0.1408,1
9.22,14.1,188.2,990.25,0.0912,0.155,0.3617,0.2354,0
28.99,33.93,96.5,695.65,0.061,0.0701,0.2924,0.138,1
18.71,33.55,113.4,2338.06,0.0701,0.3431,0.1938,0.1248,1
11.81,12.94,197.05,2078.87,0.094,0.3174,0.3552,0.2861,1
18.01,21.36,71.89,1646.33,0.1177,0.3149,0.3082,0.1329,1
22.31,14.27,50.44,462.81,0.1288,0.2803,0.3928,0.1456,1
7.83,16.9,177.51,481.98,0.0898,0.2484,0.033,0.1261,0
12.59,17.16,178.95,383.6,0.1301,0.2362,0.2189,0.1941,0
25.37,26.24,115.53,1594.46,0.1625,0.055,0.3039,0.2839,1
17.03,21.75,122.27,412.73,0.1282,0.3172,0.0892,0.1528,1
19.12,38.38,173.73,2128.6,0.069,0.3108,0.1407,0.2084,1
16.39,12.92,158.17,2483.4,0.1196,0.2668,0.1802,0.1823,1
7.05,39.18,82.42,1004.58,0.115,0.326,0.3416,0.1672,0
9.98,16.15,42.7,1210.66,0.1545,0.2025,0.2122,0.2144,0
16.69,32.96,116.75,,0.092,0.1677,0.2119,0.2118,1
11.02,19.51,177.43,2351.68,0.1008,0.3394,0.1853,0.1719,1
7.2,13.44,183.33,2250.06,0.1218,0.1732,0.0983,0.2701,0
26.25,35.59,193.0,275.92,0.1129,0.2316,0.3969,0.1106,1
29.55,18.57,180.73,539.01,0.1363,0.1431,0.1367,0.117,1
25.04,29.42,132.81,1920.85,0.0548,0.23,0.244,0.2982,1
26.49,26.56,111.14,1765.79,0.1176,0.2576,0.064,0.2495,1
11.81,23.62,163.98,454.4,0.0646,0.2261,0.1867,0.2608,0
29.06,24.37,158.37,1324.87,0.0878,0.1898,0.3886,0.2205,1
10.73,31.7,126.1,1982.72,0.1294,0.119,0.4281,0.184,1
28.83,11.72,53.97,656.32,0.0689,,0.1556,0.2258,1
29.88,29.71,188.17,2196.24,0.0871,0.3198,0.0662,0.1185,1
23.08,36.77,112.9,265.01,0.1344,0.0223,0.1352,0.2516,1
29.55,10.79,98.13,1985.98,0.1281,0.0642,0.1407,0.2081,1
19.67,13.36,140.73,1593.33,0.0609,0.0595,0.2771,0.2913,0
12.23,31.22,147.81,883.87,0.1193,0.3247,0.2133,0.2275,0
16.49,22.56,73.71,1841.4,0.0677,0.2387,0.3304,0.1303,1
20.25,21.51,173.91,1986.38,0.0803,0.3341,0.3016,0.1955,0
7.75,13.25,86.39,2344.0,0.1051,0.2123,0.1081,0.1116,0
20.94,24.71,69.87,1007.95,0.0631,0.1724,0.3372,0.2491,1
29.55,12.92,105.02,1759.0,0.1692,0.2815,,0.2004,1
10.56,23.78,156.89,1562.17,0.0698,0.0731,0.2573,0.1739,0
25.02,32.67,194.47,1379.49,0.1438,0.1458,0.3989,0.2937,1
27.79,17.01,169.49,2241.38,0.1496,0.1739,0.3367,0.2881,1
28.65,23.9,190.46,147.47,0.1693,0.1185,0.256,0.2906,1
29.04,39.75,62.5,805.78,0.1014,0.1425,0.3897,0.1442,1
18.52_err,30.29,,1410.33,0.1549,0.0458,0.2582,0.2457,1
29.46,35.08,129.23,560.77,0.1649,0.0853,0.2241,0.2891,1
24.18,21.86,86.45,2282.57,0.0707,0.1307,0.1532,0.2142,1
9.88,32.8,172.49,1668.32,0.1075,0.2826,0.3796,0.1428,0
17.45,10.26,147.52,1267.8,0.0572,0.0802,0.0528,0.2636,0
23.24,12.81,195.32,2062.7,0.1245,0.1344,0.2036,0.276,1
11.94,15.3,80.77,1204.09,0.1198,,0.2311,0.2406,0
21.37,21.46,117.73,1458.42,0.0745,0.2038,0.2385,0.1587,1
22.0,35.22,120.2,146.49,0.1457,0.2217,0.2803,,1
9.9,19.73,78.27,1003.05,0.0545,0.3056,0.2175,0.2249,0
19.56,29.29,134.41,467.55,,0.2903,0.1104,0.1966,1
24.52,30.99,110.93,1767.67,0.0532,0.1142,0.3685,0.2338,1
17.97,27.17,111.48,1270.5,0.1288,0.0652,0.2827,0.1223,1
6.29,20.07,98.04,852.15,0.0595,0.0715,0.369,0.1272,0
6.22,26.89,42.71,1244.08,0.0801,0.3398,0.1187,0.1726,0
14.57,19.61,123.54,634.73,0.1366,0.2422,0.2739,0.1518,0
28.23,11.6,93.64,2323.2,0.0836,0.034,0.3071,0.2239,1
11.49,39.78,40.21,267.38,,0.0651,0.1649,0.1735,0
21.22,12.94,89.27,2182.38,0.1598,0.1803,0.3493,0.2368,1
11.33,11.24,84.58,1346.81,0.056,0.0886,0.0011,0.2538,0
13.72,36.23,102.95,1600.71,0.1473,0.2852,0.2558,0.1374,1
26.35,18.36,61.1,854.15,0.0578,0.2092,0.2638,0.284,1
23.49,,121.23,2421.41,0.0652,0.2222,0.2296,0.2574,1
8.29,19.2,150.79,805.17,0.0643,0.1727,0.2709,0.2254,0
16.29,21.14,140.83,1529.75,0.1693,0.1045,0.0719,0.2818,0
6.7,17.13,168.6,2484.46,0.0716,0.2145,0.2945,0.1532,0
17.54,19.63,112.32,2219.38,0.1576,0.2566,0.1444,0.1843,1
21.9,21.73,123.05,1405.74,0.1689,0.1424,0.1944,0.1172,1
8.84,31.33,169.66,2477.28,0.0961,0.1866,0.1432,0.1912,0
12.93,24.86,108.43,1795.23,0.1257,0.2971,0.2038,0.2013,1
15.55,38.25,152.26,632.53,0.1435,0.0691,0.2673,0.2232,1
28.07,10.3,109.54,1097.21,0.0971,0.1999,0.3605,0.1128,1
29.84,24.6,106.84,929.4,0.0694,0.135,0.2079,0.1065,1
7.08,27.11,161.63,951.87,0.1021,0.2519,0.139,0.184,0
24.26,37.53,67.97,1934.68,0.1426,0.0262,0.2098,0.1378,1
14.92,10.52,94.17,1518.86,0.1437,0.2413,0.2962,0.2518,1
15.42,26.78,75.87,229.9,0.0777,0.054,0.1491,0.2337,0
24.1,35.46,97.46,2210.78,0.071,0.0414,0.1781,0.1652,1
28.04,16.5,76.86,840.44,,0.2591,0.242,0.1092,1
28.82,36.17,132.7,2493.1,0.0553,0.2313,0.1264,0.1365,1
19.85,9.59,167.71,2391.89,0.1382,0.3153,0.0899,0.2383,0
14.57,31.71,165.86,2359.65,0.0556,0.1915,0.0604,0.298,0
24.9,37.93,98.32,2054.26,0.1505,0.1949,0.1516,0.1653,1
12.02,29.37,198.2,660.65,0.1586,0.2533,0.0208,0.2604,0
19.54,22.61,135.02,1397.01,0.0857,0.1267,0.2509,0.2734,1
14.61,10.39,103.9,669.35,0.0589,0.0322,0.0756,0.1096,0
21.76,37.52,173.69,752.83,0.1077,0.0959,0.1623,0.2832,1
11.77,23.58,156.78,1581.85,0.0858,0.0985,0.1158,0.1932,0
10.6,9.9,159.88,236.37,0.1001,0.1308,0.2711,0.2928,0
28.04,30.38,71.38,2427.92,0.1298,0.3313,0.3656,0.2077,1
8.44,23.94,114.93,2308.07,0.0752,0.2856,0.2723,0.147,0
18.14,12.85,,1038.61,0.0928,0.3289,0.2333,0.2949,0
11.3,15.64,120.65,,0.1439,0.3495,0.2877,0.1487,0
6.93,11.0,149.35,1240.04,0.1273,0.1631,0.0129,0.2765,0
6.86,26.8,134.07,2221.99,0.0892,0.0949,0.0528,0.1346,0
10.21,28.28,174.78,1765.1,0.1297,0.2048,0.0408,0.235,0
26.8,24.68,85.53,796.34,0.1418,0.3108,0.0422,0.1823,1
12.78,34.33,132.08,1194.55,0.1211,0.1737,0.112,0.2944,0
28.81,35.69,,1152.36,0.0787,0.1868,,0.137,1
19.96,28.08,150.43,2404.03,0.05,0.0644,0.0493,0.1818,1
16.48,9.4,157.11,553.73,0.1463,0.1588,0.4021,0.228,0
nan_err,30.55,46.85,351.4,0.1487,0.1477,0.3673,0.2955,1
18.4,21.96,148.13,2218.26,0.1337,0.1361,0.4178,0.1608,1
24.21,26.53,106.35,2256.18,0.0592,0.3128,0.0183,0.1794,1
12.78,29.12,59.86,2197.3,0.1202,0.0396,0.3661,0.1924,0
14.47,19.86,,1345.91,0.1485,0.3408,0.3456,0.1505,1
27.46,37.43,71.08,1697.0,0.0968,0.0227,,0.2635,1
28.71,13.15,106.49,1469.54,0.0738,0.332,0.227,0.1184,1
27.42,29.82,101.49,303.9,0.1205,0.2009,0.3388,0.241,1
16.07,9.14,158.14,1546.17,0.1492,0.2518,0.0221,0.2068,0
,37.66,163.87,172.13,0.0559,0.0818,,0.1484,0
17.43,12.49,137.12,906.97,0.1216,0.2359,0.051,0.1986,0
,11.94,43.63,2340.21,0.1272,0.311,0.3934,0.266,1
10.91,19.32,188.96,857.55,0.1223,0.066,0.0263,0.1891,0
20.19,20.58,149.8,2357.99,0.128,0.0619,0.0431,0.1244,0
10.47,15.64,45.47,730.32,0.1258,0.1203,0.4001,0.1082,0
13.96,27.14,171.01,882.37,0.0656,0.0734,0.0462,0.2556,0
26.52,,72.04,1623.04,0.0782,0.0565,0.374,0.1661,1
10.97,10.06,132.68,1937.44,0.1243,,0.3394,0.2862,0
7.71,18.91,114.66,1323.28,0.0521,0.0906,0.0173,0.2234,0
7.66,34.12,107.17,2221.79,0.1262,0.2401,0.0094,0.1873,0
28.58,30.38,182.35,234.97,0.1298,0.3044,0.2298,0.2129,1
18.17,31.47,109.98,2316.38,0.0787,0.2352,0.4288,0.1914,1
15.83,30.64,52.06,603.29,0.1218,0.0594,0.3779,0.2812,1
25.46,18.64,191.46,2226.8,0.1141,0.2093,0.1333,0.1916,1
26.06,12.09,187.29,1086.04,0.0813,0.1499,0.1661,0.1208,0
13.97,17.45,149.51,2105.31,0.1056,0.1333,0.1668,0.2194,0
22.65,34.79,114.86,1725.13,0.1592,0.1251,0.3157,0.2246,1
24.51,39.39,54.86,555.22,0.1012,0.3267,0.1467,0.2531,1
21.71,24.31,,2306.59,0.1256,0.265,0.0636,0.2867,1
9.64,9.3,52.08,719.42,0.0542,0.0642,0.3213,0.1886,0
27.02,13.34,50.98,716.17,0.0593,0.1771,0.1969,0.1704,0
18.94,18.98,125.98,2061.46,0.0598,0.125,0.033,0.1982,0
12.78,26.94,65.62,389.86,0.1434,0.3427,0.3397,0.28,0
16.21,11.33,41.24,664.0,0.092,0.3427,0.2517,0.296,0
6.9,38.24,107.7,1328.68,0.0773,0.1254,0.2104,0.2942,1
9.07,20.32,61.95,2099.93,0.1397,0.1362,0.2895,0.1459,0
24.37,37.29,65.68,488.06,0.0704,0.2178,0.2173,0.1994,1
6.0,33.2,52.31,1432.5,0.0796,0.1782,0.2788,0.1519,0
16.0,32.42,72.82,1818.53,0.1017,0.0903,0.373,0.1736,1
18.54,27.81,154.48,2171.0,0.0898,0.2379,0.2638,0.1063,1
7.31,28.43,169.43,2347.93,0.1202,0.1303,0.2836,0.1321,0
29.35,28.78,112.41,1991.75,0.0905,0.2357,0.264,0.1794,1
11.43,28.49,121.05,1680.68,0.0972,0.1466,0.2284,0.1729,0
13.3,26.17,45.22,1163.34,0.1535,0.2511,0.0739,0.1558,1
13.29,39.58,51.09,404.58,0.1561,0.2404,0.1443,0.1461,1
11.53,31.7,81.21,1814.98,0.1493,0.1879,0.298,0.2498,1
6.04,33.09,127.02,2482.86,0.1538,0.2526,0.183,0.1589,1
23.5,36.05,158.33,1878.76,,0.1721,0.1746,0.2413,1
29.2,15.68,136.8,179.44,0.1275,0.0583,0.3265,0.1737,1
11.38,11.6,102.74,1311.17,0.1169,0.0801,0.0024,0.2604,0
21.91,23.97,58.93,1590.57,0.1443,0.1012,0.292,0.1334,0
23.81,24.94,164.92,1767.63,0.1161,0.0409,0.2104,0.1315,1
26.36,34.7,98.21,1838.55,0.0633,0.2548,0.162,0.2359,1
16.14,22.76,157.77,,0.1471,0.1412,0.1464,0.283,0
13.27,26.7,122.08,667.13,0.1413,0.0509,0.0743,0.1286,0
13.81,25.34,158.19,2363.59,0.1484,0.2906,0.1437,0.1147,1
23.1,10.18,185.17,1784.13,0.0729,0.2456,0.1683,0.2869,0
25.6,28.07,187.36,698.94,0.0826,0.1692,0.1881,0.1235,1
10.36,34.67,125.62,900.68,0.0855,0.1017,0.2891,0.1501,0
14.9,13.88,121.84,2315.75,0.111,0.0701,0.195,0.2859,0
27.65,27.42,82.51,2234.47,0.0661,0.1713,0.3424,0.2606,1
25.36,27.4,189.73,1096.15,0.0962,0.3121,0.2751,0.1686,1
29.64,14.09,113.27,230.41,0.0719,0.0822,0.0815,0.2909,0
24.1,12.83,60.41,254.45,0.0818,0.2077,0.1192,0.2136,0
15.44,39.38,109.23,810.05,0.1348,0.3374,0.0341,0.1144,1
20.18,21.21,60.33,1624.73,0.1526,0.2302,0.4067,0.2406,1
21.86,16.05,120.41,1518.7,0.0527,0.1652,0.3812,0.2075,1
7.88,14.31,129.8,1635.83,0.1179,0.2564,0.0365,0.2145,0
19.07,29.7,94.04,1832.79,0.0543,0.2921,0.2469,0.2988,1
23.02,27.89,51.46,184.92,0.0602,0.2149,0.413,0.1305,0
10.02,28.95,190.96,388.0,0.1346,0.3077,0.3213,0.2314,0
24.74,11.73,163.74,988.38,0.1383,0.1898,0.2115,0.1917,1
20.01,36.7,174.22,505.47,0.1477,0.2939,0.1037,0.1544,1
28.85,21.07,98.7,317.76,0.1069,0.3342,0.12,0.2387,1
7.02,18.71,161.73,1652.68,0.1532,0.1854,0.3166,0.2336,0
12.37,23.33,117.66,2064.19,0.07,0.2197,0.3356,0.2713,0
20.44,21.09,72.17,1916.2,0.08,0.2211,0.2273,0.2758,1
13.12,35.77,59.91,2068.21,0.0661,0.2779,0.052,0.2124,1
23.15,37.81,95.21,1711.42,0.1457,0.2916,0.4016,0.1651,1
24.22,18.41,62.01,1875.41,0.0774,0.029,0.3632,0.2059,1
8.46,35.78,199.72,781.4,0.0687,0.262,0.0604,0.1719,0
18.33,,47.87,2483.5,0.1248,0.2787,0.0244,0.1555,1
18.21,37.86,110.58,572.27,0.0592,0.2511,0.2304,0.2103,1
14.86,16.62,112.33,646.21,0.0554,0.2555,0.1222,0.2316,0
28.39,26.89,88.1,821.86,0.0628,0.0337,0.1218,0.2181,1
25.86,17.51,131.42,2441.78,0.05,0.1659,0.0375,0.2909,0
22.73,34.55,64.0,2472.36,0.1336,0.29,0.41,0.1597,1
23.14,9.17,165.43,2015.95,0.1175,0.3282,0.357,0.1745,1
17.08,26.51,93.19,1624.58,0.0752,0.0957,0.0489,0.2335,0
28.1,19.52,134.61,1367.35,0.078,0.2111,0.3769,0.2201,1
22.67,19.0,154.5,2430.67,0.1473,0.2854,0.2937,0.1004,1
23.5,28.99,182.25,1781.67,0.1102,0.2683,0.1399,0.1625,1
26.68,35.4,173.73,2369.56,0.1338,0.2242,0.3746,0.1508,1
12.58,27.89,137.33,887.06,0.1043,0.0262,,0.268,0
25.37,35.45,102.14,927.71,0.0785,0.2589,0.3649,0.2732,1
10.69,17.2,120.51,2157.15,0.1664,0.2752,0.2018,0.1568,0
14.29,25.1,163.0,493.66,0.1179,0.2585,0.2153,0.1204,0
14.05,22.97,180.41,2372.39,0.0657,0.2727,0.1251,0.141,0
29.48,9.36,56.61,1337.64,0.0987,0.1622,0.1667,0.1353,1
26.56,26.26,101.58,2326.34,0.0895,0.3479,0.2441,0.1475,1
22.83,29.51,164.18,934.83,0.0757,0.2744,0.4072,0.1469,1
23.45,27.35,109.06,1829.66,0.162,0.211,0.2581,0.196,1
19.49,31.82,93.16,1279.59,0.1557,0.3283,0.0634,0.1639,0
28.73,26.71,105.81,1619.26,0.0739,0.3197,0.003,0.212,1
17.91,11.07,136.46,1330.32,0.0923,0.2888,0.3659,0.1688,1
15.13,12.61,199.97,2422.39,0.1415,0.206,0.1567,0.2629,0
9.91,27.49,118.88,1773.37,0.075,0.1939,0.1354,0.2902,0
24.87,17.52,73.36,733.11,0.121,0.1285,0.3443,0.1808,0
23.63,11.47,66.06,2286.84,0.134,0.1028,0.4065,0.1099,1
15.22,22.32,46.78,833.91,0.1285,0.1891,0.3217,0.1479,0
6.6,26.18,129.41,1016.99,0.1348,0.2107,0.0748,0.1204,0
26.14,19.19,127.13,381.01,0.1348,0.1007,0.1683,0.169,0
6.27,31.33,72.84,2263.92,0.1658,0.3245,0.3265,0.229,1
22.89,28.96,151.25,815.22,0.0916,0.2039,0.39,,1
29.29,19.32,158.58,751.05,0.1554,0.1937,0.4294,0.1486,1
16.5,32.4,81.46,2311.82,0.0526,0.1638,0.22,0.2535,1
11.64,29.11,95.06,2041.04,0.0846,0.0392,0.3537,0.1263,0
22.92,28.76,198.48,472.95,0.0558,0.3112,0.0201,0.1456,1
25.61,26.16,99.88,1955.61,0.1281,0.1246,0.1229,0.2352,1
,9.35,161.73,2294.76,0.0621,0.232,0.1598,0.1394,0
29.21,30.59,112.44,325.29,0.1515,0.2205,0.4195,0.2358,1
7.24,20.66,166.94,2087.51,0.1276,0.2129,0.0015,0.2954,0
18.12,38.22,163.04,1431.91,0.0535,0.1935,0.1324,0.2663,1
23.24,34.36,146.84,1719.31,0.1358,,0.4001,0.132,1
26.7,27.22,176.76,1303.14,0.1534,0.1126,0.1319,0.2041,1
10.3,16.82,190.27,1786.82,0.1293,0.193,0.0968,0.1845,0
25.2,15.32,132.8,220.47,0.0537,0.2805,0.3139,0.2983,1
19.26,19.55,78.0,1939.99,0.153,0.1626,0.3205,0.2929,1
15.52,23.77,103.78,218.69,0.1379,0.0873,0.203,0.1254,0
9.16,18.18,161.33,1214.51,0.0954,0.049,0.4072,0.2817,0
26.77,24.96,144.14,496.28,0.0894,0.2388,0.0872,0.1387,1
9.77,14.13,68.45,2083.64,0.1076,0.1597,0.3928,0.1639,0
13.43,39.31,48.2,880.24,0.1541,0.0614,0.3249,0.1707,1
12.96,12.35,149.27,1211.66,0.0802,0.2426,0.1583,0.1574,0
26.91,37.89,80.17,1151.85,0.0621,0.0885,0.347,0.2706,1
22.14,37.32,119.95,1963.1,0.1538,0.188,0.0573,,1
25.12,25.29,159.48,1275.5,0.0532,0.121,0.0563,0.2633,0
12.01,31.47,130.03,2001.94,0.1593,0.3275,0.3999,0.2989,1
21.0,22.52,53.33,313.48,0.0867,0.0953,0.0408,0.2682,0
19.72,28.53,69.69,592.16,0.111,0.1586,0.0018,0.1692,0
25.99,19.56,75.09,1441.62,0.0659,,0.1673,0.2423,1
27.75,18.34,81.26,2375.13,0.1583,0.1252,0.0447,0.2068,1
6.29,26.93,130.46,316.43,0.14,0.2327,0.3711,0.2573,0
22.18,24.44,120.63,241.68,0.1609,0.1245,0.3968,0.1306,1
7.24,26.97,72.51,509.46,0.132,0.0565,0.2074,0.2276,0
19.17,17.89,50.81,1653.12,0.0722,0.2271,0.183,0.2547,0
12.9,20.38,,1081.62,0.087,0.3223,0.2318,0.2522,0
13.36,11.6,197.5,2088.3,0.1084,0.1693,0.0973,0.2927,0
14.47,10.62,114.97,309.76,0.1229,0.2266,0.1281,0.1117,0
20.91,16.86,178.78,603.54,0.1612,0.2209,0.0434,0.1692,0
14.02,11.3,175.8,848.06,0.0961,0.157,0.192,0.1953,0
23.58,12.22,121.84,1619.08,0.1344,0.2229,0.263,0.162,1
15.71,34.2,153.07,1757.01,0.1653,0.1056,0.4,0.162,1
7.64_err,10.21,70.84,433.12,0.0683,0.1448,0.3178,0.1352,0
24.81,29.43,150.14,2367.38,0.1535,0.166,0.3109,0.2626,1
12.86,17.45,83.58,944.86,0.1005,0.3051,0.1324,0.2816,0
16.39,36.02,173.13,1823.08,0.1379,0.1349,0.382,0.1165,1
22.45,24.03,53.4,1377.13,0.0852,0.2296,0.4072,0.131,1
13.98,18.47,163.7,665.71,,0.0904,0.4009,0.1457,0
7.36,25.05,55.99,2137.1,0.0533,0.1033,0.0167,0.2018,0
14.97,20.84,180.99,2071.04,0.1666,0.234,0.2599,0.2582,0
28.67,26.49,88.67,,0.1476,0.2716,0.2766,0.1143,1
21.4,12.55,144.7,1529.11,0.0613,0.1725,0.1269,0.2274,0
22.12,39.91,118.0,748.47,0.1699,0.1306,0.4267,0.1299,1
21.17,22.19,98.61,1768.05,0.1226,0.3204,0.1252,0.2943,1
10.78,19.8,143.27,869.3,0.1524,0.0648,0.0931,0.2798,0
16.04,31.02,191.6,2132.03,0.058,0.2578,0.2082,0.2899,1
24.02,20.28,46.6,653.03,0.0967,0.2478,0.139,0.1212,0
8.43,34.83,187.02,174.94,0.1304,0.2478,0.3973,0.1976,0
12.67,23.08,137.45,773.68,0.0628,0.3287,0.1892,0.133,0
12.63,31.31,169.17,590.88,0.1087,0.2603,0.1764,0.2201,0
16.37,12.33,101.42,1339.56,0.1031,0.1195,0.2691,0.1465,0
29.53,35.23,115.49,620.74,0.0759,0.1366,0.0349,0.2541,1
7.62,31.81,179.02,1941.13,0.086,0.1491,0.3254,0.2288,0
18.45,15.56,106.38,709.63,0.1661,0.0302,0.3304,0.2143,1
10.3,13.5,125.55,1808.44,0.0846,0.3215,0.2038,0.265,0
29.3,18.81,43.23,1505.19,0.0756,0.0443,0.411,0.2001,1
8.72,39.26,65.38,2467.55,0.1143,0.2509,0.2491,0.154,1
15.69,16.96,142.67,2499.77,0.1305,0.261,0.299,0.2241,1
23.71,23.14,154.72,2192.08,0.137,0.2984,0.3975,0.2914,1
22.91,9.93,133.22,1933.56,0.1405,0.2026,0.2865,0.2202,1
16.15,21.31,62.93,1052.04,0.0544,0.2593,0.1857,0.2259,0
14.32,26.71,111.26,1917.73,0.0973,0.1199,0.0107,0.287,0
15.54,38.55,96.82,2397.75,0.1429,0.266,0.3132,0.2031,1
12.34,25.02,119.31,195.17,0.1586,0.1333,0.4149,0.2993,0
10.93,34.39,179.25,1409.48,0.1223,0.3179,0.2022,0.1319,1
17.59,25.96,164.14,654.48,0.0563,0.0739,0.1461,0.2074,0
12.44,10.26,53.44,1456.59,0.0976,0.1242,0.2233,0.1426,0
12.9,18.77,182.45,1240.82,0.0589,0.1846,0.3132,0.1907,0
21.76,26.84,115.48,1498.81,0.1398,0.276,0.0003,0.1341,1
29.24,38.47,159.02,1440.27,0.0576,0.2671,0.3815,0.1445,1
20.49,35.63,62.41,2405.85,0.0723,0.0895,0.3811,0.1422,1
7.85,16.08,147.32,1443.16,0.1,0.0676,0.2328,0.164,0
7.81,15.82,77.81,2137.11,0.1055,0.1203,0.0526,0.1269,0
28.83,15.24,110.14,894.78,0.0988,0.1796,0.2889,0.2619,1
13.13,37.6,42.7,1173.92,0.1056,0.1979,0.0593,0.1441,0
8.21,35.43,64.26,1250.18,0.1356,0.1616,0.2182,0.1833,1
20.38,33.02,54.73,797.8,0.0943,0.2388,0.0403,0.1032,0
20.97,21.17,78.36,1036.31,0.1157,0.1611,0.2533,0.121,1
21.56,24.64,56.0,1552.49,0.0864,0.3323,0.1368,0.2793,1
12.42,23.39,150.71,1509.24,0.0924,0.1061,0.3573,0.2674,0
6.36,16.86,44.65,1641.99,0.1237,0.227,0.344,0.2682,0
29.16,24.66,138.84,970.29,0.1089,0.2218,,0.1823,1
12.02,9.95,62.51,885.36,0.1368,0.1129,0.1107,0.1283,0
22.22,13.09,191.23,1583.42,0.1173,0.1559,0.0266,0.1216,0
22.96,36.48,189.3,453.55,0.1464,0.1406,0.1905,0.2211,1
20.64,32.3,76.08,737.15,0.1032,0.0769,0.0359,0.2656,0
13.51,22.11,138.31,239.42,0.1089,0.1775,0.0768,0.28,0
12.51,25.03,44.48,311.36,0.1304,0.1476,0.2568,0.1577,0
20.34,20.47,189.09,714.38,0.0765,0.0788,0.2546,0.1642,0
26.79,31.96,123.68,186.09,0.0963,0.1685,0.0186,0.1202,0
28.72,33.31,46.92,719.17,0.125,,0.1904,0.2549,1
8.54,32.66,94.8,1685.74,0.0535,0.0634,0.228,0.1551,0
9.72,31.4,52.3,284.21,0.1024,0.0633,0.1153,0.1962,0
28.67,15.34,102.87,1170.7,0.1219,0.2337,0.375,0.2858,1
23.68,19.48,147.19,2294.94,,0.2532,0.0693,0.2504,1
27.19,23.57,115.18,2007.43,0.1552,0.3306,0.1092,0.1105,1
10.86,19.25,101.4,860.83,0.0837,0.0487,0.0675,0.1016,0
20.1,32.4,59.07,2322.54,0.1109,0.0589,0.0501,0.2575,1
22.83,19.21,79.19,917.97,0.0568,0.0371,,0.2105,0
22.32,13.29,56.02,311.14,0.0789,0.1956,0.1195,0.2441,0
15.8,21.37,169.2,2485.97,0.143,0.2255,0.3107,0.1314,1
6.37,39.38,61.64,2193.25,0.0648,0.1532,0.184,0.2744,0
19.99,16.0,135.26,1239.6,,0.2833,0.2734,0.2547,1
12.07,27.98,94.84,1712.65,0.1633,0.2466,0.3991,0.2782,1
16.81,22.42,76.16,1724.1,0.1489,0.3453,0.3632,0.1682,1
28.98,11.2,142.31,598.98,0.1438,0.0655,0.0297,0.1551,0
15.58,24.12,113.12,612.11,0.1537,0.0392,0.3634,0.1303,1
26.16,30.77,,1248.21,0.14,0.1107,0.1943,0.286,1
10.52,24.91,134.86,2291.31,0.0645,0.0263,0.1506,0.1354,0
22.14,36.04,118.6,163.59,0.112,0.3278,0.2891,0.1239,1
29.45,17.96,88.56,1986.71,0.1033,0.1203,0.4086,0.1385,1
8.45,11.67,129.45,275.76,0.0873,0.2023,0.0405,0.2543,0
6.2,38.03,147.12,1268.6,0.1501,0.125,0.3303,0.2779,0
16.41,20.72,44.27,1645.38,0.1057,0.1011,0.0875,0.2622,0
8.22,26.87,114.54,1760.75,0.0572,0.0703,0.1635,0.2126,0
23.96,33.55,49.23,278.01,0.083,0.1257,0.3757,0.2988,1
27.95,19.05,69.82,1127.9,0.0774,0.2231,0.2347,0.1138,1
16.42,31.2,129.68,1517.86,0.1565,0.3406,0.029,0.2734,1
12.21,13.2,178.59,295.87,0.1277,0.2042,0.2185,0.1855,0
16.43,18.03,181.25,458.82,0.1172,0.1958,0.3395,0.191,0
23.36,13.49,51.19,1706.21,0.1108,0.0316,0.2274,0.1255,0
6.22,34.15,107.06,1371.07,0.128,0.2972,0.0718,0.1067,0
20.15,15.9,133.28,521.92,0.1406,0.0348,0.1914,0.1633,0
20.72,31.24,63.53,,0.1165,0.3191,0.3975,0.135,1
21.3,38.24,162.47,2293.95,0.1626,0.1978,0.283,0.1967,1
11.81,25.36,159.08,176.79,0.1672,0.0756,0.3139,0.1295,0
23.14,25.74,184.53,1656.62,0.1694,0.1691,0.338,0.1276,1
8.19,23.29,41.36,313.82,0.1303,0.3483,,0.2754,1
10.78,19.1,74.67,155.22,0.1619,0.1207,,0.2843,0
27.06,23.75,172.35,495.54,,0.1089,0.1616,0.2928,1
23.73,27.69,,1138.06,0.1532,0.0589,0.0598,0.2361,1
6.33,39.57,183.1,2033.53,0.1591,0.2171,0.0872,0.2542,1
11.96,38.07,49.15,805.01,0.1585,0.0494,0.3359,0.2672,1
11.15,35.73,135.51,1616.59,0.1497,0.2728,0.0694,0.2318,0
12.5,36.56,131.05,1110.33,0.0988,0.3233,0.1343,0.166,1
11.94,23.5,45.71,693.02,0.0691,0.3275,0.1225,0.1313,0
7.5,29.38,122.16,1353.62,0.0901,0.0556,0.0209,0.1475,0
17.01,36.75,137.52,2022.02,0.1421,0.2042,0.1987,0.2681,1
23.59,21.18,70.61,2104.68,0.0779,0.052,0.3293,0.2392,1
20.56,38.81,83.73,2137.79,0.1074,0.2088,0.0095,0.1912,1
22.15,,142.46,939.0,0.1178,0.2889,0.0484,0.1059,0
7.95,27.63,114.93,2012.56,0.1225,0.1975,0.3097,0.1532,1
28.84,31.0,177.28,640.74,0.1623,0.3078,0.2552,0.2458,1
26.12,38.47,94.78,1882.68,0.1294,0.2846,0.3076,0.2025,1
25.32,16.58,82.67,2378.19,0.1444,0.1113,0.0989,0.1871,0
25.75,,197.58,172.44,0.1198,0.2279,0.3456,0.1627,1
28.39,25.15,185.78,1179.26,0.15,0.0224,0.2063,0.2214,1
19.06,17.33,44.64,1668.74,0.0816,0.1507,0.2624,0.2933,1
10.81,33.07,163.32,1796.19,0.0752,0.0985,0.0396,0.2802,0
20.8,26.12,57.65,555.57,0.1612,0.3292,0.0882,0.1061,1
23.83,29.49,44.4,2434.35,,0.1538,0.3325,0.1962,1
23.71,19.01,83.79,1592.03,0.1306,0.2358,0.0963,0.1659,1
18.51,23.92,83.1,527.84,0.1061,0.2616,0.0398,0.2021,0
7.64,28.14,171.09,188.43,0.0952,0.2752,0.2568,0.2212,0
14.91,21.55,153.71,1988.5,0.1167,0.2628,0.2356,0.14,0
28.1,15.15,197.06,328.1,0.0645,0.1154,0.2614,0.2563,0
20.03,38.81,153.84,472.88,0.1046,0.2464,0.2659,0.195,1
18.92,24.86,106.92,1496.6,0.1046,0.2012,0.2151,0.2984,1
12.45,31.75,151.83,1564.27,0.1146,0.2171,0.2123,0.105,1
14.84,21.74,199.91,1761.05,0.1262,0.0203,0.3974,0.1379,0
27.49,20.01,153.62,1068.69,0.1649,0.1052,0.2296,0.2379,1
22.0,21.62,161.87,1966.4,0.1283,0.3271,0.2654,0.239,1
24.9,21.69,190.14,2439.49,0.156,0.1157,0.1148,0.2164,1
16.9,25.87,58.18,779.78,0.1168,0.1645,0.3746,,0
21.13,25.85,152.77,1799.15,0.1252,0.0816,0.0105,0.1831,0
11.96,24.41,176.13,2331.19,0.0584,0.0657,0.2396,0.1834,0
22.93,13.18,192.7,1759.64,0.066,0.0889,0.1651,0.2821,1
16.26,24.38,73.76,1747.42,0.1196,0.2027,0.2597,0.2077,0
16.62,14.24,120.63,668.1,0.0975,0.3233,0.1549,0.1707,0
21.58,12.91,148.89,1402.91,0.1459,0.1276,0.3086,0.2438,1
28.47,37.91,79.59,1467.55,0.1152,0.1267,0.0087,0.2239,1
7.54,27.75,136.08,1792.31,0.1559,0.2062,0.1745,0.1613,0
25.79,29.44,81.21,2492.5,0.1667,0.1377,0.3574,0.1596,1
13.02,21.46,93.35,219.4,0.0677,0.3204,0.1076,0.1791,0
16.65,37.18,110.64,293.95,0.0974,0.1447,0.0227,0.1143,0
6.53,28.78,124.67,323.96,0.1298,0.1818,0.2135,0.2885,0
13.23,32.84,111.9,1893.43,0.0867,0.196,0.4199,0.1366,0
18.06,20.43,118.91,,0.082,0.2781,0.0276,0.1388,0
7.35,38.76,87.77,1608.99,0.1476,0.2061,0.0301,0.2294,0
17.79,34.43,65.43,906.22,0.1676,0.0989,0.2559,0.2448,1
28.25,35.47,,1219.28,0.1429,0.0609,,0.2474,1
8.53,14.34,71.36,648.97,0.1128,0.3295,0.1764,0.175,0
24.35,17.4,133.11,2184.01,0.1031,0.2845,0.3571,0.2747,1
15.83,17.85,165.78,1523.31,0.1148,0.0276,0.0855,0.2088,0
21.72,17.4,67.08,2369.17,0.1055,0.2911,0.3093,0.1877,1
12.25,35.52,57.37,1496.05,0.1103,0.2149,0.2169,0.2621,0
9.83,9.99,159.89,432.42,0.0744,0.1912,0.3891,0.1487,0
9.85,11.36,88.83,543.25,0.1584,0.024,0.4184,0.272,0
7.69,17.49,192.24,2474.21,0.1405,0.2777,0.2085,0.2078,0
10.46,15.2,154.29,1852.33,0.1317,0.0854,0.2514,0.28,1
21.94,16.19,92.28,256.3,0.164,0.2602,0.3207,0.1403,0
27.16,33.74,86.33,1800.92,0.0841,0.0252,0.137,0.2872,1
25.54,26.46,123.79,1112.73,0.0597,0.2828,0.0975,0.2376,1
,9.18,52.66,865.01,0.1491,0.0276,0.4148,0.2237,0
8.65,22.31,58.83,503.58,0.1698,0.0978,0.186,0.1844,0
12.94,21.64,68.14,2122.17,0.1194,0.1085,0.0007,0.2913,0
13.44,12.53,163.96,290.67,0.0571,0.072,0.3602,0.1888,0
12.0,29.96,122.22,824.01,0.1437,0.1787,0.2579,0.1997,0
18.36,30.77,41.69,863.06,0.0588,0.1136,0.0725,0.2563,0
18.85,31.35,147.76,519.74,0.1148,0.3478,0.013,0.157,1
14.57,31.58,107.79,1339.32,0.0833,0.2114,0.1253,0.1583,0
,9.0,121.74,167.62,0.1598,0.2069,0.399,0.2551,0
25.89,38.57,74.26,850.3,0.1042,0.0929,0.4014,0.1257,1
24.94,34.24,128.29,2343.37,0.1578,0.1549,0.1337,0.2646,1
13.39,37.02,196.66,872.85,0.0859,0.0609,0.3595,0.225,1
27.93,9.48,51.75,990.68,0.0965,0.2716,0.19,0.2078,0
28.87,37.95,85.43,1256.67,0.1637,0.1293,0.2814,0.1458,1
13.84,34.1,78.88,1465.6,0.0742,0.2681,0.1438,0.2573,0
14.51,34.95,79.77,2048.55,0.1194,0.1427,0.2219,0.261,1
18.14,11.89,100.59,589.16,0.0966,0.3463,0.1263,0.1966,0
28.59,31.9,170.9,2197.32,0.1429,0.0765,0.0263,0.1778,1
27.03,38.76,186.06,1927.82,0.0655,0.0205,0.0599,0.1492,0
8.46,30.03,72.35,1845.45,0.1025,0.2163,0.125,0.2508,0
15.43,26.69,126.87,344.86,0.1339,0.3345,0.4198,0.2279,1
19.28,38.31,141.9,191.07,0.0988,,0.4152,0.1413,1
18.08,22.73,123.49,1541.87,0.057,0.0483,0.3559,0.2589,0
10.65,27.58,109.45,2177.0,0.1346,0.1984,0.1,0.2764,0
26.61,23.77,70.72,1519.28,0.1104,0.3201,0.1899,0.1118,1
22.25,37.92,118.12,643.23,0.0514,0.0221,0.1891,0.2545,1
26.11,11.36,104.19,353.63,0.1235,0.0751,0.1664,0.2706,0
26.61,24.53,167.29,1791.05,0.1604,0.2888,0.0193,0.2983,1
23.96,30.3,162.18,1843.38,0.0633,0.315,0.2298,0.1475,1
16.54,33.55,61.44,547.17,0.1209,,0.0313,0.1742,0
20.65,27.07,54.16,206.53,0.1374,0.3472,0.3448,0.2932,1
9.85,37.18,185.3,1103.55,0.0585,0.0498,0.2973,0.1188,1
22.17,38.2,125.68,1515.22,0.0527,0.2001,0.1517,0.2047,1
,10.99,177.25,,0.1057,0.246,0.2783,0.2013,0
22.65,21.47,49.3,,0.1449,0.2519,0.1002,0.2213,1
11.51,9.73,124.24,1580.87,0.0693,0.2818,0.1141,0.1662,0
8.82,,126.31,401.68,0.1504,0.3228,0.1351,0.2852,0
9.97,25.64,177.71,1750.89,0.1288,,0.3427,0.154,0
6.05,37.23,55.62,2462.66,0.0899,0.0342,0.0906,,0
23.25,35.24,78.47,2277.18,0.1119,0.1396,0.242,0.1992,1
23.58,12.95,105.05,2197.14,0.1659,0.2416,0.0862,0.1533,0
18.36,11.88,178.53,853.12,0.076,0.0904,0.1226,0.1378,0
9.87,27.27,190.22,1911.86,0.1099,0.2873,0.1013,0.2913,0
8.01,25.5,198.84,2148.6,0.1249,0.0925,0.2774,0.2123,1
6.46,17.26,193.47,1740.85,0.0666,0.0233,0.2265,0.2208,0
9.98,36.88,40.95,731.33,0.0552,0.1877,0.3102,0.2566,0
27.38,37.75,,2391.05,0.0516,0.2597,0.0946,0.1162,1
11.8,21.48,63.62,1203.93,0.089,0.1354,0.0039,0.2428,0
14.5,36.6,95.82,446.34,0.0589,0.2671,0.2926,0.133,1
8.53,20.9,172.79,399.08,0.1465,0.1647,0.0494,0.2481,0
11.34,31.84,182.82,1668.14,0.1697,0.0767,0.1059,0.1283,0
18.46,23.75,69.89,1172.99,0.0574,0.0499,0.1314,0.2665,0
20.59,12.8,139.15,,0.1019,0.2545,0.3211,0.2362,0
11.89,37.77,186.78,1887.26,0.0531,0.1473,0.2691,0.1772,0
7.39,23.08,114.2,2026.41,0.0661,0.3212,0.0792,0.1718,0
15.38,31.77,56.57,1851.98,0.0888,0.1983,0.2571,0.1298,0
11.62,20.38,113.25,617.34,0.0972,0.135,0.3045,0.2808,0
11.27,9.59,100.13,1767.87,0.1628,0.1352,0.1672,0.1237,0
29.04,12.12,132.43,165.31,0.0975,0.0634,0.1058,0.1944,0
20.79,24.38,110.19,860.06,0.1096,0.216,0.292,0.1473,1
19.37,30.39,42.78,1081.22,0.0795,0.2121,0.2627,0.2993,1
15.98,19.38,199.04,2111.18,0.05,0.284,0.0335,0.2172,0
16.29,30.56,126.97,1061.33,0.1579,0.0864,0.2867,0.1299,1
18.98,30.66,115.78,166.6,0.0598,0.116,0.2101,0.2335,1
22.71,30.82,192.74,971.54,0.1657,,0.3239,0.2983,1
22.85,24.27,64.94,1317.46,0.0657,0.1175,0.082,0.221,1
10.12,37.36,70.28,2379.65,0.1226,0.1613,0.111,0.1915,1
18.0,24.17,169.28,2360.84,0.1699,0.3381,0.2336,0.1587,1
15.89,,81.73,566.86,0.0666,0.2355,0.2071,0.1184,0
26.89,15.18,167.88,576.95,0.1009,0.2783,0.1661,0.1456,1
21.15,18.54,83.45,525.58,,0.1274,0.3208,0.2107,0
18.78,10.31,45.31,2001.86,0.0539,0.0677,0.2428,0.2508,0
8.77,28.64,122.72,154.21,0.1328,0.1047,0.3054,0.2756,0
20.54,16.7,71.47,440.14,0.0596,0.1046,0.0659,0.2587,0
8.81,18.43,161.26,1409.58,0.0784,0.2124,0.3135,0.1251,0
14.09,32.9,142.59,724.25,0.0692,0.1327,0.1985,0.2547,0
9.43,19.14,187.78,357.96,0.1589,0.3029,0.0145,0.2163,0
22.61_err,16.51,165.28,989.31,0.0717,0.3462,0.1008,,0
10.95,14.24,68.92,787.13,0.0549,0.1333,0.0111,0.2146,0
15.4,33.02,168.03,1346.21,,0.2527,0.1965,0.1016,1
27.5,13.02,142.68,2450.99,0.0915,0.237,0.1401,0.1135,1
10.9,23.07,147.03,433.36,0.0987,0.0842,0.4246,0.2052,0
18.19,24.71,173.16,1019.64,0.0643,0.3229,0.3735,0.1347,1
16.06,30.31,131.81,2339.48,0.1398,0.0858,0.355,0.2091,1
6.43,28.63,114.56,2209.42,0.1222,0.2632,0.2155,0.1708,0
25.03,34.13,141.86,1070.48,0.0937,0.1347,0.347,,1
7.66,10.39,87.67,1789.53,0.0706,0.1411,0.1148,0.2899,0
17.38,18.19,69.22,347.34,0.1212,0.1703,0.2411,0.296,0
19.46,17.68,138.65,1821.6,0.1434,0.3053,0.169,0.2798,1
21.08,13.53,77.42,2435.94,0.0875,0.0663,0.0737,0.2972,1
22.53,17.96,52.79,1408.47,0.0531,0.038,0.0312,0.2412,0
12.08,18.6,40.09,1316.44,0.0757,0.1527,0.24,0.2921,0
6.24,25.18,137.33,582.07,0.1319,0.0383,0.042,0.2284,0
23.36,29.57,97.94,1635.74,0.1687,0.2469,0.3087,0.2618,1
18.86,20.81,160.37,1533.43,0.0516,0.2709,0.3962,0.1264,1
26.07,31.3,100.03,1678.56,0.0867,0.3021,0.0697,0.2365,1
25.71,19.42,117.76,201.56,0.0574,0.2655,0.2025,0.2862,1
26.24,18.0,105.13,1434.99,0.088,0.3224,0.3177,0.208,0
17.64,25.78,144.09,1544.05,0.0987,0.2669,0.1233,0.1374,1
14.01,9.74,96.98,629.77,0.1605,0.3289,0.3959,0.2054,0
25.0,11.47,194.2,631.67,0.0597,0.0837,0.382,0.2414,0
16.83,21.96,189.78,791.87,0.1433,0.185,0.0446,0.254,0
10.4,38.23,175.68,1819.66,0.0975,0.348,0.0118,0.2047,1
26.52,31.37,187.25,1570.79,0.1474,0.2449,0.4199,0.1435,1
27.18,11.73,111.86,2136.0,0.1116,0.31,0.4113,0.2853,1
17.19,35.24,125.83,837.75,0.0547,0.03,0.1816,0.2547,0
7.82,31.7,158.73,2292.48,0.1635,0.3077,0.0217,0.1541,0
15.31,27.94,151.38,1895.15,0.0599,0.2502,0.2661,0.2624,1
25.28,34.43,182.51,1072.23,0.1217,0.0763,0.1262,0.1696,1
27.64,,154.61,364.82,0.1553,0.0285,0.4028,0.1625,1
10.88,15.87,199.66,746.48,0.0596,0.1058,0.3417,0.2726,0
7.61,24.87,95.76,2397.97,0.1165,0.3222,0.2793,0.2746,1
27.06,26.01,173.28,872.46,,0.2405,0.1223,0.1797,1
15.35,25.69,151.62,918.57,0.1684,0.3234,0.3015,0.1018,0
19.0,26.52,150.62,,0.1369,0.1672,0.1243,0.1373,0
29.23,38.41,,2044.17,0.0834,0.3291,0.0162,0.2819,1
7.6,36.97,165.7,790.52,0.1339,0.1728,0.2186,0.2797,0
21.56,36.15,184.06,919.41,0.1347,0.0874,0.2101,0.1907,1
7.78,33.84,74.97,1117.86,0.134,0.07,0.3281,0.1608,0
,38.25,140.08,1163.6,0.1525,0.348,0.3722,0.1605,1
25.29,12.05,102.74,1110.76,0.0605,0.1302,0.1524,0.2794,0
16.4,17.22,198.33,1328.84,,0.0728,0.1933,0.1649,0
29.93,24.35,116.61,2062.25,0.1269,0.0228,0.2023,0.2023,1
19.42,35.24,76.53,2073.51,0.1645,0.1142,0.1394,0.2462,1
13.71,24.66,101.1,2024.02,0.1059,0.3134,0.3197,0.1419,0
11.28,32.19,144.61,378.65,0.1653,0.1962,0.2245,0.1508,1
14.41,13.31,52.17,2027.24,0.1626,0.2287,0.393,0.1716,1
14.94,16.82,136.58,423.79,0.1583,0.3244,0.2796,0.2308,1
7.65,31.69,189.0,434.35,0.1592,0.1892,0.0911,0.2635,0
14.87,14.11,176.06,2376.96,0.1578,0.2966,0.0709,0.2093,0
17.14,19.89,50.83,2073.78,0.1484,0.1269,0.1601,0.1266,0
23.35,,198.94,1443.69,0.1334,0.3424,0.1492,0.1892,1
21.76,19.85,151.8,2204.93,0.0529,0.046,0.1751,0.1255,0
23.01,30.96,65.96,2474.9,0.0659,0.2592,0.0789,,1
6.2,,41.99,1581.12,0.0661,0.238,0.4206,0.2179,0
11.22,26.21,67.41,1586.44,,0.0833,0.0627,0.2912,0
21.88,12.1,174.11,1920.45,0.064,0.1483,0.2806,0.2675,0
17.62,33.96,43.46,687.85,0.1604,0.1232,0.0056,0.2549,1
6.13,20.47,77.3,534.41,0.1297,0.0512,0.175,0.2454,0
25.31,29.1,161.17,1932.61,0.0874,0.213,0.1329,0.2794,1
24.55,31.49,133.78,953.98,0.1452,0.3479,0.1643,0.2506,1
19.16,15.5,165.24,458.77,0.1086,0.2047,0.2142,0.2254,1
7.6,36.42,159.38,883.11,0.0671,0.1999,0.2582,0.1729,0
24.4,28.1,48.1,986.38,0.1561,0.0333,0.2509,0.1202,1
20.01,22.29,182.8,2417.94,0.0906,0.0659,0.2712,0.1922,1
24.77,14.65,76.33,1787.18,0.1339,0.1894,0.3632,0.285,1
24.04,38.21,128.54,1392.82,0.0849,0.3451,0.3813,0.2166,1
25.27,32.41,143.09,2426.54,0.11,0.3093,0.317,0.1369,1
18.43,15.45,66.98,2271.41,0.148,0.1323,0.0339,0.2298,0
9.37,19.47,196.2,1348.32,0.0688,0.1992,0.4134,0.1931,0
22.11,34.1,118.1,2277.4,0.1673,0.2024,0.4074,0.2863,1
20.89,30.57,49.22,1094.16,0.0584,0.2462,0.306,0.1322,1
23.81,32.74,189.96,683.79,0.1141,0.247,0.2225,0.2424,1
10.08,22.68,133.8,,0.1599,0.2806,0.1078,0.2363,0
10.68,31.21,151.87,1703.06,0.1635,0.0282,0.3252,0.2967,0
27.37,20.98,124.03,1322.53,0.0779,0.3314,0.3775,0.213,1
24.0,15.55,173.56,1695.12,0.0673,0.0431,0.286,0.2743,0
27.8,28.61,45.3,1759.14,0.1369,0.1771,0.2705,0.1049,1
24.21,39.26,82.94,192.68,0.055,0.3235,0.083,0.1246,1
20.33,18.63,115.14,267.53,0.1082,0.1809,0.1539,0.1692,0
21.7,23.29,52.26,1397.12,0.1456,0.041,0.3109,0.2239,1
27.34,29.89,152.95,590.84,0.1172,0.0956,0.0073,0.1898,0
19.89,25.79,102.99,1632.78,0.0726,0.211,0.2757,0.1405,0
21.18,35.15,83.63,1443.16,0.1084,0.049,0.3297,0.2178,1
9.76,32.61,40.54,1522.39,0.1606,0.1598,0.1439,0.2133,1
17.37,10.81,155.17,853.79,0.1241,0.1286,0.0328,0.2049,0
23.19,39.95,173.41,1650.03,0.1366,0.289,0.3522,0.1181,1
12.5,32.32,103.21,2097.6,0.0904,0.0563,0.061,0.2854,0
10.85,35.78,130.27,2495.45,0.0726,0.2453,0.1594,0.2185,1
13.53,29.19,76.43,2118.73,0.0807,0.1542,0.3041,0.1528,0
11.8,35.54,139.55,1455.7,0.114,0.214,0.3513,0.2375,0
11.16,12.48,41.94,596.49,0.0836,0.0878,0.3708,0.1636,0
16.2,19.78,118.18,1748.21,0.115,0.2212,0.2281,0.2012,0
27.79,36.17,143.07,2352.86,0.1349,0.2424,0.2046,0.1682,1
18.17,15.25,186.91,640.01,0.1381,0.0432,0.3648,0.2761,0
10.51,,101.01,744.15,0.0698,0.292,0.2421,0.2988,0
7.85,33.43,162.43,491.66,0.1401,0.3042,0.2488,0.1322,0
22.71,34.9,135.63,1878.66,0.1307,0.041,0.1866,0.1047,1
15.19,14.04,,1099.49,0.0514,0.2191,0.1603,0.1439,0
25.72,35.48,103.74,287.96,0.0571,0.216,0.2066,0.218,1
21.83,30.29,91.06,2204.88,0.1275,0.0241,0.1569,0.1348,1
25.11,25.12,181.94,1456.11,0.096,0.133,0.1477,0.2623,1
12.53,34.74,47.88,921.38,0.0675,0.3397,0.4273,0.1817,1
22.62,22.0,61.82,951.8,0.0553,0.2033,0.1446,0.2221,0
12.34,15.01,53.18,824.99,0.0691,0.328,0.1102,0.1911,0
28.54,17.83,174.9,1214.93,0.1649,0.243,0.1522,0.2807,1
21.27,24.66,41.7,935.42,0.1373,0.0294,0.254,0.107,0
13.79,25.47,177.87,1433.15,0.1133,0.0456,0.3917,0.2459,1
12.47,33.97,112.2,1965.5,0.163,0.2583,0.3388,0.2304,1
10.58,33.53,40.64,1731.73,0.1243,0.203,0.3622,0.2299,0
22.67,27.02,104.26,834.92,0.1371,0.062,0.3694,0.1828,1
11.25,33.2,69.89,1387.83,0.0839,0.2226,0.3958,0.1031,0
20.29,14.94,139.9,2122.7,0.1207,0.2874,0.1011,0.2378,1
12.35,10.55,148.7,300.97,0.0672,0.2685,0.1971,0.2659,0
21.89,36.08,118.0,324.78,0.0985,0.1012,0.1656,0.117,0
25.56,11.34,46.48,1452.56,0.054,0.1052,0.1642,0.1883,0
24.67,16.65,144.98,1648.31,0.076,0.3394,0.2805,0.1325,1
24.26,30.55,174.73,638.93,0.059,0.3128,0.1728,0.2222,1
10.51,21.69,155.25,1898.72,0.0965,0.1251,0.265,0.2571,1
8.12,36.17,172.79,1665.18,0.1512,0.2919,0.1644,0.2333,1
22.77,18.24,72.08,2318.96,0.0954,0.0734,0.1338,0.1636,0
14.84,9.37,182.22,538.73,0.1498,0.085,0.1518,0.1279,0
16.38,18.32,91.55,1913.24,0.1288,0.0798,0.3456,0.2589,0
6.75,26.92,42.14,337.4,0.1111,0.0489,0.2585,0.1648,0
12.23,20.65,174.94,1474.09,0.0784,0.302,0.4188,0.1044,0
6.81,25.58,190.69,1442.47,0.1607,0.211,0.358,0.2143,0
27.1,36.17,144.89,1056.59,0.0565,0.1055,0.2089,0.1493,1
11.84,37.29,77.03,2133.19,0.1327,0.3001,,0.2682,0
19.38,17.25,80.28,150.31,0.1245,0.2849,0.2898,0.1287,0
6.94,23.33,114.65,1367.62,0.1029,0.0533,0.3125,0.187,0
22.0,26.02,183.65,652.48,0.0788,0.2326,0.1996,0.1506,0
13.75,38.42,,1894.66,0.1017,0.2582,0.0989,0.2379,0
27.55,39.96,172.16,241.64,0.1547,0.2562,0.2396,0.2097,1
27.31,16.3,86.61,2102.47,0.1504,0.2586,0.1091,0.2582,1
13.81,31.54,169.37,2117.9,0.163,0.0759,0.4042,0.1917,1
27.62,20.72,187.24,2105.56,0.0869,0.124,0.2704,0.101,1
29.91,9.25,108.4,500.06,0.0965,0.2986,,0.143,0
25.81,9.29,98.41,1627.76,0.0522,0.3165,0.0928,0.2998,0
26.28,23.28,168.36,173.91,0.1632,0.1121,0.3082,0.1811,1
11.98,24.14,124.72,2141.19,0.0895,0.0276,0.3044,0.224,0
19.84,9.7,149.51,1846.22,0.0985,0.3037,0.2568,0.281,1
7.61,30.29,139.65,1393.52,0.1589,0.1444,0.2641,0.1041,1
8.28,18.11,64.46,1864.2,0.1132,0.1287,0.2597,0.2319,0
29.97,26.36,175.17,362.6,0.1179,0.1345,0.1548,0.1577,1
13.84,18.33,71.32,1387.63,0.0711,0.1572,0.4031,0.1558,1
23.96,14.18,,827.41,0.1098,0.1448,0.2061,0.145,0
25.36,21.62,80.09,2435.38,0.1602,0.2069,0.0087,0.2645,1
26.59,16.2,157.42,2162.8,0.117,0.0461,0.1498,0.1746,1
29.94,25.58,85.54,1870.53,0.0806,0.3406,0.056,0.1134,1
11.8,15.16,90.85,2343.64,0.0537,0.329,0.1563,0.1194,1
6.97,24.76,89.6,958.55,0.0904,0.3284,0.2616,0.1297,0
15.87,13.88,159.66,2266.08,0.1187,0.3102,0.0097,0.2798,0
9.12,29.8,129.09,907.56,0.0551,0.2379,0.3742,0.1855,1
6.54,32.37,181.27,1869.4,0.1232,0.093,0.2624,0.2832,0
14.65,12.42,89.18,1877.94,0.1128,0.0363,,0.2635,0
24.81,23.5,150.72,183.31,0.144,0.0528,0.1338,0.2676,1
19.59,11.2,160.47,992.1,0.0535,0.1269,0.2002,0.1574,0
13.51,27.54,64.24,185.86,0.1437,0.1863,0.1067,0.1543,0
21.7,17.2,104.09,2493.14,0.1125,0.3478,0.0019,0.212,1
11.57,25.36,117.25,428.38,0.0945,0.1637,0.0114,0.1836,0
6.35,25.04,96.91,1421.03,0.1658,0.1931,0.1538,0.2018,0
24.34,37.65,91.54,2005.71,0.0692,0.2494,0.0534,0.1106,1
20.97,26.02,,614.98,0.115,0.0796,0.0096,0.2943,0
24.3,27.07,,1284.72,0.0885,0.3278,0.3695,0.1116,1
6.93,21.45,153.5,1573.53,0.1133,,0.1179,0.1358,0
26.09,38.42,189.61,518.08,,0.1112,0.2163,0.2356,1
20.87,33.09,130.43,1977.39,0.0607,0.3286,0.0771,0.1311,0
19.52,17.85,137.83,846.43,0.1293,0.2264,0.0201,0.1214,0
20.99,35.17,51.03,,0.1261,0.1796,0.3203,0.1307,1
26.75,22.4,178.32,1457.56,0.1423,0.2115,0.0537,0.1124,1
20.09,34.69,85.67,1108.34,0.0609,0.2669,0.0111,0.1503,0
19.94,34.51,,2311.87,0.0857,0.071,0.2525,0.1542,1
29.78,14.85,196.66,2216.95,0.128,0.3054,,0.1997,1
24.16,30.74,135.28,1280.71,0.0664,0.3366,0.1876,0.1877,1
16.62,18.01,155.95,987.86,0.1313,0.2071,0.1242,0.1947,1
22.98,18.22,111.25,908.22,0.0571,0.2451,0.1373,0.2232,0
15.34,18.19,49.66,771.45,0.0902,0.3037,0.0017,0.1462,0
11.49,31.49,167.62,1425.13,0.1516,0.1437,0.4147,0.1269,1
20.32,16.12,45.6,2039.75,0.1429,0.3476,0.2223,0.2758,1
28.28,9.03,152.11,873.39,0.1274,0.2446,0.2462,0.2268,0
28.3,31.17,43.67,588.62,0.1545,0.1599,0.2864,0.1121,1
14.21,14.31,177.97,1262.14,0.1351,0.2435,0.3429,0.2922,1
18.66,12.24,65.22,302.92,0.1123,0.1922,0.2614,0.2386,0
11.08,16.36,122.28,1795.02,0.1676,0.0568,0.3277,0.1303,0
29.9,20.78,135.54,1363.33,0.1334,0.2826,0.193,0.2938,1
29.55,23.75,113.21,1311.44,0.1222,0.2062,0.1596,0.1731,1
21.59,10.38,94.52,849.05,0.0991,0.2826,0.3539,0.2969,1
25.31,39.09,114.85,2275.03,0.1583,0.0711,0.3721,0.1207,1
23.16,31.2,89.83,353.55,0.0855,0.1977,0.0593,0.132,0
20.24,19.02,110.1,2192.78,0.0511,0.273,0.2333,0.2315,0
7.28,18.88,97.43,1029.02,0.0736,0.3461,0.294,0.1044,0
16.91,22.9,130.59,2218.27,0.0631,0.3119,0.0359,0.1037,0
22.19,28.41,78.07,1859.88,0.0883,0.3052,0.3997,0.2584,1
22.26,13.54,198.19,385.84,0.1491,0.1017,0.2236,0.1336,0
,14.86,120.14,2102.43,0.1282,0.2965,0.2775,0.2838,0
28.6,35.64,71.07,1749.94,0.0703,0.0759,0.0766,0.1852,1
10.02,16.94,116.33,216.23,0.1447,0.0854,0.1137,0.2747,0
18.01,20.79,178.63,455.54,0.1105,0.0563,0.052,0.1836,0
22.58,36.01,43.49,1640.08,0.1115,0.303,0.1135,0.206,1
22.73,29.56,148.73,,0.0935,0.0557,0.2117,0.1633,1
21.57,19.59,127.67,1902.1,0.1538,0.0656,0.3585,0.2316,1
12.61,30.19,67.13,1839.78,0.0882,0.1011,0.2295,0.1636,0
9.75,9.61,170.8,1696.47,0.0613,0.209,0.1051,0.1446,0
21.26,31.8,99.02,1948.32,0.0863,0.3105,0.0192,0.1162,1
20.38,24.1,87.01,1497.2,0.1358,0.158,0.2674,0.1115,1
10.3,34.21,172.5,755.47,0.1289,0.2003,0.1807,0.1612,1
22.92,38.59,142.16,2293.21,0.0726,0.0749,0.4233,0.2473,1
16.92,37.7,183.72,,0.0634,0.1078,,0.1411,1
22.03,37.19,140.78,1005.09,0.1293,0.0642,0.3476,0.1598,1
26.1,24.88,158.53,1860.13,0.1312,0.1553,0.0053,0.281,1
10.07,20.16,173.83,1148.09,0.0939,0.2148,0.3345,0.2278,0
6.46,23.42,48.76,198.61,0.1511,0.1137,0.0837,0.2839,0
24.7,30.39,164.17,295.71,0.1674,0.2992,0.2519,0.2822,1
20.63,36.4,138.19,1670.78,0.0747,0.3438,0.1924,0.1127,1
22.79,15.42,51.12,2417.08,0.1192,0.0597,0.2458,0.291,1
26.12,,121.37,1442.4,0.0506,,0.0574,0.1102,1
25.27,34.27,53.19,1335.95,0.1356,0.2806,0.1965,0.2851,1
29.06,39.34,157.75,891.25,0.0997,0.0829,0.0159,0.2093,1
18.86,36.29,127.44,745.79,0.0732,0.1365,0.0176,0.2066,1
17.72,17.68,192.57,189.52,0.1403,0.1501,0.2828,0.2427,0
,12.28,,784.17,0.1473,0.3225,0.4092,0.2758,1
9.69,12.48,136.97,1199.9,0.0633,0.2374,0.3343,0.2234,0
19.74,18.03,73.85,607.16,0.0549,0.0334,0.2017,0.1851,0
12.65,28.04,138.25,346.14,0.0901,0.0249,0.024,0.1224,0
28.11,33.93,155.62,1833.84,0.1251,0.0859,0.0194,0.2578,1
20.0_err,36.88,155.57,2251.3,0.1452,0.125,0.0679,0.1257,1
20.23,28.34,170.41,2350.78,,0.1799,0.4196,0.2453,1
14.52,9.17,176.57,1598.48,0.1197,0.2965,0.1714,0.2056,0
7.25,14.78,52.36,264.55,0.146,0.1239,0.3627,0.1772,0
6.76,12.09,94.92,1888.44,0.1135,0.1443,0.3032,0.2226,0
16.16,20.26,149.94,399.82,0.1233,0.1287,0.2603,0.2545,0
8.03,24.54,119.77,1720.61,0.1119,0.023,0.4076,0.2882,0
20.56,10.35,70.51,1979.3,0.1557,0.3352,0.0991,0.1529,0
27.14,19.8,128.43,1853.04,0.0783,0.0659,0.1956,0.2894,1
27.19,14.55,105.19,2386.45,0.0817,0.1149,0.3718,0.2922,1
21.82,29.06,102.41,1882.03,,0.0627,0.2373,0.2627,1
11.07,23.39,169.56,1775.98,0.1483,0.1819,0.106,0.2763,0
26.71,24.35,105.22,757.71,0.0994,0.3276,0.0898,0.2385,1
27.27,22.26,44.23,2322.45,0.0917,0.0532,0.3237,0.1078,1
10.72,38.64,49.29,563.72,,0.1655,0.0055,0.215,0
23.7,15.66,177.0,2275.56,0.1612,0.0274,0.3931,0.2494,1
12.88,25.02,193.7,877.88,,0.2744,0.0079,0.2883,0
25.26,31.82,150.15,447.19,0.0671,0.2316,0.2713,0.2141,1
29.93,26.26,98.3,2090.97,0.157,0.2509,0.26,0.2588,1
6.72,37.8,190.18,145.89,0.0894,0.1759,0.2487,0.241,0
27.54,20.72,146.05,2103.73,0.0515,0.3195,0.204,0.1562,1
20.94,23.37,175.09,759.06,0.097,0.1552,0.3665,0.1309,1
29.36,11.74,162.54,2227.94,0.1111,0.1896,0.2835,0.2502,1
17.16,27.88,100.66,1771.89,0.063,0.2494,0.3362,0.1468,1
26.34,17.93,116.59,1712.19,0.1145,0.1918,0.0497,0.1489,0
7.5,13.97,69.78,1002.15,0.1483,0.0825,0.0215,0.2288,0
14.05,25.88,86.72,280.19,0.0953,0.1246,0.0123,0.2578,0
7.61,,164.5,2098.97,0.0923,0.0505,0.0633,0.2165,0
29.41,11.35,183.04,543.33,0.0907,0.1628,0.2868,0.277,1
25.61,30.64,155.91,1018.53,0.1608,0.2211,0.2124,0.1423,1
26.46,28.34,114.43,1556.84,0.0559,0.0591,0.3235,0.1505,1
28.51,14.86,53.84,1278.12,0.1034,0.2281,0.0824,0.2274,1
8.04,23.55,49.11,608.84,,0.3146,0.1578,0.2659,0
15.25,31.33,99.89,471.85,0.1573,,0.3821,0.2079,1
7.7,25.41,114.21,,0.0615,0.0933,0.4024,0.1021,0
11.06,21.26,137.46,2176.7,0.0994,0.3147,0.3963,0.2354,0
11.5,18.99,41.04,214.48,0.0988,0.2483,0.3519,0.2627,0
17.26,27.92,198.36,2445.75,0.1566,0.0548,0.2959,0.1553,1
12.45,38.11,98.23,608.53,0.0759,0.1547,0.3929,0.1108,0
8.42,29.82,175.7,400.36,0.1274,0.2424,0.3071,0.2036,0
10.02,11.32,125.59,1501.65,0.0661,0.2095,0.4102,0.1084,0
9.53,23.28,60.87,328.77,0.1645,0.2241,0.0107,0.1832,0
29.35,36.62,167.61,1561.79,0.1212,0.2072,0.3963,0.1036,1
24.22,11.93,153.57,2147.48,0.1252,0.2834,0.239,0.145,1
29.23,39.66,124.39,253.04,0.1021,0.1257,0.0481,0.1778,1
16.55,38.42,122.33,2027.69,0.0911,0.2538,0.0924,0.1223,1
12.68,11.43,54.0,1070.97,0.0755,0.3471,0.3664,0.1228,0
25.16,37.94,144.94,516.4,0.1225,0.1487,0.2176,0.2654,1
13.83,20.26,185.8,555.59,0.1645,0.281,0.4226,0.1083,0
13.19,35.19,54.92,2308.28,0.0932,0.1012,0.0505,0.2378,1
11.58,21.97,82.16,401.03,0.156,0.113,0.1774,0.2629,0
,22.67,184.37,2185.61,0.0679,0.3285,0.1427,0.1261,0
12.16,28.66,85.5,1424.42,,0.0286,0.2219,0.1391,0
14.53,33.01,144.63,232.17,0.0921,0.0918,0.2724,0.2283,0
22.18,10.05,125.57,1236.16,0.0956,0.1794,0.2845,0.1631,0
7.5,27.39,135.41,2069.18,0.1055,0.1526,0.0006,0.1953,0
11.05,14.79,106.53,1853.84,0.1362,0.2276,0.0383,0.2672,0
25.42,19.72,88.0,1293.53,0.1364,0.0836,0.0151,0.1276,1
9.53,19.79,47.77,2169.72,0.1076,0.0433,0.3718,0.2239,0
14.22,23.54,159.08,424.06,0.1128,0.1419,0.1347,,0
26.75,19.36,159.37,2287.46,0.0536,0.193,0.1578,0.1115,1
9.72,12.33,147.32,2137.6,0.0865,0.2055,0.1937,0.112,0
7.99,13.51,142.98,1811.53,0.0915,0.2185,0.3652,0.2109,0
17.63,10.04,78.99,2070.22,0.117,0.2011,,0.292,0
13.26,23.58,43.58,1423.4,0.117,0.1011,0.051,0.1441,0
19.52,38.59,169.39,1733.38,0.1352,0.2723,0.2946,0.1662,1
,12.59,118.58,1463.01,0.136,0.049,0.4145,0.1197,1
9.29,38.33,89.09,978.81,0.0782,0.0855,0.2764,0.1724,0
19.94,31.73,56.31,1482.51,0.1424,0.264,0.1123,0.1089,0
18.13,,50.04,747.62,0.0524,0.1123,0.2235,0.1778,0
9.46,29.0,95.82,1179.06,0.1359,0.1828,0.4192,0.2111,1
20.98,34.63,168.76,802.63,0.0622,0.128,0.2271,0.295,1
12.57,12.31,187.0,430.02,0.1376,0.1873,0.1606,0.2637,0
17.71,24.65,183.48,899.59,0.1133,0.1344,0.1649,0.2644,1
7.97,30.61,187.2,2150.69,0.1025,0.3481,0.4158,0.1456,1
17.03,27.19,185.24,1039.35,0.1329,0.138,0.3091,0.1174,1
13.36,34.82,124.36,1905.29,0.0544,0.2269,0.2955,0.2206,1
25.74,11.24,75.11,553.47,0.0768,0.3132,0.0998,0.2042,0
7.37,30.41,167.69,1141.63,0.124,0.2305,0.2406,0.2033,1
16.05,25.55,74.19,411.06,0.1517,0.2067,0.1534,0.1218,0
17.0,20.75,82.75,467.15,0.0957,0.2078,0.1033,0.1988,0
23.4,19.55,77.32,1597.15,0.0811,0.1838,0.3851,0.1301,1
19.78,28.25,122.4,1573.66,0.1122,0.2865,0.1648,0.1844,1
22.01,36.62,91.49,643.56,0.1247,0.0366,0.1216,0.1124,1
24.65,24.38,64.66,1259.64,0.1004,0.3121,0.4006,0.2714,1
26.69,34.57,112.51,2177.4,0.1552,0.2135,0.0849,0.1026,1
,21.47,179.83,551.12,0.1128,0.3001,0.3206,0.2879,1
18.91,12.17,131.29,185.34,,0.0234,0.2807,0.2726,0
26.16,10.91,180.53,1678.71,0.0768,0.3069,0.3958,0.2505,1
29.75,10.59,71.34,266.26,0.1041,0.0596,0.3578,0.2965,1
27.35,20.78,66.72,2452.66,0.1337,0.258,0.3033,0.1108,1
14.92,19.45,132.09,1578.7,0.0764,0.1575,0.1353,0.2283,0
10.68,31.26,114.13,1250.14,0.1672,0.2448,0.2131,0.2699,0
17.75,32.03,145.63,1154.78,0.0882,0.2273,0.4061,0.1253,1
23.8,10.58,167.14,1492.45,0.1139,0.0739,0.01,0.217,0
17.82,15.85,160.21,353.87,0.0523,0.1898,0.3416,0.1788,0
17.6,17.5,190.76,2334.84,0.1562,0.1115,0.1083,0.1872,1
26.12,25.98,103.72,1616.52,0.1447,0.2049,0.0796,0.2825,1
14.67,13.48,73.02,574.19,0.0735,0.2635,0.0999,0.2077,0
26.64,13.15,128.15,1467.69,0.162,0.0468,0.0257,0.1187,1
15.76,38.26,57.72,454.49,0.0879,0.1902,0.4266,0.2874,0
13.88,33.93,86.22,181.42,0.1331,0.2238,0.374,0.137,1
16.9,14.6,73.26,1628.02,0.1483,0.1175,0.2241,0.2785,0
24.3,21.6,103.45,1670.42,0.1389,0.3345,0.3075,0.2942,1
9.02,20.02,57.79,1517.52,0.1601,0.1917,0.2393,0.2756,0
10.71,33.52,45.09,573.02,0.1537,0.0802,0.349,0.2354,0
28.83,24.82,145.09,1564.09,0.1694,0.0556,0.3632,0.2487,1
10.21,12.96,137.64,273.37,0.0719,,0.1001,0.24,0
19.63,31.91,153.34,1577.8,0.0866,0.1438,0.1977,0.1921,1
19.9,21.3,145.66,1447.48,0.1263,0.0835,0.273,,0
17.75,17.15,58.29,1686.4,0.138,0.0301,0.4207,0.157,0
21.47,20.64,86.57,2253.32,0.1142,0.207,0.2936,0.2462,1
11.52,24.43,60.72,2146.85,0.0589,0.2175,0.386,0.2252,0
19.26,19.64,,2454.34,0.151,0.0668,0.3638,0.217,1
14.93,16.5,159.5,2443.93,0.1653,0.2186,0.2503,0.2305,0
21.88,21.35,72.24,1962.67,0.0987,0.3342,0.3843,0.255,1
9.39,9.59,94.61,2397.15,0.077,0.3428,0.1623,0.2497,0
19.7,32.95,194.66,2186.79,0.0523,0.3132,0.1631,0.1211,0
10.45,14.3,135.07,1857.09,0.0785,0.2863,0.3358,0.1726,0
12.69,10.36,168.18,317.91,0.134,0.0891,0.0579,0.1528,0
11.25,29.26,82.33,255.76,0.1594,0.0716,0.1315,0.2076,0
10.39,32.99,73.61,2116.73,0.0612,0.1668,0.2617,0.1123,1
25.82,34.23,165.43,1295.59,0.1164,0.2245,0.1806,0.2525,1
12.86,24.3,149.74,2062.47,0.1335,0.3007,0.4045,,1
28.25,15.37,148.96,878.49,0.0832,0.0965,0.4122,0.1543,1
29.28,31.85,128.42,1078.45,0.1184,0.1783,0.2161,0.2565,1
19.71,30.69,130.17,1792.44,0.1358,0.2337,0.2318,0.1103,1
9.43,16.63,157.71,2300.17,0.1505,0.167,0.3116,0.232,1
14.99,37.01,83.2,347.12,0.1043,0.1699,0.1966,0.2849,0
25.15,12.24,96.44,2173.09,0.1397,0.0943,0.0817,0.2235,0
14.82,39.46,179.46,2011.51,0.0862,0.3456,0.3212,0.2425,1
8.09,35.67,,884.67,0.0756,0.1768,0.3172,0.2585,0
19.36,30.32,127.41,978.31,0.0725,0.1958,0.1053,0.1444,1
26.28,38.1,152.42,249.65,0.0931,0.0921,,0.2162,1
25.1,31.39,199.99,177.15,0.0543,0.1897,0.2639,0.1618,1
10.2,14.9,109.65,1265.73,0.084,0.1043,,0.1499,0
,22.71,108.49,365.47,0.1283,0.0868,0.2804,0.1385,1
11.29,11.22,174.81,,0.1278,0.111,0.1005,0.2171,0
11.24,21.08,,2138.37,0.0588,0.0209,0.1141,0.2589,0
26.98,31.99,156.97,1487.63,0.0845,0.2081,0.3646,0.2752,1
11.99,20.98,114.12,1635.37,0.1183,0.1479,0.3997,0.1857,0
12.32,19.24,91.83,582.45,0.0882,0.3166,0.1105,0.1746,0
6.02,27.46,137.4,2095.64,0.1002,0.0334,0.3991,0.2375,0
26.9,36.04,180.2,2188.43,0.1355,0.0343,0.1027,0.2561,1
25.02,10.48,181.4,1375.05,0.0511,0.3123,0.0504,0.1507,0
21.06,20.95,57.36,2293.64,0.0832,0.0618,0.025,0.1595,0
24.01,,108.54,2133.8,0.0671,0.0207,0.1041,0.2067,1
9.65,30.56,114.36,1865.93,0.0653,0.079,0.1657,0.1889,0
17.0,12.28,196.42,1872.42,0.1651,0.2919,0.3988,0.2412,1
14.43,29.61,148.48,388.73,0.0952,0.2849,0.1041,0.2009,0
,17.87,105.16,779.17,0.1133,0.1322,0.1572,,0
17.67,15.17,44.17,297.76,0.1381,0.2405,0.3157,0.1332,0
28.1,38.03,130.46,160.49,0.0557,0.1874,0.1299,0.2804,1
6.96,9.57,55.37,513.61,0.0789,0.3186,0.2943,0.1455,0
13.0,22.57,173.51,2217.95,0.1499,0.0386,0.1858,0.11,0
10.98,9.67,160.4,706.1,0.1534,0.2883,0.0845,0.2463,0
11.72,23.99,113.68,2429.56,0.0948,0.0763,0.3156,0.2368,0
27.8,24.53,108.67,1549.61,0.095,0.1492,0.0116,0.22,0
17.23,18.97,183.57,,0.1408,0.0833,0.1257,0.2005,0
17.19,13.1,86.15,1313.23,0.0854,0.2519,0.1532,0.2939,0
24.25,20.67,79.84,657.06,0.0641,0.2438,0.197,0.124,1
9.71,29.84,190.27,2462.18,0.0809,0.2008,0.2923,0.202,0
17.69,33.25,169.48,2139.55,0.0965,0.2504,0.1975,0.2128,1
16.32,25.45,171.3,201.92,0.0563,0.2311,0.2556,0.1045,0
20.33,27.28,71.23,2376.75,0.1074,0.2762,0.2562,0.1824,1
29.99,15.22,62.93,1841.71,0.1388,0.099,0.1605,0.2566,1
24.47,17.91,44.16,334.42,0.1116,0.1615,0.4016,0.1942,0
15.55,14.02,77.93,1722.71,0.0586,0.07,0.411,0.2751,0
25.86,16.73,163.87,1666.75,0.1028,0.1618,0.2502,0.229,0
10.1,15.97,78.41,656.34,0.1351,0.2516,0.0308,0.2532,0
6.73,25.1,156.66,1929.93,0.057,0.2482,0.2112,0.2609,0
10.91,26.44,80.31,345.47,0.0572,0.2541,0.0793,0.2379,0
14.17,38.29,103.25,1295.09,0.0945,0.1219,0.2078,0.2499,1
18.25,,197.31,163.42,0.0734,0.2385,0.081,0.2391,0
20.76,28.89,79.17,2426.22,0.1622,0.1413,0.3027,0.2101,1
27.85,34.34,100.22,1913.69,0.1198,0.3317,0.0346,0.2133,1
18.24,26.37,88.17,514.89,0.0845,0.1333,0.4099,0.138,1
18.03,16.91,57.54,946.35,0.1346,0.219,0.084,0.2655,0
7.21,17.14,118.38,518.93,0.095,0.2675,0.2841,0.1624,0
6.84,10.22,100.59,1949.22,0.0659,0.3191,0.3943,0.2071,0
19.23,18.47,151.18,279.0,0.0785,0.1645,0.1066,0.1499,0
16.52,32.08,170.82,2123.36,0.1271,0.139,0.4017,0.2392,1
26.14,10.47,,2363.58,0.0562,0.1619,0.1671,0.295,1
9.86,15.8,45.15,1736.84,0.0827,0.1268,0.413,0.2604,0
6.6,30.89,139.03,642.6,0.075,,0.4177,0.2238,0
16.78,33.26,48.86,989.81,0.0741,0.3278,0.0809,0.2135,0
11.7,23.11,138.62,1266.29,0.1319,0.0616,0.3574,0.198,0
7.19,30.64,149.6,1566.91,0.1491,0.2051,0.0832,0.141,0
23.39,21.03,71.64,1718.04,0.1359,0.3162,0.0974,0.1696,0
8.68,13.96,171.1,1447.95,0.1275,0.053,0.0362,0.1813,0
20.6,21.34,185.77,969.1,,0.183,0.0673,0.2889,0
12.75,26.98,170.09,2242.56,0.057,0.3055,0.2719,0.1851,1
10.16,38.39,88.82,,0.0701,0.3171,0.1932,0.2172,0
15.11,11.13,133.86,1240.36,0.0997,0.1897,0.3401,0.2845,1
25.23,24.73,186.37,1970.33,0.0947,0.0282,0.1428,0.2037,1
15.41,19.2,91.31,283.66,0.1002,0.0549,0.4165,0.1503,0
24.02,24.76,171.2,1804.59,0.0748,0.2136,0.0214,0.1762,1
9.01,9.74,41.52,2074.52,,0.0609,0.0271,0.1751,0
24.55,18.7,40.58,1699.56,0.1111,0.0693,0.3016,,1
11.69,34.42,161.55,170.53,0.1614,0.2748,0.3816,0.1592,1
22.26,26.17,161.83,565.12,0.097,0.2677,0.3421,0.2461,1
19.58,22.97,166.24,947.39,0.0552,0.2981,0.2106,0.2778,1
28.3,17.85,188.8,691.51,0.1347,0.0549,0.1159,0.1672,1
15.3,18.24,58.87,2411.86,0.0849,0.0854,0.0058,0.1271,0
7.59,20.88,77.12,1677.76,0.0794,0.2949,0.2191,0.2277,0
6.46,34.9,184.6,,0.0889,0.258,0.2045,0.1722,0
25.84,38.98,68.36,2334.09,0.1369,0.286,0.148,0.2068,1
18.59,22.6,149.16,1887.8,0.1483,0.3466,0.2486,0.2268,1
24.61,21.19,124.87,811.67,0.1206,0.3053,0.3134,0.1815,1
11.63,35.24,,1034.16,0.0887,0.1918,0.3014,,1
14.28,22.23,85.64,610.65,0.0873,0.1226,0.1132,0.1799,0
6.72,26.11,123.26,2431.73,0.0649,0.208,0.2517,0.1615,0
29.08,16.16,176.38,1360.82,0.162,0.2307,0.064,0.2771,1
22.03,32.05,153.21,2254.69,0.1266,0.1307,0.0523,0.1273,1
28.4,25.49,139.5,957.74,0.0532,0.2744,0.3379,0.1248,1
12.37,34.08,119.37,2171.59,0.1295,0.0506,0.2983,0.2871,0
20.68,33.2,87.79,267.17,0.1037,0.2772,0.3302,0.1418,1
22.28,15.67,59.08,,0.1667,0.0306,0.0656,0.1297,0
13.62,31.18,105.45,2292.4,0.1483,0.1843,0.3933,0.207,1
,33.8,44.56,997.16,0.0706,0.3043,0.0572,0.1094,0
28.73,19.73,73.77,1968.34,0.1364,0.0485,0.3741,0.224,1
27.24,14.35,109.2,1915.33,0.1083,0.1909,0.1515,0.1906,1
23.74,9.08,106.98,2266.96,0.0724,0.0726,0.0453,0.2281,0
12.66,22.98,47.09,865.12,0.1338,0.3153,0.1233,,0
12.76,19.93,134.25,1238.63,0.1157,0.2947,0.078,0.2811,0
29.12,26.2,127.95,2181.4,0.0536,0.3282,0.211,0.1541,1
6.25,14.83,52.5,1977.45,0.1276,0.3087,0.4084,0.2275,0
23.19,35.65,190.91,1068.58,0.1262,0.2631,0.141,0.289,1
22.95,16.99,55.9,2135.91,0.0673,0.081,0.2632,0.1802,1
20.94,16.02,176.77,250.81,0.0919,0.1198,0.3834,0.1323,0
29.76,23.9,40.05,1985.63,0.1203,0.184,0.2709,0.1137,1
13.49,,181.16,627.97,0.0667,0.2143,0.1557,0.2926,0
14.16,15.67,43.16,815.25,0.1523,0.2781,0.4261,0.2527,1
7.89,17.43,161.25,1303.99,0.0533,0.0949,0.0806,0.2838,0
16.63,14.26,97.87,1201.37,0.0623,0.0623,0.225,0.2398,0
12.27,31.27,158.11,1368.55,0.0639,0.1793,0.3426,0.1685,1
14.24,32.87,104.28,1425.67,0.1134,0.0721,0.0003,0.1246,0
26.03,23.33,51.35,922.41,0.1244,0.2489,0.3019,0.2859,1
28.45,31.14,162.8,553.54,0.0984,0.21,0.1146,0.1979,1
10.46,31.81,51.4,1953.62,,0.2646,0.073,0.1793,0
14.94,13.29,187.54,1083.94,0.1471,0.0409,0.1179,0.2156,0
28.29,38.95,48.16,1333.78,0.0582,0.3384,0.4157,0.1213,1
7.48,34.45,116.69,1661.48,0.0836,0.02,0.3835,0.1618,0
8.22,15.34,155.69,2286.75,0.0547,0.1274,0.0919,0.2276,0
9.91,14.77,102.92,1809.82,0.0517,0.2443,0.0503,0.12,0
20.29,12.9,74.76,247.28,0.0924,0.0349,0.1566,0.127,0
9.61,13.29,161.45,2119.0,0.0734,0.0475,0.2547,0.2021,0
29.23,32.19,165.49,2474.88,0.0822,0.0453,,0.2247,1
16.72,23.56,187.63,1255.06,0.1485,0.2119,0.4154,0.1374,1
18.04,33.27,100.19,2428.23,0.0696,0.3157,0.323,0.1066,1
11.92,32.13,121.0,1431.7,0.1436,0.2033,0.2576,0.2917,0
17.3,27.74,98.1,1224.69,,0.2192,0.0612,0.1055,1
21.89,30.28,81.13,922.12,0.0892,0.1342,0.0318,0.1004,1
24.03,9.57,160.17,1691.83,0.1156,0.0262,0.2563,0.1647,1
24.09,18.67,94.34,682.38,0.1033,0.0271,0.2318,0.1445,0
19.87,28.77,108.5,387.64,0.0654,0.3131,0.3638,0.2147,1
27.7,9.29,104.59,204.28,0.1589,0.0538,0.1387,0.2788,0
25.62,10.02,154.03,830.02,0.1184,0.3499,0.0171,0.1962,1
24.17,,186.85,1074.02,0.1556,0.0743,0.1822,0.2547,1
7.33,30.2,146.68,1442.9,0.1489,0.2426,0.4167,0.2818,0
6.17,17.23,115.45,830.89,0.0596,0.3332,0.3421,0.1379,0
11.1,30.33,164.67,2462.38,0.0749,0.1396,0.0145,0.1977,0
21.92,33.57,142.56,828.52,0.0674,0.2624,0.3761,0.2284,1
15.87,18.51,49.7,1180.7,0.1497,0.1358,0.2028,0.1664,1
15.66,10.12,55.31,383.73,0.1535,0.1206,0.1569,0.248,0
27.23,37.92,46.07,755.08,0.1134,0.0866,0.1491,0.2411,1
27.49,19.7,113.09,254.06,0.0625,0.2909,0.2559,0.1842,0
27.82,12.3,172.14,1460.44,0.0663,0.1049,0.2282,0.1176,1
13.53,24.25,90.09,1912.51,0.1476,0.1134,0.2823,0.1023,0
22.59,32.82,101.47,601.88,0.1615,0.3497,0.2467,0.1739,1
12.52,15.87,185.52,1008.27,0.0739,0.128,0.0619,0.1164,0
10.57,17.35,173.9,179.21,0.0513,0.1595,0.1106,0.2563,0
10.43,16.52,146.41,2121.27,0.0897,0.3467,0.3616,0.1669,0
14.21,39.74,82.69,1980.71,0.0537,0.1419,0.2852,0.2332,1
16.32,15.12,58.73,,0.1494,0.1408,0.1928,0.1693,0
25.94_err,26.84,42.57,,0.109,0.2931,0.0785,0.2592,0
8.88,37.68,57.12,2394.48,0.127,0.1229,0.0033,0.2777,1
23.64,13.55,86.82,1065.18,0.0994,0.0971,0.1341,0.2675,0
18.75,39.1,128.29,1381.85,0.0915,0.1597,0.0236,0.1969,1
12.91,38.37,50.24,978.37,0.0767,0.2512,0.2074,0.1168,0
17.83,36.42,61.8,1546.87,0.1425,0.0343,0.3534,0.1743,1
,,68.97,2448.45,0.1335,0.1434,0.1227,0.1849,0
20.31,28.66,141.12,2494.11,0.0933,0.1343,0.3645,0.2921,1
16.41,32.59,138.53,1968.33,0.0885,0.1008,0.303,0.2131,1
9.95,39.57,128.12,1094.17,0.0501,0.2359,0.0539,0.2282,0
8.8,14.59,80.08,1306.86,0.0576,0.1157,0.2772,0.2564,0
19.12,32.75,99.38,981.89,0.1248,0.2202,0.0652,0.2136,1
27.66,,55.47,2465.96,0.1118,0.1864,0.2816,0.2197,1
14.25,14.44,76.23,1810.31,0.1022,,0.0614,0.1491,0
23.59,22.06,183.63,1199.48,0.1493,0.108,0.1688,0.1118,1
21.81,33.61,196.75,168.59,0.1105,0.0763,0.2436,0.2443,1
,23.41,143.63,1368.34,0.0961,,0.0217,0.2697,0
25.7,25.66,186.69,2462.07,0.0694,0.2243,0.0659,0.1824,1
19.6,39.85,142.84,1374.42,0.1485,0.242,0.1378,0.2098,1
21.77,21.37,45.31,570.53,0.1191,0.0748,0.1988,0.1615,1
27.56,28.08,199.48,192.14,0.0611,0.2231,0.3691,0.19,1
15.59,20.32,55.83,977.1,0.1279,0.3441,0.0805,0.1418,0
13.84,21.18,149.22,2307.02,0.101,0.0446,0.1494,0.252,0
6.26,30.56,80.45,2491.87,0.1474,0.1818,0.2046,0.1984,0
25.84,38.07,102.72,2371.07,0.1603,0.2619,0.1272,0.2094,1
25.22,25.81,143.35,1861.43,0.1221,0.0352,0.2691,0.1074,1
8.51,32.82,109.84,1457.22,0.1378,0.2768,0.1103,0.2245,1
19.84,11.77,80.09,1534.02,,0.3432,0.3321,0.1405,0
17.14,15.55,93.51,1412.02,0.1172,0.0492,0.2172,0.1767,0
8.85,24.57,94.65,1808.64,0.1406,0.2913,0.0371,0.1825,0
29.53,9.62,193.49,1128.54,0.1096,0.1449,0.2696,0.1897,1
11.15,16.84,167.78,1719.32,0.1212,0.0676,0.2448,0.1455,0
7.61,25.04,113.37,427.0,0.1579,0.1828,0.1456,0.27,0
20.28,9.46,71.97,767.04,0.0738,0.0436,0.0048,0.1856,0
23.73,17.2,169.76,2112.97,0.0618,0.1923,0.0863,0.2224,1
6.78,24.93,65.15,2272.85,0.1329,0.0264,0.1745,0.2228,0
21.81,26.77,73.67,1412.06,0.1487,0.2604,0.086,0.2214,1
18.78,37.7,98.56,214.66,0.1521,0.181,0.2483,0.2119,1
8.48,29.01,180.86,2327.66,0.127,0.1715,0.3063,0.2645,1
10.14,21.86,61.09,1796.87,0.15,0.0847,0.3681,0.2625,1
19.63,37.84,59.56,1117.11,0.1341,0.1392,0.2782,0.1834,1
13.11,33.33,119.04,1552.17,0.0605,0.08,0.2963,0.2272,1
28.52,15.2,84.23,1154.27,0.1414,0.2627,0.2616,0.1206,1
25.65,13.06,131.0,1238.2,0.0715,0.0857,0.4238,0.1182,0
29.61,29.95,112.26,2232.87,0.0784,0.2235,0.1122,0.196,1
12.23,26.36,109.59,520.16,0.0974,0.1123,0.1145,0.28,0
29.27,33.48,57.92,,0.0877,0.2368,0.0543,0.23,1
16.35,31.9,62.57,146.44,0.0886,0.1984,0.2088,0.2338,0
14.34,28.38,171.37,881.04,0.0703,0.1597,0.0413,0.1315,0
7.21,39.58,181.74,487.9,0.0853,,0.1162,0.1907,0
7.27,25.54,77.55,659.17,0.0524,0.1572,0.2076,0.1802,0
22.61,12.51,58.15,166.52,0.1067,0.2911,0.4118,0.2566,0
16.99,34.68,48.55,676.18,0.1422,0.2608,0.4144,0.1276,1
11.44,16.81,137.33,925.2,0.1535,0.1984,0.3198,0.2078,0
20.74,33.1,154.46,214.5,0.1485,0.3094,0.1674,0.2823,0
12.07,38.67,99.65,1574.65,0.1,0.2935,0.372,0.2785,1
19.86,30.6,148.75,1482.37,0.1377,0.1955,0.3764,0.2705,1
14.62,27.48,154.07,369.0,0.0845,0.0426,0.3914,0.175,0
25.77,23.27,189.65,1544.22,0.0567,0.2068,0.2752,0.2882,1
25.7,20.3,50.38,2496.82,0.1311,0.1372,0.0868,0.2611,1
17.46,19.94,70.77,2368.95,0.1279,0.1982,0.0392,0.2702,0
14.42,28.73,50.96,146.3,0.1462,0.2336,0.3934,0.2865,0
14.7,32.29,178.88,2017.09,0.1239,0.2328,0.0239,0.2874,0
25.34,30.03,166.81,974.51,0.0688,0.2423,0.1272,0.148,1
13.88,15.15,131.94,290.22,0.1524,0.2442,0.2094,0.1255,0
11.02,24.31,,838.52,0.1253,0.0561,0.0094,0.2382,0
8.03,33.54,83.73,899.3,0.1469,0.0833,0.39,0.2126,0
17.2,23.75,87.64,1374.86,0.1429,0.2281,0.1235,0.1655,1
17.57,25.64,129.72,1700.16,0.0857,0.1547,0.0123,0.2369,0
26.18,32.91,81.29,1907.77,0.0589,0.2717,0.4272,0.1124,1
11.31,29.5,51.67,720.33,0.0712,0.0612,0.1339,0.1094,0
15.14,21.69,156.92,899.38,0.0611,0.0832,0.377,0.1709,0
25.4,,87.85,867.78,0.0792,0.2043,,0.1388,1
25.77,14.04,112.38,996.06,0.1051,0.1852,0.2851,0.2437,1
15.23,39.86,60.43,2499.19,0.1588,0.1079,0.1037,0.2896,1
17.02,12.68,168.41,1975.95,0.1546,0.1548,0.2162,0.2323,1
13.28,9.46,130.49,2440.98,0.1362,0.0315,0.1108,0.231,0
28.38,36.59,184.25,1775.74,,0.0322,0.409,0.1013,1
,16.59,119.28,1098.8,0.091,0.0513,0.0262,0.2025,0
28.41,31.62,190.63,1059.8,0.1319,0.2103,0.1181,0.2634,1
22.41,34.14,182.7,1293.05,0.0655,0.305,0.384,0.2308,1
18.76,35.63,132.23,1123.81,0.1461,0.1059,0.2064,0.1456,1
6.78,39.74,189.42,2094.85,0.1597,0.0312,0.258,0.2697,0
17.41,18.12,91.69,1237.4,0.0925,0.2538,0.2802,0.2929,0
15.79,31.02,98.5,837.65,0.1347,0.3023,0.0305,0.1558,0
9.87,12.58,47.28,1968.67,0.0678,0.0656,0.0076,0.1414,0
21.75,21.61,134.27,2156.43,0.1329,0.1473,0.4033,0.1677,1
29.31,35.29,155.51,1132.21,0.0526,0.0724,0.1167,,1
19.49,20.4,163.76,1716.03,0.0681,0.0551,0.1635,0.2747,0
23.15,27.32,63.97,278.78,0.1352,0.2339,0.2933,0.2859,0
7.64,24.62,111.07,1389.54,0.1354,0.3393,0.1016,0.2267,0
16.02,29.02,,246.16,0.1269,0.2438,0.3152,0.2529,1
8.79,39.16,145.94,208.89,0.1073,0.345,0.197,0.2337,1
,10.73,65.27,1586.5,0.131,0.1634,0.3683,0.1755,0
28.52,26.79,184.67,855.87,0.1429,0.3163,0.1198,0.2264,1
21.88,35.75,76.9,1892.39,0.166,0.0877,0.0876,0.2673,1
7.84,23.92,86.62,2254.75,0.1566,0.0589,0.3576,0.262,0
14.51,11.43,176.15,468.96,0.1453,0.2518,0.1403,0.1162,0
19.22,26.38,113.35,1849.87,0.1334,0.1426,0.1771,0.1925,1
15.68,19.29,43.84,1354.27,0.1189,0.1248,0.3413,0.1795,0
26.01,13.8,119.13,404.6,0.0645,0.2415,0.2733,0.2504,0
25.55,35.32,53.53,1677.76,0.0699,0.13,0.1899,,1
20.68,25.17,197.66,1578.34,0.1484,0.2089,0.1075,0.1699,1
14.96,37.93,134.1,1356.91,0.1464,0.1188,0.3286,0.2413,1
12.13,33.99,81.05,2326.47,0.1237,0.2786,0.0776,0.1947,0
8.54,30.48,130.19,1369.75,0.1027,0.1231,0.3992,0.1513,0
14.52,9.16,52.3,2477.62,0.0531,0.1965,0.0646,0.2781,0
15.92,22.26,167.98,1341.78,0.0893,0.0276,0.3461,0.1226,0
22.22,15.12,188.05,413.41,0.1005,0.2813,0.1824,0.1036,0
21.8,37.23,179.91,1250.31,0.1083,0.2247,0.08,0.1288,1
7.68,14.41,,570.3,0.1615,0.0834,0.173,0.1327,0
15.49,17.87,92.12,1549.24,0.063,0.0911,0.0953,0.2076,0
,25.02,45.61,1775.79,0.1123,0.1066,0.0585,0.225,0
9.76,17.16,144.22,1245.51,0.0942,0.2103,0.1028,0.1897,0
25.86,15.51,125.58,370.58,0.1688,0.2009,0.373,0.1408,1
7.01,27.57,113.5,1245.99,0.1534,0.1104,0.0456,0.1264,0
16.06,11.76,185.22,332.23,0.1027,0.249,0.4182,0.1984,0
10.04,10.8,66.86,1749.82,,0.3134,0.0021,0.2131,0
27.1,20.54,41.55,2005.27,0.1117,0.0344,0.283,0.1608,1
,31.34,51.73,2411.22,0.0701,0.1577,0.3683,0.1441,1
11.55,26.2,75.74,491.17,0.1167,0.2159,0.4016,0.1161,0
,22.11,45.33,1396.51,0.0771,0.2135,0.0619,0.1052,0
23.56,26.54,120.45,1479.39,0.1264,0.0264,0.3002,0.1211,1
28.99,20.33,90.25,2317.04,0.1625,0.0895,0.0462,0.2484,0
11.29,38.02,68.88,1620.37,0.1443,0.0404,0.1516,0.1688,0
27.27,10.7,160.01,483.4,0.0828,0.2078,0.3147,0.1055,0
28.42,29.88,72.71,1169.79,0.0856,0.233,0.1488,0.2016,1
27.99,36.63,150.02,1685.24,0.0583,0.0727,0.1348,0.2072,1
21.25,33.92,95.88,1792.67,0.0843,0.1299,0.0499,0.1857,0
21.12,14.71,121.89,2176.85,0.0611,0.1288,0.0286,0.1221,0
15.68,18.17,189.42,566.0,0.1099,0.2905,0.0496,0.251,0
24.06,31.23,45.98,2385.64,0.135,0.0842,0.3765,,1
18.75,11.61,120.04,279.57,0.1401,0.2009,0.0048,0.1789,0
22.26,34.17,176.71,2461.68,0.0571,0.2784,0.2979,0.1762,1
16.28,31.29,134.08,2164.33,0.0908,0.2938,0.3305,0.1312,1
23.56,31.62,84.3,1698.24,0.0846,0.24,0.2442,0.2507,1
25.79,12.11,103.63,1874.59,0.0625,0.1188,0.3142,0.2199,1
9.51,31.25,148.84,311.55,0.0935,0.2916,0.2805,0.1172,0
25.99,30.07,,237.89,0.0859,0.2649,0.1959,0.1756,1
18.97,34.76,46.57,,0.1261,0.2525,0.1646,0.2807,1
26.27,10.29,51.45,346.17,0.156,0.0422,0.4048,0.1905,1
16.35,9.72,92.01,1431.82,0.1046,0.0343,0.4179,0.165,0
15.1,20.56,77.24,648.45,0.1396,0.2495,0.28,0.2288,1
27.96,13.61,82.39,2170.09,0.0675,0.3318,0.0848,0.1406,1
12.03,26.31,75.4,1191.97,0.1574,0.2753,0.1926,0.2048,0
26.26,37.44,71.33,1781.4,0.0683,0.2944,0.2135,0.2339,1
17.62,21.14,60.9,1680.78,0.0731,0.1998,0.3259,0.271,0
18.34,35.19,189.43,894.85,0.0628,0.1205,0.2871,0.2385,1
13.4,9.01,63.07,713.88,0.0872,0.2437,0.2214,0.1769,0
19.75,14.22,72.7,948.2,0.1163,0.255,0.2926,0.2536,1
13.81,9.94,79.4,2020.11,0.1686,0.2429,0.0103,0.2797,0
6.94,19.17,189.28,1523.61,0.1452,0.3324,0.334,0.1956,0
12.53,37.15,160.91,738.35,0.0957,0.1412,0.091,0.1009,0
6.15,12.01,166.35,2070.12,0.1191,0.0331,0.2823,0.2762,0
29.48,27.8,56.76,269.23,0.1248,0.3198,0.049,0.1331,1
29.18,23.0,173.81,1790.07,0.1487,0.073,0.0492,0.1253,1
15.48,38.09,105.31,1176.28,0.1384,0.2501,0.0153,0.1615,0
23.48,12.8,82.05,1865.85,0.1183,0.3082,,0.176,1
14.3,15.57,132.12,2328.81,0.1303,0.1223,0.26,0.2599,0
22.11,9.92,171.55,1910.08,0.1395,0.294,0.1556,0.1778,1
25.33,22.45,164.58,1183.04,0.066,0.1296,0.3387,0.1098,1
28.72,17.61,182.4,496.3,0.0741,0.2821,0.2692,0.2272,1
15.61,35.97,188.5,2042.99,0.1326,0.043,0.2666,0.2342,0
24.8,27.75,78.1,1227.27,0.1521,0.2362,0.2094,0.2628,1
12.38,28.04,107.82,317.74,0.0991,0.2435,0.0034,0.1798,0
29.77,25.49,42.34,1836.97,0.1676,0.1822,0.1111,0.1172,1
6.62,11.85,180.69,828.77,0.0759,0.2467,0.0469,0.2106,0
20.48,22.8,64.73,255.38,0.1,0.3247,0.2848,0.1242,0
21.83,39.98,177.84,2270.49,0.0954,0.2622,0.1069,0.1034,1
22.51,34.89,92.7,1280.12,0.1616,0.3372,0.1936,0.2557,1
8.89,36.7,98.9,803.07,0.0842,0.168,0.152,0.1807,0
28.52,34.52,46.26,1830.67,0.1065,0.1943,0.0616,0.205,1
10.35,12.19,92.3,2230.73,0.0725,0.107,0.4121,0.2326,0
20.95,16.05,182.14,140.72,0.1126,0.3452,0.4014,0.1802,1
11.34,9.1,44.09,1763.33,0.1529,0.0382,0.0364,0.1102,0
13.37,18.41,105.01,1950.15,0.0865,0.1383,0.3558,0.1505,0
19.12,12.37,,635.43,0.1473,0.1182,0.21,0.1389,0
16.01,23.66,99.35,1295.51,0.1594,0.1475,0.3327,0.2955,1
9.85,29.99,67.62,350.71,0.0588,0.3228,0.065,0.2479,0
10.1,36.11,80.35,1902.33,0.1408,0.1415,0.0569,0.1903,0
16.04,32.23,180.42,2140.0,0.0806,0.3226,0.383,0.1127,1
24.17,38.1,109.77,395.32,0.071,0.1597,0.3861,0.1232,1
27.55,10.67,83.81,2066.85,0.1221,0.3021,0.2003,0.2626,1
8.02,9.38,134.29,1960.91,0.1347,0.1922,0.3742,,0
15.43,29.5,62.74,958.72,0.0974,0.1227,0.287,0.1063,1
8.41,17.97,81.5,1769.08,0.0547,0.1683,0.0796,0.2821,0
6.4,16.86,127.4,140.11,0.159,0.16,0.1415,0.1761,0
21.88,19.26,78.0,2339.04,0.1377,0.1058,0.0585,0.1427,0
20.46,17.36,148.66,1438.9,0.0826,0.1156,,0.1204,1
9.91,24.85,118.64,1604.0,0.1096,0.0815,0.4237,0.2543,1
11.61,22.64,163.52,1708.6,0.0533,0.1309,0.2349,0.1938,0
6.57,24.89,191.72,1464.83,0.0907,0.2261,0.282,0.2665,1
26.04,29.85,58.53,2161.96,0.1127,0.1476,0.3208,0.1452,1
29.39,21.0,93.55,1578.9,0.1121,0.2551,0.0964,0.2357,1
9.25,16.79,91.13,2282.31,0.075,0.3457,0.1445,0.1236,0
11.56,14.15,64.19,1514.3,0.1432,0.1444,0.1773,0.118,0
26.84,19.83,169.65,543.85,0.0859,0.1727,0.2557,0.1267,1
28.24,32.0,161.58,2296.01,0.1196,0.0742,0.3657,0.2618,1
16.07,32.46,117.51,1748.64,0.0826,0.1494,0.1093,0.2311,0
7.21,29.67,126.04,1790.2,0.101,0.2599,0.2025,0.1332,0
6.95,16.25,49.53,2465.74,0.0749,0.0917,0.3232,0.177,0
19.77,27.23,128.88,317.46,0.126,0.0801,0.0376,0.2527,0
15.43,26.69,166.61,,0.1011,0.1442,0.2205,0.1571,1
6.69,24.01,131.81,704.27,0.0519,0.2902,0.0621,0.2843,0
20.0,26.05,82.45,1627.81,0.0534,0.2258,0.2318,0.2829,1
6.27,24.25,146.81,2044.08,0.1065,0.336,0.3302,0.2106,0
24.9,26.53,97.84,2420.49,0.072,0.3185,0.1019,0.2264,1
13.35,31.18,127.18,1212.85,0.1202,0.0699,0.3653,0.2306,1
6.97,12.4,118.01,1995.48,0.099,0.034,0.144,0.1517,0
20.12,32.24,,2304.24,0.1285,0.1517,0.082,0.1731,1
15.54,13.21,155.02,1752.65,0.1643,0.1923,0.2001,0.1272,0
29.37,11.07,181.42,712.85,0.1134,0.1901,0.3767,0.285,1
19.06,39.26,40.83,1574.54,0.1445,0.0643,0.0296,0.2448,0
12.61,38.67,189.38,2429.09,0.1404,0.0612,0.1409,0.1093,1
23.03,10.87,,2470.63,0.1606,0.0355,0.2809,0.2099,0
12.52,22.74,152.12,1655.97,0.0757,0.3008,0.1538,0.1686,0
27.7,14.77,176.9,2233.29,0.1493,0.3328,0.0305,0.2631,1
14.99,24.05,114.74,612.82,0.1587,0.0582,0.1428,0.1688,0
19.2,34.74,173.6,720.75,0.0971,0.0903,0.353,0.2288,1
7.21,38.47,68.42,2388.81,0.0877,0.0497,0.4163,0.1331,1
16.23,28.66,65.47,459.16,,0.3096,0.0171,0.2118,1
25.98,19.97,145.2,591.01,0.1253,0.3364,0.2448,0.1588,1
25.34,27.7,179.22,1132.49,0.0957,0.1064,0.0453,0.133,1
11.38,18.67,182.79,,0.145,0.1202,0.2926,0.2239,0
11.43,37.2,143.0,1565.01,0.0865,0.1397,0.0034,,0
25.62,35.98,124.08,829.06,0.0712,0.1858,0.0063,0.2967,0
28.33,26.31,93.02,2312.65,0.1153,0.2452,0.3341,0.2338,1
8.29,19.07,196.8,2299.64,0.1179,0.1864,0.032,0.2031,0
16.8,18.1,91.15,1065.28,0.1491,0.3338,0.1312,0.2825,1
14.1,10.04,159.07,1164.93,0.1048,0.053,0.412,0.2657,0
26.9,34.29,125.12,1797.89,0.1478,0.2835,0.4237,0.2097,1
8.0,22.96,137.36,1704.67,0.0874,0.1304,0.0694,0.2023,0
,19.08,102.96,1042.22,0.119,0.1446,0.2412,0.2884,0
24.06,23.6,194.37,1117.62,0.075,0.2539,0.2404,0.2234,1
7.23,34.38,131.47,961.37,0.0963,0.3267,0.1945,0.2428,1
17.82,12.86,190.05,695.51,0.1529,0.2563,0.3976,0.1173,1
16.61,35.59,41.21,1221.21,0.0759,0.276,0.3242,0.2437,1
14.03,36.82,131.63,1759.98,0.1472,0.2678,0.3287,0.1529,1
15.47,38.35,154.75,1891.04,0.0839,0.1259,0.1159,0.1231,0
18.72,21.32,159.21,1978.14,0.0541,0.2698,0.1868,0.2699,1
9.87,15.73,184.8,1024.37,0.0632,0.2789,0.2096,0.2382,0
19.73,20.58,40.7,1944.54,0.1395,0.196,0.1285,0.1815,0
25.33,19.32,40.05,155.38,0.0814,0.1971,0.0408,0.1863,0
24.24,14.46,115.56,1265.84,0.1285,0.2707,0.0543,0.1394,1
9.69,27.83,44.69,2013.61,0.1339,0.2896,0.0777,0.1019,0
9.58,23.78,195.93,1626.91,0.0914,0.1313,0.0876,0.1699,0
,35.84,75.53,1258.79,0.107,0.2845,0.1042,0.1297,0
14.67,10.0,115.63,1661.36,0.0985,0.2887,0.1098,0.1843,0
15.8,28.96,49.78,2280.39,0.1637,0.0973,0.196,0.2668,1
22.31,32.65,123.53,1476.66,0.0884,0.2566,0.2191,0.123,1
7.36,32.54,100.79,2027.5,0.072,0.0816,0.1328,0.1184,0
6.83,36.47,47.15,2454.55,0.0939,0.0507,0.3901,0.2804,0
15.41,31.6,93.62,1805.14,0.1303,0.2096,0.2379,0.249,1
22.73,37.76,102.63,1493.05,0.1337,0.3199,0.3386,0.1106,1
10.64,19.31,198.39,228.47,0.1609,0.0317,,0.1159,0
21.4,24.6,73.26,1023.77,0.1558,0.2927,0.0701,0.237,1
12.24,9.44,127.16,1474.44,0.0846,0.1871,0.184,0.1741,0
27.27,9.22,197.97,2021.41,0.1046,0.3041,0.1863,0.2448,1
27.5,16.44,166.72,1173.93,0.1397,0.2983,0.1524,0.1809,1
13.13,12.13,198.94,2405.74,0.16,0.3088,0.0038,0.2936,1
11.52,17.07,194.93,781.43,0.0905,0.2737,0.3509,0.2389,0
15.87,14.49,118.33,1897.18,0.1033,0.2982,0.048,0.1093,0
11.77,9.88,151.42,1128.91,0.1579,0.0781,0.4281,0.1661,0
22.14,37.19,57.67,1286.93,0.093,0.1203,0.3324,0.2127,1
25.83,9.25,110.58,2033.9,0.1077,0.1,0.2494,0.1284,1
22.15,31.82,169.44,839.07,0.1585,0.265,0.0665,0.1005,1
25.78,13.72,120.85,368.48,0.1463,0.0707,0.2216,0.1159,1
15.53,37.28,152.43,1367.8,0.0792,0.0801,0.1123,0.2049,0
9.75,36.68,159.32,1387.96,0.089,0.3101,0.1085,0.2265,0
23.71,29.27,80.56,2021.32,0.0924,0.2529,0.3567,0.1186,1
14.65,29.84,180.11,2425.23,0.1595,0.3089,0.1637,0.233,1
22.11,9.17,113.57,270.51,0.1699,0.066,0.1938,0.2234,0
,39.53,73.63,1536.39,0.1429,0.1517,0.3625,0.288,1
7.95_err,36.21,178.47,1747.82,0.1081,0.1134,0.0377,0.2681,0
29.82,36.75,106.85,2466.49,0.0512,0.0232,0.2557,0.2886,1
9.75,29.44,160.05,2364.51,0.1337,0.1139,0.2486,0.2932,0
29.72,19.69,127.69,1821.38,0.0967,0.1453,0.1828,0.1882,1
29.45,36.7,101.1,1371.42,0.126,0.0504,0.3568,0.1976,1
25.05,18.04,169.58,521.2,0.1228,0.2069,0.4054,0.1563,1
21.83,26.44,133.52,1046.66,0.1077,0.1464,0.2001,0.2017,1
19.87,12.09,102.49,1520.89,0.1633,0.0353,0.1961,0.1301,0
26.79,37.58,57.54,1851.47,0.0528,0.2523,0.2159,0.2343,1
12.95,13.36,183.27,1639.54,0.1355,0.2607,0.3109,0.105,0
17.22,15.97,45.68,1825.33,0.0992,0.2954,0.2873,0.1471,0
20.87,26.3,178.11,1152.8,0.1357,0.1802,0.0958,0.1416,1
15.87,32.69,97.59,1857.2,0.131,0.3397,0.0275,0.2876,0
16.26,28.2,142.29,479.23,0.0512,0.3216,0.4082,0.129,1
13.93,16.2,187.55,523.7,0.0842,0.2019,0.1123,0.2782,0
19.54,,64.27,524.28,0.0727,0.1668,0.2746,0.1249,0
26.41,32.47,130.71,2242.44,0.07,0.021,0.3562,0.2301,1
10.84,39.54,162.31,319.44,0.1374,0.2546,,0.164,0
28.43,34.11,161.21,2031.56,0.0787,0.2064,0.2732,0.1632,1
22.54,23.27,124.1,691.23,0.107,0.3294,0.0464,0.2997,0
25.76,37.02,139.96,,0.0796,0.2161,0.4171,0.1452,1
19.35,21.71,161.2,2301.66,0.1196,0.3476,0.025,0.1405,1
24.71,25.27,174.56,1522.81,0.1365,0.3018,0.1884,0.2179,1
,23.79,161.89,635.88,0.0897,0.3347,0.2308,0.2482,0
25.64,22.88,96.64,810.45,,0.1281,0.3399,0.2965,1
6.96,33.03,199.48,2312.25,0.149,0.0693,0.0521,0.2403,1
27.36,25.33,109.52,1148.06,0.0613,0.283,0.1895,0.2124,1
29.81,18.82,43.91,1525.29,0.1353,0.2794,0.1289,0.1818,1
13.06,17.0,98.02,1225.44,0.0888,0.0898,0.1342,0.219,0
11.05,10.17,60.45,1033.11,0.0647,0.2724,0.3349,0.2202,0
24.37,27.08,59.43,666.94,0.1155,0.2121,0.0023,0.1435,0
12.07,16.13,85.05,1759.41,0.0772,,0.3221,0.2342,0
26.77,13.59,48.54,1835.05,0.1486,0.1856,0.3485,0.1409,0
8.47,29.27,150.16,788.73,0.0551,0.3273,0.3876,0.198,0
9.02,30.12,51.84,2002.07,0.0618,0.1871,0.2696,0.152,0
29.5,32.32,72.53,2156.7,0.1125,0.2803,0.1434,0.1626,1
22.17,24.61,54.86,2312.79,0.1207,0.0295,0.1837,0.2228,0
26.33,36.72,50.11,520.46,0.1376,0.2603,0.417,0.1129,1
13.78,38.03,82.84,857.26,0.0811,0.3325,0.3789,0.1024,1
22.24,34.03,131.5,2170.43,0.151,0.1848,0.1993,0.1261,1
20.26,28.7,194.35,608.55,0.1644,0.1314,0.4055,0.1337,1
20.48,18.42,180.09,148.19,0.1099,0.2334,0.3539,0.1396,0
22.38,39.47,180.15,2195.15,0.1413,0.3224,0.3875,0.2548,1
19.81,17.5,,910.42,0.113,0.0783,0.2937,0.1894,0
16.3,15.28,82.39,1118.21,0.0583,0.1532,0.3688,0.194,0
12.62,22.71,52.22,1193.35,0.0891,0.0716,0.3835,0.2289,0
24.45,10.76,164.55,2141.93,0.0605,0.1839,0.0396,0.2458,0
11.43,39.33,51.17,937.43,0.1687,0.1983,0.415,0.1007,1
22.62,27.24,129.07,2245.78,0.0775,0.3316,0.1435,0.2713,1
11.6,26.27,79.66,1595.98,0.1263,0.1561,0.1892,0.2977,0
21.01,29.33,78.95,1384.4,0.0841,0.2071,0.3405,0.1244,1
23.93,24.41,198.52,908.45,0.1284,0.3121,0.2859,0.2302,1
11.25,9.99,161.08,715.16,0.0752,0.1261,0.384,0.1005,0
7.44,27.98,173.91,1612.78,0.1442,0.2425,0.1722,0.1098,0
9.14,31.2,131.52,1194.67,0.0633,0.2699,0.1605,0.157,0
20.54,21.92,179.36,2288.82,0.1574,0.1291,0.0136,,1
26.39,,143.28,1300.27,0.1509,0.0742,0.199,0.2305,1
7.08,16.04,191.39,,0.1315,0.186,0.3114,0.1892,0
23.62,15.86,85.01,1123.47,0.0581,,0.1295,0.1877,1
,14.0,135.25,2002.66,0.075,0.1079,0.199,0.1932,0
17.48,20.53,150.42,1142.62,0.1531,0.3412,0.0943,0.1622,1
28.29,35.26,102.87,775.65,0.0646,0.1857,0.3323,0.2755,1
13.97,34.67,180.75,2174.39,0.0687,0.3026,0.026,0.2136,1
17.17,20.87,196.77,1548.51,0.1153,0.0845,0.3033,0.1968,0
6.33,27.26,119.0,1535.96,0.0829,0.33,0.1629,0.193,0
7.96,31.35,102.5,1581.54,0.0766,0.2822,0.0179,0.2872,0
12.21,16.48,115.51,1836.46,0.1191,0.2869,0.367,0.2447,1
6.67,14.21,176.44,878.84,0.0947,0.1486,0.2097,0.129,0
21.15,39.13,143.27,219.87,0.0669,0.1803,0.2577,0.1874,1
16.23,28.14,47.16,2053.0,0.1142,0.2158,0.3148,0.1577,1
19.16,39.42,126.75,444.22,0.0964,0.2806,0.2817,0.2974,1
10.19,19.47,42.77,1843.49,0.1381,0.3002,0.3143,0.1831,0
13.1,30.79,164.57,334.26,0.0623,0.0458,0.3278,0.1136,0
21.93,15.9,92.53,1025.73,0.1245,0.3183,0.2533,0.1822,0
29.17,17.1,115.52,288.74,0.1024,0.3294,0.1572,0.1643,1
7.21,24.87,,1372.42,0.0987,0.2157,0.1046,0.2199,0
27.37,18.91,47.43,1681.4,0.0779,0.0816,0.3882,0.1452,1
19.85,14.2,65.37,544.58,0.0537,0.2901,0.4171,0.1072,1
19.53,17.15,103.67,1017.04,0.1517,0.201,0.1538,0.1192,1
18.01,10.11,76.79,2335.37,0.0892,0.2897,0.0483,0.1566,0
7.67,30.84,94.06,1184.04,0.1317,0.2889,0.0957,0.1697,0
8.16,24.26,199.71,2034.0,0.1637,0.0486,0.2884,0.2669,1
,11.92,172.07,2328.16,0.1178,0.2203,0.0744,0.154,0
14.18,14.32,181.42,2439.46,0.0977,0.1794,0.3355,0.1063,0
28.01,12.18,189.93,2260.04,0.0822,0.3322,0.3969,0.2561,1
15.76,27.99,94.55,889.08,0.1621,0.1179,0.4144,0.2738,1
9.44,11.92,87.53,2411.67,0.1318,0.088,0.004,0.1985,0
23.15,32.38,,2057.25,0.1298,0.316,0.412,0.157,1
13.04,9.64,172.82,2115.73,0.1011,0.0691,0.3183,0.2544,0
18.61,16.73,148.73,175.81,0.1514,0.2466,0.0361,0.1018,0
22.75,36.61,77.79,2392.0,0.1356,0.119,0.1786,0.2848,1
27.61,31.27,100.32,1976.29,0.084,0.2074,0.301,0.2731,1
25.01,11.26,121.07,1952.4,0.1219,0.2234,0.4114,0.209,1
22.23,34.45,124.5,332.4,0.1016,0.1577,0.0706,0.1555,1
22.31,24.28,182.2,688.86,0.0508,0.3417,0.0549,0.1066,0
28.7,35.25,100.89,2410.94,0.1469,0.0635,0.2031,0.3,1
13.1,27.62,185.36,1321.6,0.0647,0.1492,0.4163,0.2524,1
6.03,30.14,110.62,1078.94,0.1112,0.162,0.4177,0.1677,0
12.53,39.8,159.42,2122.26,0.0903,0.2282,0.098,0.1039,0
11.23,16.2,188.84,346.12,0.0911,0.1544,0.1373,0.2279,0
21.88,28.34,185.21,1123.98,0.1073,0.052,0.3905,0.2974,1
21.21,,49.11,1026.65,0.1696,0.3327,0.316,0.2414,1
20.24,10.22,72.91,965.65,0.099,0.1573,0.4181,0.1167,0
6.39,9.45,116.3,866.15,0.0719,0.1331,0.3841,0.1805,0
23.49,12.7,109.05,635.78,0.1236,0.1674,0.0925,0.1218,0
13.76,29.12,142.54,548.07,0.0784,0.0915,0.3267,0.2824,0
21.96,26.58,191.15,1651.36,0.0627,0.0531,0.0209,0.1661,0
19.36,26.16,57.98,2309.77,0.056,0.069,0.3517,0.2467,1
14.23,9.99,112.3,1340.89,0.0527,0.075,0.2587,0.1169,0
9.23,23.55,70.79,843.22,0.1017,0.0852,0.4111,0.1257,0
8.27,37.66,183.06,515.62,0.1012,0.1586,0.4128,0.2359,1
25.96,21.33,194.33,2099.14,0.0723,0.2259,0.0219,0.2687,1
28.04,28.37,116.59,,0.1441,,0.069,0.1403,1
21.59,33.17,56.64,964.01,0.0655,0.02,0.2082,0.1837,1
8.48,33.3,165.65,826.64,0.1598,,0.3782,0.2239,0
15.65,25.1,151.54,1559.52,0.1205,,0.3502,0.2593,1
23.49,35.6,96.75,1969.78,0.0533,0.3381,0.4147,0.2256,1
24.72,21.13,181.99,1214.75,0.1656,0.1388,0.2658,0.1191,0
8.84,36.55,196.13,1626.97,0.087,0.2394,0.1103,0.2086,0
6.0,16.45,129.26,1831.06,0.104,0.0754,0.0108,0.2769,0
23.09,17.69,130.52,2407.0,0.0841,0.2896,0.0959,0.2736,0
14.56,10.65,87.6,529.49,0.1374,0.0733,0.2904,0.217,0
12.11,33.66,133.52,2493.82,0.1083,0.1276,0.3983,0.2991,1
6.31,21.93,,1065.49,0.0659,0.182,0.138,0.121,0
18.97,16.1,88.35,1846.75,,0.2162,0.3766,0.1957,1
26.43,16.19,50.75,1490.9,0.137,0.2047,0.1698,0.255,1
28.98_err,36.94,80.43,1288.54,0.0784,0.0537,0.1326,0.1282,1
19.58,34.85,71.66,1787.46,0.0665,0.1592,0.2188,0.2945,1
18.35,26.16,126.73,1073.98,0.1099,0.3246,0.1902,0.1708,0
8.04,28.1,136.27,437.62,0.1463,0.3079,0.3929,0.17,1
19.17,23.7,137.37,1293.79,0.0835,0.215,0.2014,0.1426,1
15.12,21.14,102.11,1371.72,0.0832,0.2089,0.1193,0.1576,0
20.57,37.38,107.4,616.49,0.1501,0.0569,0.3623,0.2155,0
15.33,12.89,173.48,2348.06,0.0677,0.0861,0.4295,0.1859,0
11.77,21.97,116.2,676.84,0.124,0.1034,0.2787,0.1387,0
8.28,19.68,198.04,1105.78,0.1646,0.1811,0.1077,0.2618,0
13.56,24.44,110.34,505.63,0.151,0.2613,0.1027,0.1124,0
8.32,23.19,143.93,1404.48,0.0574,0.172,0.0248,0.2669,0
10.25,25.09,48.06,866.02,0.0884,0.0616,0.0332,0.155,0
29.7,13.34,144.53,1294.68,0.0671,0.165,0.3934,0.1992,0
16.66,24.91,176.23,670.1,0.1639,0.0737,0.0415,0.1762,1
18.76,16.51,190.79,266.91,0.1683,0.2679,0.2083,0.2141,0
26.97,14.71,199.57,1978.97,0.0782,0.0749,0.3002,0.2592,1
29.89,11.01,85.15,1652.96,0.1304,0.1792,0.3657,0.2979,1
19.99,,132.06,944.14,0.151,0.2488,0.0736,0.1612,1
25.5,22.25,112.11,252.09,0.078,0.0953,0.1882,0.2108,1
13.85,28.43,130.21,2182.76,0.0725,0.0451,0.1081,0.1932,0
13.34,31.56,65.19,540.72,0.0513,0.2059,0.11,0.2998,0
15.66,30.06,176.98,2336.55,0.0994,0.0379,0.1307,0.2618,0
22.14,23.59,185.53,1269.49,0.1579,0.214,0.2525,0.1794,1
22.37,21.02,111.95,943.31,0.1584,0.2687,0.0071,0.1954,1
13.57,20.65,84.87,1890.55,0.0653,0.1287,0.1758,0.1492,0
9.2,28.84,62.53,2209.34,0.0745,0.1812,0.0803,0.251,0
21.18,24.34,149.4,1014.88,0.099,0.3265,0.4159,0.269,0
9.08,35.32,89.96,1101.33,0.1437,0.1755,0.2506,0.293,0
19.88,36.12,185.53,1162.25,0.1234,0.3489,0.3733,0.2132,1
22.64,14.29,147.36,2316.68,0.1117,0.0718,0.0841,0.2341,0
22.81,13.22,143.31,1774.45,0.121,0.2539,0.3483,0.1892,1
24.08,28.54,129.5,724.44,0.0615,0.2354,0.1784,0.2218,0
26.95,18.34,47.32,576.6,0.1073,0.3079,0.0764,0.1697,0
18.0,9.58,189.11,683.67,0.169,0.0505,0.3273,0.2475,1
23.53,36.55,140.47,762.01,0.0606,0.1125,,0.1045,1
20.86,16.03,,683.23,0.1123,0.0636,0.4282,0.1057,0
10.48,37.81,125.98,1694.08,0.0855,0.3279,0.3358,0.2432,1
6.62,31.24,153.62,413.6,0.1148,0.1608,0.0625,0.2861,0
12.83,32.64,48.99,1054.17,0.1189,0.3203,0.1387,0.2264,1
16.63,15.25,141.08,1615.13,0.1193,0.1172,0.1942,0.2453,0
20.81,16.26,162.34,826.43,0.1523,0.0617,0.0545,0.2648,0
26.4,25.16,164.56,294.05,0.0968,0.1179,0.3389,0.1723,0
10.71,14.34,163.22,333.1,0.112,0.2171,0.2265,0.1216,0
9.01,18.47,76.21,437.28,0.0513,0.2989,0.4061,0.2866,0
29.12,18.97,196.06,2112.59,0.1447,0.1472,0.2534,0.2877,1
8.59,13.95,199.23,1692.56,0.0811,0.3219,0.2248,0.1884,0
17.48,15.36,52.1,292.27,0.148,0.1006,0.0307,0.1434,0
20.05,33.45,189.83,1062.92,0.0819,0.2489,0.0642,0.2785,0
18.99,14.18,86.31,797.46,0.0513,0.2628,0.3653,0.2417,0
8.06,9.88,150.29,1504.17,0.0686,0.1104,0.426,0.1016,0
7.37,28.51,94.1,1373.82,0.1683,0.0289,0.1785,0.1215,0
8.53,39.26,194.84,1275.45,0.0884,0.1405,0.3483,0.2966,1
20.05,19.27,56.24,882.25,0.0631,0.0349,0.2699,0.1076,0
19.06,12.68,119.64,465.21,0.0643,0.3172,0.4124,0.1565,0
11.61,26.68,,1892.01,0.0872,0.3347,0.1024,0.2097,0
21.31,37.1,92.16,2216.46,0.0545,0.2627,0.2343,0.1369,1
25.68,33.31,143.29,2368.2,0.1114,0.2598,0.1758,0.1464,1
7.0,28.3,60.97,278.34,0.0756,0.0995,0.2329,0.1706,0
17.96,18.77,154.67,1886.18,0.1123,0.0444,0.1156,0.1539,0
22.54,25.8,196.89,1854.55,0.0669,0.2847,0.214,0.2607,1
12.06,11.83,168.73,2375.18,0.1016,0.2045,0.2687,0.2001,1
13.39,30.05,177.6,736.88,0.1218,0.2449,0.0349,0.1557,1
20.73,31.48,97.54,1891.54,0.0574,0.2773,0.3195,0.1626,1
27.55,38.92,91.98,268.92,0.0978,0.1551,0.3038,0.108,1
25.44,17.07,122.73,1629.74,0.0863,0.0677,0.3786,0.1099,0
20.0,9.57,47.32,968.0,0.0788,0.2824,0.1831,0.2436,0
23.53,25.91,191.26,1954.63,0.1225,0.1697,0.0265,0.1226,1
14.76,30.91,63.01,2177.4,0.1206,0.2929,0.1984,0.1952,1
21.38,33.5,184.48,1000.98,0.1257,0.1644,0.0592,0.2685,1
17.19,15.01,53.37,1380.38,0.0691,0.0916,0.2784,0.1737,0
10.56,17.11,171.62,417.07,0.0843,0.0764,0.0203,0.1692,0
22.84,24.89,64.31,1123.9,0.0752,0.2655,0.1608,0.2746,1
19.36,19.25,46.1,991.49,0.1149,0.2097,0.0356,0.273,0
14.61,35.68,155.12,572.17,0.1053,0.1535,0.0014,0.276,0
27.87,23.69,84.84,2250.97,0.0896,0.1824,0.413,0.2144,1
6.5,33.79,154.32,489.49,0.1443,0.2014,0.4283,,0
13.58,27.0,128.81,1640.34,0.0613,0.099,0.2389,0.2638,0
7.37,32.97,,2240.74,0.167,0.1448,0.1028,0.1831,0
24.4,19.31,189.14,2292.25,0.064,0.1165,0.3918,0.2259,1
22.85,34.77,112.37,2012.05,0.1428,0.1482,0.3969,0.1244,1
13.95,17.51,157.51,555.69,0.0942,0.1852,0.3674,0.2103,0
22.22,25.93,120.16,2069.14,0.1538,0.0772,0.2341,0.1526,1
15.5,15.63,136.7,792.69,0.0589,0.1499,0.0321,0.1567,0
24.15,23.74,88.44,2316.86,0.095,0.1472,0.038,0.1251,1
16.9,18.86,72.06,1813.44,0.0903,0.1144,0.3855,0.1716,0
15.89,17.27,126.81,1993.23,0.1692,0.3495,0.3766,0.1963,1
28.43,38.98,110.44,340.68,0.1683,0.0443,0.1868,0.2201,1
12.02,13.96,102.42,1515.33,0.0728,0.2322,0.1411,,0
8.89,33.41,147.61,2077.9,0.1256,0.0776,0.277,0.2584,0
20.03,39.51,,2173.35,0.1143,0.297,0.347,0.2042,1
29.26,9.62,47.35,207.57,0.0685,0.3217,0.3146,0.2276,1
15.07,30.67,94.2,2356.42,0.0701,0.1525,0.2647,0.1556,1
7.49,16.84,105.88,242.28,0.1687,0.2917,0.0995,0.2628,0
14.14,10.26,55.5,1590.26,0.1043,0.1025,0.1129,0.2249,0
18.14,21.49,77.74,1776.39,0.0651,0.0662,0.3113,0.2725,0
9.89,37.99,48.26,393.33,0.0758,0.1242,0.3451,0.132,0
21.79_err,,199.4,253.31,0.0822,0.1328,0.0499,0.1761,0
29.95,27.22,157.85,1992.39,0.1113,0.1511,0.0805,0.1226,1
16.84,24.54,53.99,1047.82,0.0903,0.1431,0.2926,0.1431,0
14.51,36.07,43.24,392.79,0.1046,0.1557,0.1673,0.1789,0
15.62,11.6,155.09,1939.9,0.07,0.2543,0.2422,0.2789,0
8.76,30.13,110.27,2144.02,0.0892,0.101,0.2644,0.2114,0
27.2,30.08,165.89,1526.23,0.0584,0.0261,0.3338,0.1661,1
15.96,29.74,187.76,520.52,0.1568,0.1816,0.3465,0.2494,1
15.29,38.21,135.89,175.93,0.0739,0.1679,0.1204,0.1039,0
21.83,34.52,69.94,1793.89,0.1408,0.0398,0.2328,0.174,0
16.61,10.3,165.15,1438.33,0.0919,0.0642,0.0531,0.2202,0
21.56,23.6,192.93,1675.88,0.1069,0.1883,0.3621,0.2166,1
7.47,21.34,132.84,2059.12,0.085,0.0975,0.3635,0.2215,0
25.53,18.61,149.12,1164.78,0.1336,0.3096,0.1288,0.1423,1
28.57,22.99,,433.86,0.1513,0.0772,0.0691,0.1674,0
21.57,20.91,101.04,2358.36,0.0844,0.0266,0.0301,0.2863,1
28.91,22.4,157.54,1426.82,0.0791,0.1677,0.2472,0.2948,1
9.63,39.36,188.44,1592.09,0.1318,0.3454,0.0393,0.1624,0
17.46,11.75,140.64,2342.85,0.0734,0.2292,0.2927,0.2289,0
20.44,37.59,166.38,2338.54,0.1268,0.1368,0.2916,0.1483,1
19.96,23.89,67.46,1490.14,0.0613,0.0256,0.264,0.1737,0
15.64,28.34,73.91,842.36,0.1244,0.18,0.3769,0.2585,1
14.11,34.74,125.13,2493.19,0.1116,0.0881,,0.2002,0
9.04,20.17,68.25,1746.73,0.0637,0.2338,0.388,0.2699,0
15.4,22.34,141.6,1103.91,0.1279,0.2124,0.0159,0.2257,0
9.9,21.7,86.66,1461.21,0.1036,,0.0485,0.2258,0
23.62,20.62,166.65,1121.37,0.0761,0.0427,0.1772,0.1068,0
11.01,37.69,169.3,2236.4,0.0924,0.2692,0.2554,0.2499,1
7.41,34.7,114.21,1278.7,0.1091,0.2132,0.0139,0.2956,0
19.26,12.38,68.93,2083.53,0.061,0.2979,0.244,0.1946,0
20.29,12.35,143.48,2122.82,0.1649,0.1057,0.1322,0.1317,0
26.93,22.26,198.85,2085.42,0.1299,0.2354,0.3815,0.2954,1
19.85,12.06,139.61,1844.37,0.0623,0.0592,0.2293,0.158,0
14.29,28.19,45.72,2157.51,0.1487,0.1163,0.2528,0.1818,1
25.27,13.45,42.77,1053.86,0.0887,0.2367,0.4066,0.1155,1
18.97,25.19,91.26,410.61,0.1216,0.2924,0.3286,0.1222,1
7.9,9.22,71.33,2128.19,0.0833,0.1259,0.1885,0.1433,0
19.58,18.81,170.09,1315.68,0.138,0.2836,0.2051,0.2097,1
27.79,29.99,175.17,440.61,0.1368,0.2437,0.2786,0.2116,1
15.51,24.01,81.38,412.14,0.1162,0.1351,0.0861,0.2212,0
13.11,39.33,92.1,515.81,0.0789,0.3092,0.0381,0.2168,0
9.44,36.1,77.8,1912.3,0.0804,0.188,0.1338,0.199,0
9.63,20.13,185.34,1817.62,0.0959,0.2339,0.3347,0.2604,1
16.39,10.41,120.42,621.01,0.0674,0.1836,0.1106,0.2868,0
20.3,35.21,144.98,2138.74,0.0905,0.1694,0.0562,0.154,1
7.93,37.25,106.48,803.86,0.1321,0.2998,0.0942,0.126,1
28.55,34.44,140.96,2011.45,0.1497,0.1173,0.292,0.185,1
24.12,12.97,101.74,1293.58,0.0899,0.0321,0.264,0.1053,0
20.08,39.94,94.35,1866.45,0.078,0.3103,0.296,0.2767,1
25.88,17.02,141.52,1040.07,0.1499,0.2923,0.1384,0.1479,1
7.92,,134.57,959.25,0.1569,0.141,0.3874,0.2099,1
17.44,37.15,86.96,2125.61,0.0992,0.0812,0.1943,0.123,1
21.12,16.31,63.9,223.31,0.0532,0.2429,,0.2107,1
25.89,37.16,98.97,2440.38,0.1334,0.046,0.408,0.1078,1
24.8,18.59,106.43,1669.7,0.1441,0.1598,0.4211,0.2538,1
12.65,39.27,140.59,1160.66,0.0522,0.0483,0.2845,0.2911,0
28.58,17.72,186.32,1622.21,0.1214,0.2173,0.4063,0.1614,1
8.98,38.56,45.79,429.67,0.1206,0.029,0.2328,0.1516,0
27.0,10.66,78.99,1353.16,0.0954,0.2276,0.1321,0.1896,1
29.3,30.99,70.99,2464.83,0.14,0.2422,0.1355,0.224,1
10.25,25.5,120.37,695.24,0.1014,0.1808,0.2403,0.1378,0
23.33,23.81,108.75,1844.58,0.1312,0.0778,0.2602,0.2607,1
6.97,15.93,156.65,1166.53,0.1121,0.0535,0.189,0.1397,0
15.73,30.87,78.79,1679.8,0.0798,0.1234,0.38,0.1011,1
18.39,14.92,135.12,623.53,0.1228,0.1735,0.1835,0.2049,0
19.94,26.14,181.42,1250.3,0.1384,0.2319,0.1176,0.123,1
28.46,16.85,185.71,2453.02,0.1669,0.0204,0.0034,0.2396,1
22.13,38.62,193.41,600.88,0.0956,0.2547,0.4173,0.1335,1
17.55,9.89,163.72,1642.01,0.0577,0.2552,0.3545,0.2635,1
25.43,15.19,184.96,1498.41,0.1686,0.1667,0.2647,0.1941,1
28.81,16.51,77.52,1473.52,0.1249,0.1333,0.3571,0.2133,1
6.53,21.84,71.61,1591.69,0.1636,0.298,0.3484,0.1373,0
29.58,,41.04,1325.28,0.0625,0.2789,0.4007,0.1293,1
8.07,24.23,153.1,179.96,0.091,0.3445,0.166,0.2263,0
25.55,36.05,189.99,2264.23,0.0661,0.1427,0.2386,0.1511,1
12.73,31.07,69.91,2091.67,0.1503,0.3193,0.0424,0.1772,0
9.17,26.98,141.91,551.04,0.1556,0.0488,0.4151,0.1959,0
16.56,11.76,159.43,1115.32,0.1102,0.1558,0.4236,0.1459,0
21.45,30.51,188.42,1958.5,0.0724,0.1736,0.3393,,1
15.14,14.16,143.5,2452.95,0.0653,0.1655,0.1953,0.2879,0
7.31,33.38,195.25,2384.68,0.1206,0.2263,0.2135,0.1864,0
20.39,16.75,95.15,2262.49,0.1108,0.0762,0.1872,0.2835,1
27.66,,95.99,513.76,0.1334,0.3059,0.1261,0.2765,1
15.2,19.86,126.88,2298.16,0.0866,0.2021,0.227,0.1332,0
11.19,35.62,101.36,2213.13,0.0983,0.3184,0.023,0.1347,0
16.62,12.92,40.23,1029.6,0.0526,0.0209,0.4265,0.1955,0
7.16,,157.08,1071.07,0.1232,0.2279,0.1823,0.2052,0
25.69,13.4,160.27,1225.39,0.1008,0.1561,0.3988,0.1682,1
25.83,30.85,159.52,1688.57,0.1604,0.1867,0.3114,0.1626,1
20.11,37.06,95.2,755.57,0.127,0.2655,0.1247,0.1863,1
14.47,22.47,123.57,194.16,0.0978,0.095,0.0955,0.2381,0
25.19,24.13,97.6,473.3,,0.0876,0.4281,0.1169,1
19.31,37.75,42.57,1178.67,0.1586,0.252,0.332,0.2421,1
25.82,25.15,129.99,805.53,0.052,0.1921,0.1074,0.2852,0
21.16,24.12,59.8,1944.26,0.0892,0.0971,,0.2527,1
24.83,26.93,52.81,391.79,0.1632,0.1797,0.2997,0.1383,1
20.37,30.37,160.88,2305.22,0.1285,0.1717,0.1303,0.1175,1
15.94,12.31,41.52,2252.97,0.1139,0.2482,0.0952,0.1981,0
28.99,34.45,193.44,2284.67,0.0744,0.0209,0.316,0.2913,1
18.99,22.5,122.44,1885.48,0.15,0.2136,,0.2638,1
20.52,11.24,197.28,392.52,0.0745,0.2199,0.207,0.2125,0
11.29,33.37,49.28,1174.0,0.0798,0.266,0.4053,0.1286,1
21.02,20.69,133.36,450.12,0.073,0.3134,0.2922,0.2428,1
19.72,12.11,95.89,2470.97,0.069,0.1653,0.3842,0.2626,0
10.44,28.65,174.96,925.97,0.1644,0.133,0.0819,0.287,0
7.43,36.28,97.8,1521.38,0.1222,0.0538,0.1276,0.2224,0
20.5,36.52,81.68,1979.37,0.1265,0.1312,0.0449,0.2029,0
24.33,38.69,177.21,2312.65,0.1645,0.0426,0.131,0.2238,1
18.56,35.9,99.94,1923.09,0.0777,0.2849,0.4179,0.2887,1
11.44,9.07,42.69,1731.83,0.0507,0.2863,0.414,0.2256,0
22.0,20.79,102.45,1239.72,0.1219,0.1577,0.327,0.1515,0
7.92,34.37,144.72,1568.74,0.1109,0.1057,0.2241,0.2272,0
16.6,20.35,,362.23,0.1073,0.0589,0.3357,,1
9.92,27.65,109.12,2226.06,0.0574,0.3009,0.238,0.2134,1
10.43,27.8,49.07,,0.1045,0.3096,0.0015,0.2005,0
10.86,20.32,134.09,234.72,0.0845,0.1079,0.2157,0.2467,0
,37.04,161.01,2310.97,0.0829,0.2252,0.2575,0.2322,1
7.23,24.6,106.13,1294.75,,0.1054,0.1143,0.1113,0
15.55,23.41,107.24,2189.87,0.0899,0.0943,0.0874,0.2451,0
18.28,39.92,54.13,,0.0924,0.027,0.1177,0.1815,1
17.6,24.3,72.31,2065.17,0.0871,0.2105,0.2682,0.2882,1
15.19,14.53,64.75,284.91,0.1675,0.0695,0.0628,0.2942,0
26.14,24.91,117.07,723.08,0.1619,0.0241,0.3097,0.1897,1
9.49,34.23,124.68,2206.29,0.1189,0.0546,0.1818,0.2938,1
18.14,33.08,191.83,2261.62,0.1677,0.1235,0.1519,0.1622,1
7.49,33.45,51.72,1221.04,0.1689,0.2408,0.3471,0.2365,1
7.71,30.95,135.98,1178.5,0.0927,0.0869,0.2176,0.115,0
19.77,,124.24,553.33,0.1034,0.3129,0.1627,0.129,0
19.58,35.72,122.6,2425.45,0.1651,0.1152,0.3776,0.2729,1
27.07,36.7,179.71,643.01,0.123,0.1293,0.1583,0.2788,1
19.39,15.02,72.89,590.61,0.0756,0.0919,0.3694,0.2065,0
29.03,13.04,46.52,1699.32,0.1327,0.1038,0.2168,0.168,1
7.17,39.24,147.56,713.11,0.0747,0.0445,0.0894,0.1902,0
8.35,35.92,95.23,2355.5,0.0907,0.1173,0.2635,0.2739,0
7.06,36.69,42.81,165.74,0.0773,0.3037,0.1227,0.1422,0
10.45,36.48,80.22,153.58,0.0794,0.2472,0.0633,0.159,0
18.99,25.79,89.49,1331.51,0.0506,0.3088,0.0372,0.2571,0
21.49,29.04,138.69,1291.83,0.1557,0.0546,0.1039,0.2871,1
7.09,25.91,67.61,525.54,0.0855,0.1704,0.3167,0.1186,0
28.7,10.59,106.09,1307.07,0.0604,0.0957,0.3603,0.2608,0
26.21,32.11,117.2,1111.52,0.0604,0.258,0.3705,0.229,1
13.12,24.67,113.48,2241.18,0.1167,0.3402,0.1162,0.1462,0
7.85,29.08,195.83,161.84,0.1692,0.2891,0.2842,0.2512,0
10.08,24.58,47.28,2444.0,0.0674,0.0316,0.0991,0.2456,0
9.05,24.25,192.15,1613.57,0.062,0.1245,0.2678,0.1284,0
8.96,14.33,133.11,498.35,0.1026,0.0294,0.3815,0.2005,0
18.45,17.64,167.32,250.35,0.1176,0.0333,0.0176,0.2517,0
11.9,13.92,108.86,1409.93,0.0853,0.0462,0.4236,0.1383,0
14.6,15.07,112.61,694.34,0.0863,0.1112,0.3556,0.1926,0
29.75,39.16,180.69,850.75,0.1009,0.1204,0.3275,0.1241,1
22.42,13.75,183.35,718.51,0.0877,0.1521,0.2973,0.1614,0
28.78,17.35,78.19,1674.41,0.1598,0.1536,0.3312,0.1436,1
9.42,27.31,71.88,1446.33,0.055,0.2746,0.4277,0.201,1
15.17,27.92,119.4,324.02,0.0781,0.0667,0.3312,0.1282,0
19.31,13.77,184.04,1382.6,0.147,0.0721,0.1512,0.1766,0
7.84,33.61,91.58,2007.21,0.1501,0.2268,0.264,0.155,1
6.1,33.34,144.32,331.62,0.0634,0.2087,0.1449,0.2492,0
22.09,16.36,153.3,2239.78,0.1669,0.0708,0.4171,0.2399,1
21.4,17.95,164.59,1504.8,0.1332,0.3012,0.3871,0.119,1
15.86,38.08,130.23,2383.47,0.0827,0.1286,0.2441,0.2907,1
17.75,34.6,104.39,489.61,0.1047,0.1411,0.3359,0.2489,0
15.97,30.63,194.72,2484.81,0.0857,0.1588,0.3912,0.2232,1
6.58,11.55,137.81,1660.48,0.068,0.1265,,0.1955,0
14.05,21.97,156.57,1479.29,0.0849,0.204,0.2492,0.1356,0
10.25,26.34,95.2,1356.06,0.1196,0.1483,0.2071,0.2924,0
8.36,14.81,147.19,195.82,0.1491,0.1056,0.3318,0.1016,0
28.96,22.9,81.25,2357.55,0.0936,0.3185,0.163,0.2385,1
20.38,27.63,79.22,1659.83,0.0917,0.1218,0.3049,0.2015,1
23.49,19.15,154.36,356.24,0.1062,0.2505,0.1733,0.2805,1
13.57,33.21,123.42,189.45,0.1273,0.1346,0.0478,0.1761,0
15.44,35.05,149.32,259.85,0.1402,0.1636,0.0461,0.2037,1
11.69,19.03,83.11,1578.17,0.0892,0.0979,0.0512,0.2485,0
8.33,35.0,135.8,1589.08,0.1204,0.2683,0.014,0.1095,0
10.3,12.21,111.03,1319.21,0.0967,0.2633,0.2292,0.1109,0
25.14,34.97,135.51,863.97,0.136,0.0273,0.2889,0.1423,1
22.26,13.74,86.54,1394.91,0.0698,0.0399,0.0545,0.1293,0
19.13,11.57,154.47,1358.47,0.0808,0.3244,0.2631,0.1013,0
17.4,28.9,168.95,185.82,0.1011,0.3133,0.257,0.2246,1
28.14,23.63,81.59,806.63,0.1567,0.187,0.0633,0.2592,1
7.75,37.14,88.1,265.52,0.1188,0.1828,0.1738,0.2914,1
12.73,20.26,145.78,2264.37,0.1658,0.2881,0.3247,0.1882,0
14.4,17.9,151.29,1851.53,0.0624,0.0657,0.0072,0.1559,0
24.78,24.52,152.66,2490.83,0.1052,0.2357,0.0632,0.2728,1
29.82,23.13,149.23,853.12,0.1003,0.1771,0.4282,0.2689,1
11.78,19.68,102.85,2213.23,0.122,0.2653,0.3154,0.225,1
26.98,30.51,103.18,1563.21,0.1474,0.0299,0.1996,0.1546,1
25.93,,80.77,1209.38,0.151,0.2156,0.2708,0.2817,1
11.39,35.44,65.09,665.27,0.1304,0.2037,0.3639,,1
15.58,39.16,150.81,1882.61,0.127,0.2975,0.3622,0.1087,1
15.83,17.27,54.91,2273.77,0.1639,0.2434,0.1396,0.2593,0
29.48,31.2,190.05,695.33,0.096,0.3105,0.2113,0.2127,1
10.34,21.22,172.27,553.92,0.1499,0.3128,0.2744,0.1493,1
25.18,29.99,177.2,1783.08,0.1606,0.1547,0.0309,0.2342,1
14.02,23.76,185.07,2445.66,0.109,0.0654,0.4067,0.2533,0
23.54,39.81,105.38,1909.89,0.1375,0.228,0.1861,0.2689,1
16.08,31.6,175.47,811.61,0.0952,0.3083,0.1595,0.1564,0
19.88,38.53,65.29,1131.09,0.0691,0.0447,0.3901,0.1051,1
25.98,34.88,43.46,1046.99,0.1204,0.2041,0.0509,0.202,1
25.3,36.99,165.58,2150.94,0.0736,0.0579,,0.2712,1
26.79,34.25,51.97,1960.44,0.1049,0.0289,0.2946,0.1416,1
7.43,23.23,198.16,1529.98,0.1547,0.2443,0.1656,0.1842,0
22.61,16.81,147.97,788.9,0.0603,0.245,0.3287,0.1513,0
9.36,20.48,160.55,2353.65,0.0537,0.2182,0.0295,0.1027,0
15.98,9.63,79.33,1681.82,0.1228,0.3035,0.165,0.2797,0
19.17,25.24,147.82,2430.32,0.0897,0.0467,0.1012,0.127,0
15.67,24.66,46.92,1509.08,0.1002,0.0547,0.318,0.2534,1
18.47,25.28,,2078.01,0.0987,0.3053,0.0977,0.1693,1
29.92,39.19,67.14,,0.0604,0.1861,0.1969,0.1555,1
9.25,37.26,151.58,936.1,0.0504,0.1101,0.3521,0.2882,1
22.21,14.01,75.92,2415.09,0.1578,0.2636,0.3936,0.2314,1
15.5,,50.95,191.78,0.0761,0.3152,0.3107,0.2374,0
9.19,22.14,117.04,1954.16,0.1011,0.2476,0.1846,0.2519,0
9.81,20.18,67.09,2418.71,0.1666,0.2813,0.246,0.1682,0
28.78,33.75,156.71,939.82,0.1492,0.1132,0.2966,0.2127,1
27.11,25.25,78.01,1669.54,0.063,0.1153,0.3762,0.154,1
27.77,26.74,94.8,1466.85,0.111,0.3052,0.3821,0.2669,1
29.8,35.44,130.79,1937.16,0.1376,0.2229,0.4003,0.2199,1
11.0,33.98,85.59,2184.18,0.1338,0.0973,0.3486,0.1487,1
14.53,13.1,100.48,1563.19,0.1413,0.193,0.0631,,0
22.06,31.13,170.5,2065.53,0.1049,0.2463,0.3215,0.2162,1
17.61,22.5,68.67,876.99,0.0711,0.0921,0.3503,0.199,0
16.04,18.13,53.15,679.47,0.1058,0.2361,0.3775,0.1069,0
14.59,10.55,92.54,1156.38,0.1277,0.0339,0.3977,0.282,0
20.25,24.1,107.9,1739.46,0.123,0.1202,0.2189,0.2905,1
19.81,20.02,126.83,581.9,0.0585,0.2424,0.2817,0.2125,0
9.87,16.8,99.59,1745.63,0.0578,0.0693,0.0041,0.1885,0
17.32,30.53,166.39,1070.06,0.1658,0.0933,0.2463,0.1719,1
19.28,32.85,46.29,2017.56,0.0682,0.3101,0.2035,0.1536,0
19.69,16.59,109.08,226.93,0.0853,0.2425,0.4138,0.2149,1
11.04,10.53,101.16,1716.44,0.1421,0.1846,0.3877,0.1256,0
23.81,35.31,143.61,1673.58,0.0992,0.0896,0.343,0.2838,1
6.6,9.31,194.6,2360.61,0.0718,0.1327,0.0245,0.1352,0
14.52,38.05,121.66,1823.55,0.1061,0.2095,0.1729,0.2491,0
24.73,28.46,197.9,2019.27,0.1183,0.0713,0.2993,0.1614,1
19.53,18.98,88.36,2274.83,0.1043,0.179,0.0128,0.1452,1
12.27,,44.94,1733.12,0.1603,0.155,0.1014,0.2116,0
22.68,9.28,66.51,824.76,0.0842,0.1773,0.3816,0.253,0
19.62,16.3,103.22,2192.67,0.1294,0.0548,0.0558,0.2453,0
25.11,13.27,90.61,1904.28,0.0635,0.0551,0.0221,0.1468,0
23.64,27.98,55.53,1141.67,0.0971,,0.2497,0.1661,1
20.64,14.16,,1816.85,0.1389,0.3432,0.407,0.2738,0
17.72,25.39,94.1,2187.75,0.077,0.1606,0.3589,0.2446,1
9.2,27.29,59.62,2442.54,0.1208,0.2804,,0.2425,0
12.27,18.24,87.38,2387.55,0.0684,0.2364,0.324,0.1538,0
16.06,10.09,181.83,907.77,0.0623,0.0586,0.1881,0.2584,0
20.38,10.15,88.33,1135.2,0.1128,0.1179,0.407,0.1717,0
18.33,9.82,154.23,398.51,0.131,0.1235,0.1835,0.1803,0
12.92,31.91,,724.2,0.0636,0.2166,,0.1575,1
6.16,18.86,108.35,2222.51,0.1601,0.2114,0.1927,0.1243,0
17.91,33.69,78.24,991.61,0.0771,0.3248,0.35,0.1841,1
12.86,22.38,99.04,1604.5,0.0644,0.2807,0.3946,0.1034,1
23.63,23.04,134.74,1711.68,0.0743,0.3028,0.1538,0.1912,1
6.57,24.9,96.12,1985.12,,0.3141,0.1988,0.245,0
20.04,31.1,74.38,571.41,0.0609,0.2844,0.3863,0.2921,1
28.6,17.48,58.63,859.36,0.1457,0.1299,0.0202,0.1157,1
10.19,12.77,180.76,1198.07,0.1095,0.091,0.3371,0.1563,0
17.32,26.24,110.45,1001.02,0.0966,0.2087,0.1953,0.1988,0
8.19,19.14,140.03,2459.66,0.1641,0.2476,0.1619,0.1341,0
21.02,22.72,118.47,2110.46,0.0945,0.1476,0.1922,0.1234,1
19.21,29.06,,1272.06,0.07,0.3,0.18,0.1905,1
15.78,24.32,127.51,2215.07,0.0829,0.337,0.3253,0.2161,1
18.51,28.23,116.93,960.46,0.0787,0.2079,0.399,0.264,1
27.52,25.87,187.94,1994.55,0.1098,0.1707,0.2113,0.2996,1
10.71,31.93,155.15,667.87,0.085,0.2982,0.3581,0.2549,1
6.54,30.88,57.85,1962.68,0.1119,0.028,0.3147,0.1443,0
26.68,25.56,68.43,1217.23,0.1303,0.0626,0.1422,0.2496,1
19.85,30.05,165.94,393.7,0.1433,0.2991,0.2525,0.2074,1
27.38,36.08,173.74,784.9,0.1352,0.2616,0.2867,0.1902,1
20.33,22.4,127.23,,0.0747,0.1573,0.0101,0.2871,1
25.44,21.8,128.71,1908.33,0.0639,0.3133,0.1703,0.2404,1
16.31,32.69,141.11,312.24,0.1151,0.136,0.4268,0.2363,1
24.0,27.06,110.26,1696.53,0.0739,0.2292,0.274,0.1024,1
27.91,11.2,148.83,1829.79,0.0602,0.2293,0.1437,0.273,0
19.73,36.66,57.36,1683.25,0.1133,0.0808,0.1075,0.2587,1
10.34,9.95,193.8,1935.18,,0.114,0.0901,0.1598,0
12.45,32.2,160.02,560.48,0.1407,0.3223,0.1727,0.1584,1
10.77,32.52,140.99,1525.56,0.0877,0.0805,0.0831,0.1107,0
11.92,38.55,90.61,2361.1,0.1674,,0.0581,0.1102,0
13.35,10.68,65.75,1581.45,0.141,0.1783,0.1565,0.2337,0
19.32,27.5,105.49,1582.75,0.0569,0.0504,0.261,0.1372,0
20.11,22.26,145.85,1878.0,0.1111,0.3152,0.063,0.2847,1
16.24,19.25,141.39,926.36,0.1175,0.053,0.0191,0.2685,0
20.77,11.8,101.22,1793.12,0.1334,0.2235,0.0149,0.1698,0
7.96,26.44,138.13,2302.31,0.1097,0.1321,0.115,0.176,0
8.11,23.85,170.2,165.71,0.108,0.2854,0.0818,0.1655,0
10.12,12.24,44.21,2193.47,0.0942,0.2146,0.2319,0.1185,0
18.43,27.99,112.1,655.94,0.0826,0.1481,0.196,0.1063,0
11.14,31.88,161.37,1215.98,0.1635,0.3447,0.1396,0.1904,0
12.8,32.79,127.38,2151.54,0.0881,0.0419,0.3584,,1
15.61,37.07,144.24,2084.43,0.0576,0.2107,0.2171,0.2834,1
25.48,21.69,122.67,2244.95,0.0701,0.3466,0.0394,0.262,1
6.33,38.55,198.7,2359.38,0.1529,0.248,0.1272,0.2257,1
21.59,35.83,48.74,1195.29,0.1204,0.2641,0.4185,0.2712,1
22.05,18.19,118.57,1689.02,0.1435,0.0306,0.4201,0.203,1
25.17,13.94,54.63,1061.53,0.1471,0.027,0.1095,0.136,0
28.39,22.5,65.57,967.69,0.1488,0.0319,0.0719,0.2368,1
6.48,21.46,101.29,1158.57,0.1161,0.3473,0.2131,0.2841,0
9.69,26.85,64.89,1893.66,0.0713,0.3432,0.207,0.1039,0
27.27,27.08,194.19,1323.4,0.0678,0.1304,0.1764,0.1503,1
17.0,32.25,191.49,2061.18,0.1189,0.116,0.2276,0.1531,1
19.55,24.81,93.78,1898.72,0.094,0.0682,0.0998,0.1198,0
21.91,12.25,142.36,188.33,0.117,0.1286,0.0494,0.1451,0
22.3,35.61,125.4,1627.36,0.1098,0.1421,0.2453,0.1768,1
28.36,18.6,170.49,1170.31,0.1223,0.2669,0.401,0.288,1
,39.11,140.39,1217.64,0.0539,0.3059,0.0592,0.2721,1
23.28,12.65,40.04,2071.36,0.0539,0.2664,0.3031,0.2892,1
12.89,38.71,162.11,1432.35,0.1366,0.2333,0.1883,,1
27.11,11.82,159.5,2230.07,0.0732,0.2727,0.1264,0.1056,1
7.18,16.16,121.56,1822.22,0.1283,0.2637,0.3668,0.122,0
11.55,10.44,,1444.7,0.1156,0.177,0.1963,0.2829,0
27.54,30.86,185.35,1920.71,0.1678,0.1308,0.2508,0.1315,1
12.15,35.36,123.83,230.5,0.1502,0.1133,0.1905,0.2145,0
11.3,22.46,137.28,203.92,0.0996,0.2442,0.0349,0.1455,0
9.32,37.78,199.44,336.7,0.124,0.3366,0.2558,0.1041,1
26.62,27.3,87.81,1172.65,0.0641,0.2117,0.1801,,0
18.0,28.53,91.94,695.66,0.0964,0.3211,0.0373,0.242,1
22.2,35.21,69.24,2462.86,0.1381,0.0247,0.2562,0.1365,1
11.74,18.2,183.34,1419.8,0.1247,0.2822,0.0042,0.1458,0
24.19,19.98,159.12,1703.3,0.1081,,0.0897,0.1755,0
24.24,37.08,56.9,798.02,0.0712,0.2282,0.3359,0.2314,1
13.5,36.93,197.08,899.44,0.1464,0.3282,0.0163,0.1939,1
15.86,39.27,156.95,931.69,0.0828,0.2147,0.2781,0.2889,1
11.03,36.96,176.08,1789.02,0.1485,0.0994,0.4084,0.1868,1
29.44,12.95,47.7,1257.95,0.1234,0.0912,0.0736,0.1398,0
21.49,34.54,120.79,1361.73,0.0947,0.2034,0.1794,0.2072,1
28.43,21.7,151.78,1537.13,0.0549,0.3191,0.2475,0.1902,1
13.28,39.71,126.87,1954.4,0.0779,0.0439,,0.2574,0
24.77,23.64,146.66,353.27,0.1567,0.2194,0.2668,0.287,1
24.38,26.17,170.86,1973.42,0.1482,0.274,0.1738,0.2673,1
22.6,25.42,99.89,1469.23,0.119,0.0581,0.0639,0.1778,1
29.18,18.97,175.79,1719.07,0.106,0.0585,0.0383,0.1432,0
15.45,11.33,66.07,913.02,,0.1408,0.3201,0.2829,0
9.14,36.77,83.34,1106.15,0.1059,0.1104,0.1026,0.1772,0
22.12,33.88,46.94,685.55,0.1273,0.0854,0.3644,0.254,1
23.5,13.33,98.31,2451.15,0.0869,0.0856,0.3195,0.2979,1
19.8,33.08,100.79,1312.93,0.1506,0.0631,0.0213,0.2155,1
10.96,28.4,168.84,2490.74,0.1342,0.2216,0.0865,0.196,1
18.11,21.68,144.5,1295.89,0.0896,0.2471,0.1256,0.24,0
13.49,16.87,109.88,658.61,0.1497,0.252,0.2556,0.1388,0
16.26,35.65,144.34,1337.59,0.1085,0.1957,0.3482,0.1976,1
21.49,30.71,48.45,233.45,0.071,0.3345,0.0259,0.1625,0
23.89,25.98,68.84,2275.26,0.0593,0.3106,0.1073,0.1328,1
11.57,27.9,140.31,2071.78,0.134,0.336,0.1618,0.222,0
15.73,11.82,142.62,1852.94,0.1538,0.1483,0.0789,0.2151,1
12.46,,163.86,1579.19,0.1469,0.3097,0.2345,0.2522,1
10.77,15.0,104.48,1508.41,0.1287,0.2717,0.2055,0.2746,0
24.8,15.46,155.61,2492.28,0.067,0.1322,0.1361,0.1441,1
27.82,29.5,149.44,796.07,0.0613,0.0552,0.2223,0.2559,1
14.89,37.25,194.14,1980.06,0.0914,0.2453,0.153,0.1735,1
24.03,21.52,74.42,1512.12,0.1526,0.065,0.1476,0.2258,0
27.53,15.44,128.27,2443.08,0.1654,0.1169,0.1141,0.27,1
26.31,29.11,136.28,2093.62,0.079,0.1851,0.2324,0.1512,1
10.39,36.01,199.78,2496.52,0.1415,0.2444,0.191,0.2202,1
28.95,32.2,72.19,1528.45,0.1189,0.3257,0.0844,0.1961,1
15.04,35.93,123.71,622.72,0.0538,0.2158,0.0056,0.2581,0
14.14,25.63,95.39,1328.7,0.1151,0.2416,0.0649,0.2394,0
7.5,32.31,124.14,1818.22,0.1467,0.1223,0.0184,0.2539,0
17.67,13.34,77.14,1967.49,0.0831,0.2468,0.1856,0.1576,0
8.62,19.8,47.62,141.2,0.1577,0.1645,0.0968,0.2409,0
11.96,21.08,131.61,1331.86,0.0784,0.3028,0.1808,0.2212,1
13.61,24.85,93.74,695.15,0.0592,0.1495,0.1417,0.1913,0
25.41,37.8,69.11,2204.79,0.0692,0.1745,0.2313,0.1757,1
27.01,36.1,91.83,500.86,0.1504,0.1628,0.3113,0.1663,1
13.26,13.17,47.88,1712.84,0.1001,0.2877,0.2061,,0
26.61,14.36,192.07,767.91,0.1456,0.3347,0.0266,0.1339,0
26.57,20.09,132.98,981.44,0.1137,0.128,0.0075,0.1118,0
24.35,18.01,170.36,2359.72,0.1077,0.1768,0.0917,0.2697,1
9.52,28.06,107.7,707.46,0.1468,0.253,0.1827,0.272,0
22.57,36.99,184.53,364.21,0.1008,0.3155,0.0193,0.2692,1
28.68,38.83,117.33,303.51,0.1462,0.1829,0.1409,0.2636,1
22.38,29.26,131.83,1330.89,0.0621,0.0559,0.3814,0.1443,1
13.96,34.98,118.69,1654.44,0.1264,0.1417,0.0387,0.1984,1
18.01,25.28,157.32,912.41,0.1343,0.2016,0.4079,0.2816,1
21.5,15.46,130.66,1769.01,0.1579,0.1578,0.3684,0.252,1
18.25,25.27,83.46,284.04,0.0769,0.0816,0.3577,0.1004,1
8.88,26.21,63.29,2163.31,0.1225,0.0322,0.3714,0.1919,1
13.49,32.02,136.98,2067.1,0.102,0.2468,0.0344,0.1021,0
25.26,15.82,118.27,,0.0959,0.3476,0.065,0.1561,1
26.67,20.42,55.36,2350.15,0.0628,0.3233,0.0578,0.1872,1
9.3_err,20.28,103.3,980.63,0.0661,0.2455,0.0478,0.2786,0
28.86,38.74,122.36,1082.29,0.1504,0.2977,,0.2309,1
13.89,22.76,172.3,1900.48,0.14,0.1044,0.357,0.1725,1
21.9,32.41,52.18,456.44,0.0959,0.2254,0.1083,0.1981,1
24.04,32.28,95.76,881.07,0.1494,0.04,0.105,0.2635,1
25.49,17.23,171.62,419.76,0.0597,0.2534,0.2906,0.1599,1
28.7,26.73,143.75,1213.53,0.125,0.3401,,0.223,1
13.51,36.72,86.39,1442.73,0.1542,0.3041,0.1549,0.1524,0
26.6,23.73,175.25,638.34,0.1507,0.1964,0.127,0.196,1
9.16,38.3,118.93,202.85,0.0947,0.2803,0.3643,0.1049,1
22.92,15.65,119.74,1837.68,0.1394,0.3315,0.2212,0.2705,1
23.81,11.3,196.25,187.21,0.1013,0.0913,0.278,0.1097,0
22.27,36.64,191.54,2437.23,0.1508,0.2818,0.0555,0.1449,1
12.06,35.28,97.37,662.99,0.1137,0.109,0.3994,0.1667,1
26.95,39.77,62.49,1706.8,0.1418,0.3094,0.1387,0.225,1
10.05,30.06,92.11,1166.01,0.0594,0.0525,0.3039,0.244,0
7.29,38.04,44.88,280.83,0.1208,0.0788,0.4105,,0
23.22,34.64,43.32,1254.35,0.116,0.2578,0.2187,0.1087,1
17.41,35.18,103.28,1359.56,0.1232,0.0777,0.2182,0.2598,1
26.38,26.64,190.56,2157.05,,0.0722,0.0504,0.2424,1
15.2,20.85,179.42,1868.34,0.1602,0.2033,0.1678,0.2663,0
10.04,37.97,121.83,327.15,0.1443,0.2955,0.3666,0.2353,1
26.07,22.4,130.44,633.62,0.0764,0.1086,0.0581,0.2502,0
19.17,25.7,40.95,876.05,0.1491,0.2976,0.3945,0.1758,1
10.54,22.83,74.48,414.72,0.0646,0.2866,0.2869,0.218,0
23.29,,43.96,1218.28,0.1247,,0.181,0.2611,1
18.27,23.59,160.73,2462.97,0.1559,0.2334,0.235,0.1344,1
20.5,10.49,63.3,1354.49,0.0621,0.0333,0.0647,0.1846,0
17.06,36.34,179.05,1890.84,0.152,0.1412,,0.2481,1
25.89,22.78,142.93,1751.73,0.1458,0.1069,0.1232,0.2065,1
25.91,27.26,76.71,2145.79,0.1105,0.0695,0.1655,0.2363,1
23.03,13.31,65.24,649.11,0.0871,0.1486,0.3937,0.1586,0
8.53,9.11,140.42,1919.03,0.0987,0.1371,0.1581,0.1065,0
26.13,16.6,184.13,2220.0,0.1662,0.2605,0.2252,0.1058,1
22.1,30.84,154.94,544.76,0.0742,0.2174,0.0697,0.2886,1
22.73,12.08,95.77,958.45,0.1196,0.3213,0.3165,0.2889,1
14.71,37.18,133.98,2429.44,0.06,0.068,0.2409,0.1423,1
27.1,15.67,89.72,1982.66,0.0761,0.0397,0.1892,0.1295,1
23.41,15.34,199.86,806.91,0.1416,0.1964,0.4073,0.1036,1
8.7,14.63,159.81,1470.9,0.0863,0.0203,0.383,0.1463,0
15.79,9.43,138.3,1094.21,0.1683,0.2799,0.2836,0.1669,0
27.27,32.93,107.72,1296.32,0.1101,0.187,0.3964,0.1482,1
7.13,36.13,138.9,978.19,0.112,0.1811,0.2429,0.2595,1
29.07,28.04,94.66,799.22,0.0544,0.1396,0.3556,0.2499,1
22.3,14.83,44.62,1732.44,0.1648,0.1437,0.1761,0.1162,0
21.15,17.84,103.21,1977.36,0.0709,0.1623,0.0373,0.2395,0
12.49,23.75,188.88,2202.54,0.1146,0.0253,0.4275,0.2041,1
11.97,38.58,140.21,506.58,0.0975,0.0476,0.0712,0.1264,0
28.61,16.67,53.43,2081.94,0.0999,0.1867,,0.2479,1
13.16,31.68,181.6,741.33,0.1272,0.0695,0.0701,0.1172,0
24.61,22.62,83.02,1148.51,0.1295,0.277,0.1451,0.1354,1
15.43,18.23,79.0,2267.41,0.0685,0.1106,0.1244,0.1298,0
9.34,23.13,87.53,1212.63,0.11,0.0523,0.2585,0.2878,0
6.26,11.21,132.35,605.07,0.1449,0.0976,0.4285,0.2396,0
19.06,33.76,127.15,517.29,0.1032,0.1378,0.0226,0.1823,0
29.42,16.54,118.63,1256.24,0.0699,0.0317,0.3347,0.2644,1
14.86,31.49,154.81,1939.91,0.0876,0.0668,0.055,0.1432,0
14.57,11.12,90.65,2493.4,0.0755,0.1269,,0.2862,0
14.26,38.61,165.13,1998.28,0.0651,0.1225,0.2746,0.2394,1
18.49,14.98,68.05,2209.75,0.0953,0.2841,0.3755,0.2119,1
16.58,36.37,165.22,1904.88,0.1149,0.2983,0.0758,,1
27.12,34.09,146.21,2253.23,0.0587,0.0838,0.1469,,1
18.13,39.0,149.31,320.05,0.1225,0.0609,0.0726,0.2774,0
18.19,23.81,117.05,2334.64,0.1692,0.2293,0.3898,0.2658,1
9.32,31.55,146.72,1075.52,0.1657,0.2855,0.1163,0.1396,0
29.59,20.49,52.77,2315.01,0.1495,0.338,0.1912,0.1479,1
12.0,14.72,176.25,318.73,0.082,0.0222,0.3847,0.113,0
7.76,22.74,48.89,1827.97,0.0527,0.1565,0.2377,0.144,0
21.92,14.14,63.8,1876.23,0.15,0.2622,0.4011,0.1687,1
20.29,39.44,132.29,2492.71,0.0567,0.2934,0.3984,0.1058,1
15.96,11.98,158.31,1954.5,0.0747,0.0406,0.1985,0.163,0
16.13,27.27,52.2,1042.87,0.1153,0.2446,0.2504,0.2543,0
24.84,28.42,187.32,1455.11,0.0714,0.1153,0.099,0.2681,0
10.7,25.68,195.78,1005.06,0.1501,0.0446,0.4259,0.1018,0
25.69,29.53,136.95,602.6,0.1433,0.1814,0.1197,0.1014,1
21.57,12.6,117.0,726.47,0.1407,0.0722,0.3368,0.1293,1
16.06,26.21,158.62,663.94,0.1479,0.2632,0.1346,0.2745,1
16.99,17.9,92.54,1435.2,0.0764,0.2646,0.1346,0.1939,1
12.16,38.15,118.92,2278.54,0.1375,0.2979,0.0447,0.2966,1
,32.62,186.58,2294.03,0.0926,0.1446,0.2408,0.2775,1
18.31,39.15,192.9,269.24,0.13,,0.1053,0.278,1
13.7,10.16,188.33,328.56,0.0646,0.1057,0.0638,,0
20.31,17.84,81.99,718.48,0.1347,0.1744,0.0975,0.195,0
29.9,15.06,77.2,741.94,0.1667,0.249,0.108,0.2987,1
16.45,9.35,87.63,363.94,0.0552,0.1461,0.2168,0.1298,0
28.1,16.51,110.61,1056.77,0.0613,0.1969,0.1659,0.2148,1
14.28,30.04,90.27,1527.03,0.0648,0.193,0.0325,0.1689,0
7.31,16.16,99.87,1504.46,0.1017,0.0744,0.2305,0.1776,0
10.9,24.78,139.3,1422.49,0.0849,,0.3387,0.2782,0
16.05,36.52,162.0,939.27,0.1468,0.165,0.2469,0.2176,1
11.27,30.51,157.69,1807.24,0.1069,0.2866,0.4191,0.2518,1
6.01,21.23,170.31,2090.5,0.1081,0.2479,0.0426,0.2346,0
27.96,20.55,45.15,957.21,0.136,0.0568,0.3531,0.2058,1
26.25,23.13,47.64,341.86,0.0934,0.1813,0.2174,0.2583,1
23.82,14.49,166.3,839.34,0.0924,0.2518,,0.2941,1
10.03,28.65,125.29,464.19,0.1408,0.0487,,0.2934,0
8.89,20.29,132.5,1242.97,0.1436,0.2815,0.1399,0.2579,0
7.62,35.42,48.41,,0.0517,0.0933,0.1396,0.1975,0
23.38,32.45,80.85,1232.31,0.0673,0.186,0.2717,0.1326,1
28.29,27.93,142.14,661.57,0.0756,,0.0192,0.1089,1
16.33,20.29,177.47,1883.41,0.0922,0.2085,0.2532,0.1463,1
8.86,15.51,186.72,205.06,0.085,0.1599,0.3116,0.1681,0
18.3,33.06,120.07,1449.2,0.1302,0.0222,0.1532,0.126,1
14.37,24.08,127.28,539.99,0.1494,0.064,0.0935,0.145,0
15.0,15.97,173.29,142.34,0.0731,0.211,0.0918,0.1167,0
20.91,15.05,126.02,2191.31,0.1176,0.183,0.0352,0.2047,0
23.25,,122.7,1724.81,0.0941,0.1401,0.0386,0.1253,1
8.65,33.09,184.81,373.51,0.1107,0.3247,,0.2486,0
6.85,16.1,166.39,1707.21,0.1245,0.1297,0.0082,0.1665,0
29.86,25.33,185.45,1583.49,0.1572,0.1973,0.1145,0.2344,1
11.59,23.0,74.92,1257.12,0.0731,0.2077,0.1318,0.2765,0
7.29,26.97,123.9,1129.45,0.0604,0.1941,0.4279,0.1172,0
10.56,36.19,174.8,2233.48,0.1253,0.1776,0.4264,0.2978,1
6.93,35.9,57.78,718.55,0.0973,0.1312,0.0804,0.229,0
15.4,22.98,167.15,1080.01,0.0695,0.3199,0.0916,0.1107,0
25.26,9.48,69.28,916.71,0.0641,0.1688,0.2115,0.1628,0
,,169.3,1960.03,0.1171,0.1944,0.064,0.2772,0
16.66,27.79,137.92,2302.86,0.0861,0.2366,0.2167,0.2192,1
22.21,26.29,70.92,2145.48,0.1697,0.0423,0.1717,0.1574,1
18.21,29.19,115.74,2022.58,0.0987,0.2778,0.1396,0.2881,1
26.67,13.78,149.1,2468.82,0.0755,0.1891,0.3537,0.2575,1
26.78,29.04,141.42,1785.26,0.1255,0.2369,0.3561,0.2471,1
,,108.36,1912.49,0.0793,0.2748,0.4248,0.2777,0
24.67,32.27,183.9,2459.41,0.1093,0.3085,0.0959,0.254,1
17.06,19.51,123.08,156.5,0.1079,0.1494,0.382,0.1573,0
29.73,31.01,120.94,1636.35,0.1044,0.2878,0.2313,0.2168,1
17.6,10.48,49.96,,0.1455,0.1054,0.2543,0.2685,0
29.69,21.64,187.54,2306.07,0.076,0.2379,0.3854,0.1362,1
24.11,30.86,68.34,2225.87,0.1585,0.0539,0.4053,0.1326,1
11.97,16.03,124.54,2127.03,0.145,0.0266,0.3125,0.1318,0
18.92,33.65,168.57,2372.07,0.09,0.0516,0.1496,0.1389,1
29.81,,74.47,1408.21,0.0717,0.1254,0.2106,0.1206,1
26.58,27.21,124.38,156.33,0.0835,0.0303,0.2645,0.2675,1
8.34,19.96,78.51,166.09,0.0899,0.2281,0.3563,0.2637,0
22.95,23.96,161.55,1425.35,0.1168,0.1245,0.2829,0.1303,1
14.29,27.52,130.29,1167.24,,0.263,0.1571,0.2411,0
6.17,,176.96,1204.94,0.1597,0.0352,0.1797,0.2254,0
15.68,30.65,183.13,1084.96,0.0618,0.0915,0.0217,0.1552,0
11.63,22.44,143.8,2305.83,0.0835,0.1546,0.3974,0.1455,0
25.65,,156.06,987.64,,0.1463,0.0379,0.1501,1
14.1,15.63,127.88,2160.7,0.0808,,0.2494,0.2461,0
25.86,9.18,101.51,2270.76,0.1505,0.3481,0.3748,0.1639,1
6.01,18.33,143.7,1318.82,0.1238,0.1139,0.181,0.1556,0
13.39,32.22,185.33,1194.77,0.0773,0.2579,0.3441,0.1045,1
11.79,33.62,106.67,1936.01,0.1546,0.0926,0.3456,0.2816,1
11.61,15.28,90.31,1810.81,0.1461,0.3097,0.0257,0.2505,0
7.64,38.73,102.15,915.34,,0.148,0.1772,0.1946,1
10.49,24.57,109.66,382.01,0.1517,,0.2971,0.2886,0
19.33,37.43,51.77,765.05,0.1244,0.1328,0.1816,0.1587,1
12.99,30.91,119.75,449.23,0.1102,0.0229,0.2344,0.2349,0
16.02,31.4,119.09,835.57,0.0949,0.1906,0.2556,0.161,1
15.04,11.64,134.15,757.9,0.0769,0.1932,0.065,0.1629,0
27.02,15.82,98.05,1645.0,0.1169,0.0595,0.1772,0.2689,1
27.73,9.27,138.1,2392.61,0.1567,0.0975,0.0122,0.2574,1
17.83,31.2,180.51,1758.36,0.1213,0.2786,0.0643,0.1588,0
13.92,19.68,192.88,2326.89,0.1604,0.0321,0.2203,0.1163,1
8.56,33.39,133.38,1990.55,0.0928,0.1815,0.2466,0.1715,0
28.88,19.51,46.81,1857.79,0.1334,0.195,0.0629,0.252,1
7.45,34.4,195.08,1117.19,0.1278,0.2473,0.3249,0.1201,0
13.14,13.05,152.94,906.52,0.1305,0.0324,0.1604,0.2344,0
13.15,14.37,93.75,,0.1274,0.2133,0.3959,0.278,1
13.69,19.57,63.55,2276.73,0.0766,0.021,0.1667,0.1358,0
9.94,21.66,62.95,1206.44,0.0672,0.1075,0.0644,0.2724,0
24.8,19.81,66.84,161.39,0.1674,0.1849,0.3259,0.1103,1
8.94,32.67,47.29,2010.37,0.0554,0.3207,0.2442,0.2334,0
21.24,12.01,184.34,812.76,0.1061,0.0618,0.1663,0.2582,0
8.97,19.89,126.52,163.34,0.101,0.0759,0.1531,0.189,0
7.69,34.95,151.99,2039.77,0.0932,0.2409,0.0648,0.1407,0
27.83,11.07,172.5,1361.1,,0.1437,0.1466,0.2849,1
,38.21,166.65,1757.1,0.1394,0.2257,0.0126,0.104,0
25.71_err,39.58,181.22,2298.67,0.1586,0.3492,0.216,0.211,1
19.07,11.75,194.76,1417.17,0.0975,0.3457,0.3856,0.1746,1
7.87,18.03,,1327.54,0.1177,0.1367,0.342,0.1922,0
28.93,20.54,192.05,825.96,0.1571,0.1863,0.0123,0.2073,1
11.93,33.07,155.73,860.26,0.1693,0.3185,0.3789,0.2069,1
26.63,27.47,51.31,2019.84,0.1663,0.0504,0.1945,0.1407,1
10.05_err,28.98,149.09,1199.71,0.1361,0.1693,0.0821,0.2359,0
26.49,32.48,149.87,525.92,0.0672,0.1446,0.3235,0.1038,1
6.32,12.66,184.94,363.09,0.0528,0.1173,0.1388,0.1042,0
18.28,34.83,99.67,1256.09,0.149,0.3481,0.1089,0.1957,0
24.47,30.87,133.59,1237.29,0.1509,0.2621,0.0694,0.2084,1
28.44,26.9,41.95,1682.16,0.1396,0.1483,0.2092,0.155,1
27.82,36.58,93.13,1251.72,0.0836,0.2936,0.0402,0.2103,1
25.67,,,478.6,,0.1816,0.3378,0.2032,1
27.32,15.25,123.5,1338.41,0.0879,0.308,0.2024,0.1698,1
10.78,22.32,170.79,2280.02,0.1041,0.1079,0.1922,0.2304,0
12.82_err,24.32,73.03,516.28,0.0959,0.0938,0.0008,0.2916,0
12.94,10.71,124.39,1767.82,0.1596,0.1016,0.3517,0.1982,0
15.05,38.59,72.64,1541.51,0.0781,0.1977,0.2119,0.2572,1
15.44,12.99,59.31,1906.66,0.1193,0.1161,0.1892,0.1495,0
19.07,30.62,121.76,495.42,0.0933,0.0685,0.3274,0.2524,1
9.84,24.69,52.66,2362.19,0.1296,0.3482,0.027,0.2298,0
22.59,9.79,133.98,1605.48,0.1177,0.3171,0.1577,0.2279,1
10.02,37.67,45.01,2139.09,0.1609,0.2296,0.2476,0.2786,1
13.45,35.41,57.07,721.99,0.0622,0.3142,0.198,0.1467,1
18.08,25.25,128.0,1885.01,0.0765,0.3287,0.0781,0.1737,0
25.11,16.1,134.63,1983.23,0.142,0.2431,0.1287,0.1166,0
23.75,12.77,44.64,1077.95,0.0943,0.1912,0.1291,0.2452,1
21.49,20.27,131.74,1046.13,0.0699,0.3111,0.4265,0.2688,1
9.74,16.92,174.16,1692.4,0.1104,0.2074,0.1403,0.1812,0
19.13,24.71,155.57,360.44,,0.0618,0.0882,0.1714,0
8.1,38.96,60.99,1876.07,0.0554,0.1411,0.3537,0.2317,0
15.06,26.82,134.8,241.21,0.085,0.1672,0.1811,0.1151,0
15.92,36.59,147.56,589.79,0.1471,0.3287,0.1909,0.1588,0
,29.18,45.96,1707.38,0.1124,0.2375,0.236,0.1732,0
12.58,23.73,176.86,372.04,0.0542,0.3088,0.2561,0.2037,1
28.94,35.49,185.0,2433.55,0.0838,0.27,0.2539,0.1953,1
28.89,23.61,176.07,2189.42,0.1267,0.1223,0.0148,0.1417,1
14.46,35.93,171.94,1618.07,0.0739,0.2572,0.3521,0.2082,1
7.03,18.04,159.19,2072.98,0.1493,0.0844,0.0838,0.2852,0
10.3,12.99,141.35,2234.69,0.1312,0.1547,0.1257,0.1054,0
15.41,35.51,148.58,752.36,0.1066,0.286,0.0746,0.2361,0
28.75,27.21,169.02,2144.61,0.1599,0.2219,0.3298,0.2249,1
9.39,36.56,146.0,599.71,0.097,0.2924,0.251,0.2849,0
24.32,38.07,92.44,1115.49,0.0782,0.1041,0.3248,0.2291,1
8.61,10.66,100.15,1457.49,0.1294,0.2674,0.281,0.225,0
29.55,,183.53,,0.1188,0.0868,0.0448,0.254,1
15.16,20.62,42.74,211.13,0.0902,0.2,0.1296,,0
24.61,28.4,151.81,825.6,0.0912,0.1631,0.2181,0.2191,1
14.22,33.6,192.76,1576.11,0.0978,0.2036,0.1311,0.2039,1
21.06,17.7,153.0,983.39,0.0849,0.0647,0.0891,0.1877,0
10.61,26.26,199.03,1969.06,0.1352,0.1392,0.374,0.1159,1
9.5,30.97,150.01,1677.9,0.1282,0.2401,0.3215,0.1585,1
28.51,13.17,45.5,693.19,0.1029,0.2043,0.1484,0.156,0
28.02,34.24,172.32,484.39,0.0977,0.2012,0.329,0.2449,1
27.3,27.79,85.54,1624.55,0.0938,0.1886,0.2698,0.2841,1
21.01,38.44,111.37,1203.1,0.084,0.3315,0.0016,0.1462,1
25.4,19.53,,538.74,0.0603,0.3284,0.1635,0.1149,1
7.66,12.35,82.97,910.24,0.0822,0.1388,0.1249,,0
14.03,24.7,109.02,855.19,0.0885,0.1361,0.0937,0.2382,0
13.53,11.66,100.6,395.19,0.1157,0.2031,0.1082,0.2773,0
21.26,39.06,141.33,1430.71,0.1429,0.0516,0.4052,0.1288,1
14.54,10.2,170.1,1942.21,0.0975,0.12,0.2091,0.2602,0
9.56,32.36,87.53,1498.1,0.1634,0.0962,0.3645,0.2627,0
20.32,25.28,74.2,2090.05,0.1493,0.0937,0.0921,0.1303,1
25.55,20.43,146.7,441.06,0.1682,0.2307,0.075,0.1323,1
15.17,11.04,147.25,1168.04,0.1551,0.1468,0.3822,0.1591,1
9.17,28.29,184.18,1578.22,0.124,0.0765,0.2132,0.1434,1
10.72,27.14,42.55,1735.36,0.1218,0.3129,0.3849,0.2951,1
11.7,17.71,176.49,1782.06,0.0655,0.3085,0.0271,0.1726,0
13.2,37.22,123.36,1860.36,0.1367,0.3046,0.3941,0.2523,1
21.43,18.43,139.41,1677.37,0.122,0.1489,0.1786,0.261,0
20.42,22.94,54.62,362.38,0.1108,0.0388,0.0668,0.1772,0
22.71,25.86,109.22,1780.92,0.1332,0.0552,0.2939,0.2365,1
14.7,12.11,76.37,1850.49,0.1033,0.1111,0.3427,0.1216,0
25.78,37.9,80.68,2484.61,0.1129,0.0926,0.0204,0.1794,1
10.9,20.61,120.66,1776.34,0.0978,0.3084,0.4245,0.2935,0
17.26,11.5,169.99,1760.92,0.1361,0.3455,0.2997,0.1337,0
25.22,21.01,159.0,1354.96,0.1552,0.2895,0.1382,0.1771,1
10.32,27.61,134.56,2188.3,0.1509,0.2609,0.0651,0.2581,0
8.64,24.92,126.31,2492.53,0.1443,0.2142,0.1688,0.2331,1
27.21,30.53,108.37,1978.55,0.0517,0.2741,0.0948,0.2263,1
14.23,10.72,195.63,1585.5,0.1594,,0.2125,0.2707,0
22.41,17.82,129.63,326.33,0.083,0.2184,0.3362,0.1058,0
6.61,34.4,80.63,1855.1,0.1566,0.071,0.2839,0.2542,0
22.56,11.48,76.81,1812.21,0.0736,0.0741,0.1875,0.2765,0
13.59,35.52,137.82,1970.34,0.1028,0.2127,0.0511,0.1032,0
7.34,11.85,123.65,433.95,0.1399,0.13,0.4116,0.2118,0
20.64,34.87,41.23,1682.81,0.1268,0.3204,0.1163,0.1697,1
11.78,20.18,172.81,837.91,0.0999,0.2218,0.1195,0.1102,0
15.28,27.98,152.66,1934.24,0.1314,0.2432,0.2776,0.1835,0
7.93,13.74,145.89,707.28,0.1159,0.0219,0.3313,0.2288,0
9.53,11.05,51.0,1754.19,0.0831,0.1846,0.4232,0.2838,0
13.15,15.69,97.93,836.18,0.1276,0.1623,0.4167,0.2241,1
8.15,12.96,189.66,161.23,0.0745,0.2529,0.3929,0.2713,0
27.86,18.68,178.01,,0.1333,0.1463,0.1872,0.1243,1
6.15,24.95,85.69,407.32,0.0504,0.3423,0.0717,0.1421,0
17.61,27.25,65.13,1695.93,0.1159,0.2412,0.2513,0.2941,1
8.96,33.49,111.85,,0.0981,0.2378,0.0074,0.2775,0
13.38,29.34,96.93,2427.42,,0.3234,0.0844,0.147,1
28.23,27.87,149.16,696.78,0.1119,0.3484,0.0011,0.2242,1
9.88,21.77,194.63,2049.84,0.1274,0.0853,0.0776,0.1725,0
29.18,23.69,,974.39,0.1658,0.2875,0.2041,0.1937,1
10.94,21.85,49.96,2265.08,0.15,0.0736,0.1691,0.2722,0
23.8,35.11,183.62,1998.48,0.1361,0.1708,0.1588,0.2471,1
19.12,16.13,46.07,314.46,0.1075,0.0531,0.3573,0.1477,0
27.23,9.18,192.44,1100.84,0.0971,0.2257,0.2902,0.1632,0
19.3,29.19,146.33,936.07,0.0539,0.1746,0.4027,0.1579,0
18.83,15.28,190.67,1993.03,0.0931,0.2275,0.1915,,0
10.69,36.59,71.95,1108.27,0.1518,0.2437,0.1171,0.198,1
9.99,35.63,46.51,1755.63,0.0961,0.2244,0.0528,0.2901,1
28.0,11.38,118.11,1561.75,0.1054,0.117,0.289,0.2633,1
13.87,12.3,112.1,2442.51,0.0826,0.2962,0.3619,0.1422,1
14.93,24.35,93.04,2353.17,0.0829,0.2021,0.079,0.2572,0
24.24,27.89,193.23,1149.37,0.0574,0.1817,0.3779,0.2012,1
14.13,17.52,171.61,1847.64,0.1237,0.3457,0.2263,0.1507,1
28.85,31.22,145.85,2097.53,0.1038,0.1136,0.062,0.1727,1
23.71,27.44,66.06,2261.37,0.1227,0.1943,0.2764,0.2944,1
20.34,19.07,157.49,300.8,0.1156,0.2452,0.2236,0.1968,1
27.14,9.79,156.32,852.91,0.1459,0.0613,0.0121,0.2439,0
7.19,32.25,108.01,895.74,0.1401,0.1369,0.1717,0.1954,0
12.17,15.66,187.97,1165.29,0.1426,0.2846,0.3375,0.1743,0
17.16,34.87,66.72,539.46,0.1099,0.0981,0.2388,0.2593,1
,22.03,82.77,1311.05,0.0925,0.1828,0.1213,0.2697,0
23.85,26.89,50.12,1705.19,0.162,0.2281,0.3993,0.1144,1
28.06,36.06,167.27,1313.78,0.0565,0.2415,0.1022,0.1558,1
16.17,35.77,139.48,1711.27,0.0683,0.2603,0.1087,0.2016,1
14.21,20.52,90.39,296.8,0.1004,0.3058,0.1525,0.1633,0
29.08,15.48,66.21,2207.33,0.1237,0.1496,0.3847,0.2567,1
16.68,33.03,46.42,2356.2,0.051,0.2532,0.2183,0.1229,0
17.74,22.43,66.68,1598.26,0.1363,0.2616,0.2933,0.2596,0
14.44,14.95,112.53,2220.08,0.117,0.1191,0.4198,0.2236,1
27.83,37.04,79.55,450.21,0.1082,0.3395,0.3368,0.1579,1
19.65,15.14,81.44,2021.98,0.1008,0.3055,0.0742,0.1689,1
24.29,9.8,180.09,421.19,0.1123,0.1157,0.339,0.1366,1
25.48,9.63,122.42,1102.9,0.0694,0.2428,0.3218,0.1505,0
14.2,28.29,156.68,904.21,0.063,0.2569,0.1,0.2435,0
16.41,29.51,45.71,1522.0,0.0848,0.1624,0.1399,0.1752,0
26.36,18.64,98.43,851.57,0.1351,0.305,0.3054,0.2375,1
14.72,18.92,116.67,,0.1206,,0.1025,0.2028,0
25.05,19.52,69.83,1007.03,0.1076,0.2372,0.0895,0.1291,1
28.58,30.08,59.23,2171.47,0.1186,,0.3025,0.1998,1
,10.8,179.25,1635.97,0.1171,0.1546,0.3787,0.2513,1
23.8,37.8,190.31,648.1,0.0868,0.1632,0.0323,0.1595,1
25.32,15.9,52.61,933.27,0.0617,0.2621,0.1917,0.2296,0
26.28,39.99,95.84,2139.91,0.1576,0.2241,0.2611,0.1398,1
15.48,14.32,193.33,1052.09,0.122,0.0483,0.2908,0.1271,0
7.23,32.92,53.31,1404.49,0.1337,0.1215,0.4284,0.172,1
15.65,15.93,142.98,1671.5,0.1057,0.1761,,0.1778,0
22.17,11.51,195.56,960.83,0.1408,0.2631,0.2667,0.2522,0
16.81,,196.52,833.79,0.1201,0.2654,0.4256,0.192,1
23.98,35.62,115.4,1261.6,0.0565,0.1819,0.0261,0.1162,1
14.57,21.51,66.04,647.12,0.1568,0.0586,0.032,0.2268,0
21.23,30.77,72.33,810.74,0.0867,0.1167,0.2411,0.1939,1
10.47,26.27,182.34,286.51,0.0665,0.104,0.1542,0.1663,0
23.98,35.44,185.87,857.37,0.0606,0.2777,0.0416,0.2604,1
19.1,18.77,137.26,896.86,0.1365,0.0794,0.1318,0.1309,0
10.9,25.23,162.59,2409.93,0.1345,0.1734,0.29,0.2826,0
13.01,24.05,158.39,1531.76,0.134,0.2413,0.3787,0.1668,0
23.97,19.97,145.89,1998.22,0.1599,0.3384,0.0406,0.1922,1
17.58,36.64,172.36,247.09,0.0919,0.3497,0.2323,0.2858,1
11.18,14.14,149.67,391.43,0.1173,0.3345,0.1273,0.2522,0
29.21,13.63,125.44,2062.31,0.1243,0.257,0.287,0.1149,1
23.16,26.88,77.91,1611.58,0.1675,0.2663,0.2363,0.2157,1
28.97,29.38,159.02,590.72,0.0875,0.2705,0.3985,0.1621,1
16.25,,115.75,1095.32,0.1648,0.3047,0.0162,0.2017,0
17.4,21.11,87.17,1411.27,0.0678,0.3341,0.2021,0.2486,1
27.55,38.34,168.31,2130.92,0.1417,0.1671,0.0829,0.1992,1
18.6,16.65,151.47,282.57,0.1259,0.1574,0.2308,0.1142,0
22.97,29.72,189.97,1548.26,0.148,0.172,0.367,0.206,1
12.05,31.94,66.47,1832.2,0.0534,0.2377,0.3919,0.1048,0
16.72,22.89,143.87,2447.82,0.0594,0.2759,0.1712,0.1697,0
8.96,38.06,79.08,2044.9,0.0584,0.3073,0.3491,0.1956,1
10.94,31.84,184.57,791.9,,0.1705,,0.2289,0
6.02,23.2,55.92,1814.61,0.1224,0.1399,,0.2012,0
6.94,26.65,144.99,1941.34,0.1587,0.3445,0.3678,0.1304,1
29.45,30.47,166.57,1862.18,0.1061,0.0965,0.0513,0.2864,1
11.82,27.36,96.79,2075.54,0.0582,0.0933,0.0076,0.2301,0
21.92,36.24,192.66,2272.8,0.0751,0.2561,0.1521,0.1634,1
26.14,20.06,176.12,372.29,0.051,0.0793,0.1631,0.2932,0
19.22,18.3,87.14,387.24,0.1432,0.1518,0.0332,0.2765,0
9.68,15.63,41.21,2019.5,0.1479,0.1165,0.3501,0.1287,0
,10.17,87.47,735.6,0.1698,0.0757,0.1744,0.2311,0
20.41,10.33,,278.16,0.0995,0.2113,0.2107,0.212,0
23.55,35.97,182.39,1086.9,0.0523,0.1433,0.1138,0.1386,0
24.47,30.03,194.74,2074.91,0.0782,0.1725,0.2199,0.1467,0
29.41,29.48,51.27,438.69,,0.0846,0.3297,0.2128,1
19.77,28.05,115.41,1725.55,0.1654,0.2734,0.3897,0.1643,1
14.2,35.33,127.73,148.53,0.0624,0.1239,0.4173,0.267,0
21.56,23.89,54.87,398.98,0.0646,0.1331,0.1835,0.1195,0
7.64,35.98,100.4,968.01,0.1342,0.1032,0.4257,0.2828,0
27.54,20.14,90.73,337.3,0.1301,0.1634,0.1268,0.2681,1
8.87,37.73,125.77,2136.33,0.0801,0.173,0.003,0.2477,0
13.87,30.66,145.79,2179.21,0.1476,0.1948,0.3301,0.1525,1
25.58,16.97,152.56,1923.15,0.0655,0.3393,0.0767,0.243,1
20.34,26.49,61.88,712.25,0.1611,,0.0226,0.1878,0
15.45,25.52,170.07,1374.86,0.0741,0.2211,0.3973,0.2268,1
17.36,13.27,148.57,574.68,0.0598,0.0328,0.3405,0.1625,0
26.51,27.33,182.25,803.82,0.0907,0.222,,0.2672,1
14.16,18.76,111.89,1357.77,0.0725,0.0496,0.3341,0.1081,0
26.87,10.62,,1874.63,0.1132,0.2544,0.3629,0.2383,1
8.12,38.41,178.52,363.38,0.1324,0.1487,0.3893,0.2657,1
24.64,28.89,110.15,840.2,0.1089,0.2964,0.2338,0.2293,1
26.34,36.18,100.98,2326.83,0.1293,0.331,0.3025,0.1384,1
,29.96,189.25,1152.73,0.0938,0.1576,0.3278,0.157,0
16.33,20.07,154.43,2355.73,0.0534,0.172,0.2961,0.203,0
9.97,24.89,188.52,2479.71,0.1669,0.2147,0.2781,0.1659,0
22.96,29.95,167.52,1382.92,0.1483,0.0851,0.2355,0.101,1
18.85,38.77,137.49,819.78,0.0588,0.326,0.2061,0.1081,1
21.25,16.86,58.54,2006.23,0.1039,0.1629,0.4283,0.2536,1
10.72,36.12,86.64,515.97,0.1262,0.0751,0.1452,0.1167,0
11.08,37.65,195.01,734.83,0.0729,0.2717,0.038,0.2856,0
7.0,29.78,91.11,1992.32,0.1194,0.0923,0.329,0.1885,0
13.73,37.87,54.92,1163.4,0.114,0.0674,0.0919,0.2516,1
19.43,21.33,153.21,615.63,0.075,0.2057,0.2291,0.1251,0
26.59,38.54,157.44,1676.66,0.0669,0.2416,0.0412,0.2853,1
22.01,30.79,85.67,1869.32,0.1411,0.208,0.2663,0.1068,1
16.45,10.3,87.63,435.17,0.0887,0.2366,0.4059,0.1084,0
28.87,37.11,,793.67,0.0793,0.0581,0.3108,0.1109,1
23.26,24.02,43.49,662.21,0.1385,0.1771,0.0922,0.1207,1
28.32,23.27,166.29,1036.46,0.1383,0.1378,0.4176,0.1974,1
18.66,26.56,90.73,1941.73,0.0832,0.3412,0.132,0.2577,1
12.21,13.63,176.6,1824.35,0.1547,0.0364,0.1877,0.157,0
7.27,23.54,168.42,1703.56,0.1326,0.1184,0.2142,0.2492,1
23.43,34.76,145.82,154.83,0.0915,0.3308,0.426,0.2548,1
8.91,9.48,91.98,475.46,0.1013,0.3446,0.0296,0.2817,0
13.27,17.46,122.61,666.98,0.1372,0.2922,0.2996,0.1299,0
18.78,9.08,111.17,781.82,0.0754,0.0451,0.1556,0.1271,0
19.55,21.89,94.22,485.57,0.1063,0.2052,0.0337,0.1244,0
20.41,31.58,175.7,1108.34,0.1284,0.152,0.4021,0.1719,1
9.99,33.76,117.36,317.43,0.1147,0.2861,0.2536,0.1979,1
15.11,38.3,173.24,1910.05,0.123,0.0382,0.324,0.1923,1
20.81,27.86,56.83,1999.02,0.1155,0.0851,0.1034,0.1514,1
29.28,16.89,62.56,1495.27,0.0739,0.1814,,0.2244,1
23.46,37.65,196.37,351.7,0.0992,0.072,0.3562,0.1677,0
28.14,33.03,134.04,2240.6,0.1138,0.2486,0.1853,0.1732,1
24.29,26.81,121.56,2418.9,0.1436,0.2909,0.2459,0.1211,1
20.2,30.56,123.7,617.58,0.1285,0.2525,0.4179,0.2184,1
10.61,37.65,74.44,1802.95,0.1012,0.1653,0.3641,0.2311,1
22.0,31.08,154.99,2126.98,0.1669,0.3099,0.1913,0.2516,1
20.96,20.42,53.56,1414.03,0.0629,0.0654,0.2858,0.2808,1
20.46,31.1,131.73,903.04,0.0748,0.1059,0.3372,0.2532,1
17.75,10.25,131.32,1269.4,0.091,0.1815,0.0105,0.1471,0
18.69,20.98,186.27,1348.95,0.0774,0.0402,0.253,0.1471,1
14.03,21.6,124.19,1085.5,0.1251,0.0516,0.4233,0.283,0
18.46,14.17,61.93,2334.43,0.0547,0.1512,0.4073,0.258,1
10.74,9.72,131.64,1895.56,0.0713,0.3315,0.3579,0.2564,0
25.32,13.13,54.61,709.47,0.0852,0.3198,0.0457,0.2439,1
10.46,29.29,72.61,1521.91,0.132,0.1738,,0.1534,0
8.04,33.87,44.98,1765.31,0.1551,0.0669,0.2621,0.2695,0
16.47,39.63,122.13,470.77,0.1458,0.0788,0.0959,0.1286,0
,19.74,53.53,985.88,0.0718,0.1446,0.2899,0.17,1
16.51,27.58,115.1,2277.09,0.1178,0.0893,0.3683,0.1693,1
12.64,38.05,189.27,1478.53,0.0536,0.0474,0.0483,0.212,0
19.4,14.18,155.16,652.11,0.0873,0.2423,0.3941,0.1927,1
14.33,31.25,52.39,,0.1467,0.2119,0.3957,0.192,1
,32.4,75.87,1363.02,0.1048,0.1161,0.0058,0.2107,1
28.14,11.76,147.79,1432.54,0.068,0.2771,0.3871,0.1831,1
18.06,35.7,183.15,929.22,0.1026,0.2761,0.4071,0.15,1
13.87,34.21,45.27,1627.78,0.0738,0.182,0.0162,0.2328,1
23.69,10.04,169.99,302.1,0.0972,0.0519,0.1265,0.2581,0
6.88,11.82,129.89,482.53,0.1085,0.3231,0.1604,0.1958,0
17.39,10.52,127.37,1429.21,0.0919,0.2407,0.15,0.2299,0
14.07,19.38,193.25,285.89,0.1624,0.1015,0.3264,0.2071,0
28.09,24.79,159.62,2218.94,0.1175,0.2215,0.154,0.1118,1
6.29,25.5,176.02,475.47,0.1511,0.1537,0.4113,0.1846,0
19.27,17.3,96.64,1730.45,0.1413,0.2297,0.4278,0.102,0
,37.26,128.7,1063.24,0.1293,,0.1362,0.2324,0
17.64,20.42,138.46,1083.5,0.1096,0.1802,0.2188,0.2016,0
8.05,10.41,91.45,1945.14,0.0503,0.2628,0.2398,0.1254,0
29.34,18.31,131.24,1318.73,0.1236,0.2225,0.2491,0.2084,1
18.43,25.46,77.86,1852.55,0.0927,0.0464,0.1609,0.2797,1
20.74,21.65,62.94,1332.25,0.0641,0.0416,0.0714,0.1681,0
11.68,17.49,99.84,1539.26,0.1034,0.1207,0.0235,0.2965,0
17.6,13.07,158.29,1935.29,0.1383,0.162,0.0457,0.2919,0
16.3,34.39,186.59,,0.1654,0.1108,0.3876,0.2571,1
7.8,39.88,113.23,1592.85,0.0949,0.235,0.1206,0.2628,0
8.55,19.22,142.85,2002.56,0.1151,0.0844,0.033,0.1821,0
26.1,20.83,56.49,2379.84,0.1521,0.2524,0.2681,0.1805,1
11.76,28.16,184.71,1029.05,0.0901,0.2751,0.0324,0.2909,0
10.68,31.27,130.98,1502.0,0.0671,0.061,0.0301,0.1732,0
18.12,21.15,164.85,343.6,0.0838,0.2348,0.2673,0.1194,0
24.45,37.05,167.11,986.78,0.1579,0.3373,0.2543,0.1305,1
7.49,26.36,81.04,1112.44,0.0691,0.0836,0.0178,0.2421,0
19.84,22.96,124.67,2111.16,0.0895,,0.198,0.1766,1
8.86,29.05,193.68,1351.61,0.1058,0.22,0.1874,0.1399,1
6.88,38.54,54.34,1865.32,0.1517,0.215,0.2351,0.2628,1
7.27,33.63,149.29,184.86,0.1625,0.0371,0.3173,0.1977,0
26.02,10.24,193.96,1236.2,0.1011,0.2669,0.1216,0.2135,0
8.83,19.3,88.09,2267.11,0.1618,0.1778,0.1861,0.1308,0
7.08,23.59,177.83,669.38,0.0694,0.258,,0.1386,0
16.51,18.75,189.39,214.39,0.0688,0.287,0.3967,0.1252,0
26.26,30.71,159.53,1162.84,0.1639,0.1929,0.3833,0.2029,1
12.3,34.61,77.01,1802.46,0.1112,0.107,0.2054,,0
16.12,31.67,93.44,1212.53,0.0723,0.0667,0.224,0.2465,1
,39.67,45.73,1225.55,0.1086,0.073,0.2275,0.1522,0
16.78,17.45,173.03,1720.74,0.144,0.3061,0.3735,0.2703,1
19.86,36.12,175.94,740.36,0.1492,0.0608,0.3612,0.1211,1
19.7,32.77,141.23,1914.46,0.1537,0.1469,0.134,0.1228,1
13.98,20.23,96.4,501.35,0.1183,0.1303,0.07,0.2699,0
13.57,31.76,52.29,,0.154,0.3056,0.163,0.1489,1
8.56,12.23,160.49,1688.18,0.1112,0.1776,,0.2416,0
14.8,33.47,156.24,2094.95,0.1228,0.3488,0.4088,0.1018,1
8.39,25.5,186.02,2008.01,0.141,0.2632,0.1143,0.1187,0
24.4,18.06,156.89,1843.18,0.1011,0.3008,0.0779,0.2219,0
29.19,29.33,172.59,987.47,0.0588,0.0526,0.3868,0.1365,1
29.28,28.89,159.35,428.64,0.092,0.1035,0.0372,0.1056,0
26.76,15.49,140.91,651.73,0.1249,0.0647,0.1119,0.1934,1
20.42,9.94,108.31,2181.01,0.0731,0.173,0.1888,0.1661,1
22.82,22.44,184.34,2163.3,0.0678,0.257,0.2559,,1
12.84,26.65,144.15,2385.68,0.0852,0.0758,0.1409,0.2638,0
21.14,36.17,103.74,319.33,0.0539,0.063,0.2134,0.2229,0
16.94,37.77,53.36,1406.87,0.1392,0.2228,0.0855,0.1586,1
17.57,25.39,86.51,1670.89,0.081,0.096,0.2469,0.1923,1
24.19,32.37,127.0,1817.15,0.0649,0.1782,0.1754,,1
12.77,22.62,84.1,1659.52,0.1339,0.0369,0.3652,0.1139,0
13.63,32.13,75.4,1957.23,0.1512,0.2446,0.1788,0.1665,1
28.19,15.35,124.38,988.35,0.0524,0.1986,0.1908,0.2645,1
7.35,20.5,67.17,563.46,0.078,0.2336,0.2546,0.1812,0
17.66,28.66,168.07,622.82,0.1634,0.1109,0.053,0.2249,0
27.91,9.56,117.5,168.27,0.0962,0.1119,0.0674,0.1193,0
20.65,31.4,131.82,966.76,0.1626,0.2844,0.3398,0.2554,1
19.11,34.9,63.58,356.52,0.0829,0.2571,0.1176,0.1201,1
11.99,21.37,91.93,898.71,0.0762,0.2113,0.2944,0.2723,0
nan_err,22.89,105.61,1622.58,0.0757,0.2273,0.0419,0.1213,0
26.45,35.39,169.31,2250.97,0.0602,0.051,0.3534,0.2782,1
19.42,33.05,163.23,2121.47,,0.3025,0.4249,0.1728,1
18.35,17.93,75.68,736.31,0.1676,0.2741,0.1607,0.2249,0
8.39,19.04,138.59,456.44,0.1645,0.2149,0.2174,0.2693,0
6.38,30.05,78.95,595.65,0.1522,0.3231,0.1904,0.102,0
29.13,26.46,198.12,2431.53,0.1516,0.0757,0.3845,0.1531,1
15.05,14.03,192.34,1436.76,0.1293,0.2466,0.0043,0.2817,1
20.48,18.61,130.12,570.71,0.1491,0.3378,0.281,0.1776,1
7.91,36.9,151.82,2124.16,0.075,0.1223,0.2805,0.2413,0
22.39,30.33,168.23,1072.65,0.0965,0.025,0.1644,0.128,1
28.38,39.57,155.36,2262.16,0.1269,0.2625,0.0943,0.2357,1
19.82,32.78,151.97,755.2,0.155,0.0223,0.1031,0.1146,1
9.03,38.2,193.37,1068.0,0.1293,0.3079,0.3442,0.2435,1
19.96,15.7,135.43,1331.68,0.1507,0.0386,0.0284,,0
24.39,32.92,141.81,2246.57,0.1069,0.2354,0.2424,0.1932,1
15.75,9.63,175.88,2190.27,0.1361,0.1445,0.1319,0.1333,0
27.12,29.79,147.18,1495.48,0.1676,0.0871,0.1141,0.2256,1
21.57,23.55,157.27,663.39,0.0684,0.3164,0.2175,0.1675,0
27.58,19.75,77.47,1091.92,0.1612,0.2663,0.3861,0.1767,1
20.96,35.73,99.4,2442.49,0.1127,0.1323,0.2658,0.2304,1
9.15,35.48,63.57,1574.34,0.1272,0.1138,0.3391,0.1358,0
13.43,9.69,120.92,1983.39,0.1553,0.2629,0.2583,0.2704,0
10.84,27.89,112.92,1201.68,0.0992,0.2961,0.3,0.2479,1
27.81,20.4,199.55,1395.54,0.1002,0.2562,,0.2155,1
24.25,21.89,137.79,1152.33,0.1133,0.2312,0.3982,0.1257,1
22.23,34.79,165.83,1798.89,0.0523,0.0952,0.2158,0.2374,1
13.22,18.61,93.44,2149.47,0.1096,0.3014,0.2373,0.1036,0
10.42,38.23,173.05,1337.38,0.0849,0.2674,0.2257,0.2609,1
24.15,14.57,138.41,1274.85,0.1614,0.1907,0.136,0.1608,0
17.38,29.54,151.52,943.08,0.0605,0.1888,0.0994,0.1234,0
11.42,29.84,87.11,557.95,0.1051,0.2078,0.0317,0.1329,0
20.8,16.82,127.78,2356.62,0.1637,0.2933,0.3088,0.2926,1
6.97,19.07,141.45,885.95,0.1581,0.2649,0.1244,0.2548,0
13.83,34.88,134.26,2029.63,0.1342,0.3026,0.1674,0.1476,1
,32.62,186.43,1828.22,0.1207,0.1874,0.3956,0.2927,1
,19.2,183.72,2006.57,0.0837,0.2261,0.2436,0.128,0
29.63,25.55,195.36,2350.77,0.094,0.302,0.0417,0.2467,1
11.02,10.91,146.79,1611.15,0.0608,0.0967,0.3438,0.2313,0
9.13,15.47,195.51,2259.16,0.1443,0.1665,0.1101,0.2643,0
10.88,24.06,173.2,535.77,0.0889,0.2248,0.2377,0.1763,0
24.46,11.67,83.33,1619.04,0.1301,0.322,0.2193,0.1804,1
16.21,35.14,108.39,1962.57,0.0929,0.0252,0.1024,0.2249,0
19.57,31.26,78.14,781.07,0.1057,0.0901,0.0498,0.1796,0
6.5,38.25,40.67,1888.18,0.1166,0.0974,0.0908,0.1083,0
6.83,30.5,70.09,1977.21,0.1462,0.1278,0.0419,0.2459,0
16.7,38.15,40.65,2101.6,0.0753,0.113,0.1185,0.2282,0
25.6,26.19,155.17,878.4,0.0979,0.2147,0.4288,0.1847,1
27.25,27.61,108.09,1748.59,0.0656,0.3123,0.1729,0.1606,1
8.08,39.29,90.01,858.04,0.0591,0.2302,0.3715,0.1641,0
18.92,28.91,161.88,1884.14,0.1226,0.0997,0.2361,0.2482,1
27.92,9.95,173.2,1232.62,0.0727,0.305,0.2866,0.2458,1
15.31,31.44,196.05,1550.2,0.0572,0.2286,0.0672,0.2638,0
25.91,37.07,142.72,1121.38,0.1577,0.0923,0.1182,,1
9.21,33.66,113.84,522.28,0.1141,0.1393,0.2195,0.2516,0
28.45,27.1,88.84,560.15,0.0662,0.2807,0.3789,0.1504,1
24.03,29.81,75.57,323.06,0.0564,0.2638,0.0184,0.1203,0
28.59,39.7,74.07,1598.65,0.0644,0.2103,0.218,0.2524,1
22.24,11.81,105.47,2142.79,0.1066,0.0678,0.0219,,0
14.72,29.68,198.69,189.17,0.1302,0.2851,0.1964,0.2964,1
28.52,17.79,40.14,296.33,0.127,0.1215,0.2704,0.275,1
12.61,28.84,71.55,1219.62,0.0673,0.2746,,0.2067,0
13.97,27.84,70.14,1881.02,0.126,0.2337,0.0596,0.1704,0
22.82,13.76,154.74,512.19,0.0986,0.1072,0.0716,0.2054,0
24.37,15.41,96.4,781.1,0.1058,0.0901,0.2021,0.2469,0
28.31,28.27,113.16,687.53,0.1462,0.0632,0.4292,0.2513,1
10.92,12.98,63.78,1081.76,0.0899,0.0998,0.1531,0.1147,0
25.15,17.22,104.8,671.0,0.0676,0.0721,0.1838,0.261,0
23.73,34.89,56.51,972.13,0.1548,0.2236,0.186,0.2283,1
7.53,19.14,125.29,1859.36,0.0755,0.2176,0.0347,0.1081,0
15.29,24.13,55.67,1581.98,0.0853,0.2134,0.3329,0.1626,0
12.79,38.18,166.48,331.59,0.1348,0.2318,0.1088,0.2021,1
13.31,16.04,130.66,1645.08,0.132,0.2889,0.3026,0.1377,0
29.59,21.08,155.83,1265.9,0.146,0.3215,0.2043,0.131,1
21.43,27.8,106.96,2345.57,0.0721,0.096,0.2631,0.1029,1
23.22,32.42,101.04,822.76,0.0923,0.214,0.0232,0.2823,0
29.44,36.95,55.71,1853.75,0.0651,0.0459,0.3827,0.1112,1
15.05,37.38,123.82,1864.83,0.1149,0.0596,0.1049,0.1732,0
25.24,33.08,122.32,662.74,0.0851,0.2359,0.2881,0.1412,1
16.43,16.08,114.9,2271.61,0.1327,0.1806,0.3431,0.2482,1
26.87,9.77,158.48,1299.19,0.05,0.2702,0.2322,0.2414,1
10.34,20.9,173.2,1742.16,0.0572,0.1605,0.1451,0.2612,0
28.74,13.39,160.13,484.22,0.1019,0.0621,0.4205,0.2234,1
11.25,31.02,63.02,748.42,0.165,0.3078,0.1197,0.2183,0
13.83,29.5,139.53,1523.21,0.1569,0.0474,0.4079,0.1814,1
24.15,10.36,52.85,892.9,0.1693,0.0824,0.0672,0.2273,0
15.45,34.93,151.14,1319.28,0.1,0.1114,0.1674,0.123,1
20.6,16.71,101.09,1022.65,0.0556,0.3484,0.0596,0.2369,0
16.67,22.4,61.2,1651.71,0.0867,0.1576,0.001,0.1208,0
23.82,,177.93,1289.66,0.1311,0.1856,0.1119,0.2723,1
11.48,22.31,138.24,150.88,0.0662,0.274,0.0375,0.2011,0
7.4,22.68,96.76,1673.25,0.086,0.23,0.4241,0.2061,1
13.2,11.03,44.92,1136.21,0.0567,0.2977,0.3275,0.217,0
17.38,21.44,125.97,946.41,0.107,0.1805,0.0016,0.2552,0
10.03,32.71,187.72,362.19,0.0751,0.3408,0.0962,0.1957,0
14.52,37.37,135.42,660.07,0.0609,0.2829,0.2882,0.1855,1
15.6,21.82,195.46,668.1,0.0993,0.1525,0.1714,0.1577,0
7.38,22.13,61.83,2347.47,0.0921,0.1458,0.3577,0.1256,0
20.0,30.78,130.93,1160.73,0.1145,0.3267,0.2171,0.1381,1
27.22,38.23,167.7,239.28,0.1399,0.2459,,0.1001,1
9.64,17.28,124.09,467.61,0.0635,0.2251,0.2567,0.2739,0
20.35,22.64,54.57,326.52,0.1449,0.2701,0.2744,0.253,1
21.95,33.68,133.26,1529.73,0.0532,0.2051,0.0989,0.1437,1
16.06,27.9,137.88,580.43,0.1032,0.0725,0.1605,,0
22.83,12.43,,1316.6,0.1205,0.1253,0.0218,0.1984,0
15.86,28.46,161.79,1013.35,0.1648,0.2041,0.2527,0.1825,1
18.11,14.79,163.32,2037.15,0.1189,0.026,0.1975,,0
6.18,24.82,146.15,896.36,0.069,0.1643,0.3271,0.1806,0
22.6,25.4,74.53,1221.51,0.1121,0.2694,0.0887,0.2728,1
21.87,36.16,104.68,1842.23,0.0975,0.0742,0.1878,0.1192,1
6.92,23.34,164.18,1162.71,0.1075,0.0413,0.0777,,0
,17.66,192.55,2011.99,0.0737,0.2959,0.264,0.2868,0
29.5,16.16,52.63,1701.58,0.1101,0.2237,0.3647,0.1023,1
16.1,36.1,125.69,1108.85,0.068,0.0783,0.3291,0.1782,1
18.05_err,14.3,90.0,1329.4,0.1393,0.2861,0.406,0.1519,1
27.84,22.2,76.06,2422.6,0.1213,0.2372,0.4178,0.2064,1
23.21,14.8,120.93,1701.4,0.0594,0.1303,0.332,0.1558,0
19.97,32.97,136.97,2275.79,0.1568,0.1441,0.1233,0.274,1
25.15,23.71,41.56,561.87,0.124,0.0714,,0.2874,1
26.74,19.89,164.83,1280.44,0.0879,0.2956,0.1924,0.2698,1
16.97,20.19,171.18,2284.44,0.0555,0.188,0.4274,0.1797,1
17.4,35.42,194.48,901.36,0.1259,0.2038,0.1774,0.298,1
15.27,26.17,68.9,2423.69,0.0948,0.3116,0.0856,0.247,1
,31.25,135.13,369.1,0.1589,0.0252,0.4061,,1
22.73,36.81,108.26,2270.3,0.0542,0.0421,0.1659,0.1187,1
8.0,36.95,93.57,1190.7,0.0547,0.0733,0.2971,0.2334,0
26.71,19.18,130.5,314.04,0.1639,0.0299,0.3389,0.2457,1
17.53,38.53,165.18,2215.67,0.1658,0.2372,0.3626,0.1245,1
7.65,9.77,43.69,734.58,0.0533,0.2292,0.3532,0.2099,0
19.19,20.68,195.1,192.51,0.1359,,0.3596,0.2974,0
16.01,36.77,169.58,460.5,0.0766,0.0693,0.2871,0.1652,1
27.07,17.51,160.18,1695.51,0.1342,0.0681,0.1736,0.1604,0
10.9,17.47,161.66,2447.64,0.1542,0.3346,0.2869,0.2807,0
25.84,18.38,102.25,403.05,0.0621,0.2489,0.3598,0.1235,1
19.38,27.98,160.26,1230.2,0.0787,0.2132,0.1508,0.2867,0
7.31,22.59,101.88,566.3,0.0529,0.1264,,0.2559,0
29.32,31.53,183.79,1898.29,0.0553,0.1629,0.1478,0.1782,1
18.3,36.74,68.36,418.62,0.0536,0.0495,0.2371,0.1167,1
12.98,29.9,86.78,706.03,0.1461,0.3494,0.0226,0.1038,0
17.27,15.34,128.21,603.52,0.0858,0.2692,0.335,0.1752,0
26.59,37.91,91.07,1443.95,0.1092,0.2251,0.0597,0.2411,1
13.32,17.2,107.88,2200.71,0.1445,0.214,0.0571,0.1975,0
10.62,13.65,118.79,1346.17,0.1094,0.1864,0.085,0.2477,0
9.1,11.79,177.02,277.45,0.1015,0.105,0.2481,0.2341,0
13.15,26.46,123.71,1469.6,0.0514,0.0947,0.1228,0.2146,0
24.72,12.53,97.99,2022.15,0.1182,0.2013,0.1583,0.2935,1
17.32,13.3,79.64,451.89,0.065,0.0432,0.4006,0.2457,0
11.46,18.3,105.39,311.6,0.1418,,0.3643,0.2829,0
9.99,17.73,122.52,583.23,0.0809,0.2051,0.3664,0.1484,0
13.99,27.73,159.38,1900.76,0.1309,0.3235,0.2484,0.2427,1
28.56,34.32,59.37,1536.37,0.1275,0.3217,0.3726,0.2196,1
14.23,,75.46,1415.8,0.124,0.0236,0.3348,0.2849,1
29.71,17.14,100.74,728.77,0.082,0.0554,0.4099,0.2021,1
17.65,16.6,97.66,924.08,0.0821,0.2124,0.0277,0.1559,0
10.3,38.94,102.68,2419.49,0.1536,0.3,0.0124,0.177,0
27.39,,166.96,707.88,0.0515,0.335,0.0753,0.1438,0
17.05,36.27,91.86,2267.88,0.0718,0.304,0.3995,0.144,1
23.03,15.19,120.3,1510.05,0.1232,0.2436,0.2604,0.1941,0
29.61,38.37,139.83,430.98,0.148,0.0862,0.1832,0.2785,1
7.2,19.61,77.15,1242.86,0.093,0.044,0.2205,0.1384,0
8.32,22.65,154.99,2378.57,0.1284,0.0357,0.3567,0.1576,0
23.29,30.92,127.54,1127.81,0.1169,0.222,0.3995,0.2706,1
12.76,27.22,111.48,2177.59,0.0577,0.0319,0.3138,0.1679,0
10.42,18.86,169.57,745.17,0.1246,0.2639,0.3267,0.2925,0
6.94,26.17,78.96,1487.38,0.1477,0.2551,0.1378,0.1538,0
6.52,31.65,181.31,2131.49,0.1691,0.0463,0.2008,0.1884,0
24.59,10.31,129.77,2312.82,0.0536,0.3192,0.3806,0.1191,1
9.23,9.35,137.47,1286.54,0.1292,0.1922,0.338,0.2984,0
,23.2,180.01,1649.66,0.0997,0.3185,0.2942,,1
20.54,13.09,170.81,147.03,0.0512,0.3175,0.0281,0.2635,0
16.28,29.59,136.25,737.61,0.1237,0.085,0.017,0.1315,0
6.65,15.64,160.51,797.76,0.0647,0.1456,0.0561,0.2939,0
24.8,22.42,109.33,360.64,0.0954,0.0644,0.25,0.2858,0
,15.13,127.58,800.08,0.0814,0.2757,0.2306,0.1871,0
24.29,26.0,49.93,897.85,0.0933,0.1864,0.4054,0.2363,1
27.44,12.6,54.38,2426.29,0.1091,0.3265,0.2987,0.2985,1
16.39,9.72,,1717.9,0.0931,0.0887,0.1264,0.1819,0
18.85,10.59,49.55,1145.37,0.1163,0.2472,0.0694,0.1226,0
17.45,38.58,67.1,2471.81,0.0786,0.3464,0.3653,0.2736,1
15.34,13.41,167.33,501.63,0.1262,0.2396,0.1976,0.1953,0
27.3,30.96,40.18,1263.48,0.1525,0.0427,0.281,0.2974,1
27.45,11.11,85.18,1667.07,0.0769,0.2142,0.243,0.2102,0
14.06,12.35,133.45,271.17,0.1109,0.0793,0.0462,0.1059,0
20.76,24.78,135.27,1832.12,,0.0301,0.0245,0.1983,0
28.25,23.41,164.34,375.69,0.1178,0.1305,0.1621,0.2436,0
29.09,38.5,120.95,471.07,0.0939,0.1078,0.1555,0.1052,1
18.22,38.29,121.5,516.87,0.1271,0.2803,0.2897,0.1827,1
16.87,33.17,156.05,2332.18,0.0534,0.1433,0.2718,0.1311,0
12.69,27.67,119.78,1752.44,0.0944,0.2619,0.4166,0.2286,1
29.01,23.1,137.36,1686.81,0.1139,0.0254,0.369,0.2915,1
9.43,20.04,183.64,1450.96,0.0525,0.0249,0.2135,0.2249,0
19.92,38.36,104.23,831.02,0.1109,0.0297,0.215,0.239,1
12.78,27.69,101.62,1605.3,0.1285,0.0924,0.2899,0.1793,0
12.7,26.95,,1107.95,0.1411,0.1434,0.0491,0.2126,0
15.72,16.19,138.15,483.18,0.0636,0.2206,0.43,0.2088,0
29.97,10.45,44.76,1767.45,0.1689,0.3454,0.2231,0.2519,1
7.32,38.3,120.66,445.81,0.1227,0.137,0.3913,0.2714,0
19.89,18.73,168.68,589.98,0.0936,0.0384,0.416,0.2326,1
7.98,22.72,127.99,2069.77,0.0799,0.0843,0.2501,0.296,0
9.71,12.55,83.14,1697.88,0.1187,0.3163,0.0444,0.2657,0
16.55,34.94,165.79,1629.14,0.1558,0.2508,0.2465,0.1249,1
18.25,9.86,83.15,1126.96,0.1125,0.2808,0.257,0.2015,0
12.21,34.85,157.29,1075.22,0.1294,0.061,0.3394,0.2806,0
13.59,13.35,137.64,1769.02,0.0929,0.0645,0.0207,0.2888,0
8.09,36.48,67.2,1886.41,0.0966,0.057,0.2005,0.176,0
13.28,31.62,184.82,1344.1,0.0843,0.3029,0.3968,0.2451,1
29.2,14.1,72.1,2427.48,0.1347,0.0893,,0.1821,1
28.67,26.54,198.33,2395.45,,0.2322,0.0823,0.1247,1
14.04,18.69,41.17,1113.33,0.0729,0.1903,0.3744,0.2769,0
19.7,14.53,82.16,2076.67,0.0943,0.1996,0.0629,0.2864,0
27.83,35.63,71.98,1422.11,0.1525,0.0845,0.3617,0.201,1
6.15,21.51,42.24,1347.74,0.1386,0.2296,0.1192,0.1037,0
25.46,21.35,157.18,269.72,0.0902,0.0342,0.4126,0.2632,0
28.76,14.27,150.95,1494.58,0.1588,0.3478,0.2991,0.1954,1
8.19,20.88,166.78,2265.36,0.059,0.0288,0.1716,0.115,0
9.87,36.02,81.07,1981.12,0.056,0.0366,0.1208,,0
29.06,20.26,111.09,1995.71,0.0653,0.1271,0.1012,0.1304,1
18.9,38.5,145.46,517.43,0.064,0.2944,0.2927,0.2373,1
6.34,38.34,110.36,985.94,0.0605,0.1049,0.3852,0.1599,0
12.18,13.49,151.57,690.36,,0.1757,0.3246,0.1255,0
16.8,14.5,141.44,885.56,0.1221,0.0259,0.359,0.2835,0
22.63,35.74,58.34,1507.71,0.1277,0.046,0.336,0.2913,1
23.6,21.18,164.97,1000.89,0.1326,0.2206,0.421,0.1277,1
29.89,9.14,155.31,1463.25,0.1408,0.0841,0.3259,0.146,1
12.9,17.49,144.93,1174.86,0.0749,,0.0904,0.2184,0
18.92,27.53,64.81,816.41,0.1247,0.2792,0.3404,0.1301,1
18.8,33.78,82.88,365.15,0.1196,0.3006,0.1385,0.1317,0
15.74,13.14,102.91,2244.74,0.1632,0.0642,0.4282,0.1673,1
10.06,12.43,84.79,166.84,0.0779,0.1703,0.162,0.2898,0
29.46,37.58,76.45,143.9,0.057,0.3325,0.1259,0.2925,1
26.48,32.29,168.86,2091.24,0.1284,0.2748,0.1029,0.2684,1
17.96,27.28,142.12,2492.47,0.1388,0.0586,0.2832,0.2391,1
20.48,32.84,130.48,1855.96,0.084,0.1858,0.047,0.2441,1
11.45,22.29,76.15,176.05,0.1185,0.3244,0.41,0.1939,0
19.05,32.51,186.89,674.99,0.0571,0.1652,0.1266,0.206,0
22.68,20.53,70.59,2433.5,0.1652,0.2963,0.127,0.2269,1
,16.57,167.19,2048.31,0.0632,0.1836,0.0198,0.2463,0
29.77,31.6,194.67,1477.65,0.0581,0.0552,0.1058,0.1194,1
20.67,22.01,156.33,698.99,0.0553,0.0688,0.1802,0.145,0
14.9,39.42,198.86,173.91,0.1013,0.0354,0.1589,0.2926,0
24.53,19.83,144.17,189.23,0.0617,0.0845,0.1174,0.167,0
10.09,37.57,74.79,1584.27,0.1394,0.3149,0.0175,0.1537,0
15.23,37.92,72.61,191.52,0.1579,0.2346,0.1292,0.1844,1
14.33,16.5,91.93,2484.97,0.0812,0.2638,0.3347,0.1582,1
16.36,33.74,41.14,572.79,0.1255,0.2251,0.1887,0.1182,1
24.76,22.43,149.07,1817.27,0.0551,0.1476,0.125,0.1416,1
17.62,37.44,82.99,505.94,0.0964,0.0916,0.1311,0.228,0
25.06,22.95,170.43,1414.62,0.0852,0.3255,0.2384,0.1446,1
19.84,32.07,97.47,330.24,0.0774,0.1899,0.13,0.2295,0
14.21,23.48,116.79,1949.6,0.1274,0.1788,0.2712,,1
25.44,16.06,194.51,1520.41,0.0656,0.3487,0.4255,0.1084,1
11.72,15.18,78.75,343.35,0.1533,0.1467,0.0177,0.2723,0
11.39,22.19,155.4,2142.66,0.1298,0.3019,0.0726,0.252,0
18.11,32.42,160.82,1430.96,0.1353,0.3046,0.077,0.2332,0
12.26,27.76,75.36,2314.96,0.1622,0.0968,0.1922,0.1062,1
6.22,30.35,120.16,2303.23,0.1631,0.0513,0.0178,0.1479,0
21.56,17.75,96.03,2312.4,0.1162,0.342,0.2053,0.2625,1
18.27,23.92,163.5,323.57,0.1094,0.1605,0.3994,0.1289,0
16.69,10.38,139.6,425.46,0.0902,0.0207,0.005,0.2626,0
29.21,34.34,116.16,2470.99,0.1359,0.1847,0.1569,0.2168,1
19.71,39.69,164.7,1290.74,0.1146,0.2244,0.3272,0.2481,1
26.72,21.61,77.62,702.19,0.1619,0.2761,0.0664,0.2289,1
9.35,9.34,160.58,1956.41,0.0786,0.3312,0.0334,0.1834,0
19.66,14.26,178.46,763.71,,0.322,0.2712,0.1584,0
26.83,29.23,180.58,1856.23,,0.3302,0.0043,0.2345,1
19.99,27.97,165.39,2115.99,0.1467,0.0306,0.3448,0.2614,1
23.23,33.42,105.28,1990.86,0.0619,0.2549,0.0287,0.1089,1
14.93,16.87,197.09,786.75,0.1047,0.0945,0.2255,0.176,0
8.22,32.67,100.73,1087.82,0.1013,0.0819,,0.1701,0
16.99,30.33,142.18,1115.27,0.0588,0.2841,0.1041,0.2119,1
15.47,19.01,65.77,1299.4,0.0993,0.1577,0.0445,0.1228,0
26.81,25.91,196.87,,0.1116,0.3225,0.0755,0.2867,1
11.86,13.57,152.64,1207.83,0.0578,0.034,0.3675,0.2097,0
29.2,23.03,160.54,1345.45,0.1112,0.2847,0.3035,0.2848,1
29.0,36.32,50.52,1394.83,0.1651,0.0652,0.0852,0.2634,1
11.94,22.06,162.15,2074.97,0.1675,0.0783,0.3079,0.1383,1
14.35,35.03,163.96,1360.91,0.1138,0.1775,0.3047,0.1265,1
27.49,27.3,147.48,684.65,0.1118,0.1505,0.429,0.2723,1
29.2,14.95,86.71,1704.98,,0.1804,0.1684,0.2072,1
16.64,27.01,118.35,2021.66,0.1697,0.3302,0.3719,0.1039,0
13.7,24.69,57.67,893.72,0.0829,0.2369,0.192,0.2868,0
18.63,21.36,115.45,1662.92,0.1043,0.1158,0.386,0.1946,1
22.51,12.71,79.01,486.77,0.0504,0.0771,0.0394,0.1602,0
12.56,21.92,95.86,946.95,0.0919,0.1586,0.0754,0.2033,0
23.68,11.26,66.02,2285.77,0.0586,0.169,0.3655,0.2646,0
7.24,12.06,76.81,2290.69,0.1393,0.2184,0.3523,0.1221,0
7.18,21.89,52.25,1497.77,0.1173,0.1078,0.1313,0.1718,0
15.27,18.47,187.18,1797.55,0.1187,0.2733,0.2566,0.1638,0
14.48,37.69,124.87,2155.48,0.0844,0.0525,0.1646,0.2679,1
13.58,20.65,103.48,2402.19,0.1478,0.2049,0.0044,0.2557,0
17.78,32.49,125.6,1296.13,0.0504,0.2258,0.0112,0.18,0
13.7,25.44,140.53,1465.32,0.09,0.0883,0.0233,0.2329,0
10.61,30.83,187.5,1120.91,0.1291,0.2926,0.2555,0.1789,1
13.43,17.06,68.59,309.88,0.159,0.2231,0.1201,0.2143,0
29.4,38.2,87.29,1137.82,0.0782,0.2331,0.0619,0.2982,1
15.87,25.43,196.13,2005.88,0.1149,0.1843,0.4047,0.2071,1
16.67,34.77,99.39,2039.53,0.1146,0.3202,0.0522,0.2977,1
19.84,20.32,43.61,2246.01,0.1549,0.249,0.2898,0.2494,1
29.6,12.11,63.62,261.46,0.0561,0.146,0.3845,0.1241,1
11.8,29.89,44.21,1384.08,0.1009,0.0987,0.0704,0.2592,0
22.35,9.24,198.39,393.52,0.0719,0.0435,0.0923,0.1323,0
23.18,23.73,84.62,613.75,0.0526,0.0746,0.2467,0.2065,1
20.58,14.98,187.77,2264.51,0.0676,0.3476,0.2186,0.2226,1
8.13,28.45,199.34,1312.43,0.1672,0.1542,0.224,0.2784,1
22.24,39.36,135.97,1930.17,0.0758,0.3166,0.2385,0.1421,1
7.54,23.4,45.31,291.95,0.1622,0.0763,0.4085,0.2752,0
20.31,34.34,,1123.71,0.0746,0.1604,0.0232,0.2869,1
23.75,24.74,117.05,1731.21,0.1618,0.337,0.327,0.1179,1
11.06,24.37,104.99,454.84,0.1286,0.0501,0.1,0.2771,0
26.2,37.84,136.99,908.93,0.0636,0.216,0.1607,0.1518,1
6.73,36.59,110.22,292.33,0.1198,0.3233,0.0384,0.1162,0
26.25,,189.45,1677.16,0.0882,0.3334,0.1916,0.2917,1
17.05,18.18,125.56,2431.3,0.096,0.2992,0.3458,0.1784,1
11.22,25.9,151.0,2091.83,,0.3025,0.0425,0.2246,1
9.21,15.94,183.44,2440.11,0.1007,0.2352,0.1185,0.2106,0
28.88,22.76,63.5,2135.63,0.1297,0.0927,0.1604,0.1426,1
7.74,24.01,76.76,2158.26,0.1422,0.2611,0.0447,0.2339,0
10.78,34.78,57.17,1502.14,0.0895,0.3429,0.3278,0.1092,0
14.35,36.78,62.34,1363.08,,0.1936,0.3384,0.1406,1
20.89,21.85,122.01,1098.76,0.1626,0.106,0.3594,0.2889,1
19.08,9.55,91.39,2070.7,0.0549,0.2092,0.2511,0.2907,1
9.02,35.71,107.71,569.68,0.0518,0.2479,0.2181,0.1965,0
12.95,14.4,197.2,272.69,0.101,0.0887,0.1129,0.1338,0
11.73,28.28,65.07,2377.03,0.1209,0.2573,0.2817,0.1843,0
11.13,9.77,126.53,148.92,0.0833,0.2139,0.1912,0.2754,0
,21.38,55.82,2445.32,0.0811,0.2221,0.4174,0.1141,1
22.9,39.56,90.96,1860.09,0.1314,0.121,0.4163,0.1256,1
11.22,12.12,124.4,915.26,0.1222,0.0712,0.3892,0.2791,0
14.8,22.13,191.46,1786.85,0.0701,0.2257,0.1548,0.1831,0
15.38,18.52,102.6,2070.19,0.1561,0.2135,0.1582,0.1167,0
29.43,37.06,50.39,719.05,0.1316,0.1315,0.3666,0.1278,1
28.91,35.95,102.11,1959.31,0.0935,0.1176,0.3135,0.2765,1
25.2,16.37,63.32,2038.31,0.132,0.1346,0.3029,0.198,1
11.8,11.52,76.8,728.48,0.0635,0.1817,0.1202,0.1326,0
7.63,28.44,138.89,238.95,0.1062,0.3417,0.3583,0.2788,0
13.61,,50.79,621.73,0.0703,0.272,0.2492,0.2691,0
12.4,29.83,114.36,613.53,0.055,0.3011,0.1922,0.1046,0
18.14,10.0,137.51,293.97,0.0906,0.1869,0.3721,0.2162,0
24.67,13.14,107.5,1853.38,0.0681,0.1936,0.1695,0.1489,0
,30.28,43.06,1036.74,0.126,0.0874,0.2812,0.2066,1
26.28,15.58,197.68,2227.15,0.1309,0.2579,0.2003,0.1559,1
14.63,35.59,98.74,735.12,0.0678,0.1591,0.2549,0.1632,0
22.49,10.82,164.57,1209.63,0.053,0.265,0.0174,0.2204,0
13.51,15.68,92.1,1648.08,0.1451,0.155,0.1983,0.2078,0
7.46,39.96,116.0,2210.82,0.0502,0.0558,0.2393,0.179,0
22.84,22.43,,1378.11,0.0913,0.0771,0.2119,0.1215,1
6.24,30.79,94.81,1021.52,0.1093,0.2878,0.3644,0.2939,1
15.82,14.66,43.5,2186.16,0.1482,0.1053,0.1338,0.1349,0
13.91,27.91,97.6,872.18,0.1506,0.1072,0.3802,0.2266,0
22.64,31.51,182.32,327.44,0.137,0.3267,0.1735,0.1165,1
24.39,18.75,,1190.3,0.0797,0.237,0.2986,0.2377,1
13.3,34.7,63.27,1992.82,0.1364,0.0577,0.0373,0.119,0
25.48,27.71,134.58,212.64,0.0796,0.0674,0.0861,0.1459,0
13.05,21.06,182.76,1522.68,0.0758,0.1099,0.3273,0.2294,0
16.71,26.29,152.01,1542.94,0.1157,0.216,0.0053,0.1566,0
23.45,26.88,63.79,2331.36,0.1315,0.2684,0.4165,0.2066,1
22.63,14.13,178.85,,0.0564,0.1106,0.082,0.1249,0
29.7,21.48,88.25,798.05,0.0572,0.3073,0.3876,0.1405,1
11.4,19.65,112.65,1179.54,0.1441,0.056,0.2219,0.2468,0
21.9,21.43,124.18,982.32,0.1531,0.0885,0.2428,0.107,0
20.63,32.59,176.08,1877.78,0.1225,0.3403,0.0362,0.1224,1
27.96,23.96,189.06,1654.53,0.1015,0.0645,0.157,0.143,1
9.75,38.15,188.74,1931.05,0.1514,0.3131,0.0672,0.104,1
24.04,18.1,41.27,2075.3,0.1375,0.2523,0.2262,0.1191,0
19.64,,187.5,2318.24,0.1196,0.0441,0.2368,0.1563,1
12.59,33.4,48.7,1157.01,0.0884,0.1796,0.3052,0.1186,0
17.39,25.93,82.52,2463.89,0.0738,0.1913,0.3777,0.2732,1
14.01,25.96,122.4,648.96,0.1002,0.3276,0.2013,0.1132,0
,10.65,116.79,1825.9,0.0844,0.159,0.1003,0.2722,0
27.34,21.36,136.75,1400.26,0.0907,0.1674,0.1434,0.2646,1
19.66,17.39,116.71,2067.89,0.1119,0.0571,0.3642,0.1202,1
21.16,39.98,189.5,1265.18,0.0703,0.2309,0.0627,0.105,1
18.45,,78.49,1990.1,0.1467,0.0896,0.2697,0.11,1
7.23,36.42,83.84,2335.2,0.0675,0.0456,0.0056,0.2181,0
11.59,29.96,187.32,1868.21,0.1077,0.349,0.1056,0.2341,1
17.81,19.57,52.28,1971.58,0.1395,0.109,0.2543,0.2241,0
13.45,25.85,137.53,298.53,0.1082,0.0665,0.1963,0.2083,0
10.36,35.06,149.08,623.7,0.0933,0.2508,0.2122,0.1349,0
18.1,36.38,120.89,2439.36,0.107,0.2912,0.284,0.2682,1
13.75,13.97,151.08,1775.92,0.1518,0.0411,0.1009,0.1655,0
12.19,19.53,67.64,,0.1689,0.0548,0.1207,0.2972,0
17.14,19.39,176.42,1006.06,0.1257,0.0498,0.2943,0.177,0
9.2,10.3,62.4,244.76,0.1452,,0.2315,0.1526,0
28.27,27.55,104.13,1011.16,0.0517,0.2376,0.0063,0.2789,1
26.82,35.5,52.04,1317.43,0.1556,0.2141,0.2882,0.2135,1
22.98,20.83,127.23,639.04,0.1645,0.2387,0.2666,0.2444,1
8.55,31.94,147.16,548.6,0.119,0.1869,0.0338,0.1817,0
24.62,28.46,190.6,1339.86,0.1405,0.2898,0.3214,0.2774,1
25.39,20.65,158.29,1522.73,0.1115,0.2004,,0.2835,1
24.43,13.37,126.58,706.21,0.0843,0.3232,0.088,0.1874,0
,30.99,189.22,1526.24,0.1523,0.1803,0.2405,0.1481,1
21.45,35.49,116.55,2264.8,0.1216,0.2809,0.256,0.2295,1
26.02,30.26,129.79,1256.69,0.1195,0.1544,0.3957,0.2909,1
19.86,9.55,135.38,2163.44,0.1291,0.1636,0.3191,0.2245,1
21.51,15.7,105.6,2328.36,0.1527,0.3002,0.1298,0.2908,1
17.0,11.15,174.16,358.05,0.1378,0.0555,0.0508,0.1688,0
18.69,26.68,69.63,366.12,0.0753,0.2064,0.3669,0.283,1
6.83,32.45,128.77,1263.46,0.106,0.2597,0.3638,0.1225,0
21.34,12.43,155.56,1527.92,0.1676,0.2676,0.0754,0.1718,1
7.95,34.99,184.64,1145.08,0.1165,0.2152,0.0267,0.1989,0
16.44,26.22,181.43,910.42,,0.1679,0.3061,0.2306,1
13.02,30.39,121.4,1652.75,0.1476,0.1061,0.3107,0.1588,1
19.09,39.11,142.91,144.91,0.1299,0.3201,0.0762,0.2848,1
9.2,,103.08,2424.65,0.0919,0.142,0.2873,0.2807,0
22.6,36.94,114.91,687.71,0.0865,0.2837,0.1199,,1
25.08,12.91,185.0,2304.35,0.1272,0.0304,0.1121,0.1229,1
9.92,21.18,188.91,397.27,0.1019,0.0966,0.1395,0.1157,0
8.5,35.39,183.27,701.89,0.1459,0.134,0.2238,0.1996,0
9.49,37.09,62.14,694.3,0.1413,0.2416,0.3459,0.2531,1
27.05,24.7,176.01,2490.92,0.0875,0.1254,0.2144,0.1246,1
18.68,27.42,191.74,150.86,0.1343,0.0337,0.1282,0.2283,0
17.21,30.95,97.8,1649.55,0.1093,0.0774,0.3801,0.2056,1
8.56,34.82,122.98,2192.46,0.0888,0.1055,0.0237,0.2452,0
21.59,12.77,164.66,1726.57,0.0996,0.0781,0.3427,0.1871,0
26.83,34.11,129.93,996.05,0.1574,0.0872,0.3373,0.2387,1
25.88,23.92,198.96,2401.61,0.0931,0.2738,0.109,0.1319,1
21.03,22.97,112.91,2248.71,0.0845,0.156,0.0853,0.1429,1
7.81,22.14,154.23,1164.13,0.0922,0.1537,0.3761,0.2807,0
8.7,24.79,166.81,1493.06,0.0758,0.339,0.2403,0.1659,1
7.18,38.3,,2423.35,0.1154,0.1674,0.0198,0.2971,0
12.18,25.99,177.12,2458.84,,0.3261,0.3831,0.1092,1
9.26,38.55,127.38,1201.58,0.1481,0.1187,0.1501,0.1992,0
12.24,14.59,105.86,2139.75,0.0771,0.1522,0.1471,0.165,0
15.24,31.45,57.25,852.67,0.1218,0.1508,0.2766,0.2992,1
28.63,34.18,102.95,1017.48,0.065,0.2002,0.2844,0.298,1
20.65,30.05,157.43,528.98,0.1674,0.2128,0.1519,0.147,0
26.04,27.81,187.41,633.68,0.1045,0.1019,0.0616,,1
23.05,26.51,80.27,1690.22,0.1487,0.2819,0.2375,0.2499,1
8.7,35.69,96.84,1345.44,0.1422,0.1839,0.2688,0.2779,1
23.66,34.47,,,0.1356,0.0223,0.3699,0.2327,0
12.6,12.79,150.52,1090.87,0.1493,0.2151,0.2083,0.2729,0
21.34,35.31,193.63,1020.71,0.0621,0.2834,0.2776,0.1127,1
14.18,21.84,142.55,2470.17,0.1314,0.1027,0.0234,0.2281,0
29.94,16.86,138.73,2154.42,0.0819,0.0325,0.3846,0.24,1
12.33,35.96,128.56,1055.6,0.1443,0.2864,0.1407,0.1381,0
12.7,22.39,54.15,2296.84,0.1648,0.3422,0.2719,0.2556,1
28.34,34.06,156.72,948.62,0.1582,0.0453,,0.2889,1
6.59,17.17,136.33,1716.25,0.0638,0.3296,0.3485,0.2796,0
22.72,9.12,145.84,2421.29,0.0943,0.1386,0.2742,0.149,0
23.41,24.36,183.81,1061.06,0.0937,0.3307,0.3026,0.1648,1
26.07,12.11,165.43,1744.53,0.0647,0.2341,0.396,0.1999,1
29.39,32.39,164.95,838.38,0.0618,0.3138,0.3492,0.1317,1
29.41,17.56,188.35,768.5,0.0962,0.2793,0.2622,0.2908,1
7.57,22.75,198.39,1495.01,0.169,0.0292,,0.1323,0
25.72,11.7,133.01,2451.06,0.1183,0.0416,0.0633,0.2523,1
21.51,17.89,57.42,1209.4,,0.1935,0.2022,0.1683,0
21.54,33.23,113.46,2352.82,0.1065,0.0628,0.1294,0.2147,1
9.08,13.7,166.02,2297.9,0.1295,0.1721,0.1857,0.1094,0
21.6,29.06,44.44,738.88,0.1648,0.335,0.2848,0.141,1
29.58,37.44,49.1,1088.29,0.1206,0.1173,0.0641,0.1889,1
27.88,30.07,50.75,1658.19,0.0578,0.1813,0.0075,0.2354,1
16.54,34.14,156.97,1362.59,0.1091,0.1468,0.1707,0.2555,1
6.96,12.38,120.19,366.46,0.1691,0.2278,0.1385,0.106,0
14.7,16.77,99.02,2485.13,0.0965,0.084,0.1808,0.1305,0
25.83,36.73,56.9,1916.26,0.1213,0.1058,0.4004,0.246,1
22.84,31.17,157.16,1172.96,0.0628,0.3034,0.304,0.2626,1
17.02,28.83,91.36,1598.88,0.0669,0.2877,0.1408,0.1473,1
7.32,29.58,82.45,346.67,0.155,0.2804,0.0771,0.1459,0
16.25,21.84,144.37,1308.91,0.086,0.2744,0.2659,0.1176,0
17.26,10.38,129.44,2336.76,,0.1716,0.2828,0.1301,0
28.29,33.32,97.99,2255.98,0.0965,0.2605,0.208,0.1016,1
21.39,30.04,142.64,936.22,0.166,0.1478,0.0915,0.218,1
13.48,23.66,83.4,1394.03,0.0601,0.0532,0.0123,0.2808,0
18.61,36.89,167.17,1785.83,0.1483,0.1498,0.1142,0.1299,1
7.59,19.42,76.69,942.42,0.091,0.0724,0.1966,0.2503,0
29.34,18.12,65.41,293.11,0.1519,0.149,0.3388,0.2147,1
14.64,36.06,165.19,1332.84,0.169,0.1182,0.3671,0.288,1
17.47,33.71,153.26,1559.86,0.0918,0.2177,0.1776,0.2596,0
14.53,24.96,,153.79,0.0655,0.1393,0.3423,0.2705,0
22.38,13.05,58.6,365.56,0.0673,0.2528,0.4271,0.2278,0
21.89,15.67,174.14,629.21,0.141,0.189,,0.2623,1
23.17,29.34,164.26,961.4,0.0674,0.3234,0.3133,0.1702,1
12.44,20.94,92.36,1416.88,0.0813,0.05,0.3911,0.1418,0
13.58,34.93,,833.47,0.0745,0.2469,0.1454,0.2825,0
9.01,38.45,59.87,791.79,0.0927,0.2419,0.0048,0.2469,0
21.73,33.97,121.13,2191.66,0.0589,0.3337,0.4244,0.1181,1
6.96,20.7,43.0,482.32,0.1528,0.1426,0.2109,0.2734,0
20.34,33.45,102.66,,0.1532,0.1208,0.3378,0.1698,1
26.87,19.89,51.97,2388.67,0.0996,,0.3494,0.1597,0
27.38,14.18,116.02,1615.03,0.1235,0.1075,0.1709,0.2247,1
,10.04,107.47,1832.6,0.127,0.1856,0.2327,0.2137,0
17.02,20.96,111.1,1157.72,0.1399,0.2964,0.2322,0.2077,0
7.85,37.01,47.25,,0.1125,0.1138,0.0947,0.151,0
22.1,16.41,97.86,1664.87,0.1112,0.0721,0.0506,0.292,0
25.71,15.4,,1631.34,0.1258,0.1098,0.2337,0.29,0
11.87,39.06,99.03,400.61,0.1344,0.0533,0.0517,0.1008,0
16.11,9.78,154.43,1230.7,0.0916,0.3258,0.1488,0.1676,0
26.13,33.36,99.12,2300.18,0.0896,0.308,0.08,0.1091,1
27.05,18.96,107.72,624.0,0.0824,0.1218,0.304,0.27,1
,10.16,130.22,1228.19,0.1159,0.1015,0.375,0.2773,0
19.21,37.45,192.11,1228.2,0.0932,0.3188,0.2485,0.2037,1
10.62,13.33,57.42,2053.4,0.1148,0.0206,0.1764,0.2679,0
8.45,26.11,45.27,2086.0,0.0987,0.2182,0.4286,0.2407,1
27.87,17.5,137.27,1931.88,0.1504,,0.0091,0.1999,1
25.69,11.02,191.86,1002.47,0.0588,0.1878,0.1309,0.1728,0
24.24,10.55,198.36,310.01,0.1187,0.021,0.1198,0.1532,0
7.17,12.58,117.47,964.78,0.1191,0.0922,0.1532,0.1519,0
26.25,11.21,114.89,1744.31,0.096,0.3244,0.0992,0.2124,0
16.51,32.58,143.19,1798.48,0.1005,0.0256,0.1136,0.1334,0
14.22,24.05,128.9,2417.4,0.146,0.1503,0.1108,0.135,0
19.12,19.63,141.45,1210.59,0.0837,0.2806,0.2175,0.1021,0
8.19,21.97,179.84,1632.55,0.1546,0.2966,0.1682,0.2227,0
24.16,37.8,159.41,1412.49,0.1576,0.1776,0.2749,0.2989,1
19.98,37.23,119.5,495.46,0.1281,0.0967,0.2212,0.2778,1
10.48,31.19,113.9,1228.44,0.1427,0.2179,0.0789,0.2411,0
10.52,36.43,142.34,1425.81,0.1236,0.107,0.3483,0.2571,1
10.42,18.91,112.91,2383.77,0.113,0.1042,0.203,0.1834,0
7.37,20.81,113.24,1005.03,0.166,0.2865,0.0659,0.1596,0
20.11,28.03,42.61,2453.03,0.0839,0.0709,0.0718,0.1737,0
26.17,28.33,67.85,1419.83,0.0685,0.0218,0.3427,0.1163,0
6.42,23.93,118.16,712.23,0.0845,0.1311,0.3023,0.2268,0
7.18,21.42,171.62,592.33,0.1238,0.182,0.2178,0.135,0
19.75,39.57,84.6,474.4,0.0722,0.2527,0.1316,0.2526,1
25.67,34.45,123.62,1208.92,0.1591,0.2778,0.198,0.138,1
13.84,22.48,95.19,191.75,0.0993,0.239,0.2737,0.1456,0
14.39,31.55,56.77,1190.31,0.152,0.2267,0.3781,0.2915,0
20.31,17.36,193.33,2472.64,0.0799,0.2397,0.239,0.1211,1
12.58,12.11,176.75,1721.45,0.0876,0.1096,0.119,0.1998,0
6.64,19.93,,1933.1,0.0571,0.1462,0.0184,0.1125,0
23.65,21.49,155.17,420.85,0.0809,0.2234,0.0754,0.1181,1
21.02,9.51,95.61,1256.52,0.1088,0.0416,0.2796,0.2267,0
19.94,34.26,199.18,815.49,0.1635,0.1175,0.069,0.2261,1
23.8,20.13,88.38,2250.07,0.0967,0.1541,0.2071,0.1386,1
22.21,26.99,78.2,567.85,0.1268,0.196,0.3006,0.2745,1
10.94,11.29,130.86,1222.61,0.1013,0.1805,0.1325,0.2404,0
14.46,14.42,173.62,1527.79,0.0556,0.257,0.2877,0.1601,0
9.03,36.58,70.8,1353.14,0.1104,0.1762,0.2499,0.1497,1
,27.87,153.5,,0.0579,0.3184,0.1887,0.2509,0
22.23,38.46,49.83,686.23,,,0.3858,0.2467,1
26.61,39.96,187.03,1030.64,0.1404,0.1934,0.2976,0.1298,1
29.11,20.53,52.97,2009.32,0.0954,0.0211,0.1551,0.1698,1
21.08,18.26,186.28,1386.25,0.1268,0.1225,0.3458,0.1433,1
10.42,35.61,118.53,1089.0,0.0634,0.306,0.3174,0.1588,1
8.54,39.96,111.69,209.48,0.1343,0.1301,0.3404,0.1575,0
25.51,28.52,195.73,1917.99,0.1487,0.1036,0.2756,0.2952,1
19.89,33.65,198.46,,0.1486,0.1994,0.1631,,1
20.84,33.23,144.03,1603.88,0.0841,0.046,0.1499,0.256,1
24.76,20.02,60.34,2161.44,0.0816,0.1954,0.2813,0.1555,1
22.88,26.8,120.99,1359.83,0.1126,0.1202,0.0563,0.1001,0
26.03,34.82,124.67,686.77,0.1661,0.1464,0.3526,0.1116,1
7.35,30.33,122.31,174.08,0.1605,0.2812,0.1592,0.2106,0
23.94,9.66,131.12,1682.02,0.0932,0.2384,0.2711,0.1571,1
26.42,19.44,43.0,1303.74,0.1436,0.1672,0.2146,0.1386,1
12.87,13.48,153.8,1985.75,0.1606,0.2106,0.2233,0.1099,0
21.37,16.22,153.98,1779.45,0.0813,0.2731,0.3173,0.2752,1
13.54,37.07,58.48,2471.57,,0.2661,0.2695,0.22,1
28.99,10.14,131.24,1344.34,0.0821,0.0812,0.1076,,1
6.8,15.81,130.94,,0.0912,0.1193,0.0319,0.2533,0
19.92,18.6,149.19,816.71,0.0739,,0.3613,0.2512,0
10.0,28.12,53.66,1265.39,0.1108,0.0819,0.3805,0.1579,0
23.09,25.56,140.24,2199.98,0.1512,0.024,0.0707,0.1377,1
10.22,15.77,84.92,240.16,0.1134,0.0774,0.1331,0.2628,0
11.65,14.09,121.12,2447.84,0.0648,0.2867,0.1214,0.1659,0
17.86,16.34,163.73,,0.0802,0.2002,0.4031,,1
27.96,24.58,152.9,1550.86,0.1175,0.1327,0.0881,0.1087,1
11.08,17.41,59.02,922.44,0.12,0.2208,0.0716,0.1999,0
9.46,38.38,134.59,666.4,0.1192,0.2641,0.0782,0.1359,0
24.22,23.38,195.06,792.52,0.0592,0.137,0.3138,0.2344,1
18.01,10.82,65.08,258.25,0.1404,0.1738,0.3818,0.2994,0
27.88,31.61,176.47,1261.26,0.1591,0.0412,0.1691,0.1825,1
9.52,19.19,152.41,275.29,0.1113,0.217,0.0585,0.1201,0
21.5,29.26,163.84,1835.6,,0.1376,0.2519,0.1635,1
11.59,17.67,85.11,1017.75,0.1597,0.1631,0.0903,0.2783,0
9.76,26.69,86.06,610.5,0.1271,0.1595,0.0276,0.2532,0
22.4,32.94,184.96,1425.85,0.1309,0.2287,0.3811,0.1464,1
20.25,37.77,97.57,2438.07,0.1366,0.2089,0.3745,0.2907,1
24.12,17.09,50.08,1780.51,0.0813,0.1593,0.4196,0.2244,1
13.43,19.38,136.1,1300.52,0.1199,0.0256,0.2038,0.1336,0
16.75,23.39,59.97,1973.52,0.1511,0.2249,0.1264,0.2145,0
15.73,37.74,167.46,1880.44,0.0855,0.3103,0.331,0.1903,1
29.62,36.94,142.68,2244.5,0.1577,0.274,0.0776,0.2639,1
13.01,11.79,179.96,623.02,0.1244,0.3439,0.1046,0.1688,0
13.08,13.09,165.57,2166.95,0.1008,0.0659,0.1099,0.275,0
,24.36,57.94,,0.1248,0.0934,0.4092,0.2624,0
19.55,12.31,100.97,2360.76,0.0982,0.198,0.3138,0.2349,0
12.06,19.71,163.93,803.31,0.1506,0.0978,0.0575,0.1517,0
27.97,13.6,106.77,2327.36,0.1079,0.0314,0.0399,0.2941,0
12.38,28.72,195.58,2414.55,0.1581,0.1528,0.3624,0.2097,1
27.5,38.43,,483.36,0.1112,0.1149,0.345,0.2815,1
8.48,39.9,42.48,2439.82,0.1292,0.107,0.2885,0.1431,0
21.76,20.63,180.8,342.31,0.1697,0.3345,0.0843,0.2967,1
27.77,27.57,56.13,655.82,0.0676,0.0987,0.2065,0.2632,1
,35.54,62.48,1188.24,0.1384,0.0627,,,0
29.24,12.64,157.52,2484.89,0.0667,0.0614,0.4008,0.1425,1
16.87,30.38,178.39,1293.01,0.1507,0.2861,0.0729,0.1861,1
28.7,,125.82,1438.97,0.1216,0.2559,0.2216,0.1195,1
22.24,15.39,86.25,1778.84,0.1626,0.0627,0.0678,0.1274,0
13.24,21.49,96.21,2425.17,0.1539,0.0925,0.1909,0.1568,1
10.52,11.35,94.86,1988.71,0.059,0.2666,0.0861,0.2903,0
13.29,30.56,92.27,669.0,0.0665,0.1106,,0.2334,0
8.23,16.84,78.87,855.06,0.1221,0.3439,0.1095,0.1629,0
9.45,18.65,137.42,370.4,0.1122,0.1984,0.1794,0.2909,0
8.51,12.75,184.06,1660.91,0.0702,0.0834,0.1753,0.2479,0
16.15,35.8,89.13,566.55,0.0655,0.3034,0.3725,0.2814,1
25.09,,69.87,747.48,0.1177,0.1254,0.3259,0.2854,1
9.39,26.74,174.17,2235.95,0.0559,0.1153,0.0248,0.2502,0
9.13,26.65,158.69,911.14,0.1548,0.1281,0.0288,0.1486,0
21.44,21.73,,1477.29,0.1468,0.2735,0.237,0.2993,1
10.73,14.97,66.48,1078.26,0.1442,0.0772,0.1839,0.165,0
8.34,32.1,63.08,314.71,0.0519,0.146,0.1185,0.2343,0
10.0,12.94,126.63,996.36,0.0557,0.0302,0.3408,,0
28.17,12.22,138.31,1103.04,0.116,0.2928,0.0553,0.135,1
25.72,31.01,116.83,2253.85,0.1693,0.1324,0.4188,0.2218,1
14.5,15.47,135.83,905.7,0.0911,0.1019,0.0104,0.175,0
21.74,18.51,68.86,1035.01,0.0913,0.2114,0.0508,0.1489,0
18.89,23.73,116.74,1987.64,0.0661,0.2526,,0.1024,1
22.25,22.93,145.29,1931.14,0.1309,0.2883,0.2189,0.2744,0
22.38,30.97,109.23,2023.95,0.1276,0.1348,0.0929,0.1272,0
21.09,28.33,148.71,2390.9,0.0622,0.2881,0.3166,0.2756,1
12.39,28.98,112.19,2017.52,0.1061,0.1734,0.1537,0.2201,0
6.94,31.14,93.38,1101.96,0.13,0.0534,0.0166,0.2242,0
16.93,18.07,88.58,2078.76,0.1092,0.2993,0.3774,0.2657,0
27.38,18.99,105.74,1340.47,0.1309,0.2007,0.4059,0.2019,1
19.67,22.58,43.69,795.41,0.148,0.2188,0.266,0.1715,0
25.98,18.53,146.96,854.88,0.1323,0.3294,0.3468,0.1278,1
29.8,39.53,175.22,668.27,0.1239,0.2045,0.0521,0.2141,1
9.93,34.24,96.74,482.18,,0.0218,0.1156,0.2106,1
22.6,14.1,47.37,575.4,0.1581,0.3073,0.1398,0.1588,1
22.18,9.17,197.88,289.1,0.0967,0.114,0.4131,0.22,0
29.52,10.33,82.19,2236.74,0.0708,0.1856,0.2203,0.1879,0
29.65,16.57,60.26,2337.18,0.1481,0.0876,0.0032,,1
22.48,12.54,99.16,1524.78,0.0757,0.118,0.1635,0.2119,0
11.85,25.53,158.17,2123.56,0.1615,0.2466,0.0033,0.2867,1
25.17,35.6,87.03,573.23,0.0527,0.1618,0.1023,0.2036,1
8.57,31.84,131.95,2267.95,0.1606,0.227,0.1955,0.2775,0
24.74,15.68,106.49,1335.01,0.1207,0.2918,0.1391,0.2041,0
27.84,21.38,58.84,298.51,0.143,0.1325,0.0141,0.2116,0
15.19,24.74,92.85,473.5,0.0978,,0.05,0.1734,0
21.14,34.12,155.98,869.18,0.169,0.2766,0.2369,0.18,1
16.32,35.01,137.92,,0.0773,0.256,0.2991,0.2866,1
16.51,37.2,59.16,869.93,0.0817,0.1981,0.174,0.1447,1
13.45,24.79,66.13,281.44,0.0562,0.1465,0.3145,0.1243,0
24.29,30.52,142.52,697.03,0.1629,0.1545,0.0702,0.266,1
,12.47,170.15,766.98,0.1047,0.1629,0.0525,0.2154,0
28.58,26.52,95.92,2486.71,0.131,0.1351,0.361,0.1569,1
10.19,16.71,135.25,695.89,0.1325,0.2507,0.1459,0.1865,0
26.99,22.38,67.3,704.48,0.1549,0.0614,0.1859,0.205,1
23.7,28.66,89.82,1760.82,0.1298,0.3393,0.4075,0.2184,1
12.07,16.97,43.24,2168.08,0.1174,0.2771,0.1824,0.2642,0
7.61,10.62,162.92,1053.45,0.1352,0.1184,0.0015,0.1789,0
12.43,9.32,104.16,2206.46,0.1401,0.034,,0.2353,0
27.89,9.69,170.58,942.74,0.0723,0.2547,0.0061,0.267,0
21.2,9.26,153.34,604.96,0.0632,0.2623,0.2848,0.2688,0
23.31,12.42,172.6,917.95,0.059,0.338,0.1388,0.1508,1
12.17,,85.71,1578.08,0.0949,0.1037,0.2023,0.17,0
23.27,15.86,69.62,1006.46,0.1098,0.0473,0.2353,0.219,1
6.67,39.59,195.5,1728.03,0.1239,0.322,0.1756,0.2772,0
15.01,18.49,154.77,699.17,0.165,0.1054,0.333,0.2581,1
21.04,12.95,173.45,1794.34,0.0897,0.2581,0.4002,0.2168,1
9.51,25.91,42.1,959.95,0.1413,0.04,0.0372,0.2967,0
25.75,35.6,96.71,1215.85,0.1138,0.271,0.3441,0.1878,1
11.64,30.02,158.85,1456.28,0.0764,0.0619,0.0553,0.2685,0
21.65,18.18,52.48,1759.49,0.1238,0.2495,0.0345,0.2637,0
15.72,26.41,130.77,703.36,0.1661,0.1957,0.411,0.2816,1
20.31,31.16,108.65,2112.83,0.0649,0.3353,0.2104,0.2975,1
8.58,31.57,42.82,1843.55,0.1109,0.0322,0.0656,0.1991,0
6.41,29.66,77.76,692.47,0.0562,0.1164,0.2451,0.1391,0
27.83,36.0,85.57,2440.94,0.0885,0.0429,0.1132,0.1922,1
12.47,35.97,57.9,1708.92,0.1245,0.3101,0.1997,0.2708,1
25.67,26.95,141.05,1207.73,0.1509,0.216,0.2686,0.2672,1
29.98,22.33,78.78,511.76,0.1376,0.1965,0.3738,0.1672,1
11.07,28.89,84.42,1398.4,0.1055,0.0634,0.0013,0.1095,0
12.36,34.36,183.72,528.87,0.1591,0.1814,0.0921,0.202,0
21.91,9.18,114.74,1153.6,,0.1516,0.0414,0.1948,0
29.17,39.75,102.74,1104.56,0.1405,0.1242,0.0418,0.1172,1
27.98,14.67,155.82,1839.06,0.1069,0.2748,0.4067,0.259,1
18.07,23.58,185.54,594.02,0.1578,0.0402,0.4025,0.1567,1
25.08,36.03,44.01,2079.62,0.1457,0.2334,0.3222,0.2292,1
9.26,15.98,111.72,909.67,0.1582,0.2916,0.2765,0.1203,0
29.46,23.78,137.73,1187.81,0.0757,0.3194,0.3646,0.2721,1
29.14,,90.97,1962.72,0.1302,0.2662,0.0251,0.2479,1
9.93,21.25,163.59,1615.93,0.1386,0.1132,0.0514,0.1777,0
13.19,14.49,195.44,866.94,0.1391,0.2182,0.1364,0.2259,0
8.4,20.27,190.95,1051.44,0.1105,,0.358,0.1375,0
12.52,20.58,82.56,861.66,0.0514,0.0586,0.2031,0.2971,0
25.58,39.79,76.21,1543.66,0.0814,0.2307,0.2165,0.2592,1
15.08,39.84,193.2,924.99,0.0888,0.3009,0.0986,0.2578,1
8.12,12.56,113.38,1852.65,0.1522,0.0422,0.2788,0.1307,0
14.21,31.51,73.33,1508.3,0.1509,0.055,0.3818,0.1035,1
29.55,10.6,153.12,483.87,0.0626,0.2067,0.1417,0.2171,0
21.11,9.94,85.51,872.23,0.164,0.092,0.2662,0.1288,0
15.99,12.27,82.76,662.62,0.0719,0.2219,0.1427,0.2561,0
10.0,38.93,180.68,1061.14,0.0997,0.0908,0.3409,0.1832,0
29.67,38.17,66.0,1357.72,0.0758,0.0584,0.2042,0.1677,1
25.7,15.01,50.3,1335.96,0.1532,0.2,0.146,0.1147,1
12.76,14.01,83.07,1920.68,0.1399,0.3045,0.1806,0.2992,1
7.68,16.46,137.11,586.45,0.0924,0.2461,0.0392,0.2912,0
7.36,24.98,59.69,2373.68,0.1318,0.2902,0.3724,0.1263,1
8.89,26.66,115.46,949.11,0.0721,0.1079,0.412,0.1666,0
19.94,15.87,140.37,848.59,0.0959,0.3124,0.2053,0.1782,0
28.29,32.46,175.8,1757.02,0.0953,0.1444,0.0952,0.1594,1
17.92,18.6,76.78,2041.02,0.0786,0.3013,0.2858,0.2869,1
26.23,37.59,170.78,1033.19,0.1552,0.1755,0.1945,0.2443,1
16.7,29.36,77.59,1902.56,0.1315,0.1084,0.1085,0.2912,0
23.01,22.53,148.28,2225.62,0.0836,0.1059,,0.2749,1
23.56,33.49,108.91,1949.66,0.0791,0.2073,0.3826,0.2509,1
10.18,34.36,58.35,220.7,0.0522,0.0461,0.3426,0.2394,0
14.67,18.0,154.28,2092.59,0.0916,0.3269,0.3565,0.2732,1
21.3,19.53,74.84,,0.1132,0.1096,0.1891,0.2368,1
7.7,38.01,68.26,1719.52,0.0833,0.1308,0.3239,0.1377,1
14.68,,97.33,1933.65,0.1341,0.097,0.2499,,0
18.84,10.31,144.53,2451.44,0.0994,0.021,0.1612,0.203,0
29.91,23.08,77.44,1157.43,0.088,0.2485,0.3624,0.2964,1
17.39,33.84,69.39,298.65,0.1627,0.2149,0.4295,0.202,1
25.59,32.92,41.59,1227.7,0.0815,0.2872,0.3867,0.1077,1
16.37,37.51,115.46,249.58,0.0978,0.0335,0.3338,0.1528,1
25.11,25.53,108.58,834.43,0.0959,0.3265,0.3214,0.2835,1
20.29,12.1,77.42,1525.04,0.0789,0.1292,0.2796,0.2925,1
27.28,27.25,48.58,870.71,0.0761,0.3213,0.3671,0.2457,1
15.86,33.13,108.68,1757.53,0.0863,0.0554,0.212,0.1114,1
20.5,11.89,166.11,2079.89,0.1537,0.2655,0.0781,0.1047,1
21.12,14.35,154.45,1132.24,0.142,0.2112,0.3303,0.1959,1
16.02,9.38,177.73,2264.33,0.1317,0.1382,0.3954,0.2999,1
9.46,27.4,41.53,328.42,0.1049,0.0461,0.1468,0.2739,0
8.25,36.49,194.63,2122.67,0.1109,0.2196,0.3367,0.2866,1
6.4,29.79,94.63,2095.43,0.0821,0.0287,0.1177,0.2247,0
26.96,39.44,198.46,899.91,0.0589,0.1854,0.4053,0.2718,1
11.68,10.95,80.42,844.97,0.0897,0.2194,0.2939,0.1639,0
11.08,36.99,115.45,860.02,0.1095,0.2617,0.2448,0.1055,0
23.66,34.24,96.63,2054.89,0.0569,0.3471,0.3353,0.2837,1
13.68,18.74,96.92,2102.7,0.0606,0.1058,0.3497,0.1437,0
18.15,39.18,174.77,918.15,0.0816,0.1264,0.3837,0.2457,1
9.9,17.93,159.43,1538.51,0.094,0.1326,0.3875,0.2318,0
29.03,36.57,198.74,467.88,0.0972,0.2614,0.0227,0.1316,1
26.44,36.3,138.16,1246.32,0.0641,0.3275,0.0529,0.1392,1
26.73,32.49,114.12,2497.15,0.0771,0.3415,0.3552,0.1658,1
15.76,26.47,54.41,514.86,0.0814,0.3321,0.4068,0.2514,0
24.3,12.72,199.45,2376.25,0.0581,0.3102,0.1323,0.1078,0
9.45,25.49,128.24,2085.24,0.0891,0.347,0.0037,0.1814,0
6.21,20.06,152.08,2434.43,0.0587,0.1441,0.1388,0.233,0
6.48,33.56,105.08,563.81,0.1344,0.3329,0.1646,0.1343,0
20.08,,127.63,643.9,0.0963,0.2711,0.3272,0.1239,1
16.93,37.23,190.81,179.81,0.0892,0.0756,,0.178,1
18.43,9.46,66.63,1850.3,0.0652,0.035,0.0914,0.1573,0
6.18,34.08,86.78,1660.06,0.0772,,0.3844,0.2298,0
16.14,38.09,64.33,560.23,0.0779,0.277,0.0666,0.2939,1
23.23,33.47,166.75,2007.1,0.1682,0.2285,0.3265,0.1009,1
16.62,13.04,49.93,846.1,0.1502,0.094,0.1554,0.2805,0
23.57,11.52,53.06,458.59,0.0518,0.2648,0.2849,0.1866,0
11.59,9.65,87.76,1137.25,0.124,0.0666,0.0318,0.2328,0
25.52,28.49,122.27,354.69,0.0807,0.2912,0.1232,0.2702,1
20.12,28.52,105.0,761.26,0.0625,0.2821,0.1827,0.2147,1
11.06,39.59,47.17,1016.35,0.1347,0.341,0.3686,0.1195,1
11.68,21.34,193.2,2150.4,0.0658,0.0696,0.2423,0.1281,0
21.07,19.29,192.46,2010.42,0.1032,0.3192,0.0194,0.2579,1
25.92,28.36,84.7,1184.9,0.1259,0.1326,0.3448,0.1458,1
15.98,34.59,157.04,1850.0,0.1165,0.1573,0.0234,0.2138,1
12.2,38.04,132.57,1482.01,0.1673,0.1746,0.4018,0.1856,1
26.81,33.9,78.0,944.39,0.1443,0.2269,0.091,0.1607,1
22.06,22.23,81.95,1853.06,0.1429,0.3483,0.2098,0.2574,1
16.75,28.68,118.58,1753.06,0.0927,0.218,0.0311,0.2462,0
17.71,35.55,107.08,1601.06,0.051,0.3258,0.2415,0.2292,1
10.9,24.21,86.6,1598.38,0.1381,0.1042,0.2138,0.1745,0
21.04,15.72,169.2,1751.84,0.17,0.1515,0.1764,0.1453,1
14.61,14.26,117.03,1047.53,0.0987,0.1865,0.0153,0.2032,0
29.9,9.0,144.78,2191.02,0.1683,0.1266,0.3779,0.2634,1
17.52,31.27,70.28,523.05,0.067,0.3424,0.3451,0.2151,1
17.66,12.44,125.36,2225.97,0.0856,0.2595,0.2722,0.294,1
19.58,16.56,90.88,947.79,0.0705,0.178,0.2461,0.1031,0
28.0,18.23,124.23,435.07,0.107,0.2679,0.2988,0.2997,1
25.22,26.37,164.93,1556.06,0.1456,0.1743,0.0619,0.2383,1
16.83,21.34,163.03,1027.33,0.0909,0.0257,0.401,0.2665,1
23.25,29.91,96.68,2064.58,0.1587,0.1993,0.1224,0.167,1
20.07,10.72,151.08,1156.65,0.1154,0.2263,0.2823,0.2017,1
17.82,12.84,190.61,1717.81,0.1059,0.3438,0.2609,0.2594,1
10.62,24.48,140.11,867.49,0.1444,0.0335,0.2737,0.2521,0
17.13,19.45,63.75,634.31,,0.189,0.3779,0.1668,0
11.9,18.17,148.75,1055.8,0.1429,0.0524,0.1272,0.1649,0
27.96,11.08,56.78,1572.07,0.0792,0.0692,0.322,0.2326,1
14.05,36.77,179.54,1690.39,0.0837,0.2215,0.2573,0.2867,1
28.85,30.45,122.67,1504.57,0.1219,0.0964,0.0327,0.1878,1
18.79,12.77,101.62,2471.81,0.1582,0.2672,0.1781,0.1706,0
21.16,11.02,49.12,1770.97,,0.1897,0.3603,0.2789,0
19.03,39.22,100.93,2338.39,0.1279,0.092,0.1356,0.2366,1
9.11,30.12,184.51,418.32,0.1432,0.183,0.2074,0.1777,0
15.02,21.94,43.36,,0.0811,0.0203,0.2101,0.1115,0
8.38,30.75,115.94,873.95,0.1493,0.3047,0.2657,0.2443,0
20.95,32.45,188.99,462.35,0.1002,0.0242,0.3801,,1
16.72,33.18,103.17,1381.05,0.0711,0.0223,0.0746,0.1141,0
24.67,23.81,108.51,1364.8,0.092,0.2218,0.217,0.2225,1
11.29,22.33,132.57,1497.11,0.0795,0.3413,0.1824,0.1646,0
9.95,9.34,114.07,1898.74,0.0774,0.3025,0.1272,0.1677,0
15.75,37.72,66.98,2432.34,0.0839,0.1032,0.3954,0.1958,1
28.24,27.7,42.97,2212.69,0.0717,0.0849,0.0035,0.2435,1
23.05,15.3,137.57,419.35,0.1301,0.2266,0.0525,0.1553,0
16.05,37.51,187.33,938.89,0.1196,0.2915,0.3153,0.1162,1
18.41,-3.0,57.02,743.74,0.1278,0.1395,0.1133,0.1849,0
8.02,39.66,73.75,557.29,0.0912,0.1627,0.311,0.111,0
29.63,36.1,99.24,1425.55,0.1424,0.0581,0.3579,0.2395,1
21.99,39.93,169.4,1445.7,0.0656,0.0704,0.1095,0.2918,1
12.85,16.59,83.08,676.3,0.1185,0.2076,0.0825,0.2318,0
20.06,35.11,181.13,1820.08,0.0831,0.0539,0.0625,0.1551,1
8.63,34.51,48.79,1869.68,0.1133,0.0867,0.086,0.1363,0
29.18,16.16,190.55,189.51,0.0888,0.0974,0.1149,0.1466,1
10.19,12.05,129.72,1073.99,0.1449,0.1665,0.3736,0.1443,0
21.55,39.36,145.4,2240.73,0.157,,0.3311,0.1628,1
11.89,18.18,98.83,1367.95,0.1391,0.1849,0.0008,0.1195,0
23.22,36.0,165.12,960.4,0.0711,0.3265,0.3759,0.2791,1
24.64,9.13,66.65,738.68,0.083,0.0281,0.0339,0.277,0
22.16,9.65,47.83,714.32,0.1603,0.2282,0.2818,0.223,1
20.75,23.44,103.28,375.45,0.1025,0.2958,0.0651,0.1124,0
27.42,16.4,176.59,2068.65,0.1629,0.1231,0.0268,0.2608,0
7.89,30.39,160.79,344.51,0.0971,0.0634,0.3267,0.1124,0
13.94,26.53,122.74,829.82,0.1642,0.0343,0.2009,0.1213,0
11.96,11.4,131.54,247.79,0.1611,0.2325,0.2576,0.1651,0
29.71,14.04,60.78,1984.07,0.1293,0.2022,0.1829,0.1863,0
15.35,21.03,174.51,232.71,0.0511,,0.0289,0.1708,0
23.58,14.75,165.91,867.59,0.098,0.2944,0.318,0.133,0
22.43,33.56,145.04,1492.98,0.1593,0.2627,0.3528,0.1224,1
11.09,21.9,114.59,1106.56,0.1562,0.1112,0.0178,0.2719,0
11.74,11.9,194.31,806.16,0.0725,0.2686,0.1616,0.1726,0
12.75_err,24.01,180.65,789.45,0.0979,0.1008,0.2396,0.1437,0
15.87,11.82,143.11,2022.79,0.1503,0.2428,0.2602,0.1974,1
11.62,13.0,99.49,2438.59,0.1193,0.0591,0.2486,0.1074,0
6.47,16.43,138.88,961.38,0.1517,0.2484,0.298,0.2201,0
27.11,35.65,132.07,232.38,0.1492,0.0988,0.4157,0.1497,1
29.17,37.66,103.08,226.3,0.1589,0.2089,0.168,0.2196,1
14.2,34.61,89.07,1931.74,0.0641,0.0769,0.2393,0.2228,1
14.12,19.36,105.12,1443.59,0.0674,0.2596,0.3006,,0
6.17,17.45,131.83,1989.28,0.0599,0.0401,0.2547,0.146,0
22.33,26.02,108.5,1786.09,0.1622,0.0746,0.1663,0.1927,1
,31.38,82.17,2281.71,0.107,0.0808,0.2684,0.2924,1
9.52,39.79,161.75,2230.55,0.0577,0.0336,0.2795,0.2454,0
9.83,13.08,125.03,2000.45,0.0886,0.2659,0.2515,0.2951,1
24.96,10.53,50.83,1261.45,0.0922,0.3437,0.0882,0.2855,0
20.79,30.53,98.93,867.18,0.1471,0.2769,0.2176,0.2221,1
7.08,34.8,181.59,1336.58,0.1383,0.304,0.3803,0.1528,1
20.94,35.24,160.84,1324.89,0.1327,0.022,0.3735,0.2514,1
13.41,30.03,91.72,1580.25,0.0526,0.0589,0.3228,0.2396,1
14.85,38.57,190.11,579.19,0.1593,0.2045,0.2998,0.2178,1
24.47,24.84,52.26,1687.26,0.0759,0.3427,0.0659,,1
25.46,37.33,193.8,1217.58,0.1255,0.238,0.1976,0.2227,1
15.61,39.0,79.31,1603.68,0.0574,0.1435,0.0477,0.2039,0
28.73,35.26,41.46,705.47,0.0598,0.0682,0.3514,0.1832,1
15.76,18.6,109.41,1165.17,0.0511,,0.1251,0.1089,0
24.52,15.08,97.44,636.07,0.1179,0.1397,0.3298,0.2731,0
17.61,25.99,126.25,2205.72,0.1255,0.2556,0.3503,0.2731,1
27.54,23.04,167.48,1291.59,0.0561,0.0305,0.3838,0.2188,1
27.79,36.21,174.79,670.96,0.0849,0.3012,0.3241,0.1536,1
8.1,12.1,104.2,237.25,0.1522,0.3307,0.2428,0.1056,0
28.48,16.99,108.78,1734.74,0.0622,0.3133,0.2572,0.1003,1
25.81,32.31,63.71,646.56,0.076,0.3213,0.1379,0.1146,1
24.99,11.94,47.61,2475.41,0.1009,0.0251,0.0761,0.172,0
10.82,18.94,142.59,1399.53,0.1511,0.3427,0.0562,0.1377,0
25.32,21.0,50.31,821.99,0.0806,,0.0783,0.153,0
26.4,28.3,157.41,1692.12,0.1697,0.3069,0.4016,0.2399,1
12.94,13.9,126.25,789.52,0.0926,0.0816,0.0707,0.2918,0
28.85,35.68,71.77,2075.85,0.0964,0.1674,0.3112,0.1414,1
7.2,22.87,126.32,867.44,0.0647,0.0346,0.0794,0.1931,0
9.6,37.43,69.28,2472.26,0.1316,0.0332,0.4194,0.2983,1
18.9,23.5,110.2,1568.14,0.0792,0.3313,0.1576,0.2863,1
19.82,17.53,167.93,2132.81,0.1255,0.2875,0.1772,0.1705,1
21.48,13.4,113.91,311.84,0.0768,0.1948,0.1739,0.1639,0
6.41,9.12,63.79,961.99,0.0965,0.1934,0.3511,0.1484,0
29.05,25.5,155.81,1880.47,0.1528,0.2671,0.0939,0.1311,1
7.07,12.32,69.88,1685.94,0.1387,0.1328,0.3573,0.192,0
9.43,21.14,158.17,598.41,0.0686,0.2714,0.2825,0.1682,0
6.34,27.27,116.7,980.64,0.1229,0.1801,0.0947,0.249,0
19.6,17.55,112.6,761.73,0.1254,0.2305,0.0281,0.1474,0
28.37,14.43,176.23,,0.0609,,0.3332,0.2473,1
21.98,33.02,153.38,953.18,,0.1755,0.0942,0.1576,1
25.74,38.35,45.27,869.37,0.0813,0.1581,0.3823,0.2185,1
6.32,12.11,87.39,629.41,0.1061,0.3189,0.0558,0.2277,0
19.01,13.82,179.35,1105.3,0.1432,0.3179,0.265,0.2344,1
17.03,38.76,42.93,601.39,0.069,0.3475,0.2976,0.1351,1
17.98,10.17,127.24,2411.66,0.0648,0.2018,0.2828,0.1565,0
7.73,39.31,156.45,504.62,0.0823,0.1336,0.1359,0.1492,0
22.43,9.14,139.5,2295.4,0.1643,0.0993,0.3765,0.2152,1
18.08,36.08,161.69,1151.2,0.1397,0.0313,0.331,0.1151,1
24.36,18.53,156.11,1031.76,0.0523,0.2598,0.2194,0.2037,1
17.65,38.1,150.72,685.91,0.0981,0.097,0.2594,0.1175,1
9.59,18.83,171.45,1640.38,0.0809,0.2202,0.2435,0.1674,0
17.08,36.26,96.82,789.81,0.0526,0.2371,0.2075,0.2458,0
14.3,15.57,132.12,2328.81,0.1303,0.1223,0.26,0.2599,0
19.64,30.92,51.74,1724.35,0.1629,0.209,0.3808,0.1582,1
27.37,10.97,89.42,316.5,0.1101,0.0506,0.0014,0.2282,0
15.6,21.82,195.46,668.1,0.0993,0.1525,0.1714,0.1577,0
,17.13,129.86,302.3,0.1648,0.1876,0.4133,0.136,0
11.33,17.23,72.84,338.48,0.0507,0.2729,0.4004,0.101,0
22.13,32.04,,1824.78,0.1194,0.1846,0.0967,0.1877,1
13.33,29.75,103.06,2176.74,,0.0399,0.3414,0.1031,0
12.72,20.14,133.98,704.12,0.0993,0.0223,0.354,0.2004,0
24.29,26.0,49.93,897.85,0.0933,0.1864,0.4054,0.2363,1
6.09,37.24,174.61,1321.57,0.0547,0.2427,0.0265,0.2579,0
26.13,10.61,134.8,2404.89,0.121,0.3185,0.0859,0.2143,1
24.63,30.5,,1220.29,0.0625,0.2479,0.2119,0.212,1
19.9,21.3,145.66,1447.48,0.1263,0.0835,0.273,,0
28.82,27.8,151.88,2188.07,0.0931,0.2344,0.1525,0.2792,1
24.39,38.02,195.13,666.09,0.0791,0.3241,0.3111,0.1912,1
29.89,9.14,155.31,1463.25,0.1408,0.0841,0.3259,0.146,1
12.01,9.91,195.21,518.23,0.1292,0.3259,0.2093,0.1774,0
10.48,39.58,160.51,1483.01,0.1448,0.3006,0.0167,0.1653,1
15.21,30.05,54.61,149.27,0.0549,0.0471,0.0853,0.1157,0
22.49,10.82,164.57,1209.63,0.053,0.265,0.0174,0.2204,0
12.66,22.98,47.09,865.12,0.1338,0.3153,0.1233,,0
9.22,14.1,188.2,990.25,0.0912,0.155,0.3617,0.2354,0
20.42,9.94,108.31,2181.01,0.0731,0.173,0.1888,0.1661,1
14.67,10.0,115.63,1661.36,0.0985,0.2887,0.1098,0.1843,0
11.12,9.99,89.48,334.42,0.1083,0.2909,0.1714,0.1621,0
21.14,34.12,155.98,869.18,0.169,0.2766,0.2369,0.18,1
13.84,34.1,78.88,1465.6,0.0742,0.2681,0.1438,0.2573,0
12.52,15.87,185.52,1008.27,0.0739,0.128,0.0619,0.1164,0
26.25,11.21,114.89,1744.31,0.096,0.3244,0.0992,0.2124,0
15.28,27.98,152.66,1934.24,0.1314,0.2432,0.2776,0.1835,0
19.16,39.42,126.75,444.22,0.0964,0.2806,0.2817,0.2974,1
25.14,14.9,92.08,2492.89,0.0852,0.2397,0.3601,0.1428,1
8.9,23.34,99.59,1440.75,0.122,0.1749,0.1035,0.2592,0
13.46,16.55,51.89,2088.03,0.1675,0.1864,0.0001,0.2768,0
14.7,32.29,178.88,2017.09,0.1239,0.2328,0.0239,0.2874,0
7.26,27.1,151.6,631.51,0.1566,0.2175,0.4127,0.1399,1
7.81,22.14,154.23,1164.13,0.0922,0.1537,0.3761,0.2807,0
19.88,13.64,113.17,875.76,0.1041,0.1007,0.2283,0.1587,1
6.86,26.8,134.07,2221.99,0.0892,0.0949,0.0528,0.1346,0
28.02,29.68,150.87,676.8,0.1372,0.2803,0.0448,0.1715,1
27.41,33.2,128.05,1991.84,0.0844,0.3069,0.2899,0.2992,1
25.03,34.13,141.86,1070.48,0.0937,0.1347,0.347,,1
13.45,35.41,57.07,721.99,0.0622,0.3142,0.198,0.1467,1
8.02,9.38,134.29,1960.91,0.1347,0.1922,0.3742,,0
28.91,35.95,102.11,1959.31,0.0935,0.1176,0.3135,0.2765,1
25.77,14.04,112.38,996.06,0.1051,0.1852,0.2851,0.2437,1
12.31,11.27,40.23,1771.18,0.0612,0.1923,0.012,0.1182,0
8.78,20.05,162.28,1739.31,0.0697,0.1298,0.1065,0.1059,0
